STAR	-3.643789
TART	-4.091947
ARTO	-3.765963
RTOF	-3.718995
TOFT	-3.444480
OFTH	-2.670998
FTHE	-2.710376
THEP	-3.063262
HEPR	-3.612497
EPRO	-3.709213
PROJ	-4.268038
ROJE	-4.268038
OJEC	-4.268038
JECT	-3.612497
ECTG	-4.370234
CTGU	-4.379188
TGUT	-4.379188
GUTE	-4.340270
UTEN	-4.231126
TENB	-4.261089
ENBE	-4.023003
NBER	-4.304555
BERG	-4.221581
ERGE	-4.340270
RGEB	-4.817392
GEBO	-5.157340
EBOO	-4.416977
BOOK	-4.106187
OOKI	-3.960059
OKIL	-5.215332
KILL	-4.227921
ILLU	-4.025000
LLUS	-3.986711
LUST	-4.027006
USTR	-3.926891
STRA	-3.409152
TRAT	-3.915855
RATI	-3.545882
ATIO	-3.048437
TION	-2.735633
IONG	-4.963520
ONGE	-3.944819
NGEO	-4.708247
GEOR	-4.370234
EORG	-4.361460
ORGE	-4.128464
RGEA	-4.492228
GEAL	-4.637184
EALL	-3.576130
ALLE	-3.607877
LLEN	-4.027006
LENP	-6.060430
ENPU	-4.981248
NPUB	-5.407217
PUBL	-4.469365
UBLI	-4.357138
BLIS	-4.637184
LISH	-3.936578
ISHE	-3.462186
SHER	-3.589872
HERC	-3.917415
ERCH	-4.051829
RCHA	-3.968763
CHAR	-3.647969
HARI	-4.738210
ARIN	-3.747618
RING	-3.181908
INGC	-3.796794
NGCR	-4.629066
GCRO	-5.247516
CROS	-4.082706
ROSS	-3.990392
OSSR	-5.884338
SSRO	-5.407217
SROA	-5.516362
ROAD	-4.120910
OADL	-5.662490
ADLO	-4.613272
DLON	-4.562119
LOND	-4.264550
ONDO	-4.113486
NDON	-3.743412
DONR	-5.247516
ONRU	-5.884338
NRUS	-5.583308
RUSK	-6.060430
USKI	-5.458370
SKIN	-4.244188
KINH	-5.060430
INHO	-4.629066
NHOU	-4.480646
HOUS	-3.594304
OUSE	-3.564192
USEI	-4.212241
SEIL	-5.282278
EILL	-4.613272
IONR	-4.963520
ONRE	-4.528951
NREA	-4.492228
READ	-3.502922
EADI	-3.856310
ADIN	-3.939856
DING	-3.240557
INGJ	-4.770395
NGJA	-5.320067
GJAN	-5.759400
JANE	-3.880017
ANES	-4.285913
NESL	-5.320067
ESLE	-4.402418
SLET	-4.421940
LETT	-3.839015
ETTE	-3.625063
TTER	-3.254250
TERS	-3.417471
ERSC	-4.340270
RSCH	-4.981248
SCHA	-4.045489
CHAP	-3.630677
HAPP	-3.663359
APPR	-4.101388
PPRI	-5.583308
PRID	-4.480646
RIDE	-4.237608
IDEA	-3.822384
DEAN	-4.171128
EAND	-2.887973
ANDP	-3.615604
NDPR	-4.200092
DPRE	-4.365824
PREJ	-4.930096
REJU	-4.708247
EJUD	-4.738210
JUDI	-4.856310
UDIC	-4.870098
DICE	-4.748676
ICEB	-4.671264
CEBY	-4.914302
EBYJ	-5.759400
BYJA	-5.407217
YJAN	-5.106187
ANEA	-4.240886
NEAU	-6.060430
EAUS	-5.458370
AUST	-4.504127
USTE	-4.227921
STEN	-3.763764
TENW	-4.738210
ENWI	-4.237608
NWIT	-3.722970
WITH	-2.653889
ITHA	-3.298502
THAP	-4.412070
HAPR	-4.946486
APRE	-4.613272
PREF	-4.671264
REFA	-4.689362
EFAC	-4.221581
FACE	-3.772628
ACEB	-4.708247
EBYG	-5.662490
BYGE	-4.781676
YGEO	-4.770395
RGES	-4.510201
GESA	-4.662490
ESAI	-3.739246
SAIN	-5.407217
AINT	-3.530230
INTS	-4.320067
NTSB	-4.748676
TSBU	-4.548546
SBUR	-4.856310
BURY	-5.060430
URYA	-5.282278
RYAN	-4.111040
YAND	-3.294389
ANDI	-3.108849
NDIL	-4.770395
DILL	-4.793258
IONS	-3.275812
ONSB	-4.605585
NSBY	-5.215332
SBYH	-5.282278
BYHU	-5.759400
YHUG	-5.884338
HUGH	-5.458370
UGHT	-3.134345
GHTH	-3.535385
HTHO	-4.352859
THOM	-4.361460
HOMS	-4.781676
OMSO	-4.698702
MSON	-5.131011
SONI	-4.344426
ONIL	-5.215332
NILL	-4.653889
KINC	-5.583308
INCH	-4.344426
NCHA	-4.157340
INGH	-3.272615
NGHO	-4.297002
GHOU	-4.842946
USEC	-5.407217
SECR	-4.237608
ECRO	-4.463833
DONG	-5.282278
LENC	-4.103781
ENCH	-4.106187
NCHI	-4.662490
CHIS	-4.182483
HISW	-3.610951
ISWI	-4.200092
SWIC	-5.247516
WICK	-3.990392
ICKP	-5.407217
CKPR	-5.662490
KPRE	-5.516362
PRES	-3.383279
RESS	-3.451904
ESSC	-4.463833
SSCH	-4.963520
HARL	-4.336154
ARLE	-4.576130
RLES	-4.407217
LESW	-4.361460
ESWH	-3.839015
SWHI	-3.569769
WHIT	-3.756155
HITT	-4.805157
ITTI	-4.179616
TTIN	-3.854955
TING	-3.116935
NGHA	-4.261089
GHAM	-5.157340
HAMA	-4.421940
AMAN	-3.854955
MAND	-3.510201
ANDC	-3.533445
NDCO	-3.846912
DCOT	-5.458370
COTO	-5.884338
OTOO	-5.106187
TOOK	-3.983062
OOKS	-4.128464
OKSC	-5.759400
KSCO	-5.407217
SCOU	-4.094288
COUR	-3.797979
OURT	-3.902067
URTC	-6.060430
RTCH	-5.458370
TCHA	-4.125931
CHAN	-3.587673
HANC	-4.143976
ANCE	-3.159517
NCER	-3.903578
CERY	-5.583308
ERYL	-4.234355
RYLA	-4.781676
YLAN	-4.870098
LANE	-4.516362
ANEL	-4.605585
NELO	-4.759400
ELON	-3.903578
DONI	-4.805157
IONT	-3.609411
ONTO	-3.717021
NTOJ	-5.361460
TOJC	-6.361460
OJCO	-6.361460
JCOM	-6.361460
COMY	-6.361460
OMYN	-5.407217
MYNS	-6.361460
YNSC	-6.361460
NSCA	-4.817392
SCAR	-4.051829
CARR	-3.960059
ARRI	-3.601037
RRIN	-4.605585
RINA	-4.605585
INAC	-4.379188
NACK	-5.583308
ACKN	-4.528951
CKNO	-4.583308
KNOW	-3.314185
NOWL	-4.160062
OWLE	-4.173939
WLED	-4.209171
LEDG	-4.138743
EDGM	-5.583308
DGME	-4.759400
GMEN	-4.365824
MENT	-3.116935
ENTO	-3.533445
NTOF	-3.646292
TOFA	-3.922127
OFAL	-3.867305
FALL	-3.773749
ALLI	-3.720978
LLIO	-4.817392
LIOW	-5.662490
IOWE	-5.583308
OWET	-5.759400
WETO	-5.185368
ETOH	-4.049706
TOHI	-3.545218
OHIS	-3.769283
HISF	-3.589872
ISFR	-4.361460
SFRI	-4.421940
FRIE	-3.680218
RIEN	-3.599532
IEND	-3.618734
ENDS	-3.923709
NDSH	-3.792086
DSHI	-4.094288
SHIP	-3.440294
HIPA	-4.370234
IPAN	-4.528951
PAND	-3.902067
ANDA	-3.133316
NDAD	-4.576130
DADV	-5.215332
ADVI	-4.463833
DVIC	-4.590608
VICE	-4.271555
ICET	-4.383736
CETH	-3.719986
ETHE	-2.748464
THES	-2.671707
HESE	-3.226645
ESEI	-4.621097
ONSA	-3.896077
NSAR	-4.805157
SARE	-3.800358
AREG	-4.516362
REGR	-4.535385
EGRA	-4.215332
GRAT	-4.143976
RATE	-3.761577
ATEF	-4.469365
TEFU	-4.738210
EFUL	-3.915855
FULL	-3.737178
ULLY	-4.080426
LLYI	-4.234355
LYIN	-3.723970
YINS	-4.492228
INSC	-4.583308
NSCR	-4.805157
SCRI	-4.025000
CRIB	-4.412070
RIBE	-4.312242
IBED	-4.738210
BEDH	-5.106187
EDHU	-5.019037
DHUG	-5.884338
SONP	-5.282278
ONPR	-4.856310
NPRE	-4.528951
ACEI	-4.278674
CEIL	-5.039240
IONW	-3.731032
ONWA	-4.138743
NWAL	-4.590608
WALT	-5.282278
ALTW	-5.759400
LTWH	-5.361460
TWHI	-3.854955
HITM	-4.930096
ITMA	-4.271555
TMAN	-4.168335
MANH	-4.268038
ANHA	-4.215332
NHAS	-4.492228
HASS	-4.541916
ASSO	-3.807577
SSOM	-3.975853
SOME	-3.064575
OMEW	-3.990392
MEWH	-3.933325
EWHE	-3.680218
WHER	-3.483513
HERE	-2.726177
EREA	-3.350312
REAF	-4.576130
EAFI	-5.019037
AFIN	-4.781676
FINE	-4.087302
INEA	-4.051829
NEAN	-3.903578
ANDJ	-4.320067
NDJU	-4.817392
DJUS	-4.442382
JUST	-3.666854
USTD	-4.884338
STDI	-4.708247
TDIS	-4.308381
DIST	-3.710182
ISTI	-3.790917
STIN	-3.474405
TINC	-4.108607
INCT	-4.312242
NCTI	-4.510201
CTIO	-3.449769
IONB	-4.133573
ONBE	-4.308381
NBET	-4.645456
BETW	-3.928490
ETWE	-3.864530
TWEE	-3.891638
WEEN	-3.917415
EENL	-4.271555
ENLO	-4.548546
NLOV	-4.698702
LOVI	-5.157340
OVIN	-4.469365
VING	-3.420943
INGB	-3.592082
NGBY	-4.590608
GBYA	-5.407217
BYAL	-4.605585
YALL	-4.182483
ALLO	-3.671264
LLOW	-3.497542
LOWA	-4.562119
OWAN	-4.007351
WANC	-5.282278
NCEA	-3.706321
CEAN	-3.677512
ANDL	-3.553249
NDLO	-4.073658
DLOV	-4.914302
INGW	-3.468253
NGWI	-3.897567
GWIT	-3.946486
ITHP	-4.437180
THPE	-4.981248
HPER	-4.718007
PERS	-3.623472
ERSO	-3.607111
RSON	-3.887243
SONA	-4.041313
ONAL	-3.903578
NALL	-3.689362
LLOV	-4.535385
LOVE	-3.701543
OVET	-4.312242
VETH	-3.650497
ETHI	-3.383736
THIS	-2.836415
HISD	-3.833830
ISDI	-4.447646
SDIS	-4.244188
IONA	-3.449238
ONAP	-5.060430
NAPP	-4.474969
APPL	-4.320067
PPLI	-4.340270
PLIE	-4.017067
LIES	-4.203097
IEST	-3.972294
ESTO	-3.472158
STOB	-3.975853
TOBO	-5.131011
OBOO	-5.759400
OKSA	-4.781676
KSAS	-4.999732
SASW	-4.637184
ASWE	-3.970525
SWEL	-3.984883
WELL	-3.437698
ELLA	-4.011212
LLAS	-4.197107
LAST	-3.528313
ASTO	-3.506547
STOM	-4.001624
TOME	-3.644622
OMEN	-3.683853
MENA	-4.188273
ENAN	-3.755078
NAND	-3.250870
ANDW	-3.229200
NDWO	-4.324033
DWOM	-4.930096
WOME	-4.629066
NDIN	-3.331670
DINT	-3.449769
INTH	-2.826672
NTHE	-2.597957
THEC	-2.988548
HECA	-3.517604
ECAS	-4.035124
CASE	-3.853604
ASEO	-4.541916
SEOF	-3.772628
EOFT	-3.247516
THEN	-3.055893
HENO	-3.941504
ENOT	-3.642958
NOTV	-4.645456
OTVE	-4.738210
TVER	-4.304555
VERY	-3.018248
ERYN	-4.569068
RYNU	-6.361460
YNUM	-5.662490
NUME	-4.708247
UMER	-4.748676
MERO	-4.541916
EROU	-3.944819
ROUS	-3.802751
OUSA	-3.727991
USAU	-5.884338
SAUT	-5.247516
AUTH	-4.486398
UTHO	-4.091947
THOR	-4.212241
HORS	-4.261089
ORSW	-4.770395
RSWH	-4.231126
SWHO	-3.954919
WHOA	-4.402418
HOAR	-4.748676
OARE	-4.629066
ARET	-3.845586
RETH	-3.264550
THEO	-3.297002
HEOB	-4.504127
EOBJ	-4.698702
OBJE	-4.058264
BJEC	-3.796794
ECTS	-4.133573
CTSO	-4.645456
TSOF	-3.764863
SOFT	-3.295134
HEPE	-3.800358
EPER	-3.842946
NALA	-4.576130
ALAF	-5.361460
LAFF	-5.320067
AFFE	-4.013155
FFEC	-3.859033
FECT	-3.686598
ECTI	-3.514504
IONI	-3.718007
ONIT	-4.066993
NITB	-4.856310
ITBR	-5.407217
TBRI	-4.817392
BRIN	-4.320067
INGS	-3.126184
NGSA	-4.003525
GSAC	-6.060430
SACU	-5.247516
ACUR	-4.930096
CURI	-4.120910
URIO	-4.143976
RIOU	-3.826166
IOUS	-3.400513
OUSC	-4.275100
USCO	-4.528951
SCON	-3.779396
CONS	-3.452975
ONSE	-3.967008
NSEQ	-4.492228
SEQU	-4.215332
EQUE	-3.605585
QUEN	-4.043396
UENC	-4.289578
ENCE	-3.244520
NCEW	-3.944819
CEWI	-4.352859
EWIT	-3.460547
ITHI	-3.615604
THIT	-4.168335
ITTH	-3.850915
TTHE	-2.766957
THER	-2.499746
EREI	-3.486978
REIS	-3.750799
EISM	-4.738210
ISMU	-4.770395
SMUC	-4.171128
MUCH	-3.493992
UCHM	-4.426961
CHMO	-4.605585
HMOR	-4.480646
MORE	-3.270144
ORED	-4.141352
REDI	-3.745510
EDIF	-4.231126
DIFF	-3.887243
IFFE	-4.027006
FFER	-3.737178
FERE	-3.781676
EREN	-3.555280
RENC	-3.915855
CEAS	-4.143976
EAST	-3.641300
STOT	-3.857669
TOTH	-2.943490
OTHE	-2.726177
THEI	-3.023402
HEIR	-3.208560
EIRB	-4.388332
IRBE	-4.793258
RBES	-4.930096
BEST	-3.956626
ESTW	-4.297002
STWO	-4.583308
TWOR	-4.469365
WORK	-3.806365
ORKT	-5.039240
RKTH	-4.653889
KTHA	-4.154634
THAN	-3.172250
HANI	-4.120910
ANIN	-3.679315
NINT	-3.698702
FTHO	-4.173939
THOS	-3.633918
HOSE	-3.453511
OSEO	-4.379188
SEOT	-5.759400
EOTH	-3.735119
HERS	-3.285913
ERSW	-3.934948
AREL	-4.388332
RELO	-4.522611
ELOV	-4.402418
OVED	-3.986711
VEDB	-4.469365
EDBY	-3.396258
DBYA	-4.099009
NCEB	-4.209171
EBYC	-5.361460
BYCO	-4.981248
YCON	-3.925297
CONV	-3.812456
ONVE	-3.984883
NVEN	-4.486398
VENT	-3.645456
ENTI	-3.305317
NTIO	-3.803952
ONAN	-3.625861
ANDB	-3.564192
NDBE	-4.005434
DBEC	-4.498137
BECA	-3.788588
ECAU	-3.899062
CAUS	-3.808791
AUSE	-3.727991
SEIT	-4.344426
EITI	-4.087302
ITIS	-3.390184
TISF	-4.113486
ISFE	-4.474969
SFEL	-4.781676
FELT	-3.938214
ELTT	-4.498137
LTTO	-4.981248
TTOB	-4.037177
TOBE	-3.265245
OBET	-4.221581
BETH	-3.367142
HERI	-3.473280
ERIG	-4.244188
RIGH	-3.585485
IGHT	-2.874321
GHTA	-3.787428
HTAN	-4.168335
TAND	-3.058912
DPRO	-4.221581
PROP	-3.931707
ROPE	-3.970525
OPER	-4.007351
PERT	-4.212241
ERTH	-3.073882
RTHI	-3.920551
THIN	-2.940514
HING	-3.049071
INGT	-2.898912
NGTO	-3.359294
GTOL	-4.748676
TOLO	-4.149272
OLOV	-5.060430
THEM	-2.832286
HEMA	-3.350736
EMAN	-3.513887
ESEC	-4.101388
SECT	-4.930096
ECTF	-4.817392
CTFA	-6.361460
TFAI	-4.914302
FAIR	-4.029021
AIRL	-4.793258
IRLY	-4.914302
RLYL	-5.157340
LYLA	-4.689362
YLAR	-4.981248
LARG	-4.017067
ARGE	-3.890168
GEAN	-4.073658
ANDY	-3.860400
NDYE	-4.191198
DYET	-4.120910
YETU	-5.106187
ETUN	-5.019037
TUNU	-5.662490
UNUS	-4.856310
NUSU	-4.680218
USUA	-4.300762
SUAL	-4.247516
UALL	-3.903578
ALLY	-3.353712
LLYC	-4.458370
LYCH	-4.645456
YCHO	-5.082706
CHOI	-4.930096
HOIC	-4.946486
OICE	-4.043396
ICEO	-4.374688
CEOF	-3.561430
EOFA	-3.884338
OFAU	-5.407217
FAUS	-6.060430
TENI	-4.357138
ENIA	-4.469365
NIAN	-5.082706
IANS	-4.316137
ANSO	-4.275100
NSOR	-4.856310
SORJ	-6.361460
ORJA	-5.157340
RJAN	-4.930096
JANI	-6.361460
ANIT	-4.250870
NITE	-4.316137
ITES	-4.254250
TEST	-3.822384
ESTH	-3.400039
STHE	-2.846116
EREW	-3.567669
REWO	-4.426961
EWOU	-3.774872
WOUL	-3.200991
OULD	-2.807213
ULDP	-4.416977
LDPR	-4.748676
PROB	-4.071425
ROBA	-4.179616
OBAB	-4.237608
BABL	-4.320067
ABLY	-3.970525
BLYB	-4.781676
LYBE	-3.994104
YBEF	-4.516362
BEFO	-3.392510
EFOU	-4.007351
FOUN	-3.652190
OUND	-3.149006
UNDP	-5.407217
NDPA	-4.370234
DPAR	-4.510201
PART	-3.396258
ARTI	-3.686598
RTIS	-4.498137
TISA	-3.896077
ISAN	-4.075902
SANS	-4.981248
NSOF	-3.801553
HECL	-4.316137
ECLA	-4.365824
CLAI	-4.200092
LAIM	-4.289578
AIMT	-5.131011
IMTO	-3.994104
MTOP	-5.019037
TOPR	-4.160062
OPRI	-4.680218
PRIM	-4.946486
RIMA	-4.884338
IMAC	-4.963520
MACY	-5.060430
ACYO	-5.157340
CYOF	-4.680218
YOFA	-4.437180
FALM	-5.583308
ALMO	-3.796794
LMOS	-3.854955
MOST	-3.329647
OSTE	-4.136150
STEV	-4.680218
TEVE	-3.775999
EVER	-2.859169
ERYO	-3.853604
RYON	-4.474969
YONE	-3.958339
ONEO	-3.648810
NEOF	-3.665103
ENOV	-4.899062
NOVE	-4.320067
OVEL	-4.357138
VELS	-4.870098
ELST	-4.748676
LSTO	-4.541916
STOS	-4.209171
TOSO	-4.416977
OSOM	-4.357138
OMET	-3.384651
METH	-3.396258
THED	-3.188857
HEDE	-3.601037
EDEL	-4.143976
DELI	-3.624267
ELIG	-3.900562
LIGH	-3.520726
GHTF	-4.157340
HTFU	-4.522611
TFUL	-4.247516
FULF	-4.548546
ULFR	-5.407217
LFRE	-4.899062
FRES	-4.282278
RESH	-3.905094
ESHN	-5.884338
SHNE	-5.157340
HNES	-4.963520
NESS	-3.187109
ESSA	-3.595791
SSAN	-3.900562
SAND	-2.899811
ANDH	-3.283365
NDHU	-4.698702
DHUM	-4.662490
HUMO	-4.480646
UMOU	-4.653889
MOUR	-4.432041
OURO	-4.001624
UROF	-4.474969
ROFN	-5.361460
OFNO	-4.562119
FNOR	-5.759400
NORT	-4.234355
ORTH	-3.187109
RTHA	-3.478366
HANG	-3.960059
ANGE	-3.472158
NGER	-3.616385
GERA	-4.442382
ERAB	-3.797979
RABB	-5.407217
ABBE	-5.082706
BBEY	-5.884338
BEYI	-5.458370
EYIT	-5.361460
YITS	-4.480646
ITSC	-4.522611
TSCO	-4.432041
SCOM	-3.915855
COMP	-3.377833
OMPL	-3.824901
MPLE	-3.872909
PLET	-4.096642
LETE	-4.185368
ETEN	-4.304555
TENE	-3.856310
ENES	-3.949840
ESSF	-4.300762
SSFI	-5.320067
SFIN	-4.486398
FINI	-4.275100
INIS	-4.247516
NISH	-3.792086
ISHA	-3.525136
SHAN	-3.903578
HAND	-3.255609
ANDE	-3.464383
NDEN	-4.108607
DENT	-3.763764
ENTR	-3.970525
NTRA	-4.017067
TRAI	-3.949840
RAIN	-3.958339
AINO	-4.271555
INOB	-5.131011
NOBS	-4.770395
OBSC	-5.039240
BSCU	-5.039240
SCUR	-4.621097
CURE	-4.227921
URET	-4.037177
THEU	-3.878586
HEUN	-4.078158
EUND	-4.486398
UNDO	-4.250870
NDOU	-4.224739
DOUB	-3.857669
OUBT	-3.970525
UBTE	-4.629066
BTED	-4.598032
TEDC	-4.535385
EDCR	-4.598032
DCRI	-4.770395
CRIT	-4.718007
RITI	-4.019037
ITIC	-4.653889
TICA	-3.902067
ICAL	-3.759400
CALF	-5.157340
ALFA	-4.432041
LFAC	-4.899062
FACT	-3.997848
ACTS	-4.469365
CTST	-4.793258
TSTH	-3.880017
STHA	-3.282278
THAT	-2.481676
HATI	-3.116688
ATIT	-3.680218
TITS	-4.212241
ITSS	-4.463833
TSSC	-5.662490
SSCA	-4.759400
SCAL	-4.320067
CALE	-4.930096
ALEI	-4.191198
LEIS	-4.254250
EISS	-4.357138
ISSM	-4.829981
SSMA	-4.562119
SMAL	-3.872909
MALL	-3.759400
ALLA	-3.762669
LLAN	-3.918980
LAND	-3.364073
NDIT	-3.771510
DITS	-4.171128
SCHE	-4.432041
CHEM	-4.522611
HEME	-3.829981
EMEA	-4.029021
MEAF	-5.060430
EAFT	-4.218445
AFTE	-3.456204
FTER	-3.454048
TERA	-3.619521
ERAL	-3.600284
RALL	-3.813685
ALLT	-3.342343
LLTH	-3.279752
LTHA	-3.899062
HATO	-3.884338
ATOF	-4.194142
TOFB	-4.637184
OFBU	-4.817392
FBUR	-5.583308
BURL	-5.759400
URLE	-4.680218
LESQ	-5.516362
ESQU	-4.504127
SQUE	-4.426961
QUEO	-5.884338
UEOR	-5.458370
EORP	-5.215332
ORPA	-5.019037
RPAR	-4.300762
PARO	-5.583308
AROD	-6.060430
RODY	-6.361460
ODYA	-4.698702
DYAK	-6.361460
YAKI	-5.662490
AKIN	-3.744459
KIND	-3.857669
INDI	-3.629066
DINW	-4.698702
INWH	-3.894592
NWHI	-3.698702
WHIC	-2.953729
HICH	-2.953050
ICHT	-3.920551
CHTH	-3.760487
HTHE	-3.107879
THEF	-3.144766
HEFI	-3.581142
EFIR	-3.773749
FIRS	-3.588405
IRST	-3.539946
RSTR	-4.340270
TRAN	-3.606347
RANK	-4.361460
ANKI	-4.498137
NKIS	-5.320067
KISR	-5.884338
ISRE	-4.031046
SREA	-4.250870
REAC	-4.007351
EACH	-3.647130
ACHE	-3.923709
CHED	-3.688439
HEDW	-4.528951
EDWI	-3.425449
DWIT	-3.281555
ITHD	-4.348622
THDI	-4.856310
HDIF	-5.282278
IFFI	-4.426961
FFIC	-3.865915
FICU	-4.522611
ICUL	-3.885788
CULT	-4.392977
ULTY	-4.718007
LTYP	-5.458370
TYPE	-4.884338
YPER	-4.379188
ERSU	-4.047592
RSUA	-4.402418
SUAS	-5.082706
UASI	-4.981248
ASIO	-4.136150
SION	-3.427972
NREL	-5.106187
RELA	-4.047592
ELAT	-3.926891
LATI	-3.885788
ATIV	-4.078158
TIVE	-3.707283
IVEL	-4.123414
VELY	-4.075902
ELYF	-4.645456
LYFA	-4.829981
YFAI	-4.963520
FAIN	-4.492228
INTI	-4.064794
NTIN	-3.532156
TINT	-3.545882
INTO	-3.217509
NTON	-4.268038
TONE	-3.695879
ONEA	-3.896077
ANDN	-3.789751
NDNO	-3.877160
DNOT	-3.227921
NOTE	-3.986711
OTEN	-4.498137
TENT	-3.554602
ENTH	-3.271202
NTHR	-4.392977
THRA	-4.999732
HRAL	-5.884338
LLIN	-3.509590
LING	-3.207340
INGI	-3.239244
NGIN	-3.382367
GINI	-4.817392
ININ	-3.837713
INTE	-3.323237
NTER	-3.323237
TERE	-3.559370
ERES	-3.349044
REST	-3.439253
THAS	-3.871501
HASD	-4.770395
ASDE	-4.316137
SDEV	-5.157340
DEVO	-4.535385
EVOT	-4.727991
VOTE	-4.759400
OTEE	-5.662490
TEES	-5.185368
EESW	-5.131011
WHOE	-4.870098
HOEX	-5.759400
OEXA	-5.082706
EXAL	-5.458370
XALT	-5.458370
ALTA	-4.856310
LTAB	-5.583308
TABO	-4.452975
ABOV	-4.282278
BOVE	-4.275100
OVEA	-4.374688
VEAL	-4.146616
LTHE	-3.362764
HEOT	-3.831260
ERSI	-3.627460
RSIT	-4.432041
SITS	-4.154634
ITSE	-3.841632
TSEX	-5.060430
SEXQ	-5.759400
EXQU	-5.320067
XQUI	-5.320067
QUIS	-4.793258
UISI	-4.583308
ISIT	-3.783968
SITE	-4.308381
ITED	-3.896077
TEDE	-4.463833
ELIC	-4.348622
LICA	-4.171128
ICAC	-4.770395
CACY	-4.899062
ACYA	-5.215332
CYAN	-4.645456
ANDK	-4.271555
NDKE	-4.680218
DKEE	-4.759400
KEEP	-4.035124
EEPI	-4.188273
EPIN	-4.197107
PING	-3.797979
NGTH	-2.997472
GTHE	-3.164179
ECAT	-5.106187
CATA	-5.082706
ATAS	-4.320067
TAST	-4.017067
ASTR	-4.019037
STRO	-3.790917
TROP	-4.748676
ROPH	-4.637184
OPHE	-4.516362
PHEO	-5.884338
HEOF	-4.374688
EOFM	-3.948160
OFMA	-4.091947
FMAN	-4.374688
MANS	-3.900562
ANSF	-4.759400
NSFI	-5.282278
SFIE	-4.426961
FIEL	-4.212241
IELD	-4.082706
ELDP	-5.884338
LDPA	-5.106187
PARK	-4.583308
ARKI	-4.645456
RKIS	-4.930096
KISA	-5.282278
ISAD	-4.555280
SADM	-5.215332
ADMI	-4.094288
DMIT	-4.727991
MITT	-4.304555
ITTE	-3.835120
TTED	-4.064794
TEDL	-4.365824
EDLY	-4.320067
DLYT	-4.598032
LYTH	-3.720978
YTHE	-3.175068
THEA	-3.248185
HEAT	-4.203097
EATR	-4.645456
ATRI	-4.671264
TRIC	-4.247516
RICA	-4.118422
CALT	-4.946486
ALTH	-3.938214
THEH	-3.208255
HEHE	-3.812456
EHER	-3.611723
HERO	-3.496949
EROA	-4.598032
ROAN	-4.946486
OAND	-4.143976
NDHE	-3.598781
DHER	-3.442905
EROI	-5.131011
ROIN	-5.282278
OINE	-4.522611
NEAR	-3.730016
EARE	-3.477231
AREI	-4.361460
REIN	-3.765963
EINS	-3.861773
INSI	-4.099009
NSIP	-5.516362
SIPI	-5.662490
IPID	-5.759400
PIDA	-5.361460
IDAN	-4.569068
DAND	-3.093116
ANDT	-2.905245
NDTH	-2.920865
DTHE	-2.731846
HEAU	-5.039240
EAUT	-4.131011
HORH	-5.583308
ORHA	-4.352859
RHAS	-4.510201
HASA	-4.244188
ASAL	-3.974070
SALM	-4.569068
OSTW	-4.671264
STWI	-4.397672
TWIC	-4.528951
ICKE	-4.209171
CKED	-3.954919
KEDL	-5.039240
DLYD	-4.480646
LYDE	-4.231126
YDES	-4.324033
DEST	-3.837713
ESTR	-3.551227
TROY	-4.442382
ROYE	-4.680218
OYED	-4.312242
YEDA	-4.793258
EDAL	-3.914302
DALL	-3.814917
ALLR	-4.282278
LLRO	-4.645456
LROM	-6.060430
ROMA	-3.911211
OMAN	-3.679315
MANT	-4.058264
ANTI	-3.819880
NTIC	-4.168335
TICI	-4.504127
ICIN	-4.516362
CINT	-5.407217
ESTB	-4.653889
STBY	-4.930096
TBYE	-5.407217
BYEX	-5.106187
YEXP	-4.437180
EXPR	-4.033080
XPRE	-4.033080
ESSL	-4.365824
SSLY	-4.583308
SLYA	-4.817392
LYAD	-4.637184
YADM	-4.999732
GTHA	-3.812456
HATE	-3.856310
ATED	-3.441859
TEDM	-4.071425
EDMU	-4.856310
DMUN	-5.662490
MUND	-4.914302
DONL	-4.200092
ONLY	-3.396258
NLYT	-4.015107
LYTO	-3.812456
YTOO	-4.689362
OOKF	-5.039240
OKFA	-6.361460
KFAN	-6.060430
FANN	-5.458370
ANNY	-5.759400
NNYB	-6.060430
NYBE	-5.215332
YBEC	-4.583308
USEM	-4.452975
SEMA	-4.759400
EMAR	-3.801553
MARY	-4.392977
ARYS	-4.637184
RYSH	-4.671264
YSHO	-4.151945
SHOC	-4.621097
HOCK	-4.576130
OCKE	-4.099009
KEDH	-4.264550
EDHI	-3.474405
DHIM	-3.653039
HIMA	-3.696818
IMAN	-4.019037
DTHA	-3.266290
HATF	-4.120910
ATFA	-4.781676
TFAN	-5.361460
NNYM	-6.060430
NYMI	-5.131011
YMIG	-4.698702
MIGH	-3.516362
GHTV	-5.407217
HTVE	-5.583308
RYLI	-4.474969
YLIK	-4.590608
LIKE	-3.291052
IKEL	-4.332076
KELY	-4.480646
ELYH	-4.689362
LYHA	-4.176768
YHAV	-4.021016
HAVE	-2.885208
AVET	-3.773749
VETA	-4.963520
ETAK	-4.402418
TAKE	-3.573291
AKEN	-3.912753
KENC	-5.185368
ENCR	-5.019037
NCRA	-5.320067
CRAW	-4.946486
RAWF	-5.583308
AWFO	-5.583308
WFOR	-4.522611
FORD	-3.995972
ORDI	-3.933325
RDIF	-5.185368
DIFH	-4.914302
IFHE	-4.191198
FHEH	-4.805157
HEHA	-3.232092
EHAD	-3.313795
HADB	-3.537985
ADBE	-3.564885
DBEE	-3.617950
BEEN	-3.167501
EENA	-3.884338
ENAL	-4.352859
NALI	-4.452975
ALIT	-3.699647
LITT	-3.451369
ITTL	-3.470480
TTLE	-3.362764
TLEM	-3.920551
LEMO	-4.541916
EMOR	-3.598781
OREA	-3.803952
REAS	-3.620308
EASS	-4.176768
ASSI	-3.801553
SSID	-4.548546
SIDU	-5.662490
IDUO	-5.516362
DUOU	-5.662490
UOUS	-4.432041
OUSY	-5.082706
USYE	-5.662490
SYET	-4.388332
YETT	-4.421940
ETTH	-3.893112
EMAT	-3.861773
MATC	-4.671264
ATCH	-3.760487
TCHL	-5.662490
CHLE	-4.637184
HLES	-4.662490
LESS	-3.365386
ESSR	-4.870098
SSRE	-4.981248
SREH	-6.060430
REHE	-3.715056
EHEA	-3.649652
HEAR	-3.298878
EARS	-3.582585
ARSA	-4.082706
RSAL	-4.548546
SALS	-4.458370
ALSC	-5.157340
LSCE	-5.516362
SCEN	-3.852257
CENE	-4.165560
NESA	-4.357138
ESAN	-3.476664
HECH	-3.863149
ECHA	-3.803952
HARA	-4.171128
ARAC	-4.136150
RACT	-3.831260
ACTE	-4.009277
CTER	-4.191198
RSOF	-3.891638
SOFM	-3.977644
OFMR	-4.340270
FMRS	-4.963520
MRSN	-5.884338
RSNO	-4.629066
SNOR	-4.541916
NORR	-5.247516
ORRI	-4.328036
RRIS	-5.215332
RISA	-4.637184
ANDO	-3.569068
NDOT	-4.805157
DOTH	-4.300762
ERSH	-3.813685
RSHA	-4.227921
SHAV	-4.060430
AVES	-3.729002
VESE	-4.370234
SECU	-4.278674
ECUR	-4.091947
URED	-3.718995
EDIB	-4.884338
DIBE	-4.671264
IBEL	-4.426961
BELI	-3.835120
ELIE	-3.756155
LIEV	-3.865915
IEVE	-3.796794
EVEA	-4.653889
VEAC	-4.748676
EACO	-4.510201
ACON	-4.221581
ONSI	-3.677512
NSID	-3.816153
SIDE	-3.309536
IDER	-3.841632
DERA	-3.887243
RABL	-3.706321
ABLE	-3.151409
BLEP	-4.504127
LEPA	-4.613272
EPAR	-3.640474
ARTY	-4.324033
RTYF	-4.999732
TYFO	-4.613272
YFOR	-3.818634
FORI	-3.870098
ORIT	-3.992244
RITS	-4.131011
TSEN	-4.613272
SENS	-3.923709
ENSE	-3.751865
NSEA	-4.328036
SEAN	-3.905094
ANDS	-3.037383
NDSE	-4.049706
DSEN	-4.653889
ENSI	-3.911211
NSIB	-4.412070
SIBI	-4.689362
IBIL	-4.637184
BILI	-4.271555
ILIT	-3.970525
LITY	-3.832543
ITYH	-4.708247
TYHA	-4.805157
YHAS	-4.698702
HASP	-4.637184
ASPE	-4.073658
SPER	-3.612497
PERH	-3.900562
ERHA	-3.550555
RHAP	-3.899062
HAPS	-3.930096
APST	-4.516362
PSTH	-4.535385
HEFE	-4.154634
EFEW	-4.829981
FEWE	-5.185368
EWES	-4.590608
WEST	-4.348622
STOU	-4.392977
TOUT	-4.069204
OUTA	-3.890168
UTAN	-4.221581
DOUT	-3.925297
UTAD	-5.185368
TADM	-5.039240
DMIR	-4.254250
MIRE	-4.569068
IRER	-4.981248
RERS	-4.770395
ERSB	-4.316137
RSBU	-4.548546
SBUT	-3.559370
BUTI	-3.458370
UTIT	-3.890168
TITD	-5.106187
ITDO	-4.629066
TDOE	-4.662490
DOES	-3.951527
OESN	-4.357138
ESNO	-3.977644
SNOT	-3.416977
NOTW	-4.160062
OTWA	-4.981248
TWAN	-5.060430
WANT	-4.011212
ANTT	-4.143976
NTTH	-3.797979
HEMI	-3.657309
EMIS	-4.049706
MISU	-5.320067
ISUP	-4.447646
SUPP	-3.775999
UPPO	-3.968763
PPOS	-3.931707
POSE	-3.714077
OSEH	-4.516362
SEHO	-4.598032
EHOW	-3.995972
HOWE	-3.690287
OWEV	-3.773749
WEVE	-3.764863
VERT	-3.534090
HATT	-3.233707
ATTH	-3.037177
EMAJ	-5.407217
MAJO	-5.320067
AJOR	-5.361460
JORI	-5.662490
RITY	-4.185368
ITYO	-3.823641
TYOF	-3.797979
OFAT	-4.555280
FATL	-5.320067
ATLE	-3.938214
TLEA	-3.872909
LEAS	-3.501721
ASTC	-4.653889
STCO	-4.182483
TCOM	-4.101388
OMPE	-4.689362
MPET	-4.781676
PETE	-4.718007
ENTV	-5.131011
NTVO	-5.407217
TVOT	-6.361460
OTES	-4.421940
TESW	-4.698702
ESWO	-4.708247
SWOU	-4.392977
ULDA	-4.188273
LDAL	-4.698702
LTHI	-4.003525
NGSC	-4.621097
GSCO	-5.106187
DERE	-3.865915
ERED	-3.249190
REDB	-4.168335
EDBE	-3.997848
DBED	-4.884338
BEDI	-4.416977
EDIV	-4.856310
DIVI	-4.289578
IVID	-4.407217
VIDE	-4.151945
IDED	-4.133573
DEDB	-4.285913
DBET	-4.176768
EENE	-4.437180
ENEM	-4.590608
NEMM	-6.361460
EMMA	-5.361460
MMAA	-6.060430
MAAN	-6.060430
AAND	-4.268038
EPRE	-3.730016
RESE	-3.493403
ESEN	-3.607111
SENT	-3.522611
ENTB	-4.250870
NTBO	-5.361460
TBOO	-5.361460
OOKA	-4.115947
OKAN	-4.718007
KAND	-3.839015
NDPE	-4.352859
DPER	-4.215332
THEV	-3.630677
HEVU	-5.759400
EVUL	-5.458370
VULG	-5.215332
ULGA	-5.320067
LGAR	-5.282278
GARV	-6.361460
ARVE	-4.480646
RVER	-4.528951
VERD	-4.340270
ERDI	-4.218445
RDIC	-5.247516
DICT	-4.590608
ICTI	-4.344426
CTIF	-5.583308
TIFI	-4.200092
IFIN	-4.671264
FIND	-3.874321
INDE	-3.621887
NDEE	-3.849576
DEED	-3.844264
EEDA	-4.426961
EDAF	-4.407217
DAFO	-5.157340
AFON	-6.361460
FOND	-4.738210
ONDN	-5.759400
NDNE	-4.231126
DNES	-3.972294
SSFO	-4.653889
SFOR	-3.480646
FORM	-3.432041
ORMI	-4.336154
RMIS	-4.282278
MISS	-3.624267
ISSA	-4.308381
SSAU	-4.759400
SAUS	-4.930096
NBEN	-4.770395
BENO	-4.605585
NOTO	-4.015107
OTOF	-4.463833
TOFI	-4.037177
OFIT	-3.759400
FITS	-4.165560
TSEL	-4.146616
SELF	-3.183058
ELFA	-3.960059
LFAP	-5.583308
FAPA	-5.320067
APAT	-4.963520
PATE	-4.793258
ATEN	-4.324033
TOFE	-4.447646
OFEX	-4.583308
FEXE	-5.458370
EXEM	-5.516362
XEMP	-5.516362
EMPT	-4.058264
MPTI	-4.770395
PTIO	-4.250870
IONF	-4.176768
ONFR	-4.613272
NFRO	-3.974070
FROM	-2.963520
MANY	-3.699647
ANYP	-4.437180
NYPO	-5.282278
YPOS	-4.583308
POSS	-3.712125
OSSI	-3.772628
SSIB	-3.836415
SIBL	-3.702495
IBLE	-3.577556
BLEC	-4.316137
LECH	-4.637184
HARG	-4.447646
RGEO	-4.562119
GEOF	-4.021016
EOFV	-5.247516
OFVU	-6.060430
FVUL	-6.060430
GARI	-5.282278
ARIT	-4.257656
ITYW	-4.388332
TYWO	-5.106187
YWOU	-4.336154
ULDG	-4.442382
LDGO	-4.805157
DGOF	-5.458370
GOFO	-4.963520
OFOR	-4.171128
FORE	-3.195030
OREM	-4.003525
REMM	-6.361460
MMAI	-6.361460
MAIT	-6.060430
AITI	-4.516362
TIST	-3.882893
ISTH	-3.545218
THEL	-3.106187
HELA	-3.551900
ELAR	-4.645456
RGER	-4.781676
GERT	-4.474969
RTHE	-2.957310
HEMO	-3.450302
OREV	-4.099009
REVA	-4.671264
EVAR	-4.842946
VARI	-4.215332
ARIE	-4.548546
RIED	-3.515742
IEDT	-3.997848
EDTH	-2.973003
OREP	-4.365824
REPO	-4.293274
EPOP	-5.247516
POPU	-4.856310
OPUL	-4.738210
PULA	-4.884338
ULAR	-3.778261
LART	-4.759400
ARTH	-3.639649
RHAD	-4.080426
ADBY	-5.247516
DBYT	-3.723970
BYTH	-3.414516
THET	-3.206731
HETI	-4.017067
ETIM	-3.598781
TIME	-3.258683
IMEO	-4.562119
MEOF	-3.968763
EOFI	-4.257656
OMPO	-4.463833
MPOS	-4.118422
POSI	-3.965260
OSIT	-3.928490
SITI	-3.848242
ITIO	-3.805157
NSEE	-4.247516
SEEN	-3.750799
EENR	-4.653889
ENRA	-4.914302
NRAT	-5.157340
RATH	-3.960059
ATHE	-3.087533
HERM	-3.727991
ERMO	-4.005434
RMOR	-4.320067
OREO	-4.179616
REOF	-3.740283
THEW	-2.970525
HEWO	-3.505335
EWOR	-3.668613
WORL	-3.852257
ORLD	-3.853604
RLDA	-4.708247
LDAN	-4.165560
NDHA	-3.872909
DHAD	-4.171128
HADI	-4.324033
ADIM	-5.361460
DIMP	-4.637184
IMPR	-4.069204
MPRO	-4.392977
PROV	-3.936578
ROVE	-3.926891
VEDH	-4.432041
EDHE	-3.528951
HERG	-4.469365
RGEN	-4.680218
GENE	-3.848242
ENER	-3.808791
NERA	-3.813685
RALT	-4.498137
LTHO	-4.200092
THOU	-3.012571
HOUG	-3.243195
OUGH	-2.982335
UGHN	-4.605585
GHNO	-4.645456
HNOT	-4.498137
NOTH	-3.348622
RMOS	-4.738210
OSTP	-4.432041
STPE	-4.708247
TPEC	-5.458370
PECU	-4.240886
ECUL	-4.231126
CULI	-4.254250
ULIA	-4.247516
LIAR	-4.118422
IARA	-5.247516
ARAN	-3.990392
RAND	-3.215021
NDCH	-4.421940
DCHA	-4.348622
TERI	-3.613272
ERIS	-3.888703
RIST	-4.162803
STIC	-3.968763
TICD	-5.407217
ICDI	-5.516362
CDIA	-6.361460
DIAL	-4.759400
IALO	-4.999732
ALOG	-5.082706
LOGU	-5.407217
OGUE	-5.185368
GUES	-4.432041
UESU	-5.884338
ESUC	-4.215332
SUCH	-3.373793
UCHF	-4.621097
CHFI	-5.361460
HFIG	-6.361460
FIGU	-4.458370
IGUR	-4.463833
GURE	-4.463833
URES	-3.795612
RESA	-4.001624
ESAS	-4.168335
SASM	-4.727991
ASMI	-4.569068
SMIS	-4.379188
ISSB	-4.149272
SSBA	-5.759400
SBAT	-5.361460
BATE	-5.215332
ATES	-3.756155
TESA	-4.392977
SAST	-4.073658
ASTH	-3.210703
THEE	-3.330455
HEEL	-4.271555
EELT	-4.555280
ELTO	-4.856310
LTON	-4.870098
TONS	-4.562119
ONSC	-4.247516
SCAN	-4.421940
CANN	-3.811231
ANNO	-3.785118
NNOT	-3.810010
NOTB	-3.740283
OTBU	-4.727991
TBUT	-3.720978
BUTU	-4.727991
UTUN	-4.829981
TUNI	-4.541916
UNIT	-4.312242
ITET	-4.498137
TETH	-4.029021
HESU	-3.736147
ESUF	-4.842946
SUFF	-4.080426
UFFR	-6.361460
FFRA	-5.082706
FRAG	-4.999732
RAGE	-4.113486
AGES	-4.021016
GESO	-4.621097
ESOF	-3.404331
SOFE	-4.463833
OFEV	-4.421940
FEVE	-4.300762
ERYB	-4.271555
RYBO	-4.541916
YBOD	-4.312242
BODY	-3.909673
ODYO	-4.698702
DYON	-5.282278
YONT	-4.605585
ONTH	-3.017264
HERH	-3.718007
RHAN	-4.379188
NDIF	-4.009277
DIFO	-4.999732
IFOR	-4.738210
ORMY	-4.316137
RMYP	-5.131011
MYPA	-4.590608
YPAR	-4.324033
ARTD	-5.458370
RTDE	-5.662490
TDEC	-4.981248
DECL	-4.374688
CLAR	-4.504127
LARE	-4.357138
AREF	-4.197107
REFO	-3.790917
EFOR	-3.043605
FORP	-4.662490
ORPR	-4.930096
RPRI	-4.103781
ICEU	-5.407217
CEUN	-5.320067
EUNH	-5.131011
UNHE	-5.215332
NHES	-4.469365
HESI	-3.797979
ESIT	-3.961786
SITA	-4.340270
ITAT	-3.975853
TATI	-3.805157
ATIN	-3.588405
INGL	-3.365824
NGLY	-3.884338
GLYI	-4.899062
LYIT	-4.469365
TSEE	-3.832543
SEEM	-3.452975
EEMS	-4.165560
EMST	-4.442382
MSTO	-4.492228
EMOS	-3.861773
TPER	-4.250870
PERF	-4.023003
ERFE	-4.005434
RFEC	-4.257656
ECTT	-4.203097
CTTH	-4.257656
OSTC	-4.480646
STCH	-4.817392
TICT	-5.157340
ICTH	-4.884338
CTHE	-4.781676
STEM	-4.510201
TEMI	-5.131011
EMIN	-3.918980
MINE	-3.871501
INEN	-4.247516
NENT	-4.336154
ENTL	-3.520726
NTLY	-3.642128
TLYQ	-6.361460
LYQU	-5.082706
YQUI	-4.781676
QUIN	-5.247516
UINT	-4.856310
NTES	-4.842946
TESS	-4.738210
ESSE	-3.557320
SSEN	-4.332076
NTIA	-4.463833
TIAL	-4.200092
ALOF	-4.136150
LOFI	-5.019037
ITSA	-4.146616
TSAU	-6.060430
RSWO	-4.946486
SWOR	-4.047592
ORKS	-4.383736
RKSA	-4.590608
KSAN	-4.278674
ANDF	-3.539292
NDFO	-4.041313
DFOR	-3.464383
FORT	-3.166391
HISC	-3.547212
ISCO	-3.617167
CONT	-3.533445
ONTE	-4.133573
NTEN	-3.735119
ONIN	-3.850915
NINS	-4.146616
INSU	-4.045489
NSUC	-4.224739
UCHN	-5.060430
CHNA	-5.407217
HNAR	-6.060430
NARR	-4.297002
ARRO	-4.458370
RROW	-4.075902
ROWS	-4.407217
OWSP	-5.131011
WSPA	-5.247516
SPAC	-4.770395
PACE	-4.569068
ACEA	-4.125931
EASI	-3.860400
ASIS	-4.510201
SISP	-5.185368
ISPE	-4.062607
PERM	-3.822384
ERMI	-3.845586
RMIT	-4.528951
TEDT	-3.517604
EDTO	-3.032876
DTOM	-3.988548
OMEI	-4.103781
MEIP	-5.759400
EIPR	-5.215332
IPRO	-4.770395
ROPO	-4.374688
OPOS	-4.498137
SEHE	-4.212241
ERET	-3.532800
RETO	-3.756155
ETOS	-3.975853
TOSH	-4.486398
OSHO	-4.583308
SHOW	-3.893112
HOWC	-4.421940
OWCA	-4.522611
WCAU	-6.361460
SEIN	-4.120910
EINT	-3.406253
RSTP	-4.738210
STPL	-4.671264
TPLA	-4.548546
PLAC	-3.638826
LACE	-3.638004
ACET	-4.173939
THEB	-3.143976
HEBO	-3.663359
OKIT	-4.856310
KITM	-5.583308
TMAY	-4.209171
MAYB	-4.082706
AYBE	-3.975853
YBEB	-5.407217
BEBA	-5.407217
EBAR	-4.412070
BARE	-4.805157
RELY	-3.938214
ELYN	-4.914302
LYNE	-4.680218
YNEC	-5.157340
NECE	-4.264550
ECES	-4.103781
CESS	-3.823641
SSAR	-4.361460
SARY	-4.442382
ARYT	-4.474969
RYTO	-4.091947
YTOR	-4.856310
TORE	-3.709213
REMI	-4.278674
MIND	-3.793258
INDT	-4.091947
EADE	-4.182483
ADER	-4.680218
DERW	-4.555280
ERWA	-3.739246
RWAS	-3.828705
WASI	-3.807577
ASIN	-3.667733
SINI	-4.645456
INIT	-3.867305
NITS	-4.113486
ITSF	-4.689362
TSFI	-5.185368
SFIR	-4.522611
RSTS	-4.548546
STSH	-4.613272
TSHA	-4.268038
SHAP	-4.289578
HAPE	-4.492228
APEW	-5.458370
PEWR	-5.157340
EWRI	-4.492228
WRIT	-4.031046
RITT	-4.293274
TTEN	-3.698702
TENV	-5.320067
ENVE	-4.569068
NVER	-4.062607
ERYE	-4.231126
RYEA	-4.671264
YEAR	-3.759400
EARL	-3.894592
ARLY	-3.844264
RLYS	-4.645456
LYSO	-4.416977
YSOM	-4.300762
REAB	-4.504127
EABO	-4.191198
ABOU	-3.489887
BOUT	-3.521354
OUTW	-4.308381
UTWH	-4.003525
TWHE	-3.775999
WHEN	-3.125679
HENM	-4.388332
ENMI	-4.555280
NMIS	-4.590608
ENWA	-4.562119
NWAS	-3.936578
WASB	-4.120910
ASBA	-5.131011
SBAR	-5.060430
ELYT	-4.082706
LYTW	-4.914302
YTWE	-5.759400
TWEN	-4.340270
WENT	-3.819880
ENTY	-4.136150
NTYO	-4.348622
TYON	-4.963520
ONET	-3.828705
NETH	-3.758315
ETHO	-3.715056
UGHI	-3.988548
GHIT	-4.492228
HITW	-4.645456
ITWA	-3.365386
TWAS	-3.205820
WASR	-4.209171
ASRE	-4.215332
SREV	-5.039240
REVI	-4.221581
EVIS	-4.498137
VISE	-4.946486
ISED	-3.943158
SEDA	-3.902067
EDAN	-3.297376
NDFI	-4.308381
DFIN	-4.374688
SHED	-3.508980
HEDA	-3.720978
EDAT	-3.730016
DATC	-5.662490
CHAW	-4.817392
HAWT	-5.759400
AWTO	-5.516362
WTON	-5.759400
ONSO	-3.774872
NSOM	-3.970525
OMEF	-4.215332
MEFI	-4.842946
EFIF	-5.039240
FIFT	-4.421940
IFTE	-4.528951
FTEE	-4.981248
TEEN	-4.421940
EENY	-5.039240
ENYE	-4.759400
NYEA	-4.884338
ARSL	-5.282278
RSLA	-5.320067
SLAT	-4.770395
LATE	-3.774872
ATER	-3.593562
ERAN	-3.365386
NDWA	-3.846912
DWAS	-3.819880
WASN	-3.610951
ASNO	-3.565580
NOTP	-4.275100
OTPU	-5.185368
TPUB	-5.516362
HEDT	-3.986711
EDTI	-4.963520
DTIL	-4.914302
TILL	-3.441336
ILLO	-4.209171
LLON	-4.504127
LONL	-5.247516
NLYF	-4.576130
LYFO	-4.209171
YFOU	-4.583308
FOUR	-3.899062
OURY	-4.884338
URYE	-5.157340
ARSB	-4.914302
RSBE	-4.029021
SBEF	-4.234355
OREH	-3.967008
HERD	-3.983062
ERDE	-4.212241
RDEA	-4.541916
DEAT	-3.958339
EATH	-3.501122
ATHI	-3.715056
THID	-5.320067
HIDO	-5.157340
IDON	-4.043396
DONO	-3.829981
ONOT	-3.793258
NOTK	-4.316137
OTKN	-4.383736
TKNO	-4.108607
NOWW	-4.001624
OWWH	-4.049706
WWHE	-4.432041
WHET	-4.033080
HETH	-3.534737
ERIN	-3.285183
RINT	-3.863149
NTHI	-3.606347
COMB	-4.590608
OMBI	-4.870098
MBIN	-4.793258
BINA	-4.884338
INAT	-3.884338
NATI	-3.823641
IONO	-3.417471
ONOF	-3.415499
NOFT	-3.756155
HEFR	-4.237608
EFRE	-4.293274
ESHA	-3.714077
ANDV	-4.297002
NDVI	-4.805157
DVIG	-5.516362
VIGO	-4.981248
IGOR	-4.963520
GORO	-4.856310
OROU	-4.332076
OUSP	-4.437180
USPR	-5.019037
SPRO	-4.045489
NOFY	-5.019037
OFYO	-3.934948
FYOU	-3.638004
YOUT	-3.692143
OUTH	-3.555959
UTHA	-4.118422
HECR	-3.872909
ECRI	-4.182483
CALR	-5.407217
ALRE	-4.058264
LREV	-5.407217
VISI	-3.845586
ISIO	-4.621097
NOFM	-4.426961
OFMI	-4.312242
FMID	-6.060430
MIDD	-4.548546
IDDL	-4.516362
DDLE	-4.379188
DLEL	-5.759400
LELI	-4.447646
ELIF	-4.498137
LIFE	-3.726982
IFET	-4.516362
FETH	-4.727991
EREM	-3.808791
REMA	-3.617950
EMAY	-4.191198
YBET	-4.605585
BETR	-4.605585
ETRA	-4.025000
TRAC	-4.056108
RACE	-4.049706
ACED	-4.084998
CEDT	-4.131011
HEDI	-3.673931
EDIS	-3.821130
NCTS	-5.320067
CTSU	-5.458370
TSUP	-4.541916
SUPE	-4.237608
UPER	-4.203097
PERI	-3.769283
ERIO	-3.928490
RIOR	-4.285913
IORI	-5.039240
ITYI	-4.218445
TYIN	-4.304555
YINP	-5.583308
INPO	-4.793258
NPOI	-5.039240
POIN	-3.777128
OINT	-3.642128
TOFC	-4.629066
OFCO	-3.891638
FCON	-4.416977
ONST	-3.713100
NSTR	-4.103781
STRU	-3.802751
TRUC	-4.043396
RUCT	-4.379188
UCTI	-4.293274
ONWH	-3.819880
ICHA	-4.080426
CHAS	-3.839015
HASI	-4.348622
ASIT	-3.925297
MEIT	-4.458370
EITP	-5.407217
ITPO	-5.019037
TPOS	-4.555280
OSSE	-4.035124
SSES	-3.979443
SESS	-4.212241
SESO	-4.257656
ESOV	-4.738210
SOVE	-4.080426
OVER	-3.181334
VERA	-3.724972
ERST	-3.559370
RSTH	-3.871501
HEPL	-4.033080
EPLO	-5.320067
PLOT	-5.583308
LOTT	-4.250870
OTTH	-3.854955
TTHO	-3.936578
OTEL	-4.388332
TELA	-5.157340
ELAB	-4.899062
LABO	-4.297002
ABOR	-4.708247
BORA	-4.946486
ORAT	-4.304555
ATEI	-4.244188
TEIS	-4.981248
EISA	-3.897567
ISAL	-4.141352
OSTR	-4.247516
STRE	-3.609411
TREG	-4.999732
REGU	-4.432041
EGUL	-4.447646
GULA	-4.197107
AREN	-3.963520
RENO	-3.814917
ENOU	-3.870098
NOUG	-3.939856
UGHF	-4.662490
GHFO	-4.899062
HFOR	-4.206124
FORF	-4.576130
ORFI	-4.759400
RFIE	-4.437180
ELDI	-4.662490
LDIN	-4.013155
GHAR	-4.793258
HARD	-3.816153
ARDL	-4.084998
RDLY	-4.118422
DLYA	-4.621097
LYAC	-4.569068
YACH	-5.884338
ACHA	-4.289578
TERH	-4.027006
RHAR	-4.708247
LYAN	-3.842946
YANI	-4.981248
NINC	-4.555280
INCI	-4.191198
NCID	-4.662490
CIDE	-4.149272
IDEN	-3.859033
ENTC	-4.332076
NTCO	-4.452975
TCOU	-4.154634
COUL	-3.267688
ULDB	-3.584033
LDBE	-3.610181
DBER	-5.039240
BERE	-4.231126
RETR	-4.447646
ETRE	-4.224739
TREN	-4.458370
NCHE	-4.234355
ITHO	-3.506547
HOUT	-3.627460
OUTL	-4.541916
UTLO	-4.793258
TLOS	-5.157340
LOSS	-4.576130
OSST	-4.447646
SSTO	-4.013155
HEST	-3.422940
STOR	-3.733071
TORY	-3.986711
ORYT	-4.718007
RYTH	-3.928490
EELO	-4.963520
ELOP	-4.492228
LOPE	-4.447646
OPEM	-4.946486
PEME	-5.247516
EMEN	-3.487558
TOFL	-4.498137
OFLY	-4.981248
FLYD	-5.060430
LYDI	-3.870098
YDIA	-4.115947
DIAA	-5.215332
IAAN	-5.019037
NDWI	-3.871501
DWIC	-4.930096
ICKH	-4.017067
CKHA	-3.997848
KHAM	-4.056108
HAMI	-4.805157
AMIS	-4.653889
MISN	-5.516362
ISNO	-3.724972
NOTL	-4.268038
OTLI	-4.698702
TLIK	-4.257656
IKET	-3.917415
KETH	-3.743412
ETHA	-3.166114
OFCR	-4.870098
FCRA	-5.884338
ORDA	-4.348622
RDAN	-4.080426
ANDM	-3.440815
NDMR	-4.282278
DMRS	-4.257656
MRSR	-4.999732
RSRU	-5.019037
SRUS	-5.157340
RUSH	-4.188273
USHW	-5.759400
SHWO	-5.583308
HWOR	-5.106187
WORT	-4.388332
THAC	-4.504127
HACO	-4.817392
ACOU	-4.629066
COUP	-4.829981
OUPD	-6.361460
UPDE	-5.662490
PDET	-6.060430
DETH	-4.096642
ETHÉ	-6.361460
THÉÂ	-6.361460
HÉÂT	-6.361460
ÉÂTR	-6.361460
ÂTRE	-6.361460
TREI	-6.060430
REIT	-4.123414
EITC	-4.930096
ITCO	-4.463833
TCON	-3.979443
CONN	-4.278674
ONNE	-4.182483
NNEC	-4.244188
NECT	-4.320067
CTSI	-5.157340
TSIT	-4.569068
ELFI	-3.990392
LFIN	-4.194142
FINT	-4.297002
STRI	-3.853604
RICT	-4.727991
ICTE	-4.829981
CTES	-5.516362
STWA	-4.474969
TWAY	-4.541916
WAYW	-4.328036
AYWI	-4.374688
YWIT	-3.881453
ITHT	-3.354566
THTH	-3.280473
HECO	-3.260400
ECOU	-3.578271
OURS	-3.401465
URSE	-3.627460
RSEO	-4.555280
ORYE	-5.019037
ARLI	-4.458370
RLIE	-4.930096
LIER	-5.039240
IERA	-5.215332
NDBR	-4.522611
DBRI	-4.637184
GSAB	-5.759400
SABO	-4.176768
OUTT	-3.664230
UTTH	-3.345262
EDEN	-4.548546
DENO	-4.297002
NOUE	-6.060430
OUEM	-6.060430
UEME	-5.458370
ENTW	-3.983062
NTWI	-4.437180
TWIT	-3.602548
ITHC	-4.402418
THCO	-4.357138
HCOM	-4.738210
ETEP	-5.884338
TEPR	-5.361460
ROPR	-4.781676
PRIE	-4.662490
RIET	-4.541916
IETY	-4.173939
ETYA	-4.817392
TYAL	-5.215332
MINO	-5.060430
INOR	-4.486398
NORP	-5.131011
RPAS	-4.671264
PASS	-3.580423
ASSA	-4.051829
SSAG	-4.374688
SAGE	-4.191198
GEST	-4.060430
HELO	-3.721973
OVES	-4.555280
VESO	-4.209171
SOFJ	-5.157340
OFJA	-4.930096
FJAN	-5.082706
NDBI	-4.899062
DBIN	-5.019037
BING	-3.795612
NGLE	-3.634732
GLEY	-3.861773
LEYT	-4.842946
EYTH	-4.583308
HEAD	-3.371565
EADV	-4.328036
ADVE	-4.336154
DVEN	-4.480646
TOFM	-4.125931
FMRC	-5.131011
MRCO	-4.154634
RCOL	-4.087302
COLL	-3.807577
OLLI	-3.953220
LINS	-3.984883
INST	-3.428986
NSTH	-4.031046
HEVI	-4.212241
SITT	-4.151945
ITTO	-4.031046
TTOH	-4.224739
TOHU	-4.842946
OHUN	-4.930096
HUNS	-4.946486
UNSF	-4.930096
NSFO	-4.437180
ORDT	-4.576130
RDTH	-4.062607
EDER	-4.689362
DERB	-4.516362
ERBY	-4.352859
RBYS	-4.759400
BYSH	-4.856310
YSHI	-4.357138
SHIR	-4.285913
HIRE	-4.282278
IRET	-4.328036
ETOU	-4.397672
TOUR	-4.432041
OURF	-4.149272
URFI	-5.157340
RFIT	-5.516362
FITI	-4.541916
ITIN	-3.824901
TINA	-4.173939
INAF	-4.370234
NAFT	-4.348622
TERT	-3.520726
HESA	-3.416484
ESAM	-3.760487
SAME	-3.725976
AMEU	-4.856310
MEUN	-4.738210
EUNO	-5.516362
UNOS	-5.759400
NOST	-4.829981
ENTA	-3.546546
NTAT	-4.336154
TIOU	-4.510201
OUSB	-4.492228
USBU	-4.680218
BUTM	-4.285913
UTMA	-4.899062
TMAS	-4.793258
MAST	-3.842946
ASTE	-3.702495
STER	-3.341098
TERL	-4.162803
ERLY	-4.123414
RLYF	-4.793258
YFAS	-5.215332
FASH	-4.416977
ASHI	-3.902067
SHIO	-4.504127
HION	-4.492228
EISN	-4.171128
SNOA	-5.583308
NOAT	-5.320067
OATT	-4.357138
ATTE	-3.410608
TTEM	-4.336154
TEMP	-3.865915
MPTA	-4.856310
PTAT	-4.930096
TATT	-4.080426
HEHI	-4.206124
EHID	-5.060430
HIDE	-4.562119
DSEE	-4.041313
SEEK	-4.432041
EEKI	-4.805157
EKIN	-4.179616
KINA	-4.870098
INAN	-3.718007
OUTB	-4.447646
UTBU	-5.106187
TBUS	-5.131011
BUSI	-4.039240
USIN	-3.715056
SINE	-3.925297
INES	-3.549885
ESSW	-4.031046
SSWH	-4.361460
ICHI	-3.647969
CHIN	-3.675718
HINT	-3.908141
HETR	-3.891638
RANS	-4.247516
ANSA	-4.308381
NSAC	-5.185368
SACT	-4.817392
ACTI	-3.917415
NSBE	-4.793258
SBET	-4.555280
EENF	-4.432041
ENFR	-4.504127
NFRA	-4.914302
FRAN	-4.308381
ANKC	-5.759400
NKCH	-5.884338
KCHU	-6.361460
CHUR	-4.492228
HURC	-4.535385
URCH	-4.293274
RCHI	-4.247516
CHIL	-4.060430
HILL	-4.426961
ILLA	-3.888703
NDJA	-4.759400
DJAN	-4.562119
ANEF	-5.282278
NEFA	-5.039240
EFAI	-4.621097
AIRF	-5.082706
IRFA	-4.829981
RFAX	-6.361460
FAXC	-6.361460
AXCO	-6.361460
XCON	-5.759400
ONTR	-4.060430
NTRI	-4.361460
TRIB	-4.374688
RIBU	-4.447646
IBUT	-4.370234
BUTE	-4.282278
UTES	-4.209171
TESN	-5.583308
SNOD	-4.930096
NODO	-4.437180
ODOU	-4.352859
UBTA	-5.247516
BTAG	-6.361460
TAGO	-4.805157
AGOO	-4.264550
GOOD	-3.558003
OODD	-4.671264
ODDE	-4.718007
DDEA	-4.510201
DEAL	-4.365824
EALT	-4.123414
ALTO	-4.171128
LTOT	-4.727991
HEIN	-3.694007
INTR	-4.206124
TRIG	-4.842946
RIGU	-5.884338
IGUE	-4.680218
GUEO	-5.185368
UEOF	-4.829981
EOFE	-4.452975
OFEM	-5.361460
FEMM	-6.361460
MMAB	-6.060430
MABU	-6.060430
ABUT	-4.759400
BUTC	-4.458370
UTCO	-4.569068
TESI	-4.645456
NAFA	-5.282278
AFAS	-5.247516
CHID	-4.999732
NOTT	-3.595791
TTHI	-3.638004
HINK	-3.530871
INKT	-4.120910
NKTH	-4.123414
KTHE	-3.896077
HEBE	-3.721973
EBES	-4.289578
ESTF	-4.576130
STFE	-4.870098
TFEA	-4.999732
FEAT	-4.407217
EATU	-3.961786
ATUR	-3.525136
TURE	-3.376482
UREO	-4.031046
FTHA	-3.852257
ATOT	-4.914302
HERW	-3.650497
ERWI	-3.840322
RWIS	-4.447646
WISE	-4.120910
ISEA	-4.194142
SEAD	-5.060430
EADM	-4.621097
MIRA	-4.412070
IRAB	-4.738210
BLEB	-4.312242
LEBO	-4.397672
OKAL	-5.282278
KALT	-6.361460
UGHM	-4.680218
GHMI	-5.759400
HMIS	-4.884338
TENA	-4.118422
NALW	-4.817392
ALWA	-3.844264
LWAY	-3.885788
WAYS	-3.754005
AYSL	-4.884338
YSLI	-5.131011
SLIK	-4.096642
IKED	-4.653889
KEDS	-4.637184
EDSO	-4.011212
DSOM	-3.865915
INGO	-3.271908
NGOF	-3.668613
GOFT	-4.071425
ISUN	-4.361460
SUND	-4.336154
UNDE	-3.510201
NDER	-3.308381
DERS	-3.736147
RSTA	-3.823641
STAN	-3.183635
INGK	-5.106187
NGKI	-5.516362
GKIN	-5.884338
INDW	-4.312242
NDWH	-3.563500
DWHI	-3.926891
CHAF	-4.680218
HAFF	-5.106187
AFFO	-4.562119
FFOR	-4.120910
ORDE	-3.881453
RDED	-4.293274
DEDH	-4.293274
EROP	-4.605585
ROPP	-4.458370
OPPO	-4.282278
PPOR	-4.388332
PORT	-3.701543
ORTU	-3.902067
RTUN	-3.943158
NITI	-4.234355
ITIE	-4.188273
TIES	-3.894592
IESF	-4.946486
ESFO	-4.240886
DISP	-4.091947
ISPL	-4.340270
SPLA	-4.131011
PLAY	-4.154634
LAYO	-4.999732
AYOF	-4.365824
YOFT	-3.833830
EPEC	-4.748676
DINC	-4.474969
INCO	-3.944819
NCOM	-3.954919
OMPA	-3.729002
MPAR	-4.300762
PARA	-4.071425
ARAB	-4.748676
BLET	-3.679315
LETA	-4.856310
ETAL	-4.285913
TALE	-4.416977
ALEN	-4.510201
LENT	-3.800358
ENTT	-3.699647
NTTO	-3.835120
OBEN	-4.981248
NOTI	-3.908141
OTIC	-4.426961
TICE	-4.149272
ICED	-4.528951
CEDP	-5.583308
EDPR	-4.680218
TLYS	-4.308381
LYSH	-4.421940
YSHE	-4.151945
SHEH	-3.665103
EHAS	-3.826166
HASB	-4.033080
ASBE	-3.890168
SBEE	-4.005434
EENS	-3.926891
ENSA	-4.103781
NSAT	-4.240886
SATI	-3.786272
ATIS	-3.560056
ISFI	-4.123414
FIED	-4.146616
IEDH	-4.348622
REWI	-4.179616
ECTL	-4.154634
CTLY	-3.968763
TLYN	-5.247516
LYNA	-5.247516
YNAT	-4.671264
NATU	-3.797979
TURA	-4.069204
URAL	-4.056108
RALO	-4.516362
ALOC	-5.320067
LOCC	-5.407217
OCCA	-4.203097
CCAS	-4.194142
CASI	-4.179616
ONSP	-4.680218
NSPR	-4.870098
ROVI	-4.379188
OVID	-4.548546
HEFA	-3.849576
EFAL	-4.680218
FALS	-4.671264
ALSE	-4.469365
LSEA	-4.680218
SEAC	-4.569068
EACC	-4.348622
ACCO	-3.793258
CCOU	-4.111040
COUN	-3.584758
OUNT	-3.470480
UNTO	-4.374688
TOFD	-4.629066
OFDA	-4.576130
FDAR	-4.981248
DARC	-3.712125
ARCY	-3.725976
RCYS	-4.447646
CYSC	-5.662490
YSCO	-4.914302
COND	-3.865915
ONDU	-4.407217
NDUC	-4.300762
DUCT	-4.289578
UCTG	-6.361460
CTGI	-6.060430
TGIV	-4.583308
GIVE	-3.651342
IVEN	-3.983062
VENB	-4.817392
ENBY	-4.528951
NBYW	-5.407217
BYWI	-5.361460
YWIC	-5.516362
NDBY	-4.188273
HEAW	-5.060430
EAWK	-5.662490
AWKW	-5.082706
WKWA	-5.082706
KWAR	-4.738210
WARD	-3.424444
ARDN	-4.829981
RDNE	-5.282278
SARI	-4.817392
ARIS	-4.328036
RISI	-4.254250
ISIN	-3.698702
SING	-3.400039
ITHE	-3.584758
THEQ	-4.340270
HEQU	-4.264550
EQUA	-4.011212
QUAL	-4.071425
UALN	-5.583308
ALNA	-5.185368
LNAT	-4.981248
RALN	-5.361460
ALNE	-5.131011
LNES	-4.412070
SSFR	-5.039240
SFRO	-3.930096
ROMT	-3.365386
OMTH	-3.333702
MTHE	-3.269793
THEG	-3.349889
HEGR	-3.694942
GRAD	-4.727991
RADU	-4.856310
ADUA	-4.870098
DUAL	-4.576130
UALT	-4.645456
ALTR	-4.999732
LTRA	-5.019037
ORMA	-4.041313
RMAT	-4.328036
MATI	-4.123414
NOFE	-4.671264
OFEL	-4.662490
FELI	-4.320067
ELIZ	-3.473280
LIZA	-3.476664
IZAB	-3.491056
ZABE	-3.490471
ABET	-3.481218
ETHS	-4.332076
THSO	-4.173939
HSOW	-6.060430
SOWN	-3.984883
OWNF	-4.402418
WNFE	-5.407217
NFEE	-4.748676
FEEL	-3.679315
EELI	-3.722970
ELIN	-3.658168
NGSF	-4.884338
GSFR	-5.458370
ROMP	-4.708247
ITIV	-4.727991
IVEA	-4.115947
VEAV	-5.215332
EAVE	-3.718995
AVER	-3.750799
VERS	-3.590608
RSIO	-5.019037
NTOA	-3.979443
TOAC	-4.257656
OACT	-5.106187
ACTU	-4.555280
CTUA	-4.383736
TUAL	-4.176768
OVEI	-4.770395
VEID	-5.759400
EIDO	-4.842946
HERT	-3.505335
HEAL	-4.103781
ALLG	-4.662490
LLGR	-4.817392
LGRA	-5.361460
GRAS	-4.426961
RASP	-4.486398
ASPI	-4.621097
SPIN	-4.504127
GHAN	-4.421940
NDOF	-3.770395
DOFT	-3.894592
EPLA	-3.864530
LAYW	-5.131011
AYWR	-5.884338
YWRI	-5.157340
WRIG	-5.407217
HTHA	-3.842946
HASE	-4.221581
ASEV	-4.392977
SEVE	-3.627460
VERB	-4.037177
ERBE	-3.899062
RBEE	-4.555280
ENLA	-4.492228
NLAI	-5.516362
LAID	-4.492228
AIDU	-5.458370
IDUP	-5.583308
DUPO	-3.877160
UPON	-3.261434
PONP	-5.458370
NPRI	-4.899062
ICEA	-4.268038
NDID	-4.344426
DIDA	-4.510201
IDAR	-4.555280
DARE	-4.108607
ARES	-3.832543
ESAY	-4.357138
SAYT	-4.168335
AYTH	-3.812456
YTHA	-3.704404
ATIF	-4.254250
IFIT	-4.374688
FITW	-4.447646
ITWE	-4.289578
TWER	-4.179616
WERE	-3.041729
SITU	-4.324033
ITUA	-4.357138
TUAT	-4.361460
UATI	-4.432041
ONSW	-4.128464
NSWO	-5.320067
OVEN	-4.842946
VENO	-3.908141
NOTS	-3.786272
OTST	-4.671264
TSTA	-4.344426
ARTL	-4.548546
RTLI	-5.247516
TLIN	-4.492228
NGOR	-4.452975
GORG	-5.019037
ORGA	-4.914302
RGAR	-4.613272
RISH	-4.165560
SHEN	-4.621097
HEFO	-3.799167
EFOO	-4.605585
FOOT	-4.407217
OOTL	-6.060430
TLIG	-5.082706
GHTS	-3.733071
HTST	-4.621097
EMET	-4.275100
METO	-3.638004
ETOO	-4.071425
TOOS	-4.759400
OOSU	-5.884338
OSUB	-5.131011
SUBT	-4.738210
UBTL	-4.605585
BTLE	-4.621097
LEAN	-3.642958
ANDD	-3.571174
NDDE	-4.075902
DDEL	-4.817392
ICAT	-3.997848
CATE	-4.212241
TEFO	-4.689362
ORPI	-5.039240
RPIT	-5.282278
PITA	-4.498137
ITAN	-3.868699
ANDG	-3.880017
NDGA	-4.605585
DGAL	-5.185368
GALL	-4.123414
LLER	-4.221581
LERY	-5.060430
RYBU	-4.680218
YBUT	-3.899062
UTIF	-4.185368
TIFT	-4.805157
IFTH	-4.031046
EATT	-3.923709
MPTW	-5.759400
PTWE	-6.060430
EMAD	-4.157340
MADE	-3.665103
ADEI	-4.671264
DEIT	-4.689362
EITW	-4.041313
ITWO	-4.106187
TWOU	-3.944819
ULDC	-4.324033
LDCE	-5.082706
DCER	-4.770395
CERT	-3.757234
ERTA	-3.657309
RTAI	-3.718007
TAIN	-3.302275
AINL	-3.956626
INLY	-3.984883
NLYN	-4.899062
LYNO	-4.510201
YNOT	-4.209171
OTBE	-3.819880
TBEH	-4.680218
BEHA	-4.212241
EHAM	-5.039240
HAMP	-4.930096
AMPE	-4.793258
MPER	-4.146616
PERE	-4.447646
BYAN	-4.348622
YANY	-4.569068
ANYO	-3.771510
NYOF	-4.261089
OSEL	-4.469365
SELO	-4.870098
ELOO	-4.120910
LOOS	-4.576130
OOSE	-4.221581
OSEN	-4.407217
SENE	-4.738210
SOFC	-4.297002
ICHS	-4.069204
CHSO	-4.590608
HSOM	-4.261089
METI	-3.818634
IMES	-3.709213
MESD	-4.946486
ESDI	-4.805157
DISG	-4.541916
ISGU	-4.629066
SGUI	-4.829981
GUIS	-4.261089
UISE	-4.727991
SEDB	-4.194142
ECON	-3.494582
VENI	-3.882893
ENIE	-4.535385
NIEN	-4.598032
IENC	-3.983062
NCES	-3.694007
CESO	-4.149272
SOFW	-4.257656
OFWH	-3.788588
FWHI	-4.203097
VELI	-4.492228
ELIS	-4.605585
LIST	-4.021016
ISTC	-5.106187
STCA	-4.680218
TCAN	-4.344426
CANA	-4.412070
ANAV	-5.185368
NAVA	-5.282278
AVAI	-5.082706
VAIL	-4.680218
AILH	-4.981248
ILHI	-5.320067
LHIM	-4.680218
HIMS	-3.591344
IMSE	-3.699647
MSEL	-3.610951
FAPP	-5.247516
APPE	-3.564885
PPEA	-3.743412
PEAR	-3.725976
EARA	-3.911211
ARAT	-4.125931
RATO	-4.914302
ATON	-3.958339
TONC	-4.234355
ONCE	-3.529590
NCEO	-3.648810
CEON	-4.662490
EONT	-4.182483
ESTA	-3.581863
STAG	-4.522611
TAGE	-4.045489
AGEI	-4.416977
GEIT	-4.842946
EITH	-3.859033
INKH	-4.914302
NKHO	-5.458370
KHOW	-5.131011
RTHO	-4.103781
GHTW	-3.938214
HTWI	-4.738210
TWIL	-4.043396
WILL	-3.191198
ILLD	-4.412070
LLDO	-4.480646
LDOU	-5.247516
TLES	-3.958339
ESSS	-4.209171
SSSE	-4.981248
SSEE	-4.206124
EEMH	-5.759400
EMHE	-4.870098
MHER	-4.312242
RETI	-4.312242
ETIC	-4.535385
LTOM	-4.662490
TOMO	-4.224739
OMOR	-4.111040
ORET	-3.566972
HANO	-4.320067
ANON	-4.282278
NONE	-3.802751
ONES	-3.735119
NESC	-4.946486
ESCH	-4.605585
SCHO	-4.548546
CHOO	-4.388332
HOOL	-4.689362
OOLO	-4.981248
OLOF	-5.019037
LOFC	-5.082706
FCRI	-5.185368
TICS	-4.498137
ICST	-4.999732
CSTH	-5.516362
HATC	-3.860400
ATCO	-4.188273
ONIS	-4.062607
NISN	-5.215332
EHIG	-4.432041
HIGH	-3.884338
IGHE	-4.416977
GHES	-4.671264
ESTM	-4.432041
STME	-4.492228
TMER	-4.738210
MERI	-4.221581
ERIT	-3.897567
ECHO	-4.629066
ICES	-4.285913
CEST	-4.328036
ESTG	-5.082706
STGI	-5.215332
TGIF	-6.060430
GIFT	-5.060430
IFTO	-4.914302
FTOF	-5.215332
STIT	-4.227921
TSET	-5.131011
SETS	-5.157340
ETSO	-4.379188
SOFF	-4.215332
OFFH	-4.856310
FFHI	-5.131011
FHIS	-3.420445
HISO	-3.741324
ISOT	-5.082706
SOTH	-3.831260
ERGI	-4.781676
RGIF	-5.759400
IFTS	-5.282278
FTSA	-5.884338
TSAN	-3.953220
NDGR	-4.569068
DGRA	-4.569068
GRAC	-4.432041
ACES	-4.149272
CESM	-5.106187
ESMO	-4.442382
SMOS	-4.463833
OSTA	-3.981248
STAD	-4.829981
TADV	-4.946486
ADVA	-4.108607
DVAN	-4.087302
VANT	-4.191198
ANTA	-3.922127
NTAG	-4.324033
AGEO	-4.247516
GEOU	-5.060430
EOUS	-4.324033
OUSL	-3.899062
USLY	-3.972294
SLYT	-4.899062
YTOT	-4.268038
ALEY	-5.106187
LEYE	-4.662490
EYEA	-4.271555
YEAN	-4.689362
HEWA	-3.267338
EWAN	-4.361460
ANTO	-3.831260
ITWI	-4.115947
ILLS	-3.931707
LLSO	-4.289578
LSOM	-4.613272
MESM	-4.708247
ESMA	-4.203097
SMAR	-4.379188
MART	-4.963520
OSEG	-4.914302
SEGR	-5.157340
CESA	-4.264550
ESAP	-4.963520
SAPP	-4.064794
PPRE	-4.463833
PREC	-4.060430
RECI	-4.171128
ECIA	-4.278674
CIAB	-5.516362
IABL	-4.261089
BLYT	-4.930096
YTHO	-4.293274
NOTQ	-4.914302
OTQU	-4.914302
TQUI	-4.583308
QUIT	-3.795612
UITE	-3.933325
ITEC	-4.613272
TECO	-4.718007
NSCI	-4.361460
SCIO	-4.583308
CIOU	-4.025000
YTOE	-4.842946
TOEY	-5.583308
OEYE	-5.884338
EYES	-3.673931
YESB	-4.946486
ESBY	-4.576130
SBYN	-4.981248
BYNO	-4.504127
YNOM	-4.510201
NOME	-4.452975
OMEA	-3.810010
MEAN	-3.442382
EANS	-3.944819
ANSU	-4.870098
NSUL	-4.548546
SULT	-4.316137
ULTR	-5.361460
RACR	-5.458370
ACRI	-4.510201
CALB	-5.282278
ALBU	-4.727991
LBUT	-4.160062
BUTA	-3.739246
UTAV	-5.282278
TAVE	-4.793258
RYBA	-4.963520
YBAD	-5.282278
BADL	-5.458370
ADLY	-4.486398
DLYB	-4.884338
LYBU	-4.492228
YBUI	-5.884338
BUIL	-4.680218
UILT	-4.516362
ILTN	-5.759400
LTNO	-5.185368
TNOV	-5.583308
VELW	-5.185368
ELWH	-4.981248
LWHI	-4.486398
ICHE	-4.407217
CHEX	-5.106187
HEXC	-5.106187
EXCE	-3.878586
XCEL	-4.463833
CELL	-4.300762
ELLE	-3.923709
LLED	-3.594304
LEDI	-4.094288
EDIN	-3.211010
DINP	-4.805157
INPA	-4.689362
NPAT	-5.361460
PATH	-4.275100
TICO	-4.336154
ICOR	-5.320067
CORH	-6.060430
ORHU	-5.361460
RHUM	-5.060430
UMOR	-4.759400
MORO	-4.856310
USCH	-5.019037
TERO	-3.909673
EROR	-4.352859
RORW	-5.131011
ORWH	-4.062607
RWHI	-4.071425
ICHD	-4.884338
CHDI	-4.899062
HDIS	-4.899062
LAYE	-4.576130
AYED	-4.416977
YEDC	-5.759400
EDCO	-4.244188
DCON	-3.992244
ONSU	-4.300762
NSUM	-4.718007
SUMM	-4.324033
UMMA	-5.106187
MMAT	-5.282278
MATE	-3.854955
ATEC	-4.621097
ECOM	-3.583308
COMM	-3.623472
OMMA	-4.278674
MMAN	-4.275100
DOFD	-5.106187
OFDI	-4.416977
FDIA	-6.060430
GUEP	-5.884338
UEPE	-6.060430
HERA	-3.430511
ERAR	-4.510201
RARE	-4.583308
STOF	-3.841632
ALLF	-4.357138
LLFA	-4.981248
FACU	-5.361460
ACUL	-4.856310
ULTI	-4.361460
LTIE	-4.981248
IESW	-4.285913
DBEA	-4.176768
BEAN	-4.480646
EANI	-4.131011
NINF	-4.569068
INFI	-4.492228
NFIN	-4.370234
ITEL	-4.498137
TELY	-3.805157
ELYB	-4.645456
BETT	-4.003525
HANA	-4.041313
ANAF	-4.759400
AFAU	-5.884338
FAUL	-4.870098
AULT	-4.605585
ULTL	-5.583308
LTLE	-5.215332
ESSP	-4.463833
SSPL	-5.157340
SPLO	-6.060430
LOTA	-5.516362
OTAC	-4.817392
TACT	-4.817392
CTED	-3.660756
TEDA	-3.748676
NDTO	-3.713100
DTOL	-4.328036
TOLD	-4.029021
OLDB	-4.605585
LDBY	-4.914302
DBYP	-5.131011
BYPU	-5.662490
YPUP	-6.361460
PUPP	-6.361460
UPPE	-4.344426
PPET	-5.247516
PETS	-5.662490
ETSW	-4.748676
TSWI	-4.522611
SWIT	-3.650497
HPEB	-6.361460
PEBB	-5.884338
EBBL	-5.884338
BBLE	-4.870098
BLES	-3.882893
LESI	-4.316137
ESIN	-3.726982
SINT	-3.520726
EIRM	-4.426961
IRMO	-4.708247
RMOU	-4.535385
MOUT	-4.221581
UTHS	-4.708247
THSA	-4.452975
HSAN	-5.247516
DDES	-4.370234
DESP	-4.111040
ESPI	-4.304555
SPIT	-4.344426
PITE	-4.480646
HEAB	-4.708247
EABI	-5.516362
ABIL	-4.522611
TYWH	-4.522611
YWHI	-4.125931
ICHM	-4.185368
CHMI	-4.718007
TENH	-4.770395
ENHA	-4.308381
ASSH	-4.035124
SSHO	-4.154634
HOWN	-4.621097
OWNI	-4.029021
WNIN	-4.123414
NINW	-4.805157
INWO	-4.856310
NWOR	-4.718007
ORKI	-4.528951
RKIN	-4.300762
KING	-3.276526
NGOU	-4.062607
GOUT	-4.103781
ORYI	-4.805157
RYIF	-5.282278
YIFO	-5.458370
FORO	-4.416977
ORON	-4.247516
RONE	-4.051829
NESH	-4.432041
ESHO	-3.741324
SHOU	-3.380094
HOUL	-3.418460
LDPU	-5.215332
DPUT	-4.884338
PUTP	-6.361460
UTPR	-4.870098
TPRI	-4.930096
ICEF	-4.930096
CEFA	-5.361460
EFAR	-4.576130
FARL	-5.759400
ARLO	-4.304555
RLOW	-5.458370
LOWE	-3.790917
OWER	-3.730016
WERI	-4.492228
ERIF	-4.480646
RIFI	-4.426961
FITD	-5.583308
ITDI	-4.671264
TDID	-4.397672
DIDN	-3.799167
IDNO	-3.814917
NOTC	-4.188273
OTCO	-4.383736
ONTA	-4.247516
NTAI	-4.027006
AINW	-4.308381
NWHA	-4.053964
WHAT	-3.108849
HATS	-3.384651
ATSE	-4.357138
EEMT	-4.498137
EMTO	-4.151945
MTOM	-4.793258
HEVE	-3.890168
ERYM	-4.099009
RYMA	-4.555280
YMAS	-5.039240
TERP	-4.268038
ERPI	-5.082706
RPIE	-5.516362
PIEC	-4.458370
IECE	-4.268038
FMIS	-4.662490
TENS	-4.227921
ENSH	-4.096642
NSHU	-5.583308
SHUM	-5.019037
OURA	-3.817392
URAN	-4.304555
DOFH	-4.275100
OFHE	-3.699647
FHER	-3.740283
HERF	-3.679315
ERFA	-4.094288
RFAC	-4.416977
LTYO	-5.060430
YOFC	-4.817392
OFCH	-4.621097
FCHA	-4.870098
TERC	-4.188273
ERCR	-4.793258
RCRE	-4.946486
CREA	-3.757234
REAT	-3.218132
EATI	-4.131011
IONM	-4.261089
ONMA	-4.548546
NMAS	-4.718007
CESW	-4.492228
WHOM	-3.908141
HOMA	-4.718007
OMAY	-5.215332
MAYI	-4.671264
AYIN	-3.868699
YIND	-4.510201
EDAD	-4.680218
DADM	-4.963520
MITJ	-6.361460
ITJO	-5.884338
TJOH	-5.516362
JOHN	-4.662490
OHNT	-5.458370
HNTH	-5.884338
NTHO	-3.967008
HORP	-6.060430
ORPE	-5.060430
RPET	-4.708247
PETH	-4.555280
ONSM	-4.793258
NSMR	-5.407217
SMRS	-4.793258
DONE	-3.732050
NEOR	-4.637184
EORT	-4.555280
ORTW	-4.264550
RTWO	-4.357138
TWOO	-4.392977
WOOT	-5.583308
OOTH	-4.168335
RSTO	-3.983062
EIRC	-4.336154
IRCO	-4.548546
RCOM	-4.218445
MPAN	-3.914302
PANY	-4.328036
ANYB	-4.474969
NYBU	-5.106187
BUTW	-3.822384
TWHO	-4.370234
WHOI	-4.383736
HOIN	-5.019037
OINO	-5.185368
INON	-4.237608
ONEI	-4.011212
NEIN	-4.123414
NSTA	-3.682032
TANC	-3.643789
NCEC	-4.528951
CECE	-6.060430
ECER	-4.426961
NLYA	-4.168335
APSI	-4.555280
PSIN	-4.817392
SINO	-4.718007
INOT	-4.605585
ERSA	-3.549885
RSAR	-4.590608
ESTI	-3.496356
STIL	-3.565580
LLSU	-4.598032
LSUP	-4.963520
IORT	-4.930096
ORTO	-3.878586
RTOT	-4.264550
HEMT	-4.025000
EMTH	-4.257656
ICSO	-5.082706
CSOF	-5.247516
URAR	-5.157340
RESO	-3.744459
ESOS	-4.748676
SOSU	-4.999732
ATET	-4.171128
THEY	-3.093350
HEYA	-4.009277
EYAR	-4.087302
YARE	-4.096642
AREP	-4.416977
REPE	-4.182483
APSA	-4.748676
PSAT	-5.361460
SATA	-4.510201
ATAL	-3.788588
TALL	-3.561430
LLTI	-5.157340
LTIM	-4.689362
MESE	-4.569068
ESEA	-3.681124
SEAS	-3.915855
ASIE	-4.999732
SIER	-5.282278
IERT	-5.060430
ERTO	-3.579704
RTOA	-4.528951
TOAP	-4.583308
OAPP	-4.805157
PREH	-4.357138
EHEN	-4.293274
HEND	-4.293274
ENDT	-4.138743
HANT	-3.774872
NTOE	-4.653889
TOEX	-4.383736
OEXP	-4.522611
NDAT	-3.994104
DATA	-4.469365
ATAN	-3.881453
TANY	-4.160062
NYPA	-5.106187
RTIC	-3.979443
TICU	-4.082706
CULA	-3.906615
RTIM	-4.541916
IMEL	-4.870098
MELI	-4.469365
ELIK	-4.149272
YTOB	-4.442382
OBED	-4.278674
RENT	-3.875738
TLYA	-4.168335
LYAP	-4.842946
YAPP	-4.498137
ENDE	-3.547879
NDED	-3.635548
DBYD	-5.039240
BYDI	-4.344426
YDIF	-4.781676
ENTP	-4.605585
NTPE	-5.131011
SONS	-4.176768
NSTO	-4.064794
HISH	-3.532800
ISHU	-4.680218
RSEE	-4.278674
STOP	-4.123414
TOPO	-4.510201
SAGR	-4.447646
AGRE	-3.837713
GREA	-3.480075
EATE	-3.729002
ERAF	-4.569068
RAFF	-4.770395
AFFI	-5.060430
FFIN	-4.203097
NITY	-4.019037
HEWH	-3.373793
EWHO	-3.665978
WHOL	-3.771510
HOLE	-3.790917
OLET	-4.426961
LETO	-3.722970
ETOT	-3.785118
OTHA	-3.682032
OFAD	-4.516362
FADD	-5.458370
ADDI	-4.402418
DDIS	-4.171128
DISO	-4.748676
ISON	-3.990392
SONT	-3.885788
NTHA	-3.470480
TOAN	-3.974070
OANY	-4.374688
NYOT	-4.336154
YOTH	-4.188273
EROF	-3.627460
ROFT	-3.967008
HENU	-4.637184
ENUM	-4.738210
OUSS	-4.197107
USSP	-5.060430
SSPE	-4.361460
SPEC	-3.593562
PECI	-4.106187
ECIE	-4.718007
CIES	-4.458370
IESO	-4.094288
FTHI	-3.775999
HISG	-4.037177
ISGR	-4.320067
SGRE	-4.407217
EATB	-4.842946
ATBR	-4.781676
BRIT	-4.870098
TISH	-4.101388
ISHG	-5.247516
SHGE	-6.361460
HGEN	-5.215332
GENU	-5.131011
ENUS	-4.842946
NUST	-5.516362
USTH	-3.853604
SOFS	-4.039240
OFSC	-4.817392
FSCH	-5.884338
EMEO	-5.060430
OFTI	-4.689362
FTIM	-4.870098
EOFS	-4.066993
OFSU	-4.194142
FSUB	-5.583308
SUBJ	-4.149272
UBJE	-4.151945
ECTO	-4.058264
CTOF	-4.143976
OFLI	-4.224739
FLIT	-4.930096
LITE	-4.480646
ITER	-4.336154
RARY	-4.340270
ARYC	-4.805157
RYCO	-4.469365
ONAR	-4.629066
NARE	-4.480646
AREO	-4.264550
EOFC	-4.264550
FCOU	-4.278674
SEOB	-5.583308
EOBV	-5.185368
OBVI	-4.662490
BVIO	-4.662490
VIOU	-4.078158
USEN	-4.817392
SENO	-4.402418
OFSE	-4.257656
FSEX	-6.060430
SEXD	-6.361460
EXDO	-6.060430
XDOE	-6.361460
OTPE	-5.082706
APSC	-5.662490
PSCO	-4.946486
UNTF	-5.039240
NTFO	-4.264550
TFOR	-3.530871
ORMU	-5.247516
RMUC	-5.082706
CHFO	-4.522611
REWA	-3.718995
EWAS	-3.146351
WASA	-3.382823
ASAD	-4.590608
SADI	-4.999732
ADIS	-4.282278
NCTL	-5.039240
TLYF	-4.583308
LYFE	-4.748676
YFEM	-5.759400
FEMI	-5.215332
MINI	-4.452975
NINE	-4.458370
INEE	-4.629066
NEEL	-4.759400
EELE	-4.452975
ELEM	-4.842946
LEME	-3.972294
TINM	-4.637184
INMR	-5.106187
NMRS	-4.759400
MRSP	-5.039240
RSPE	-4.621097
PECT	-3.613272
ECTA	-4.128464
CTAT	-4.569068
TATO	-4.884338
ATOR	-4.250870
TORA	-4.412070
ORAN	-3.739246
DINJ	-5.662490
INJA	-5.282278
NJAN	-4.981248
ENSG	-5.884338
NSGE	-6.361460
SGEN	-4.510201
GENI	-4.653889
ENIU	-5.157340
NIUS	-5.157340
IUST	-6.060430
WAST	-3.447646
STHO	-3.970525
OTHI	-3.467698
INGM	-3.590608
NGMA	-4.045489
GMAN	-4.271555
MANN	-3.842946
ANNI	-4.510201
NNIS	-5.884338
ISHM	-4.141352
SHMU	-5.583308
HMUC	-5.215332
UCHT	-4.162803
HATW	-3.501122
ATWA	-3.997848
WASM	-4.080426
ASMA	-4.108607
SMAS	-4.718007
MASC	-5.458370
ASCU	-5.131011
SCUL	-5.282278
ULIN	-4.583308
LINE	-3.730016
INEB	-4.605585
NEBU	-4.492228
EBUT	-3.440294
BUTT	-3.446060
HELI	-3.692143
IKEN	-4.981248
KENE	-4.498137
ESSO	-3.617167
SSOF	-3.720978
SOFQ	-5.407217
OFQU	-4.856310
FQUA	-5.759400
UALI	-4.379188
ITYC	-4.930096
TYCO	-4.884338
NSIS	-4.458370
SIST	-3.544556
ISTS	-4.416977
STSI	-4.271555
TSIN	-4.087302
SINA	-4.173939
INAG	-4.680218
NAGR	-4.781676
EATN	-4.817392
ATNU	-5.662490
TNUM	-5.516362
NUMB	-4.535385
UMBE	-4.324033
MBER	-3.751865
BERO	-4.576130
ROFC	-4.884338
FCOM	-4.492228
OMMO	-4.060430
MMON	-4.082706
MONS	-4.125931
NSUB	-5.082706
SUBD	-5.106187
UBDI	-5.662490
BDIV	-5.583308
IVIS	-5.185368
ITYD	-5.320067
TYDE	-5.282278
YDEM	-5.361460
DEMU	-5.407217
EMUR	-4.528951
MURE	-4.999732
UREN	-4.930096
RENE	-4.218445
SSEX	-5.247516
SEXT	-4.653889
EXTR	-4.094288
XTRE	-4.379188
TREM	-4.011212
REME	-3.799167
EMEM	-4.094288
MEMI	-4.914302
MINU	-4.113486
INUT	-4.125931
NUTE	-4.136150
OFTO	-4.856310
FTOU	-5.662490
TOUC	-4.234355
OUCH	-4.101388
UCHA	-3.537985
CHAV	-5.407217
HAVO	-5.516362
AVOI	-4.541916
VOID	-4.583308
OIDA	-5.106187
DANC	-4.257656
EOFL	-4.541916
OFLO	-4.437180
FLOU	-4.914302
LOUD	-4.218445
OUDT	-5.157340
UDTO	-5.516362
DTON	-5.157340
NDGL	-4.680218
DGLA	-4.718007
GLAR	-4.899062
LARI	-4.562119
INGE	-3.665103
NGEF	-4.884338
GEFF	-5.759400
EFFE	-4.340270
CTSA	-4.759400
TSAL	-4.548546
ALSO	-3.894592
LSOT	-4.708247
EISI	-4.516362
SINB	-4.914302
INBO	-4.680218
NBOT	-4.981248
BOTH	-3.958339
HACE	-5.185368
ACER	-4.528951
AINN	-4.914302
INNO	-4.188273
OTIN	-4.194142
TINH	-4.348622
INHU	-5.185368
NHUM	-5.082706
HUMA	-4.200092
UMAN	-4.160062
MANO	-4.176768
ANOR	-4.522611
NORU	-5.662490
ORUN	-4.793258
RUNA	-4.946486
UNAM	-6.060430
NAMI	-4.884338
AMIA	-4.562119
MIAB	-4.590608
LECR	-4.718007
ECRU	-4.870098
CRUE	-4.738210
RUEL	-4.770395
UELT	-5.282278
ELTY	-5.131011
LTYI	-5.082706
TYIT	-4.793258
YITI	-4.645456
HECU	-4.463833
ECUS	-4.999732
CUST	-4.535385
USTO	-4.017067
TOMW	-5.407217
OMWI	-4.793258
MWIT	-4.157340
OSEW	-4.240886
SEWH	-4.084998
WHOJ	-6.060430
HOJU	-6.361460
OJUD	-5.407217
JUDG	-4.383736
UDGE	-4.522611
DGEG	-5.884338
GEGR	-5.759400
EGRO	-4.182483
GROS	-4.930096
OSSL	-5.583308
YTOC	-4.727991
TOCO	-3.841632
OCON	-4.069204
TRAS	-4.645456
RAST	-4.237608
ASTT	-4.125931
STTH	-3.625861
HEGO	-4.244188
EGOO	-4.240886
OODN	-4.474969
ODNA	-5.157340
DNAT	-4.842946
SONW	-4.340270
ONWI	-4.108607
ESAV	-4.583308
SAVA	-4.392977
AVAG	-4.392977
VAGE	-4.480646
AGER	-4.141352
GERY	-5.185368
RYOF	-4.069204
YOFS	-4.637184
OFSW	-5.131011
FSWI	-5.361460
SWIF	-4.209171
WIFT	-4.447646
IFTT	-5.215332
FTTH	-4.458370
EMIL	-4.516362
MILD	-4.583308
ILDN	-4.999732
LDNE	-4.452975
EBOI	-5.320067
BOIS	-5.516362
OIST	-4.383736
ISTE	-3.473842
OUSN	-4.332076
USNE	-4.463833
SNES	-4.282278
OFFI	-3.826166
FFIE	-5.662490
INGA	-3.075453
NGAN	-3.537985
GAND	-3.598781
NDSM	-4.452975
DSMO	-5.019037
SMOL	-5.884338
MOLL	-6.361460
OLLE	-4.003525
LLET	-4.930096
TTEV	-6.361460
EVEN	-3.372455
VENW	-4.671264
EFER	-4.312242
FERO	-4.914302
EROC	-4.708247
ROCI	-5.320067
OCIO	-5.516362
SPRA	-4.388332
PRAC	-4.555280
CTIC	-4.516362
CALJ	-5.662490
ALJO	-5.458370
LJOK	-5.662490
JOKE	-5.060430
OKES	-4.829981
KEST	-4.442382
HATH	-3.315355
ERIM	-4.653889
RIMM	-4.817392
IMME	-4.021016
MMED	-4.171128
MEDI	-3.882893
EDIA	-4.157340
DIAT	-4.173939
IATE	-4.064794
ATEP	-4.817392
PRED	-5.039240
REDE	-4.254250
EDEC	-4.103781
DECE	-4.412070
SSOR	-4.452975
SORM	-5.039240
SSBU	-4.562119
BURN	-4.426961
URNE	-3.685681
RNEY	-4.452975
NEYA	-4.698702
EYAL	-4.817392
OWED	-3.794433
WEDW	-5.215332
OUTV	-5.583308
UTVE	-5.320067
RYMU	-4.522611
YMUC	-4.452975
UCHP	-4.590608
CHPR	-4.637184
HPRO	-4.738210
PROT	-4.407217
ROTE	-4.282278
ESTY	-4.555280
STYE	-4.963520
TYET	-4.370234
YETB	-4.805157
ETBO	-5.320067
TBOT	-5.039240
HINM	-4.748676
NMRA	-5.884338
MRAD	-4.981248
RADD	-4.946486
DINM	-4.392977
INMI	-4.759400
EIST	-4.149272
UGHA	-4.200092
HARE	-4.221581
AINE	-3.747618
INED	-3.501122
NEDA	-3.852257
NDWE	-4.029021
DWEL	-4.352859
ELLM	-4.275100
LLMA	-4.452975
LMAN	-4.458370
ANNE	-3.819880
NNER	-3.805157
NERE	-4.576130
REDA	-3.779396
DANI	-4.718007
INSA	-4.165560
ATIA	-4.412070
TIAB	-5.131011
BLEA	-3.857669
ANDR	-3.714077
NDRU	-4.689362
DRUT	-6.060430
RUTH	-4.352859
UTHL	-5.407217
THLE	-4.856310
ESSD	-4.748676
SSDE	-4.829981
SDEL	-4.662490
GHTI	-3.806365
HTIN	-4.209171
TINR	-5.131011
INRO	-5.106187
NROA	-5.247516
ROAS	-5.320067
OAST	-4.206124
ASTI	-3.923709
NDCU	-4.899062
DCUT	-5.247516
CUTT	-4.469365
UTTI	-4.392977
INGU	-3.697759
NGUP	-3.938214
GUPA	-4.645456
UPAF	-5.884338
PAFO	-6.361460
AFOO	-4.981248
FOOL	-4.510201
OOLA	-4.759400
OLAM	-5.583308
LAMA	-4.718007
MANI	-3.938214
HEEA	-4.221581
EEAR	-4.416977
RLYE	-4.999732
LYEI	-5.458370
YEIG	-5.320067
EIGH	-3.884338
GHTE	-3.673040
HTEE	-5.185368
EENT	-3.638004
NTHC	-5.407217
THCE	-5.407217
HCEN	-5.407217
CENT	-3.905094
ENTU	-4.041313
NTUR	-4.182483
TURY	-5.131011
URYO	-5.106187
RSEC	-4.748676
SECO	-4.064794
DPUS	-5.407217
PUSH	-4.653889
USHT	-5.131011
SHTH	-4.308381
HTHI	-4.133573
HIST	-3.617167
ISTA	-3.780535
STAS	-4.173939
STEF	-5.320067
EFUR	-4.613272
FURT	-4.312242
URTH	-4.056108
ANAL	-4.275100
ALAD	-4.645456
LADY	-3.806365
ADYI	-4.718007
DYIN	-4.426961
YINT	-3.854955
RLYN	-5.662490
LYNI	-5.884338
YNIN	-5.662490
INET	-4.160062
NETE	-4.999732
ETEE	-5.106187
DNOD	-5.082706
UBTM	-5.759400
BTMI	-6.361460
TMIS	-4.392977
ENSP	-4.805157
SPRI	-4.234355
PRIN	-4.094288
RINC	-4.275100
NCIP	-4.555280
CIPL	-4.805157
IPLE	-4.781676
PLES	-4.379188
LESA	-4.039240
LASH	-4.332076
ASHE	-3.623472
ERHE	-3.702495
RHEA	-3.986711
EART	-3.448176
ARTW	-4.629066
ULDH	-3.700594
LDHA	-3.736147
DHAV	-3.720978
VESH	-4.510201
ESHR	-4.829981
SHRU	-5.039240
HRUN	-5.407217
RUNK	-4.653889
UNKF	-6.060430
NKFR	-5.662490
KFRO	-4.727991
ROMS	-4.407217
OMSU	-5.039240
MSUC	-4.963520
GSAS	-5.247516
HELE	-3.754005
ELET	-4.113486
TERF	-4.237608
ERFR	-4.101388
RFRO	-4.029021
EUNF	-4.870098
UNFO	-4.469365
NFOR	-3.621097
TUNA	-4.388332
UNAT	-4.416977
NATE	-3.939856
ATEH	-4.510201
TEHU	-5.407217
EHUS	-5.407217
HUSB	-4.357138
USBA	-4.392977
SBAN	-4.361460
BAND	-3.988548
HESP	-3.732050
ESPE	-3.642128
TORW	-4.781676
RWHO	-4.151945
WHOD	-4.770395
HODE	-5.458370
ODES	-4.442382
DESC	-3.999732
ESCR	-4.151945
IBES	-5.407217
BESW	-5.458370
ESWI	-4.073658
THAL	-4.039240
HALL	-3.485242
HEGU	-4.645456
EGUS	-5.884338
GUST	-4.708247
STOA	-4.365824
NDAL	-3.861773
EINN	-4.576130
NNOC	-4.442382
NOCE	-4.379188
OCEN	-4.458370
CENC	-4.583308
NCEI	-3.771510
CEIN	-4.058264
RLDH	-5.131011
LDHO	-4.842946
DHOW	-4.131011
HOWH	-4.447646
OWHI	-4.227921
WHIS	-4.203097
WIFE	-4.173939
IFEA	-4.182483
FEAN	-4.458370
NDHI	-3.828705
DHIS	-3.528313
ENDI	-3.852257
DIND	-4.234355
INDU	-4.357138
DUCE	-4.151945
UCEH	-5.458370
CEHI	-4.671264
EHIM	-3.722970
HIMT	-3.694007
TOPL	-4.637184
OPLA	-4.689362
LAYA	-4.748676
AYAT	-4.605585
YATB	-5.759400
ATBL	-5.131011
TBLI	-5.458370
BLIN	-4.188273
LIND	-4.324033
INDM	-4.613272
NDMA	-4.011212
DMAN	-3.870098
ANSB	-4.914302
NSBU	-4.653889
SBUF	-6.060430
BUFF	-5.185368
UFFB	-5.458370
FFBU	-5.516362
FBUT	-4.613272
TANO	-4.621097
ANOT	-3.882893
ERSP	-4.289578
TORL	-5.662490
ORLE	-4.805157
RLET	-4.645456
EDAM	-4.412070
DAMS	-5.060430
AMSE	-5.583308
ELOF	-4.689362
LOFF	-4.870098
OFFO	-4.522611
FFOU	-5.131011
URTE	-4.829981
RTEE	-5.039240
EENW	-4.344426
ENWH	-4.089618
NWHO	-3.893112
WHOW	-3.977644
HOWI	-4.227921
OWIS	-4.442382
WISH	-3.832543
SHES	-3.670378
TOMA	-3.878586
OMAR	-4.510201
MARR	-3.893112
ARRY	-4.146616
RRYM	-5.082706
RYMR	-5.320067
YMRS	-4.899062
MRSH	-4.621097
APEL	-5.185368
PELY	-6.361460
ELYA	-4.146616
NDAS	-3.832543
DASS	-4.432041
ASSU	-3.865915
SSUR	-3.997848
SURE	-3.523871
ESHE	-3.586943
ERSE	-3.597283
RSEL	-3.649652
SELE	-4.244188
ELEC	-4.510201
LECT	-3.816153
ECTE	-3.782820
EDME	-3.754005
DMEN	-4.569068
NTOR	-4.271555
TORT	-4.388332
IRES	-4.234355
RESY	-5.215332
ESYO	-4.336154
SYOU	-3.628262
YOUR	-3.136409
URSP	-5.039240
TORS	-4.244188
ORSM	-5.215332
RSMI	-5.060430
SMIG	-4.498137
HTIL	-5.282278
TILY	-4.645456
ILYM	-4.981248
LYMI	-4.884338
THAV	-3.682032
AVEB	-3.635548
VEBE	-3.665103
EBEE	-3.648810
ENWR	-5.282278
NWRI	-5.131011
NBYA	-4.981248
BYAR	-5.215332
YARA	-5.884338
OREL	-4.365824
ELAD	-4.221581
ADYL	-4.856310
DYLI	-5.361460
IKEA	-3.894592
KEAN	-4.275100
NTEL	-4.271555
TELL	-3.720978
ELLI	-3.874321
LLIG	-4.492228
LIGE	-4.244188
IGEN	-4.474969
GENT	-3.779396
TLYD	-4.469365
DIAB	-5.019037
IABE	-5.583308
ABEN	-5.185368
BENN	-3.813685
ENNE	-3.771510
NNET	-3.796794
NETI	-4.480646
ETIN	-4.062607
EDAY	-3.992244
DAYS	-3.946486
AYSO	-4.312242
YSOF	-4.621097
SOFL	-4.379188
DIAS	-4.541916
IASG	-5.759400
ASGR	-4.759400
EATG	-4.914302
ATGR	-4.884338
TGRA	-4.817392
GRAN	-4.261089
NDMO	-4.113486
DMOT	-4.999732
MOTH	-3.970525
ERWH	-3.742366
WHIL	-3.643789
HILE	-3.659892
ILEO	-4.770395
LEON	-4.469365
NDSO	-3.614825
INKU	-5.458370
NKUN	-5.361460
KUNR	-6.060430
UNRE	-4.637184
EASO	-3.786272
ASON	-3.652190
ONAB	-4.304555
NABL	-4.047592
BLYH	-4.899062
AVEF	-4.379188
VEFO	-4.432041
UNDC	-4.963520
NDCY	-6.361460
DCYN	-6.060430
CYNI	-5.516362
YNIC	-5.157340
NICI	-5.583308
ICIS	-4.981248
CISM	-5.407217
ISMI	-4.332076
SMIN	-4.504127
MINT	-4.212241
NTOU	-4.486398
UCHE	-4.412070
CHES	-3.994104
HESO	-3.775999
ENSO	-4.146616
NSOW	-5.185368
OWNS	-4.182483
WNSU	-5.282278
HASH	-4.480646
RSAT	-4.173939
ATIR	-5.019037
TIRE	-3.975853
IREO	-4.770395
MRSM	-6.060430
RSMU	-5.247516
SMUS	-4.516362
MUSG	-6.361460
USGR	-5.407217
SGRO	-4.829981
GROV	-5.131011
VESS	-4.234355
SSEL	-4.138743
ELFD	-4.781676
LFDE	-5.082706
FDEC	-5.106187
ECEI	-3.905094
CEIV	-3.769283
EIVI	-4.598032
IVIN	-3.842946
INGR	-3.846912
NGRE	-4.221581
GREG	-4.793258
EGRE	-3.684766
GRET	-4.727991
RETS	-4.963520
TSOV	-5.215332
VERH	-3.831260
RHER	-3.938214
SONB	-4.759400
ONBU	-4.203097
NBUT	-3.827434
ISWO	-4.240886
WORD	-3.788588
ORDC	-5.185368
RDCY	-6.361460
NICA	-4.185368
CALI	-4.781676
ALIS	-4.437180
LISO	-5.583308
SONE	-3.941504
OSTM	-4.535385
STMI	-4.817392
ISUS	-4.930096
SUSE	-4.914302
USED	-3.906615
SEDI	-4.101388
HEEN	-3.882893
EENG	-4.234355
ENGL	-4.138743
NGLI	-3.953220
GLIS	-4.365824
ISHL	-4.899062
SHLA	-5.407217
HLAN	-5.106187
LANG	-4.452975
ANGU	-4.285913
NGUA	-4.645456
GUAG	-4.738210
UAGE	-4.727991
AGEE	-5.247516
GEES	-5.019037
EESP	-5.106187
CIAL	-4.087302
IALL	-4.212241
LLYW	-4.548546
LYWH	-4.312242
YWHE	-4.060430
HENB	-4.437180
BYAG	-5.516362
YAGL	-5.884338
AGLA	-4.963520
RATU	-4.689362
ATUI	-6.361460
TUIT	-5.407217
UITO	-4.899062
ITOU	-4.598032
TOUS	-4.374688
OUSF	-4.426961
USFA	-4.671264
SFAL	-4.946486
ALSI	-4.708247
LSIF	-5.884338
SIFI	-4.442382
IFIC	-3.981248
FICA	-4.365824
CATI	-4.131011
NOFI	-4.671264
ITSO	-4.080426
TSOR	-4.432041
SORI	-4.817392
ORIG	-4.421940
RIGI	-4.412070
IGIN	-4.442382
GINA	-4.060430
INAL	-3.760487
NALS	-4.621097
LSEN	-4.899062
NSEI	-4.899062
ISAP	-4.087302
LIED	-3.977644
IEDN	-5.215332
EDNO	-3.938214
OTTO	-3.896077
TTOR	-4.569068
TORO	-4.689362
ROUG	-3.543234
NDSN	-4.817392
DSNA	-5.185368
SNAR	-4.930096
NARL	-5.407217
RLIN	-4.516362
GINV	-5.215332
INVE	-4.297002
NVEC	-5.884338
VECT	-5.884338
CTIV	-4.320067
IVEB	-4.671264
VEBU	-4.748676
UTTO	-4.041313
TTOG	-4.645456
TOGE	-3.868699
OGEN	-4.727991
NTLE	-3.863149
NDOB	-5.082706
DOBL	-5.516362
OBLI	-4.320067
BLIQ	-5.247516
LIQU	-5.157340
IQUE	-4.817392
QUES	-4.001624
UESA	-4.981248
ESAT	-4.128464
IREI	-4.793258
REIF	-4.914302
EIFC	-6.060430
IFCY	-6.361460
FCYN	-6.361460
ISMM	-6.361460
SMME	-6.361460
MMEA	-5.039240
ANST	-4.271555
PERC	-4.160062
ERCE	-4.062607
RCEP	-5.039240
CEPT	-3.986711
EPTI	-4.264550
RSID	-4.336154
IDET	-4.224739
NSEO	-4.629066
HEAC	-4.282278
ACCE	-4.297002
CCEP	-4.555280
EPTE	-4.829981
PTED	-4.383736
TEDH	-3.948160
DHEL	-4.480646
HELL	-4.510201
ELLS	-4.261089
LLSB	-5.361460
LSBE	-5.185368
SBEN	-3.922127
BENE	-4.071425
ENEA	-3.997848
NEAT	-4.125931
ATHT	-4.312242
ESST	-3.712125
SSTH	-3.831260
HATM	-3.706321
ATMO	-4.304555
TMOT	-5.019037
MOTI	-4.154634
OTIV	-4.698702
IVES	-3.990392
VESA	-4.289578
ESAR	-4.254250
RLYA	-4.486398
LYAL	-4.498137
YALW	-5.361460
AYSM	-4.963520
YSMI	-5.157340
SMIX	-5.759400
MIXE	-5.019037
IXED	-4.268038
XEDA	-4.999732
ATTO	-4.218445
TTOS	-4.209171
TOSE	-3.801553
OSEE	-3.870098
EEMI	-4.535385
OTID	-5.884338
TIDE	-4.629066
CALW	-5.157340
ALWI	-4.829981
LWIT	-4.316137
THTO	-4.392977
HTOB	-4.718007
OBEI	-4.402418
BEIF	-5.583308
EIFT	-4.856310
HISB	-3.690287
ISBE	-4.215332
SBEC	-4.613272
BECY	-6.361460
ECYN	-6.060430
ISMT	-5.662490
SMTH	-5.516362
HENE	-3.757234
ENEV	-3.938214
NEVE	-3.407217
YMAN	-4.171128
MANA	-3.922127
ANAN	-3.912753
WOMA	-4.099009
MANW	-3.846912
ANWH	-3.926891
HOIS	-4.316137
OISN	-5.516362
NOTA	-3.722970
OTAF	-4.884338
TAFO	-5.320067
OOLW	-5.320067
OLWH	-5.458370
LWHO	-4.817392
HODO	-5.019037
ODOE	-5.407217
OTCA	-5.039240
TCAR	-4.671264
CARE	-4.019037
ETOL	-4.173939
TOLI	-4.365824
OLIV	-4.605585
LIVE	-3.771510
IVEI	-4.282278
VEIN	-4.185368
EINA	-4.064794
NAFO	-5.039240
OOLS	-4.805157
OLSP	-6.060430
LSPA	-5.407217
SPAR	-4.021016
ARAD	-4.899062
RADI	-4.498137
DISE	-4.689362
ISEW	-4.738210
WHOH	-4.025000
HOHA	-4.041313
OHAS	-4.680218
HASK	-5.458370
ASKN	-4.981248
SKNO	-4.759400
EDGE	-4.011212
DGEO	-4.516362
EOFN	-4.817392
OFNA	-4.510201
FNAT	-4.829981
UREA	-4.051829
REAN	-3.687518
NDLI	-4.212241
DLIF	-4.981248
IFEI	-4.407217
FEIS	-5.082706
ISAC	-4.426961
SACY	-6.361460
ACYN	-6.361460
ICAN	-3.733071
CAND	-4.200092
NSEM	-5.407217
SEMI	-4.738210
TENC	-4.224739
NLYW	-4.541916
LYWA	-4.442382
YWAS	-3.967008
WASO	-3.868699
SHEM	-4.237608
MAYE	-4.930096
AYEV	-5.282278
YEVE	-4.392977
VENH	-4.562119
NHAV	-4.344426
EENO	-4.021016
ENON	-4.215332
HEFU	-4.316137
RSEN	-4.629066
NSET	-4.407217
SETH	-3.685681
HATL	-4.209171
ATLI	-4.555280
IKEH	-4.516362
KEHE	-4.498137
EROW	-4.357138
ROWN	-3.763764
OWNM	-4.662490
WNMR	-5.884338
NMRB	-5.060430
MRBE	-4.397672
RBEN	-4.320067
NETS	-4.442382
ETSH	-4.583308
TSHE	-3.614825
SHET	-4.160062
HETO	-3.948160
KANE	-5.884338
ANEP	-5.516362
NEPI	-5.215332
EPIC	-4.590608
PICU	-5.185368
ICUR	-5.458370
NDEL	-4.300762
TIND	-4.388332
NDIS	-3.918980
DISS	-4.613272
ISSE	-4.131011
SSEC	-4.842946
CTIN	-4.133573
GIND	-4.884338
LAYI	-4.535385
YING	-3.588405
GINS	-4.548546
INSE	-4.289578
SETT	-4.123414
ETTI	-4.328036
NGAT	-3.917415
GATW	-5.884338
ATWO	-4.416977
ORKH	-5.516362
RKHE	-5.215332
KHER	-4.548546
ERFO	-3.922127
RFOO	-5.060430
OLSA	-5.361460
LSAN	-4.352859
ERME	-4.131011
RMEA	-4.583308
EANP	-5.759400
ANPE	-5.282278
NPER	-4.416977
NSIT	-4.469365
SITH	-4.374688
INKS	-4.407217
NKSH	-4.981248
KSHE	-4.662490
EDID	-3.992244
DIDT	-4.504127
IDTA	-5.516362
DTAK	-4.340270
AKET	-4.087302
ISDE	-4.123414
DIDO	-4.698702
INKA	-4.671264
NKAT	-5.247516
KATA	-5.516362
WORS	-4.402418
ORSE	-4.033080
EOFH	-3.792086
RFOR	-3.836415
RITA	-4.392977
ITAS	-4.397672
TASA	-4.541916
ASAW	-4.605585
SAWO	-4.817392
AWOM	-4.613272
ILES	-4.101388
LESH	-3.968763
SHEW	-3.578271
ASIM	-4.469365
SIMM	-4.842946
MMEN	-4.154634
MENS	-4.304555
NSEL	-4.671264
SELY	-4.332076
EBET	-4.320067
ASAN	-3.823641
SANA	-4.516362
ANAR	-4.498137
NART	-5.060430
INRE	-4.426961
NRES	-4.805157
RESP	-3.961786
TOFH	-3.967008
RART	-5.247516
ARTG	-5.759400
RTGE	-6.060430
TGEN	-4.718007
LLYM	-4.748676
LYMR	-5.106187
YMRG	-5.884338
MRGO	-5.884338
RGOL	-5.759400
GOLD	-4.383736
OLDW	-4.458370
LDWI	-4.605585
DWIN	-4.748676
WINS	-4.981248
INSM	-4.856310
NSMI	-5.215332
SMIT	-4.621097
MITH	-4.535385
ITHH	-3.596537
THHA	-4.392977
HHAS	-4.708247
HAST	-3.902067
TRUL	-4.781676
RULY	-4.793258
ULYO	-6.361460
LYOB	-4.884338
YOBS	-4.999732
OBSE	-4.015107
BSER	-4.021016
SERV	-3.658168
ERVE	-3.771510
RVED	-4.096642
VEDT	-3.938214
ATME	-4.463833
TMET	-4.645456
META	-4.645456
ETAP	-4.914302
TAPH	-5.361460
APHO	-5.516362
PHOR	-5.884338
ENEX	-4.212241
NEXH	-5.282278
EXHA	-4.805157
XHAU	-4.899062
HAUS	-4.870098
STED	-3.780535
TEDI	-3.817392
NDEP	-4.738210
DEPI	-5.361460
PICT	-4.370234
FITC	-5.361460
BINE	-4.914302
NEDW	-4.312242
HENA	-3.740283
ENAR	-4.447646
OWNE	-4.285913
WNES	-5.583308
SOFH	-3.871501
ERFI	-4.264550
ELDA	-4.718007
DHEH	-4.510201
HASJ	-5.282278
ASJU	-4.829981
SJUS	-4.480646
USTL	-4.576130
STLY	-4.412070
YADD	-5.019037
ADDE	-4.094288
DDED	-4.221581
DEDT	-3.911211
ATWE	-4.082706
WENE	-5.215332
ENEE	-4.899062
NEED	-4.221581
EEDN	-4.884338
NOTG	-4.392977
OTGO	-4.653889
TGOB	-5.759400
GOBE	-5.019037
OBEY	-4.770395
BEYO	-4.383736
EYON	-4.361460
YOND	-4.357138
ONDH	-5.361460
OWNC	-4.528951
WNCO	-4.899062
PARI	-4.426961
RISO	-4.432041
NTOT	-3.469365
OFAM	-4.348622
FAMI	-3.864530
AMIN	-4.049706
INIA	-4.946486
NIAT	-5.157340
IATU	-5.282278
UREP	-5.060430
REPA	-4.120910
EPAI	-4.397672
PAIN	-4.082706
RTOM	-4.388332
OMAK	-4.143976
MAKE	-3.684766
HISL	-3.801553
ISLA	-4.162803
LATT	-4.182483
EROB	-4.680218
ROBS	-5.131011
ERVA	-3.931707
RVAT	-4.698702
VATI	-4.447646
IONQ	-5.516362
ONQU	-4.759400
NQUI	-4.041313
ITEE	-4.914302
TEEX	-5.215332
EEXA	-4.708247
EXAC	-4.407217
XACT	-4.407217
ACTW	-5.185368
CTWE	-5.458370
TWEM	-5.019037
WEMU	-4.637184
EMUS	-3.992244
MUST	-3.433064
USTN	-4.447646
STNO	-4.212241
TNOT	-3.802751
NOTU	-4.510201
OTUS	-5.458370
TUSE	-4.930096
USET	-4.191198
HETE	-4.293274
ETER	-3.837713
TERM	-3.767067
ERMM	-6.060430
RMMI	-6.060430
MMIN	-4.504127
UREI	-4.160062
EINI	-4.629066
ITSR	-4.817392
TSRE	-4.759400
SRES	-4.416977
TEDS	-4.206124
EDSE	-4.480646
NDMU	-4.708247
DMUS	-4.899062
USTT	-4.416977
INKR	-5.516362
NKRA	-5.759400
KRAT	-5.884338
ROFM	-4.469365
OFME	-4.254250
FMEM	-5.884338
MEML	-6.361460
EMLI	-5.662490
MLIN	-5.884338
GATO	-5.185368
ONEE	-4.009277
NEEN	-4.981248
EEND	-3.975853
ENDO	-4.039240
EHIS	-3.811231
ISTO	-3.813685
ORYO	-4.021016
YOFP	-4.999732
OFPA	-4.535385
FPAI	-5.361460
NDME	-4.215332
DMEI	-4.605585
MEIS	-4.486398
ISSO	-4.060430
SSON	-4.392977
ONIE	-4.899062
NIER	-5.884338
ERAT	-3.692143
RATT	-4.289578
ANOF	-4.182483
NOFC	-4.708247
FCOS	-6.361460
COSW	-6.361460
OSWA	-5.320067
SWAY	-4.300762
WAYO	-4.426961
AYOR	-4.738210
YORA	-5.320067
RANY	-4.308381
YOFH	-4.297002
OFHI	-3.358862
HISK	-4.486398
ISKI	-4.914302
INDA	-4.141352
NDAN	-3.661622
NDIA	-4.157340
DIAM	-4.383736
IAMN	-4.463833
AMNO	-4.416977
MNOT	-4.374688
OTSO	-4.257656
TSOC	-4.999732
SOCE	-5.583308
OCER	-5.583308
ISHO	-3.712125
ULDM	-4.486398
LDMY	-5.106187
DMYS	-4.111040
MYSE	-3.742366
YSEL	-3.738210
ELFU	-4.689362
LFUS	-5.884338
FUSE	-4.392977
ORDN	-5.407217
RDNA	-5.884338
DNAR	-5.458370
ROWI	-4.383736
OWIN	-3.713100
WINC	-4.856310
NCON	-3.928490
THHE	-4.069204
HHER	-4.025000
RIFH	-5.247516
ERWO	-4.237608
RWOR	-4.421940
RLDI	-4.770395
LDIS	-4.486398
DISA	-4.001624
ISAM	-4.590608
SAMI	-4.856310
AMIC	-5.662490
MICR	-5.583308
ICRO	-5.407217
CROC	-5.407217
ROCO	-5.516362
OCOS	-5.884338
COSM	-5.320067
OSMT	-6.361460
ECOS	-5.662490
OSMI	-5.516362
SMIC	-6.060430
MICQ	-6.361460
ICQU	-5.884338
CQUA	-4.218445
YOFI	-4.805157
ISAT	-4.271555
SATL	-4.541916
ASTA	-3.939856
TASE	-5.039240
ASEM	-4.781676
NTAS	-4.297002
ELIT	-4.141352
TLEN	-4.261089
LENE	-4.504127
SSSH	-4.914302
SSHE	-3.721973
HEDO	-3.797979
EDOE	-4.541916
TTOU	-4.963520
UCHW	-4.629066
CHWH	-4.613272
HWHA	-4.374688
ATSH	-3.799167
NOTF	-4.221581
OTFE	-4.946486
TFEE	-4.645456
EELH	-5.185368
ELHE	-5.185368
LHER	-4.370234
ELFC	-4.590608
LFCA	-5.215332
FCAL	-5.106187
CALL	-3.617167
LEDT	-3.938214
DTOP	-4.336154
TOPA	-4.463833
OPAI	-5.247516
TIAM	-4.200092
TSOS	-4.899062
OSUR	-4.645456
SHEC	-3.836415
ULDN	-3.525136
LDNO	-3.566972
AVEP	-4.374688
VEPA	-5.019037
NTED	-3.601037
TEDW	-3.885788
EDWH	-3.836415
DWHA	-3.803952
DTOT	-3.743412
TOTO	-4.727991
OTOU	-4.899062
UCHI	-4.141352
CHIT	-4.412070
HITI	-4.528951
MARK	-3.782820
ARKA	-4.328036
RKAB	-4.555280
KABL	-4.447646
LETH	-3.629066
INTW	-4.576130
NTWO	-4.498137
TWOV	-5.320067
WOVE	-4.899062
ERYS	-3.970525
SHOR	-3.850915
HORT	-4.066993
ORTP	-5.320067
RTPE	-5.759400
RIOD	-4.535385
IODS	-5.361460
ODSO	-4.793258
DSOF	-3.963520
OFWR	-5.320067
FWRI	-5.516362
NGON	-3.912753
GONE	-3.917415
OFAB	-4.576130
FABO	-5.106187
TTHR	-4.316137
THRE	-3.576130
HREE	-3.764863
REEY	-4.781676
EEYE	-4.289578
RSAN	-3.799167
DANO	-4.510201
FNOT	-4.569068
NOTM	-4.084998
OTMU	-4.999732
TMUC	-4.738210
HANF	-4.856310
ANFI	-4.946486
NFIV	-5.215332
FIVE	-4.244188
SHEE	-4.268038
HEEX	-4.071425
EEXE	-4.981248
EXEC	-4.829981
XECU	-4.884338
ECUT	-4.528951
CUTE	-4.914302
UTED	-4.357138
EDSI	-4.516362
DSIX	-5.247516
SIXC	-5.759400
IXCA	-5.759400
XCAP	-6.060430
CAPI	-4.829981
APIT	-4.637184
ITAL	-4.101388
TALW	-4.662490
ALWO	-4.914302
LWOR	-4.856310
DHAS	-4.583308
HASN	-4.312242
OTLE	-4.770395
TLEF	-4.555280
LEFT	-3.943158
EFTA	-4.981248
FTAS	-5.185368
TASI	-4.197107
GLEF	-5.215332
LEFA	-4.748676
FAIL	-4.474969
AILU	-5.282278
ILUR	-5.516362
LURE	-5.060430
TISP	-4.583308
ISPO	-4.071425
SPOS	-4.096642
EROM	-5.247516
TICP	-5.185368
ICPA	-5.407217
CPAS	-6.361460
PAST	-4.365824
STEI	-4.708247
TEIN	-4.278674
EINH	-4.108607
INHE	-3.877160
NHER	-3.636365
ERCO	-3.882893
WASD	-4.033080
SDEF	-5.215332
DEFE	-4.562119
EFEC	-4.981248
IVEW	-4.510201
VEWE	-5.060430
EWEM	-4.963520
USTA	-4.047592
STAL	-4.151945
AYSR	-5.185368
YSRE	-5.060430
SREM	-4.555280
MEMB	-4.128464
EMBE	-3.968763
BERT	-4.300762
ATHA	-3.664230
THAR	-4.348622
NYBO	-4.689362
ODYB	-5.082706
DYBO	-6.060430
YBOR	-5.516362
BORN	-4.421940
ORNI	-3.839015
RNIN	-3.560056
NINH	-4.548546
RDEC	-4.653889
DECA	-4.856310
ECAD	-6.060430
CADE	-5.157340
ADET	-4.452975
HEEI	-5.106187
EEIG	-5.247516
URYS	-5.458370
RYSE	-4.770395
YSEV	-4.817392
NTIE	-5.106187
IESI	-4.365824
SIND	-4.234355
DEPE	-4.374688
EPEN	-4.247516
PEND	-3.995972
TLYE	-4.738210
LYEX	-4.421940
YEXH	-5.583308
EXHI	-4.856310
XHIB	-4.930096
HIBI	-4.884338
IBIT	-4.870098
BITE	-4.781676
ULLR	-5.320067
TICQ	-6.361460
ITYE	-4.781676
TYEV	-5.759400
VENS	-4.332076
ENSC	-5.039240
NSCO	-4.662490
SCOT	-4.759400
COTT	-4.402418
OTTR	-4.999732
TTRE	-4.899062
TREQ	-5.247516
REQU	-4.007351
EQUI	-4.080426
QUIR	-4.064794
UIRE	-4.304555
IRED	-4.039240
REDH	-4.053964
DHIL	-5.583308
DMOU	-4.963520
MOUN	-4.118422
UNTA	-4.029021
AINA	-3.832543
NDBA	-4.793258
DBAL	-5.131011
BALL	-4.357138
LLAD	-4.963520
LADE	-4.805157
ADEV	-4.541916
DEVE	-3.844264
VENC	-5.320067
ENCO	-4.025000
NCOL	-4.842946
COLE	-5.583308
OLER	-4.447646
LERI	-4.805157
ERID	-4.662490
RIDG	-4.738210
IDGE	-4.698702
DGEM	-5.361460
GEME	-4.402418
APHY	-5.082706
PHYS	-4.856310
HYSI	-4.842946
YSIC	-5.019037
SICS	-5.884338
ICSA	-5.106187
CSAN	-5.320067
NDGE	-4.680218
DGER	-5.082706
GERM	-4.576130
ERMA	-3.867305
RMAN	-3.967008
TOEN	-4.300762
OENA	-5.884338
ENAB	-4.522611
MTOC	-5.060430
TOCH	-4.379188
OCHI	-5.247516
CHIP	-4.870098
HIPT	-4.452975
IPTH	-4.535385
PTHE	-3.958339
CLAS	-4.842946
LASS	-4.224739
SSIC	-5.157340
SICA	-4.492228
CALS	-4.829981
ALSH	-4.842946
LSHE	-4.458370
SHEL	-4.209171
LLMI	-4.930096
LMIS	-4.899062
SANE	-4.480646
ANEN	-4.285913
NENG	-4.680218
SHGI	-5.884338
HGIR	-5.662490
GIRL	-4.157340
IRLB	-5.759400
RLBR	-6.361460
LBRO	-5.458370
BROU	-4.149272
GHTU	-4.590608
HTUP	-4.738210
TUPI	-4.805157
UPIN	-4.361460
PINA	-4.914302
NACO	-4.645456
UNTR	-4.089618
NTRY	-4.047592
TRYR	-5.884338
RYRE	-4.535385
YRET	-4.629066
ETIR	-4.605585
IREM	-4.316137
IMEW	-4.452975
HENL	-4.605585
NLAD	-5.131011
LADI	-4.250870
ADIE	-4.254250
DIES	-4.138743
ESWE	-3.931707
SWEN	-5.131011
NTBA	-5.458370
TBAC	-4.856310
BACK	-3.706321
ACKI	-4.407217
CKIN	-4.060430
KINT	-4.308381
HEHO	-3.720978
EHOU	-3.951527
SEIF	-5.131011
SAWH	-4.348622
AWHI	-4.173939
HITE	-3.777128
ITEF	-4.770395
TEFR	-4.999732
EFRO	-3.723970
FROS	-4.718007
ROST	-4.817392
STWH	-4.297002
HMIG	-4.870098
GHTP	-4.662490
HTPI	-6.060430
TPIE	-5.282278
PIER	-4.817392
IERC	-4.548546
RCET	-5.157340
EIRK	-5.361460
IRKI	-5.516362
RKID	-6.060430
KIDS	-6.361460
IDSH	-4.278674
DSHO	-4.316137
SHOE	-4.899062
HOES	-4.999732
OESW	-5.215332
SWHE	-3.848242
ENAS	-4.191198
NASU	-5.019037
ASUD	-4.770395
SUDD	-4.021016
UDDE	-3.948160
DDEN	-3.902067
DENC	-4.091947
COLD	-4.257656
LDWA	-4.817392
ESUB	-4.191198
GRAV	-4.361460
RAVE	-4.023003
VEST	-4.023003
FEAR	-3.939856
ARSW	-4.781676
HENT	-3.630677
EIRS	-4.209171
RSTU	-4.645456
STUD	-4.361460
TUDI	-4.805157
UDIE	-4.805157
EIRW	-4.541916
IRWA	-4.653889
RWAY	-4.426961
AYST	-4.316137
YSTH	-4.504127
RCON	-4.073658
UCTW	-5.662490
RESU	-4.037177
CTTO	-4.555280
TTOA	-4.412070
TOAL	-4.300762
OALL	-4.324033
OSEF	-4.426961
SEFA	-4.999732
EFAN	-4.598032
FANT	-4.829981
TICL	-4.727991
ICLI	-5.583308
CLIM	-4.914302
LIMI	-4.662490
IMIT	-4.452975
MITS	-4.498137
NDRE	-3.778261
DRES	-3.891638
NSAG	-5.407217
SAGA	-4.383736
AGAI	-3.427972
GAIN	-3.376482
AINS	-3.543234
NSTW	-5.516362
CHMA	-4.432041
HMAR	-5.039240
ARYW	-4.793258
RYWO	-4.671264
YWOL	-6.060430
WOLL	-5.884338
OLLS	-5.039240
LLST	-4.268038
STON	-3.912753
ONEC	-4.271555
NECR	-5.320067
ECRA	-4.535385
CRAF	-4.598032
RAFT	-4.344426
AFTP	-6.361460
FTPR	-6.060430
TPRO	-4.308381
ESTE	-3.706321
ITHB	-4.510201
THBE	-4.637184
HBET	-5.106187
TERG	-4.793258
RALS	-4.569068
HANP	-5.106187
ANPA	-5.247516
NPAR	-4.516362
ARTA	-4.365824
RTAS	-4.884338
STEO	-5.583308
TEOR	-5.215332
EORJ	-6.361460
ORJU	-5.407217
RJUD	-5.458370
UDGM	-4.817392
ENTM	-4.188273
NTMI	-4.946486
NTOO	-4.452975
TOOD	-4.051829
OODR	-5.320067
ODRE	-5.082706
DREW	-4.402418
REWB	-5.082706
EWBA	-5.361460
WBAC	-5.157340
ACKW	-4.458370
CKWH	-4.680218
KWHE	-4.680218
EWHI	-3.513271
OSTT	-4.308381
STTO	-4.244188
HEDH	-4.324033
RSHO	-4.392977
OESB	-5.215332
ESBU	-4.138743
TITH	-4.282278
AVEM	-4.108607
VEMA	-4.590608
ADEA	-4.171128
DEAP	-5.185368
EAPR	-4.829981
PRET	-4.224739
RETT	-4.340270
ETTY	-4.463833
TTYG	-5.407217
TYGO	-5.282278
YGOO	-4.463833
OODJ	-5.458370
ODJO	-5.516362
DJOU	-5.662490
JOUR	-4.442382
OURN	-3.954919
NEYE	-4.637184
EYEV	-5.458370
ENIN	-3.564192
NINA	-4.370234
INAB	-4.516362
ABLA	-4.781676
BLAC	-4.023003
LACK	-3.981248
ACKO	-4.770395
CKON	-4.805157
KONE	-5.131011
ONEF	-4.447646
NEFO	-4.605585
ORIF	-4.884338
HERK	-4.930096
ERKN	-4.770395
RKNO	-4.698702
DGEW	-5.039240
GEWA	-4.645456
RYEX	-4.999732
YEXT	-4.981248
EXTE	-4.383736
XTEN	-4.583308
TEND	-3.801553
DEDS	-4.653889
EDSH	-4.168335
DSHE	-3.640474
SHEK	-4.946486
HEKN	-4.421940
EKNE	-4.653889
KNEW	-4.080426
NEWT	-4.412070
EWTW	-6.361460
WTWO	-6.060430
TWOT	-4.698702
WOTH	-4.856310
NGSW	-4.240886
GSWH	-4.645456
ICHO	-4.583308
CHON	-4.870098
HONL	-4.999732
NLYG	-5.019037
LYGE	-5.131011
YGEN	-4.870098
IUSK	-6.361460
USKN	-5.662490
NOWS	-4.031046
OWST	-4.332076
WSTH	-4.590608
HEON	-4.120910
EONE	-3.870098
ONEW	-3.943158
NEWA	-4.247516
WASH	-3.999732
ASHU	-5.131011
ITYA	-4.096642
TYAN	-4.005434
ASAR	-4.576130
SART	-5.039240
RTON	-4.718007
TONT	-4.151945
EADS	-4.039240
ADSH	-4.576130
OTMA	-4.569068
TMAK	-4.463833
AKEA	-4.182483
KEAM	-4.870098
EAMI	-4.442382
MIST	-4.173939
STAK	-4.240886
AKEH	-4.268038
RMEN	-4.264550
UGHL	-4.759400
GHLI	-5.215332
HLIM	-6.060430
MITE	-5.019037
EDAR	-4.035124
ETRU	-4.200092
TRUE	-4.118422
RUEA	-5.039240
UEAN	-4.727991
RWOM	-5.282278
HEOL	-4.151945
EOLD	-4.019037
OLDS	-4.365824
LDSE	-4.352859
SEAB	-4.598032
EABS	-4.748676
ABSO	-4.361460
BSOL	-4.447646
SOLU	-4.215332
OLUT	-4.194142
LUTE	-4.361460
UTEA	-4.914302
TEAS	-4.316137
TOAR	-4.738210
OART	-5.282278
RTIF	-4.793258
TIFS	-5.247516
IFSH	-4.662490
FSHE	-4.432041
ASNE	-4.452975
SNEV	-4.498137
ERTR	-4.829981
RTRI	-5.215332
TRIE	-4.486398
IEDI	-4.268038
DIDE	-4.842946
EALI	-4.141352
LISM	-5.060430
ISMH	-6.060430
SMHE	-6.060430
HERR	-4.091947
ERRE	-3.923709
RREA	-4.498137
REAL	-3.649652
MISR	-5.759400
LTOA	-5.157340
TOAD	-4.510201
OADE	-4.829981
ADEG	-4.999732
DEGR	-4.285913
GREE	-3.765963
REEW	-4.829981
EEWH	-4.562119
HMAK	-5.282278
AKES	-4.082706
LSER	-5.215332
SERE	-4.340270
ISMO	-4.051829
SMOF	-5.185368
MOFO	-5.662490
OFOU	-4.197107
UROW	-4.516362
OWND	-4.718007
WNDA	-5.662490
NDAY	-4.480646
DAYL	-4.914302
AYLO	-5.060430
YLOO	-4.541916
LOOK	-3.440294
OOKM	-4.899062
OKME	-5.458370
KMER	-6.060430
MERE	-4.021016
EREL	-3.865915
ELYD	-4.458370
YDEA	-3.975853
DEAD	-4.075902
EADA	-3.983062
ADAL	-4.332076
DALI	-4.541916
ALIV	-4.437180
IVET	-4.106187
KEAL	-4.770395
EALM	-4.535385
ANYF	-4.689362
NYFR	-5.583308
YFRE	-4.748676
FREN	-4.590608
NCHM	-5.185368
HMAN	-4.504127
MANE	-4.621097
ANEX	-4.320067
NEXC	-4.522611
XCEP	-4.352859
EPTT	-4.689362
PTTH	-4.689362
ATEM	-4.271555
TEMD	-6.060430
EMDE	-5.320067
MDEM	-5.884338
DEMA	-4.522611
EMAU	-5.884338
MAUP	-6.361460
AUPA	-6.361460
UPAS	-5.019037
SANT	-4.206124
NTAN	-3.764863
DWAT	-4.621097
WATC	-4.128464
TCHH	-4.930096
CHHI	-4.708247
HHIM	-4.089618
HIML	-4.805157
IMLA	-5.407217
MLAB	-5.884338
BORI	-5.060430
ORIO	-4.805157
SLYP	-5.215332
LYPI	-5.320067
YPIL	-5.282278
PILI	-5.407217
ILIN	-4.029021
GUPS	-5.320067
UPST	-4.793258
PSTR	-5.516362
TROK	-4.963520
ROKE	-4.176768
KESI	-4.946486
EHOP	-4.621097
HOPE	-3.792086
OPEO	-4.689362
PEOF	-4.504127
EOFG	-4.662490
OFGI	-4.930096
FGIV	-5.215332
GIVI	-4.498137
NGAC	-4.535385
GACO	-5.082706
ACOM	-4.348622
ETEI	-5.320067
TEIM	-5.157340
EIMP	-4.160062
MPRE	-4.160062
ESSI	-3.464383
SSIO	-3.733071
IONY	-4.528951
ONYO	-4.141352
NYOU	-3.636365
YOUG	-4.522611
OUGE	-5.157340
UGET	-5.215332
GETN	-5.407217
ETNO	-4.805157
TNON	-4.930096
ONEY	-4.215332
NEYO	-4.718007
EYOU	-3.306464
YOUA	-3.619521
OUAR	-3.908141
UARE	-3.870098
RELU	-4.963520
ELUC	-4.708247
LUCK	-4.498137
UCKY	-4.870098
CKYI	-5.516362
KYIF	-6.361460
YIFD	-6.361460
IFDI	-5.884338
FDIS	-4.548546
DISC	-3.836415
ISCA	-4.261089
CARD	-4.748676
ARDI	-3.986711
RDIN	-3.821130
NGTW	-5.019037
GTWO	-5.060430
THIR	-4.188273
HIRD	-4.528951
IRDS	-4.781676
RDSO	-4.348622
FWHA	-4.041313
HEGI	-4.590608
EGIV	-4.486398
VESY	-5.320067
YOUC	-3.908141
OUCA	-4.118422
UCAN	-4.200092
CANS	-4.452975
ANSH	-4.388332
NSHA	-4.304555
APEA	-4.817392
AREA	-3.956626
ALIM	-5.247516
LIMP	-4.637184
ONOU	-4.128464
NOUT	-4.528951
OUTO	-3.669495
UTOF	-3.802751
STBU	-4.535385
UTWI	-4.300762
ITHM	-3.900562
THMI	-5.060430
HEMY	-4.680218
EMYR	-5.082706
MYRI	-5.516362
YRIA	-5.583308
RIAD	-5.884338
IADT	-6.361460
ADTR	-5.458370
DTRI	-4.946486
TRIV	-4.569068
RIVI	-4.541916
IVIA	-5.131011
VIAL	-4.914302
IALU	-5.662490
ALUN	-5.247516
LUNF	-6.361460
FORC	-4.091947
ORCE	-4.293274
RCED	-4.498137
CEDS	-4.963520
EDST	-4.053964
DSTR	-4.182483
KESB	-5.759400
SBUI	-6.361460
UILD	-4.870098
ILDU	-5.884338
LDUP	-5.131011
DUPT	-4.516362
UPTH	-4.154634
HEPI	-4.379188
ICTU	-4.426961
CTUR	-4.128464
UREL	-4.397672
RELI	-3.922127
IKEM	-4.653889
KEMA	-4.662490
EMAG	-4.605585
MAGI	-4.115947
AGIC	-5.019037
GICN	-6.361460
ICNO	-5.583308
CNOT	-5.884338
NGIS	-4.340270
GISF	-6.060430
ISFA	-3.902067
GISS	-5.759400
ISSU	-4.218445
SSUP	-4.590608
ERFL	-4.727991
RFLU	-5.458370
FLUO	-5.583308
LUOU	-5.583308
OUSW	-4.447646
USWH	-4.555280
TOTA	-4.247516
OTAK	-4.452975
OOKO	-4.352859
OKON	-5.185368
KONL	-5.458370
NLYM	-4.829981
YMRC	-5.157340
NSCH	-5.361460
NGED	-4.075902
GEDH	-4.662490
HISM	-3.671264
INDF	-4.914302
NDFR	-4.176768
DFRO	-3.649652
ROMJ	-5.106187
OMJA	-5.157340
MJAN	-5.131011
ANET	-4.598032
NETO	-4.149272
ETOE	-4.458370
TOEL	-4.613272
OELI	-4.629066
ETHW	-4.218445
THWH	-4.069204
HWHI	-4.231126
ILEM	-4.963520
LEMR	-5.082706
EMRS	-4.653889
MRSB	-4.149272
NETW	-4.432041
ETWA	-4.510201
WASS	-3.561430
ASST	-4.115947
SSTI	-4.308381
STIR	-4.662490
TIRR	-4.870098
IRRI	-4.963520
FIRE	-4.060430
IREA	-4.257656
DWEK	-5.884338
WEKN	-5.215332
EKNO	-4.215332
NOWH	-4.215332
OWHO	-4.247516
HOWM	-4.480646
OWMR	-4.999732
WMRS	-5.583308
ETWO	-3.981248
IRRE	-4.379188
RRED	-4.154634
REDT	-3.560743
IREW	-4.738210
REWH	-4.029021
ENMR	-4.727991
NMRD	-5.060430
MRDA	-3.918980
RDAR	-3.857669
RCYB	-5.247516
CYBR	-6.060430
YBRO	-4.555280
SCOF	-5.215332
COFF	-4.402418
OFFE	-4.049706
FFEE	-4.738210
FEEC	-5.759400
EECU	-5.884338
ECUP	-5.282278
CUPB	-5.516362
UPBA	-6.361460
PBAC	-5.361460
ACKH	-4.770395
CKHI	-4.930096
KHIM	-4.770395
ELFT	-4.003525
LFTH	-4.285913
HINE	-4.379188
NEAC	-4.645456
ACHC	-5.361460
CHCA	-4.718007
HCAS	-5.282278
ASEI	-4.541916
SEIS	-4.535385
EISL	-4.541916
ISLI	-4.101388
TOFS	-4.209171
FTTA	-6.060430
TTAL	-5.019037
LERB	-5.361460
RBYT	-4.781676
HEBR	-4.027006
EBRE	-4.348622
BREA	-3.842946
EADT	-4.206124
ADTH	-3.933325
DTHO	-4.005434
THOF	-4.096642
HOFM	-4.914302
OFMY	-3.661622
FMYN	-5.157340
MYNA	-4.759400
YNAI	-5.884338
NAIL	-4.817392
AILW	-4.770395
ILWH	-4.899062
CHIM	-4.637184
HIMP	-4.662490
SSED	-3.521982
SEDT	-3.764863
EHAL	-4.352859
HALF	-3.882893
ALFR	-4.842946
FREL	-5.516362
LUCT	-5.320067
UCTA	-5.247516
CTAN	-4.480646
TANT	-3.703448
TTHA	-3.432552
HACK	-5.185368
ACKE	-4.261089
CKER	-4.829981
KERA	-5.157340
ERAY	-5.282278
RAYW	-5.185368
ITHJ	-5.106187
THJU	-5.583308
HJUS	-5.320067
OUTS	-4.013155
UTSP	-5.060430
TSPO	-4.829981
SPOK	-4.143976
POKE	-4.123414
OKEN	-4.146616
KENA	-4.781676
ENAD	-4.842946
NADM	-5.185368
IRAT	-4.421940
NIND	-4.498137
EEDF	-4.870098
EDFA	-4.548546
DFAN	-5.185368
ICAS	-5.247516
SITM	-4.781676
MAYS	-4.480646
AYSE	-4.671264
YSEE	-4.289578
MISH	-4.930096
PUTM	-5.320067
UTMI	-5.282278
NASN	-5.583308
SNEA	-4.653889
RTOS	-4.528951
TOSW	-4.899062
OSWI	-5.106187
IFTI	-4.842946
FTIN	-4.718007
TINS	-4.154634
INSO	-3.918980
MEWA	-4.402418
EWAY	-4.047592
AYSA	-4.197107
YSAS	-5.282278
SASI	-4.254250
ASIH	-4.629066
SIHA	-4.143976
IHAV	-3.507761
VEPU	-5.361460
EPUT	-4.576130
PUTH	-5.131011
UTHE	-3.816153
OADD	-4.946486
NINO	-4.946486
STHI	-3.712125
HISS	-3.463833
ISSW	-4.981248
SSWI	-4.447646
FTIA	-6.060430
TIAN	-4.469365
IANQ	-6.060430
ANQU	-4.522611
NQUA	-5.320067
TYAP	-5.516362
ARSI	-4.340270
RSIN	-3.990392
ENTN	-4.829981
NTNO	-4.817392
VELA	-4.884338
ELAS	-4.047592
LASI	-4.738210
ITAP	-4.829981
TAPP	-4.308381
ARSN	-5.215332
SNOW	-3.786272
OWHE	-4.133573
EREE	-4.365824
REEL	-4.332076
EELS	-4.285913
ELSE	-4.191198
LSEI	-5.019037
HEIM	-4.247516
EIMM	-4.605585
IMMO	-4.708247
MMOR	-4.689362
MORT	-4.275100
ORTA	-3.841632
RTAL	-4.340270
TALT	-4.671264
EINE	-4.504127
INEF	-4.637184
NEFF	-4.963520
EFFA	-5.361460
FFAB	-5.247516
FABL	-5.215332
BLEM	-4.185368
EMRC	-5.361460
SMRC	-5.215332
SISR	-5.884338
LLYG	-4.884338
LYGR	-4.680218
YGRE	-4.662490
EATF	-4.781676
TFAR	-4.899062
FARG	-5.407217
ARGR	-5.407217
RGRE	-4.946486
NANY	-4.203097
ANYT	-3.965260
NYTH	-3.999732
YTHI	-3.680218
NGAD	-4.870098
GADD	-5.759400
ONEV	-4.522611
RDID	-4.504127
IDAL	-4.914302
DALM	-4.504127
OSTG	-5.131011
STGR	-5.060430
TGRE	-4.708247
TENO	-4.535385
GORF	-6.060430
ORFO	-4.548546
FORS	-3.864530
RSWI	-4.492228
THIM	-3.887243
LFIT	-4.671264
FITH	-4.748676
NSAI	-4.200092
SAID	-3.245849
AIDT	-3.960059
IDTH	-3.867305
HATN	-4.108607
ATNO	-4.212241
TNOO	-4.914302
NOON	-4.218445
OONE	-3.803952
NEEV	-5.247516
EEVE	-3.790917
VERW	-4.071425
WASL	-4.261089
ASLI	-4.324033
KEHI	-4.316137
HIMB	-4.182483
IMBU	-4.458370
MBUT	-4.179616
UTIN	-3.903578
ACEH	-4.738210
CEHE	-4.264550
EHEW	-4.268038
HIMH	-4.176768
IMHE	-4.412070
MHEI	-5.215332
HEIS	-3.768174
VEIM	-5.247516
IMPE	-4.316137
SHAB	-5.039240
HABL	-4.805157
ORER	-4.748676
RERE	-4.224739
HANH	-4.352859
ANHU	-5.516362
NHUN	-4.963520
HUND	-4.168335
UNDR	-4.289578
DRED	-4.304555
REDS	-4.221581
SOFP	-4.480646
OFPR	-4.407217
FPRI	-5.185368
RIME	-4.348622
IMEM	-4.899062
NIST	-4.535385
NDAR	-4.221581
ARCH	-4.025000
RCHB	-5.361460
CHBI	-5.361460
HBIS	-5.759400
BISH	-5.361460
SHOP	-4.662490
HOPS	-5.662490
OPSO	-5.282278
PSOF	-4.671264
FMET	-5.215332
TALS	-4.412070
ALSS	-5.215332
LSSE	-5.458370
SSEM	-4.817392
EMIM	-5.884338
MIME	-6.060430
IMET	-4.056108
ALSA	-4.637184
NDDI	-4.143976
NGUI	-4.289578
UISH	-4.285913
HEDP	-5.247516
EDPH	-5.759400
DPHI	-5.759400
PHIL	-4.365824
HILO	-4.637184
ILOS	-4.583308
LOSO	-4.671264
OSOP	-4.662490
SOPH	-4.637184
PHER	-4.392977
ONDP	-5.583308
NDPL	-4.548546
DPLA	-4.437180
CEIT	-4.250870
TISR	-4.914302
ISRA	-4.727991
SRAS	-6.361460
RASH	-4.498137
SHIT	-4.914302
HITH	-4.312242
NKTO	-4.930096
KTOC	-5.458370
CONC	-3.675718
ONCL	-4.328036
NCLU	-4.162803
CLUD	-4.247516
LUDE	-4.231126
UDET	-4.645456
HATA	-3.601792
TANA	-4.817392
ANAC	-4.486398
NACT	-4.856310
UALM	-5.185368
ALMR	-5.884338
LMRC	-5.884338
INSW	-4.412070
NSWA	-4.698702
SWAS	-3.872909
SIMP	-4.099009
IMPO	-3.990392
BLEO	-4.171128
LEOR	-4.759400
EORN	-5.215332
ORNO	-4.328036
RNON	-4.981248
ONEX	-4.914302
NEXI	-5.157340
EXIS	-4.486398
XIST	-4.486398
URYI	-5.320067
RYIT	-4.793258
TISV	-4.738210
ISVE	-4.244188
SVER	-3.963520
ERYI	-4.312242
RYIN	-3.999732
TWEP	-5.884338
WEPO	-6.060430
EPOS	-4.185368
SSIN	-3.734094
SSAM	-4.817392
AMEG	-5.282278
MEGA	-5.407217
EGAL	-4.645456
ERYW	-4.125931
RYWH	-4.447646
YWHA	-4.209171
ATMA	-4.209171
ECAL	-4.185368
LEDA	-3.944819
EDAS	-3.785118
DASP	-5.019037
ASPO	-4.416977
SPOI	-4.680218
POIL	-5.060430
OILE	-4.671264
ILED	-3.939856
LEDF	-4.504127
EDFI	-4.708247
DFIR	-4.748676
RSTD	-4.842946
STDR	-5.185368
TDRA	-5.131011
DRAU	-4.914302
RAUG	-5.019037
AUGH	-3.677512
GHTO	-3.664230
HTOR	-4.748676
RANU	-5.320067
ANUN	-4.357138
NUNS	-5.157340
UNSU	-4.946486
SUCC	-4.173939
UCCE	-4.194142
CCES	-4.285913
SSFU	-4.870098
SFUL	-4.498137
FULS	-4.569068
ULST	-4.899062
LSTU	-5.131011
TUDY	-4.605585
UDYO	-5.407217
DYOF	-4.698702
FHIM	-4.151945
HIMI	-3.923709
IMIN	-4.003525
MINJ	-6.060430
INJO	-5.662490
NJOH	-5.884338
OHND	-6.361460
HNDA	-6.361460
DASH	-4.197107
ASHW	-5.583308
HWOO	-5.282278
WOOD	-4.106187
OODT	-4.383736
ODTH	-4.383736
RMAL	-4.914302
MALI	-4.474969
ITYT	-4.215332
TYTH	-4.231126
ERBR	-4.412070
RBRE	-4.738210
BREE	-4.598032
REED	-4.361460
EEDI	-3.968763
EANN	-4.963520
NNES	-4.870098
EREB	-3.960059
REBU	-4.212241
HEPO	-3.865915
EPOR	-4.412070
ORTR	-4.946486
RTRA	-4.793258
RAIT	-4.748676
TISO	-4.480646
SONL	-4.120910
NLYH	-4.452975
YHAL	-5.157340
LFAL	-5.082706
FALI	-5.106187
VEAN	-4.001624
DISF	-5.759400
OBEE	-4.856310
BEEV	-5.583308
VENA	-4.374688
TLEU	-5.361460
LEUN	-4.999732
EUNN	-5.407217
UNNA	-4.999732
NNAT	-4.671264
RALM	-4.680218
RALA	-4.590608
ALAN	-4.194142
YALI	-4.946486
EINF	-4.312242
INFA	-4.282278
NFAC	-4.748676
ACTF	-5.759400
CTFO	-4.981248
FORA	-3.603305
ORAL	-4.179616
INGG	-4.133573
NGGI	-5.039240
GGIG	-6.361460
GIGA	-4.842946
IGAN	-4.793258
GANT	-4.165560
WAYI	-4.268038
YINW	-5.039240
CHAC	-4.590608
DMOR	-4.203097
OFHU	-4.662490
FHUM	-4.870098
NDES	-4.264550
LLYE	-4.357138
URYH	-5.458370
RYHU	-5.516362
YHUM	-4.946486
ITSP	-4.583308
TSPH	-6.060430
SPHI	-4.930096
HILI	-4.671264
ILIS	-4.637184
TINI	-4.817392
NISM	-4.981248
ITSW	-4.447646
TSWE	-4.234355
LLME	-4.244188
LMEA	-4.999732
NING	-3.172531
NGBU	-4.060430
GBUT	-4.111040
BUTH	-3.835120
UTHI	-3.912753
IDEB	-4.629066
DEBO	-4.605585
EBOU	-4.486398
BOUN	-4.240886
UNDM	-4.516362
MORA	-4.689362
RALI	-4.432041
TSFO	-4.698702
MALP	-6.361460
ALPE	-5.131011
LPET	-6.361460
PETT	-5.185368
TINE	-4.069204
SSIT	-4.197107
ITSG	-4.981248
TSGR	-5.082706
VELL	-4.352859
GRES	-4.590608
FORR	-4.981248
ORRA	-4.718007
RRAN	-4.328036
NKIT	-4.637184
KITS	-5.082706
ITSM	-4.781676
TSMA	-4.708247
SMAT	-4.541916
ERIA	-4.328036
RIAL	-4.340270
IALI	-4.671264
TSSE	-5.157340
LFIS	-4.662490
FISH	-3.807577
ISHN	-4.842946
SREC	-4.680218
RECE	-3.829981
EIVE	-3.839015
ESEX	-4.999732
SEXH	-5.320067
BITI	-4.748676
ONIW	-4.899062
NIWI	-5.039240
IWIL	-4.075902
ILLN	-4.001624
LLNO	-3.961786
LNOT	-4.027006
OTAD	-4.946486
NESP	-4.899062
SPEE	-4.352859
PEEC	-4.708247
EECH	-4.486398
CHOR	-4.583308
HORO	-4.817392
EACT	-4.598032
HISI	-3.731032
NEST	-3.948160
STIM	-4.151945
TIMA	-4.160062
IMAB	-5.320067
MABL	-4.930096
LEMA	-3.915855
ANIS	-4.197107
NISI	-4.963520
SINC	-3.840322
INCA	-4.407217
NCAP	-4.653889
CAPA	-4.447646
APAB	-4.569068
PABL	-4.516362
LEOF	-3.816153
EOFB	-4.498137
OFBE	-4.264550
FBEI	-4.480646
BEIN	-3.502321
EING	-3.476664
GREC	-5.361460
RECO	-3.735119
ONCI	-4.963520
NCIL	-4.946486
CILE	-5.082706
LEDW	-4.324033
ITHR	-4.383736
HREA	-4.463833
DISH	-4.231126
OTWO	-4.899062
TWON	-4.698702
WOND	-3.943158
ONDE	-3.724972
DERI	-3.938214
RIFM	-5.884338
IFMA	-5.662490
ESEW	-4.486398
SEWO	-4.781676
ORDS	-3.881453
RDSA	-4.383736
DSAN	-4.099009
NDAC	-4.498137
DACT	-5.039240
AREH	-4.671264
REHI	-4.231126
TORI	-4.200092
ORIC	-4.870098
LLYT	-4.289578
LYTR	-4.680218
YTRU	-4.829981
RUEB	-5.407217
UEBU	-5.131011
ATNE	-4.486398
TNES	-4.254250
NSOS	-5.039240
SOSA	-4.914302
OSAT	-5.131011
SFAC	-4.113486
ACTO	-4.474969
CTOR	-4.039240
ORIL	-5.157340
RILY	-4.447646
ILYE	-4.781676
IFHI	-5.407217
ISCR	-4.244188
SCRE	-4.091947
ATRE	-4.312242
TRES	-4.157340
ESSH	-4.005434
SSHA	-4.312242
SHAD	-3.844264
HADN	-3.812456
ADNO	-3.868699
TADJ	-6.361460
ADJU	-4.817392
DSOA	-4.914302
SOAR	-4.946486
ARTF	-4.817392
RTFU	-5.662490
YTOH	-4.442382
OHIM	-3.943158
IMTH	-3.974070
EFIG	-4.842946
FMRB	-5.185368
NETA	-4.516362
ETAN	-4.082706
DOFL	-4.963520
OFLA	-4.365824
FLAD	-4.999732
ADYC	-4.206124
DYCA	-4.227921
YCAT	-4.244188
CATH	-4.188273
RINE	-3.981248
NEDE	-4.629066
EDEB	-5.019037
BOUR	-3.923709
OURG	-4.379188
URGH	-4.555280
RGHT	-5.282278
ERLI	-4.203097
RLIK	-4.522611
KEMR	-5.884338
INSH	-4.357138
NSHI	-4.492228
SHIM	-4.282278
ELFH	-4.498137
LFHA	-4.946486
FHAS	-5.320067
EENC	-4.271555
RGED	-4.442382
GEDW	-4.662490
THEX	-5.019037
HEXA	-5.884338
EXAG	-5.407217
XAGG	-5.407217
AGGE	-4.452975
GGER	-4.576130
EISP	-5.019037
PSAV	-5.759400
SAVE	-4.136150
ERYF	-4.275100
RYFA	-4.817392
NTSH	-4.293274
HADE	-4.080426
ADEO	-4.583308
DEOF	-4.064794
FCOL	-4.914302
COLO	-4.013155
OLOU	-4.340270
LOUR	-4.221581
URFO	-4.930096
GEBU	-4.748676
OMEV	-4.817392
MEVE	-4.621097
EEDE	-4.264550
EDEV	-4.185368
VENN	-4.829981
ENNO	-4.379188
NNOW	-4.402418
NOWI	-3.914302
OWID	-5.039240
WIDO	-4.884338
TITW	-3.875738
DBEI	-4.569068
BEIM	-4.899062
ETOF	-4.206124
OFIN	-4.029021
INDP	-5.185368
NSES	-4.662490
SESP	-4.856310
LLYF	-4.590608
FEMA	-4.884338
EMAL	-4.442382
MALE	-4.680218
ALEP	-4.999732
LEPE	-4.884338
ONSN	-5.039240
NSNO	-4.842946
NOTN	-4.963520
OTNE	-5.247516
TNEC	-5.039240
ARIL	-4.590608
ILYO	-4.727991
LYOF	-4.452975
YOFN	-5.320067
FNOB	-5.884338
NOBL	-4.304555
OBLE	-4.162803
LEBI	-5.407217
EBIR	-4.738210
BIRT	-4.963520
IRTH	-4.247516
HASO	-4.637184
ASOV	-4.645456
RBEA	-4.555280
BEAR	-4.082706
EARI	-3.887243
NGAS	-4.027006
GASS	-5.039240
ASSE	-3.677512
LFCE	-6.361460
FCEN	-6.060430
NTRE	-4.191198
TRED	-4.930096
DASN	-5.407217
SNEG	-6.060430
NEGL	-4.770395
EGLE	-4.817392
GLEC	-4.884338
CTFU	-5.361460
FULO	-4.645456
ULOF	-4.689362
LOFG	-5.215332
OFGO	-4.474969
FGOO	-4.770395
OODM	-4.884338
ODMA	-5.082706
NERS	-3.990392
RSAS	-4.662490
SASL	-5.215332
ASLA	-4.781676
SLAD	-5.060430
NEAH	-5.759400
EAHU	-5.185368
AHUN	-4.914302
REDY	-4.698702
EDYE	-4.548546
DYEA	-5.106187
RSAG	-4.671264
SAGO	-4.402418
AGOA	-5.157340
GOAN	-4.738210
OANE	-4.718007
ARLS	-5.583308
RLSD	-5.884338
LSDA	-6.361460
SDAU	-4.842946
DAUG	-4.087302
HTER	-4.009277
ADYP	-5.516362
DYPO	-5.884338
YPOW	-4.829981
POWE	-4.071425
WERF	-4.930096
ERFU	-4.221581
RFUL	-4.146616
FULI	-4.738210
ULIF	-5.884338
LIFN	-6.060430
IFNO	-4.914302
OTEX	-4.738210
TEXA	-5.019037
ACTL	-4.510201
TLYB	-4.621097
LYBO	-4.829981
YBOU	-5.247516
UNTI	-4.041313
NTIF	-4.555280
TIFU	-4.421940
IFUL	-4.383736
LOFA	-4.708247
OFAN	-3.893112
FANO	-4.781676
ANOU	-4.899062
WAYC	-4.999732
AYCO	-4.637184
YCOU	-4.237608
TRYP	-5.282278
RYPA	-4.870098
ISHR	-5.320067
SHRI	-4.662490
HRIC	-5.282278
RICH	-4.590608
ICHL	-4.498137
CHLO	-4.946486
HLON	-5.019037
LONG	-3.316137
ONGO	-4.689362
FMAR	-4.829981
MARI	-4.426961
TALA	-4.708247
ALAU	-5.185368
LAUT	-5.884338
HORI	-4.388332
SOFO	-4.304555
RTHH	-5.106187
HHAD	-4.154634
HADO	-4.171128
ADOP	-5.131011
DOPP	-5.516362
SOFD	-4.437180
OFDE	-4.231126
FDEV	-5.407217
EVEL	-4.452975
VELO	-4.324033
LOPI	-4.981248
OPIN	-4.118422
SEAG	-4.645456
EAGR	-4.569068
REEA	-4.257656
EEAB	-4.447646
EABL	-4.191198
ICSW	-5.458370
CSWH	-5.884338
CHSE	-4.770395
HSEL	-5.583308
SELD	-4.653889
ELDO	-4.522611
LDOM	-4.629066
DOMP	-5.662490
OMPR	-4.383736
HEMS	-4.143976
EMSE	-4.297002
SELV	-4.120910
ELVE	-4.003525
LVES	-4.064794
VESN	-5.131011
NOWA	-3.944819
OWAS	-4.141352
WASF	-4.078158
ASFO	-4.143976
ORMR	-4.856310
RMRB	-5.082706
NETM	-5.458370
ETMI	-5.320067
DMRD	-4.829981
RCYA	-4.698702
NDEV	-4.162803
VENM	-4.562119
SELI	-4.365824
ETHH	-4.510201
ELFW	-4.293274
LFWE	-5.320067
FWER	-5.458370
REIA	-4.884338
EIAM	-4.357138
IAMI	-4.629066
MINC	-4.899062
INCL	-4.212241
NCLI	-4.528951
CLIN	-4.221581
NEDT	-3.649652
ARDO	-4.103781
RDON	-4.392977
DONH	-4.458370
ONHI	-3.868699
NHIM	-3.923709
HIMF	-4.297002
IMFO	-4.590608
MFOR	-3.961786
ETYO	-4.432041
UCTH	-5.516362
CTHI	-4.870098
IFEW	-4.590608
FEWA	-4.856310
WASE	-4.051829
SEVI	-4.738210
EVID	-4.474969
AYSH	-4.510201
YSHA	-4.528951
ENAQ	-5.884338
NAQU	-5.320067
AQUI	-4.759400
ITEI	-4.727991
TEIR	-5.884338
EIRR	-4.555280
RREC	-4.498137
RECL	-4.914302
AIMA	-5.407217
BLEF	-4.282278
LEFO	-4.344426
OLAN	-4.727991
ANDU	-4.113486
NDUN	-4.278674
DUNL	-5.320067
UNLE	-4.510201
NLES	-4.340270
HADS	-3.891638
SHOT	-4.498137
HOTH	-4.128464
RORH	-5.247516
ORHI	-4.039240
RHIM	-4.151945
OWAY	-5.215332
AYOU	-4.426961
FITF	-5.157340
ITFO	-4.407217
ORAM	-4.416977
RAMA	-4.708247
NOFS	-4.548546
FSEN	-5.082706
NDSP	-4.379188
DSPI	-4.689362
SPIR	-3.984883
PIRI	-4.101388
IRIT	-4.069204
RITB	-4.963520
ITBU	-4.407217
EIRO	-4.282278
IRON	-4.203097
RONI	-4.504127
ONIC	-4.492228
NICF	-6.060430
ICFR	-5.759400
CFRO	-5.884338
ROMN	-4.981248
OMNO	-5.131011
MNOO	-5.759400
NOOT	-4.738210
HERP	-3.965260
ERPO	-4.437180
RPOI	-4.708247
TOFV	-5.039240
OFVI	-4.671264
FVIE	-5.131011
VIEW	-4.188273
IEWI	-5.039240
EWIS	-4.268038
SHEO	-4.759400
HEOP	-4.344426
EOPE	-4.388332
OPEN	-3.812456
PENT	-4.011212
ANYR	-4.569068
NYRE	-4.829981
YREP	-4.548546
REPR	-4.194142
PROA	-4.289578
ROAC	-4.293274
OACH	-4.191198
EPTF	-5.407217
PTFO	-5.361460
RANE	-4.718007
EXCU	-4.718007
XCUS	-4.759400
CUSA	-5.361460
USAB	-5.131011
SABL	-4.576130
OTUN	-4.583308
TUNN	-5.157340
RALH	-4.748676
ALHE	-4.930096
LHEL	-5.131011
HELP	-4.103781
ELPL	-5.019037
LPLE	-4.914302
ESSN	-4.426961
SSNE	-4.680218
SSAT	-4.474969
SATT	-4.053964
CRIS	-5.157340
ISIS	-4.125931
SISO	-4.963520
ISOF	-4.452975
HISU	-4.416977
ISUT	-5.361460
SUTT	-5.247516
UTTE	-4.049706
RANC	-3.831260
STAC	-4.689362
TACU	-5.662490
ACUT	-5.157340
UTEL	-4.293274
YDEL	-5.185368
LINT	-4.171128
SLYH	-5.060430
LYHU	-5.131011
OUSK	-5.516362
THEK	-4.096642
HEKI	-4.357138
TWEL	-4.336154
WELA	-5.516362
ELAU	-4.999732
LAUG	-4.191198
UGHW	-4.442382
GHWI	-4.963520
HWIT	-4.370234
ITHN	-4.689362
THNO	-4.548546
OTAT	-4.516362
ATEV	-4.025000
ASPU	-4.899062
SPUT	-4.817392
PUTI	-4.805157
EMOU	-4.458370
HOFA	-4.621097
FANY	-4.328036
TISD	-5.019037
SDIF	-4.930096
ULTT	-4.899062
TTOK	-5.082706
TOKN	-4.340270
OKNO	-4.244188
RHEI	-5.082706
TAGR	-4.899062
BLEW	-4.215332
LEWH	-4.191198
NTAL	-4.162803
TALK	-4.045489
ALKI	-4.224739
LKIN	-4.171128
GTOH	-4.421940
IFEO	-4.653889
FEOR	-5.458370
EORW	-5.320067
RWHE	-4.091947
HENP	-4.576130
NPUT	-5.082706
PUTT	-4.498137
NGMR	-4.671264
GMRC	-5.407217
STHR	-4.218445
THRO	-3.564885
HROU	-3.699647
UGHH	-4.383736
GHHI	-4.842946
HHIS	-3.854955
HISP	-3.618734
ISPA	-4.300762
CESB	-4.899062
HEGE	-4.197107
EGEN	-4.111040
ASPR	-4.458370
YBEE	-4.605585
ENRI	-5.247516
NRIG	-5.157340
TINP	-4.829981
INPR	-4.598032
REFE	-4.254250
FERR	-4.689362
ERRI	-4.200092
GTOT	-4.062607
ANKH	-5.019037
NKHI	-5.106187
KHIS	-4.637184
NSOL	-4.374688
SOLA	-4.344426
OLAT	-4.293274
ORME	-3.785118
RMER	-4.218445
MERW	-4.946486
HENS	-3.853604
NSHE	-3.925297
MAUN	-6.361460
AUND	-5.884338
RSOV	-5.662490
TAIL	-4.099009
AILM	-5.583308
ILMY	-5.361460
LMYD	-5.082706
MYDE	-3.906615
DEAR	-3.760487
EARD	-3.736147
OTGI	-5.106187
VEWA	-4.645456
WAYT	-4.078158
AYTO	-4.185368
YTOS	-4.498137
TOSU	-4.278674
OSUC	-4.569068
UCHG	-4.946486
CHGL	-5.759400
HGLO	-5.759400
GLOO	-4.474969
LOOM	-4.397672
OOMY	-4.981248
OMYT	-5.082706
MYTH	-4.645456
HTSL	-5.247516
TSLE	-4.770395
LETU	-4.492228
ETUS	-4.432041
TUSH	-5.106187
USHO	-4.458370
OPEF	-5.060430
PEFO	-5.082706
FORB	-4.278674
ORBE	-4.370234
RBET	-4.842946
NGSL	-4.698702
GSLE	-5.131011
TUSF	-5.458370
USFL	-5.247516
SFLA	-4.842946
FLAT	-4.535385
ROUR	-4.759400
ATIM	-4.224739
IMAY	-4.432041
ESUR	-4.115947
SURV	-4.759400
URVI	-4.562119
RVIV	-4.856310
VIVO	-5.516362
IVOR	-4.535385
VORA	-5.583308
SINQ	-5.131011
INQU	-4.106187
UIRY	-4.914302
IRYT	-5.884338
SCOL	-4.498137
OLOS	-4.829981
OSSA	-4.914302
SSAL	-4.680218
SALC	-5.662490
ALCO	-4.458370
LCOU	-5.157340
COUS	-4.392977
OUSI	-4.062607
INAS	-4.185368
NAST	-4.171128
MPLI	-4.162803
PLIM	-4.637184
LIME	-4.421940
IMEN	-4.089618
ENTS	-3.521354
NTSW	-4.332076
TSWH	-4.165560
CHMR	-5.060430
HMRC	-5.583308
SHAS	-4.492228
TREL	-4.793258
DASM	-4.590608
SMAD	-4.388332
ADEB	-4.946486
DEBY	-4.870098
EBYH	-4.805157
BYHI	-4.221581
YHIM	-4.562119
LFTO	-4.289578
FTOL	-5.458370
TOLA	-4.598032
OLAD	-5.039240
INEM	-4.680218
NEMA	-4.759400
AYIA	-5.039240
YIAS	-5.157340
IASK	-4.621097
ASKW	-4.856310
SKWH	-4.999732
ESEP	-4.562119
SEPL	-5.131011
EPLE	-4.271555
PLEA	-3.704404
GATT	-4.352859
PROC	-4.123414
ROCE	-4.224739
OCEE	-4.357138
CEED	-3.974070
EDFR	-3.793258
IMPU	-4.653889
MPUL	-4.999732
PULS	-4.748676
ULSE	-4.748676
LSEO	-5.458370
EMOM	-4.569068
MOME	-3.865915
ORAR	-4.629066
ESUL	-4.562119
ULTO	-4.548546
LTOF	-4.805157
TOFP	-4.583308
FPRE	-4.870098
PREV	-4.115947
EVIO	-4.402418
USST	-4.817392
SSTU	-4.576130
UDYT	-5.458370
DYTH	-4.645456
SEAR	-4.141352
ICHG	-5.039240
CHGI	-5.583308
HGIV	-5.583308
IVEM	-4.275100
VEMI	-4.793258
ENSR	-5.583308
NSRE	-4.856310
EASA	-4.035124
ANTS	-3.949840
TSHO	-4.250870
OCKS	-4.412070
CKST	-4.637184
KSTH	-4.432041
FULT	-4.437180
ULTH	-4.671264
LTHR	-4.884338
THRI	-4.914302
HRIL	-5.215332
RILL	-4.528951
LLSW	-4.870098
LSWH	-4.680218
EFEL	-4.247516
ELTB	-5.247516
LTBY	-5.458370
TBYT	-4.437180
TOFF	-4.224739
DWEM	-5.458370
WEMA	-4.629066
MAYH	-4.416977
AYHE	-4.365824
YHER	-4.176768
EADD	-4.379188
ADDO	-4.770395
DDOF	-5.884338
RAYA	-5.516362
AYAS	-4.629066
YAST	-4.463833
SOFN	-4.698702
FNOO	-5.884338
RENG	-4.447646
SHAU	-5.662490
HAUT	-5.516362
OROF	-4.300762
ROFF	-4.671264
FICT	-5.458370
UTSI	-4.576130
TSID	-4.535385
IDEO	-4.118422
ESEF	-4.738210
SEFO	-4.463833
ODNE	-4.759400
NORC	-4.793258
ORCH	-4.748676
SINP	-4.946486
ICEH	-4.748676
CEHA	-4.535385
NALR	-4.999732
LREA	-4.103781
EADY	-3.894592
ADYA	-4.698702
DYAL	-5.759400
ALLU	-4.370234
LLUD	-4.963520
UDED	-4.275100
DTOA	-4.101388
DITM	-4.870098
KESA	-4.590608
ESAD	-4.963520
SADE	-4.899062
DETA	-4.447646
ETAI	-4.227921
AILE	-4.154634
LEDD	-4.829981
EDDW	-6.361460
DDWE	-5.516362
GONT	-4.480646
BEAU	-4.165560
AUTI	-4.293274
UTIE	-4.805157
IESD	-5.185368
LTIN	-4.671264
ANYS	-4.336154
NYSP	-5.247516
YSPA	-5.106187
NDIM	-4.416977
BLEI	-4.099009
LEIN	-3.926891
ISMR	-5.039240
TWEH	-4.748676
WEHA	-4.071425
EHAV	-3.861773
AVEG	-4.374688
VEGL	-5.759400
EGLA	-4.548546
GLAN	-4.007351
LANC	-3.859033
NCED	-3.841632
CEDA	-4.397672
DITI	-3.933325
TISN	-4.257656
OTEA	-4.793258
EASY	-4.247516
ASYT	-5.039240
SYTO	-5.247516
TOSA	-4.080426
OSAY	-4.151945
SAYW	-4.793258
AYWH	-4.383736
RSHE	-3.918980
SHEI	-4.058264
SMOR	-4.096642
OREE	-4.492228
REEX	-4.708247
EEXQ	-5.759400
LYAM	-4.914302
YAMU	-5.662490
AMUS	-4.605585
MUSI	-4.759400
GORM	-5.759400
ORMO	-4.308381
REHO	-4.613272
EHOR	-4.320067
HORR	-4.082706
RRIB	-4.336154
RIBL	-4.336154
IBLY	-4.300762
RUEM	-5.407217
UEMU	-5.759400
EMUC	-4.738210
AMEM	-4.605585
MEMA	-4.748676
YBES	-4.548546
BESA	-4.613272
AIDO	-4.426961
IDOF	-4.474969
DOFK	-6.060430
OFKI	-4.999732
FKIT	-5.662490
KITT	-4.458370
ITTY	-4.474969
TTYA	-4.946486
NDLY	-4.332076
IABU	-5.516362
TITI	-3.912753
OTEV	-4.884338
ERYA	-4.297002
RYAU	-6.060430
YAUT	-5.884338
HORE	-4.308381
REVE	-3.669495
ENOF	-4.254250
NOFG	-5.039240
OFGE	-4.689362
FGEN	-4.842946
IUSW	-5.884338
HOWO	-4.555280
OWOU	-4.653889
AVED	-4.064794
VEDI	-4.179616
TIAT	-4.946486
ITHS	-3.912753
THSU	-4.421940
HSUC	-4.397672
UCHU	-5.060430
CHUN	-4.946486
HUNE	-6.060430
UNER	-5.019037
NERR	-5.019037
NGSK	-5.407217
GSKI	-5.884338
SKIL	-4.793258
ILLT	-4.011212
HEEF	-4.698702
EEFF	-4.621097
FFOL	-5.407217
FOLL	-3.943158
OLLY	-4.332076
LLYA	-4.138743
NDVU	-6.060430
DVUL	-6.060430
LLEC	-4.206124
ONWO	-4.884338
GUPO	-4.442382
PONT	-3.585485
MONW	-5.106187
ONWE	-4.469365
NWEA	-4.817392
WEAK	-4.708247
EAKN	-5.019037
AKNE	-5.157340
KNES	-4.293274
OFWO	-4.645456
FWOM	-5.458370
ANAT	-4.234355
NATS	-5.215332
ATSU	-4.300762
TSUC	-4.182483
UCHD	-4.621097
GESW	-4.946486
THMA	-4.671264
ARYM	-4.884338
RYMI	-4.999732
YMIS	-4.492228
KENR	-5.583308
HERL	-3.821130
ERLE	-4.128464
SSPA	-4.781676
SPAI	-4.336154
UGHS	-4.340270
GHSH	-4.781676
HSHE	-4.176768
ENMO	-4.522611
NMOR	-4.583308
OREU	-4.770395
REUN	-4.680218
EUNK	-5.157340
UNKI	-5.247516
NKIN	-4.053964
DTOH	-3.891638
TOHE	-3.721973
OHER	-3.835120
HERN	-4.118422
ERNO	-4.049706
RNOT	-4.224739
OTME	-4.629066
ELYI	-4.312242
ETEX	-5.215332
TEXT	-4.781676
EXTB	-5.662490
XTBU	-6.361460
UTAS	-4.118422
TASW	-4.698702
WELE	-5.407217
ELEA	-4.120910
LEAR	-3.818634
EARN	-3.986711
ARNF	-5.759400
RNFR	-5.157340
MTHO	-4.645456
OSEI	-4.352859
NGTR	-4.914302
GTRA	-5.060430
TRAD	-4.304555
ADIT	-4.452975
ALAP	-5.131011
LAPP	-4.569068
PPEN	-4.250870
NDIC	-4.257656
HMRA	-6.060430
MRAU	-6.361460
RAUS	-5.884338
TENL	-5.106187
ENLE	-4.689362
NLEI	-5.884338
LEIG	-5.407217
IGHH	-5.060430
GHHA	-5.407217
HASG	-4.870098
ASGI	-5.019037
SGIV	-4.613272
VENU	-4.899062
NUSI	-5.407217
INDO	-3.871501
NDOO	-4.930096
DOOM	-4.946486
OOMI	-4.504127
OMIN	-3.864530
MING	-3.716037
NGHE	-3.765963
GHER	-3.900562
ERPR	-4.278674
PRIV	-4.452975
RIVA	-4.271555
IVAT	-4.548546
VATE	-4.447646
ATEL	-3.928490
YTOM	-4.492228
RRYO	-5.131011
FMRP	-6.060430
MRPH	-5.583308
RPHI	-5.458370
ILIP	-4.770395
LIPS	-4.320067
IPSS	-4.793258
PSSC	-6.361460
SSCL	-5.583308
SCLE	-4.671264
CLER	-4.402418
LERK	-5.516362
ERKS	-5.407217
RKST	-4.748676
EHAB	-4.946486
HABI	-4.224739
ABIT	-4.247516
BITS	-4.770395
FFIR	-4.829981
RSTC	-4.708247
TCOP	-5.361460
COPY	-4.437180
OPYI	-5.247516
PYIN	-5.106187
HENR	-4.316137
ENRE	-4.312242
NRET	-4.781676
RETA	-4.365824
AILI	-4.275100
NGMO	-4.328036
GMOR	-4.548546
NTIM	-4.071425
NTSO	-4.194142
OFPL	-4.748676
FPLA	-5.157340
NDSI	-4.062607
DSIN	-4.215332
GING	-3.743412
GTOO	-4.829981
TOOL	-4.583308
OLON	-3.897567
ONGI	-4.289578
GINP	-5.759400
INPU	-5.060430
BLIC	-4.548546
ICAR	-5.185368
ENOD	-4.718007
UBTG	-6.361460
BTGR	-6.361460
TGRI	-5.458370
GRIE	-4.426961
RIEV	-4.738210
IEVO	-5.320067
EVOU	-4.899062
VOUS	-4.727991
USAN	-3.917415
NDCR	-4.583308
CRIM	-4.328036
RIMI	-4.698702
MINA	-4.082706
NALB	-5.039240
BUTP	-4.522611
UTPE	-4.856310
APSP	-5.583308
PSPO	-5.884338
SPOO	-5.060430
POOR	-4.003525
OORM	-4.899062
RMAR	-4.452975
RYWA	-4.522611
ASRA	-5.082706
SRAT	-4.738210
HESC	-4.146616
ESCA	-4.078158
SCAP	-4.165560
CAPE	-4.234355
APEG	-5.759400
PEGO	-6.361460
EGOA	-5.185368
GOAT	-5.247516
OATO	-4.899062
SINS	-4.087302
SOFB	-4.370234
OFBL	-4.748676
FBLU	-5.215332
BLUE	-4.421940
LUES	-4.999732
UEST	-3.939856
STOC	-4.365824
TOCK	-4.899062
OCKI	-4.469365
NGSI	-4.106187
GSIN	-4.598032
ATFO	-4.426961
ORDY	-5.185368
RDYC	-6.060430
DYCE	-5.884338
YCEB	-6.361460
CEBE	-4.392977
EBEL	-4.324033
BELE	-5.157340
ECTU	-4.388332
REDG	-4.981248
DGEN	-4.613272
NYRA	-4.930096
YRAT	-4.856310
ULTN	-5.884338
TTOE	-4.727991
OEXT	-5.185368
ERAS	-3.970525
ASHA	-4.108607
SHAR	-3.856310
NDAF	-4.212241
DAFF	-4.748676
ONAF	-4.522611
NAFF	-4.748676
OFAP	-4.613272
FAPE	-5.516362
APEC	-4.899062
IARK	-6.060430
INDD	-5.282278
NDDO	-4.215332
DDOU	-4.981248
ITHW	-4.131011
HONE	-4.275100
ONER	-4.194142
EREG	-4.212241
REGA	-4.113486
EGAR	-4.082706
GARD	-3.885788
ARDS	-3.559370
RDSM	-4.637184
DSMR	-5.320067
NSWH	-4.240886
HEDR	-4.212241
EDRA	-4.365824
DRAW	-4.011212
RAWS	-5.458370
AWST	-5.516362
LOFL	-5.157340
IASF	-5.759400
ASFA	-4.432041
LLIS	-4.535385
ISOM	-5.131011
MESW	-4.361460
SWIS	-4.829981
ISHT	-4.125931
EEXI	-5.019037
EXIG	-6.060430
XIGE	-6.060430
GENC	-4.480646
ENCI	-4.817392
NCIE	-4.397672
ORYH	-5.131011
RYHA	-4.662490
YHAD	-3.965260
HADP	-4.264550
ADPE	-5.019037
EDMI	-4.653889
DMIS	-4.285913
TOUN	-4.535385
OUNI	-5.407217
SEPE	-5.039240
ONAG	-4.653889
NAGE	-4.392977
DTHU	-4.562119
THUS	-3.911211
HUSA	-4.899062
USAT	-4.748676
SATO	-4.680218
CEAC	-5.458370
ACHI	-4.143976
CHIE	-4.173939
HIEV	-5.060430
EANO	-4.324033
OTAB	-4.914302
TABL	-3.721973
DSOO	-4.576130
SOOT	-4.759400
EPOO	-4.416977
RMRS	-4.856310
ETSA	-4.541916
SANG	-4.899062
SHOV	-5.082706
HOVE	-4.528951
AILT	-4.569068
ILTH	-4.357138
HEBI	-4.374688
EBIN	-4.899062
LEYS	-4.379188
EYSA	-4.486398
YSAN	-4.541916
HEGA	-4.168335
DINE	-4.066993
INER	-4.062607
HELU	-4.963520
LUCA	-4.426961
UCAS	-4.250870
ASES	-4.289578
SESM	-4.930096
ESMI	-4.562119
ISSD	-4.555280
SSDA	-4.727991
SDAR	-4.421940
NDMI	-4.312242
SDEB	-4.805157
RGHJ	-6.361460
GHJA	-5.759400
HJAN	-5.019037
ANEW	-4.300762
NEWI	-4.328036
EWIC	-5.039240
STMU	-5.516362
TMUS	-4.397672
USTP	-4.856310
STPA	-4.548546
TPAS	-4.781676
ASSW	-4.805157
TSPE	-4.361460
IALC	-4.963520
LCOM	-4.293274
OMME	-4.123414
ENTF	-4.182483
NTFU	-5.458370
TFUR	-5.247516
ANTH	-3.700594
ARKT	-4.759400
RLOT	-4.402418
OTTE	-4.073658
TTEL	-4.548546
TELU	-5.320067
CASH	-4.999732
REGI	-4.492228
EGIO	-5.019037
GIOU	-4.899062
USPA	-5.131011
SPAP	-5.106187
PAPA	-5.282278
ATHO	-3.938214
UGHD	-5.019037
GHDE	-5.583308
HDEL	-4.981248
ULIS	-5.282278
LISJ	-6.060430
ISJU	-4.914302
TALI	-4.227921
TLEO	-4.447646
NEBE	-4.583308
COME	-3.471598
OMED	-4.078158
MEDY	-5.131011
EDYA	-5.215332
DYAN	-4.569068
NDFA	-4.437180
DFAR	-4.817392
FARC	-5.759400
ARCE	-4.388332
RCEI	-4.340270
CEIS	-4.383736
ISAW	-4.197107
AWON	-5.039240
DERF	-4.442382
LYCL	-4.689362
YCLE	-4.680218
CLEV	-5.039240
LEVE	-4.293274
UDYI	-5.106187
INDR	-4.718007
NDRA	-4.432041
DRAB	-5.407217
RABO	-4.621097
ABOF	-5.583308
BOFO	-5.884338
OFON	-4.486398
FONE	-4.492228
ONEK	-4.946486
NEKI	-5.583308
ATWI	-4.118422
HAMT	-5.185368
AMTH	-4.629066
GHSO	-4.999732
GOFM	-5.157340
HIND	-4.101388
NDEA	-4.051829
ALIN	-3.868699
ITHY	-4.218445
THYO	-4.123414
HYOU	-3.905094
YOUN	-3.665978
OUNG	-3.742366
UNGM	-4.328036
NGME	-4.203097
ENAP	-5.106187
RSIS	-4.013155
SISA	-4.365824
SANO	-4.426961
UCHL	-4.605585
SSNO	-4.708247
LESK	-5.458370
ESKE	-4.946486
SKET	-4.738210
KETC	-5.019037
ETCH	-4.073658
TCHI	-4.215332
BOFA	-5.583308
ERON	-4.125931
RONL	-4.870098
IUSC	-6.060430
ADEC	-5.039240
DECH	-5.583308
TTEW	-5.884338
TEWH	-4.176768
EWHA	-3.377383
EISY	-5.516362
ISYE	-5.361460
YETN	-5.082706
NOTD	-4.179616
OTDI	-4.856310
ISAG	-4.452975
LEWI	-4.285913
HAMW	-4.842946
AMWH	-4.914302
MWHA	-3.928490
EISW	-4.930096
OUTI	-3.979443
TINV	-4.653889
NVES	-4.516362
NGHI	-3.549885
GHIM	-3.975853
HIME	-4.829981
IMEI	-4.278674
RWIT	-3.909673
HACH	-4.999732
CHEA	-4.842946
HEAP	-4.218445
EAPD	-5.884338
APDO	-5.516362
PDON	-6.361460
DONJ	-6.060430
ONJU	-4.999732
NJUA	-6.060430
JUAN	-6.060430
UANI	-5.759400
SHAT	-4.498137
ATTR	-4.498137
TTRA	-4.583308
VENE	-4.370234
SORA	-4.914302
ORAD	-5.039240
SGUS	-4.963520
USTI	-3.990392
NGRA	-4.264550
RASC	-4.946486
ASCA	-4.308381
ITYB	-4.770395
TYBU	-4.680218
OTTI	-4.963520
NTST	-4.136150
TSTO	-4.108607
DISM	-4.613272
SEDD	-5.157340
EDDA	-4.759400
DDAR	-4.528951
RCYH	-4.770395
CYHA	-4.856310
SALW	-4.504127
AYSS	-4.569068
YSSE	-5.320067
EEME	-3.622679
EMED	-3.636365
MEDT	-3.912753
OMEB	-4.312242
MEBY	-4.662490
EBYF	-5.320067
BYFA	-5.019037
YFAR	-4.718007
FART	-4.504127
DMOS	-4.548546
OSTI	-4.138743
EROE	-5.361460
ROES	-5.215332
OEST	-4.437180
EONL	-4.089618
NLYP	-4.805157
LYPO	-4.817392
LECO	-4.361460
PETI	-4.842946
ETIT	-4.300762
TITO	-4.698702
ITOR	-4.344426
TORB	-4.999732
RBEI	-4.516362
GHEN	-5.320067
ENRY	-4.748676
NRYT	-5.662490
RYTI	-5.131011
YTIL	-5.185368
TILN	-5.583308
ILNE	-5.583308
LNEY	-6.060430
NEYW	-4.884338
EYWH	-4.748676
YWHO	-4.370234
WHOS	-3.857669
OSEP	-4.629066
SEPA	-4.379188
TISS	-4.412070
SSOS	-4.930096
SOSL	-5.884338
OSLI	-5.361460
SLIG	-4.237608
DSIM	-5.157340
IMPL	-4.328036
DLYE	-4.884338
LYEN	-4.397672
YENT	-4.629066
ENTE	-3.582585
NTOC	-4.492228
OCOM	-4.094288
NITH	-4.548546
MESI	-4.209171
ESIB	-5.282278
SIBE	-4.899062
EVEB	-5.407217
EENU	-4.645456
ENUR	-5.247516
NURG	-5.759400
URGE	-4.569068
GEDT	-4.101388
ISPR	-4.151945
IDEI	-4.613272
DEIS	-5.282278
EISU	-4.689362
SUNN	-5.215332
ALAT	-4.884338
LATF	-5.320067
ATFI	-4.320067
TFIR	-4.324033
RSTI	-4.234355
SEXP	-4.480646
NDLA	-4.221581
DLAT	-5.361460
RINI	-5.157340
ITSY	-5.458370
TSYI	-6.361460
SYIE	-5.583308
YIEL	-4.738210
NGWH	-3.868699
GWHI	-4.264550
ILEH	-4.576130
LEHI	-4.637184
GINL	-5.247516
INLO	-4.332076
VEAT	-4.698702
EATA	-4.151945
LISN	-5.662490
EMEL	-4.583308
MELY	-4.598032
ELYP	-4.829981
LYPR	-4.416977
YPRO	-4.136150
BLEH	-4.374688
LEHE	-4.257656
REAG	-4.555280
EAGA	-4.149272
AINI	-3.884338
INIC	-5.282278
TGOW	-5.361460
GOWI	-5.106187
OWIT	-4.033080
ORSD	-5.361460
RSDA	-5.157340
CYSO	-5.516362
YSOW	-5.583308
OWNA	-3.963520
WNAC	-5.759400
NACC	-4.340270
ICHH	-3.771510
IDEH	-4.645456
DEHA	-5.215332
EENP	-4.480646
ENPA	-4.781676
NPAM	-6.361460
PAMP	-5.759400
TLYR	-4.583308
LYRA	-5.082706
NDSU	-4.234355
DSUF	-4.999732
UFFI	-4.402418
FICI	-4.200092
ICIE	-4.416977
CIEN	-3.999732
IENT	-3.860400
NGCO	-4.173939
GCOU	-4.738210
DBEP	-4.963520
BEPS	-6.361460
EPSY	-6.361460
PSYC	-6.060430
SYCH	-5.662490
CHOL	-4.698702
HOLO	-5.131011
OLOG	-4.426961
LOGI	-4.662490
OGIC	-4.981248
GICA	-4.842946
LLYS	-4.336154
LYSP	-4.605585
YSPE	-4.653889
SPEA	-3.909673
PEAK	-3.934948
EAKI	-4.237608
GACA	-5.662490
ACAU	-5.320067
AUSA	-5.516362
USAV	-5.583308
VERI	-3.848242
IORF	-5.884338
TSSU	-5.039240
SSUD	-4.981248
DENR	-5.157340
NTOH	-4.041313
OHEA	-4.352859
LTHY	-4.899062
THYC	-5.019037
HYCO	-5.361460
ONDI	-4.370234
HESH	-3.536683
OCKO	-4.930096
CKOF	-4.528951
KOFE	-5.759400
THSS	-4.981248
HSSC	-6.361460
SSCO	-4.817392
SCOR	-4.402418
CORN	-4.374688
ORNF	-5.247516
RNFU	-5.247516
NFUL	-4.528951
FULR	-5.185368
ULRE	-5.247516
LREF	-5.247516
REFU	-4.108607
EFUS	-4.504127
FUSA	-4.963520
USAL	-4.637184
SALA	-4.662490
ALAC	-4.930096
LACT	-5.458370
GONA	-4.981248
NANA	-4.653889
UREE	-5.060430
EEXH	-5.185368
EXHY	-6.361460
XHYP	-6.361460
HYPO	-5.082706
YPOT	-5.082706
POTH	-5.039240
ESIG	-4.089618
SIGE	-5.662490
NERO	-4.312242
USNO	-4.870098
GINE	-4.340270
INEV	-4.125931
NOUR	-4.027006
URAU	-5.662490
RAUT	-5.361460
ORIS	-4.613272
RISF	-5.458370
YTOU	-4.981248
SDEM	-5.516362
DEME	-4.583308
URAT	-4.856310
ESUD	-4.689362
DENM	-5.458370
ENME	-4.637184
NMEE	-5.247516
MEET	-4.185368
EETI	-4.247516
GINT	-3.817392
GROU	-4.011212
ROUN	-3.539946
UNDS	-4.123414
OFPE	-4.562119
FPEM	-5.407217
PEMB	-4.613272
BERL	-4.510201
RLEY	-4.458370
LEYH	-4.870098
EYHA	-4.029021
HADH	-4.171128
ADHE	-4.328036
DHEB	-4.748676
NABA	-5.106187
ABAD	-5.282278
BADP	-6.060430
ADPR	-4.653889
DPRI	-4.884338
PRIG	-5.106187
RIGO	-5.662490
GORA	-5.361460
ORAB	-4.698702
RABA	-5.583308
BADC	-5.662490
ADCO	-4.374688
DCOX	-6.361460
COXC	-6.361460
OXCO	-6.060430
XCOM	-5.884338
OMBH	-6.060430
MBHE	-5.884338
BHEM	-6.060430
EMIG	-4.027006
ENST	-4.231126
NSTI	-4.416977
LLSM	-5.060430
LSMA	-5.407217
RTIN	-4.160062
NGUN	-4.541916
GUND	-4.899062
DERH	-4.562119
ERHI	-4.019037
RHIS	-3.920551
HISR	-3.972294
SREJ	-5.583308
REJE	-5.082706
EJEC	-4.914302
ONOR	-4.357138
NORS	-4.946486
ORSU	-4.522611
RSUS	-5.157340
SUSP	-4.191198
USPI	-4.576130
SPIC	-4.402418
PICI	-4.637184
ICIO	-4.392977
OUST	-4.045489
EGIR	-4.689362
IRLH	-5.759400
RLHA	-6.060430
LHAD	-4.914302
HADC	-4.206124
DCOM	-4.051829
OMEH	-4.203097
MEHU	-5.320067
DHUN	-4.981248
HUNT	-4.203097
GHIS	-3.746562
SBEI	-4.352859
INGN	-3.975853
NGNE	-4.510201
GNEI	-5.759400
NEIT	-4.131011
RISE	-3.909673
ISEX	-4.469365
SEXA	-4.805157
TLYC	-4.516362
LYCO	-3.999732
LEFE	-4.981248
EFEE	-4.271555
NGSO	-3.802751
GSOF	-4.237608
SOFA	-3.807577
FAMA	-4.653889
ANSP	-4.629066
NSPO	-4.759400
OILT	-5.320067
ILTI	-5.458370
NSEN	-4.374688
NSEB	-5.082706
SEBU	-4.504127
BUTN	-4.082706
UTNO	-4.118422
NOTR	-4.344426
OTRE	-4.452975
TREA	-3.874321
YINJ	-5.361460
INJU	-4.463833
NJUR	-4.598032
JURE	-4.842946
GHLY	-4.562119
HLYI	-5.131011
YINL	-4.999732
VEAS	-4.653889
EASF	-4.805157
FORH	-3.732050
OVEE	-5.662490
VEEL	-5.282278
NASJ	-5.759400
TANE	-4.480646
NEXP	-4.352859
EXPO	-4.662490
XPOS	-4.698702
USES	-4.300762
HATP	-4.023003
ATPH	-5.759400
TPHE	-6.361460
PHEN	-5.282278
ENOM	-4.718007
MENO	-4.171128
NONA	-4.999732
ONAS	-3.999732
NASD	-5.759400
ASDA	-4.946486
ASOF	-4.285913
SUNR	-4.981248
NREG	-5.157340
REGE	-4.930096
STAT	-3.797979
TATE	-3.870098
ATEO	-4.379188
TEON	-5.060430
NLYS	-4.257656
UNTE	-3.817392
ASDU	-5.282278
SDUE	-5.458370
DUET	-5.185368
UETO	-4.914302
OWNP	-4.548546
WNPE	-5.247516
NALC	-4.817392
ALCH	-4.829981
LCHA	-4.662490
HARM	-4.282278
ARMT	-4.605585
RMTH	-4.492228
ECRE	-3.917415
CRET	-4.308381
ARMM	-5.516362
RMMA	-5.759400
ANYM	-4.289578
NYME	-4.930096
YMEN	-4.388332
TAFE	-4.930096
AFEW	-4.003525
FEWW	-4.930096
EWWO	-5.039240
WWOM	-5.884338
MENF	-5.060430
ROMM	-4.106187
OMMI	-4.576130
MMIS	-4.698702
ENHE	-3.813685
LFDO	-5.215332
FDOW	-5.320067
DOWN	-3.469922
OWNW	-4.300762
WNWA	-4.748676
NWAR	-4.583308
RDSH	-4.212241
DSHA	-4.383736
VEFE	-4.829981
ELTA	-4.504127
LTAN	-4.653889
DLIK	-4.108607
KEMO	-5.082706
ARMS	-4.402418
RMSI	-5.215332
MSIT	-5.282278
SATH	-4.548546
RTOB	-4.463833
OBEF	-4.516362
BEFE	-5.361460
LTTH	-4.397672
NTOB	-4.328036
BEEX	-4.805157
EEXP	-4.120910
EXPL	-4.231126
XPLA	-4.340270
PLAI	-3.949840
LAIN	-3.915855
HOFC	-5.082706
RSEB	-5.019037
SEBE	-4.671264
BELO	-4.075902
ONGS	-4.128464
NGST	-3.930096
GSTO	-4.569068
LLEG	-4.817392
LEGR	-4.914302
GROO	-4.365824
ROOR	-6.361460
OORA	-4.522611
ADIV	-5.583308
EARM	-4.254250
ARMY	-4.981248
RMYO	-4.999732
MYOF	-5.516362
YOFV	-5.458370
OFVE	-5.060430
FVEN	-5.516362
NUSM	-5.884338
USMI	-5.247516
AYSP	-4.963520
YSPR	-4.870098
ROVO	-5.039240
OVOK	-5.060430
VOKI	-5.458370
OKIN	-3.960059
GLYC	-5.157340
YCHA	-4.275100
HARY	-6.060430
ARYO	-4.535385
YOFD	-4.930096
FDES	-4.805157
CRIP	-4.569068
RIPT	-4.583308
IPTI	-4.718007
NINR	-6.060430
ARDT	-3.967008
RDTO	-4.392977
HERB	-3.864530
IESA	-4.073658
NDEX	-4.370234
DEXC	-4.629066
EFIN	-4.120910
NEEY	-5.361460
YESA	-4.328036
NDAH	-4.689362
DAHI	-5.516362
AHIN	-5.320067
HADA	-3.819880
ADAT	-4.576130
TESO	-4.332076
ESOM	-3.867305
MESA	-4.103781
ESAB	-4.748676
SABR	-4.930096
ABRI	-4.590608
BRIG	-4.316137
GHTC	-4.535385
HTCO	-4.981248
PLEX	-4.770395
LEXI	-4.662490
EXIO	-4.870098
XION	-4.842946
ERYT	-3.922127
RYTA	-5.361460
YTAL	-4.829981
ALLW	-4.106187
LLWE	-4.492228
LWEH	-5.407217
WEHE	-5.039240
ARNO	-4.781676
NGAB	-4.194142
GABO	-4.289578
ERLO	-4.041313
RLOO	-4.548546
OKSB	-5.458370
KSBU	-5.157340
HIEF	-4.237608
IEFD	-5.662490
EFDI	-5.759400
FDIF	-5.516362
NCEF	-4.336154
CEFR	-4.637184
ROMO	-4.407217
OMOT	-4.884338
NESO	-4.289578
ELIV	-4.200092
LYTY	-6.361460
YTYP	-5.884338
YPES	-5.884338
PESE	-5.759400
ESEE	-3.780535
STOL	-4.224739
OLIE	-5.282278
LIEF	-4.583308
IEFI	-5.106187
INGD	-3.917415
NGDI	-4.590608
GDIS	-4.842946
OSTS	-4.231126
STST	-4.437180
TSTR	-4.271555
TRON	-4.037177
RONG	-4.037177
ONGM	-4.930096
NGMI	-4.884338
GMIN	-5.583308
DEDI	-4.171128
ATOB	-5.215332
TOBJ	-5.039240
LEWO	-4.498137
DSEC	-4.981248
ONDL	-5.157340
DLYI	-4.770395
YINH	-4.583308
NGEN	-4.182483
NTIR	-4.151945
IREL	-4.250870
TITU	-4.160062
ITUT	-4.899062
TUTE	-5.082706
UTEO	-5.157340
TEOF	-4.141352
OFIL	-4.899062
FILL	-4.289578
LLNA	-5.039240
UREF	-4.613272
ALLH	-3.856310
LLHE	-4.143976
RPRO	-4.402418
PENS	-4.224739
SITY	-4.257656
TYTO	-4.300762
TOTE	-4.452975
EASE	-3.844264
ASEA	-4.282278
HARP	-3.827434
ARPN	-6.060430
RPNE	-6.361460
PNES	-6.060430
TONG	-4.738210
ONGU	-4.727991
NGUE	-4.899062
GUEE	-6.361460
UEEL	-5.884338
ETHC	-4.759400
THCA	-4.856310
HCAN	-5.060430
CANG	-4.946486
ANGI	-4.344426
NGIV	-4.727991
EATL	-4.154634
TASG	-5.583308
ASGO	-4.361460
SGOO	-4.463833
OODA	-4.179616
ODAS	-4.870098
SHEG	-4.829981
EGET	-4.770395
GETS	-5.039240
ATTA	-4.149272
TTAC	-4.282278
TACK	-4.452975
KEDB	-4.548546
EDBU	-3.997848
DBUT	-3.752934
BUTS	-3.860400
UTSH	-4.332076
RSCR	-5.019037
SCRA	-4.576130
CRAT	-4.793258
RATC	-5.282278
TCHE	-3.917415
ACKS	-4.300762
CKSF	-5.516362
KSFI	-6.060430
STSO	-4.426961
TSOM	-3.963520
OMEO	-3.934948
EMER	-4.293274
TOBS	-4.899062
OBSO	-5.516362
SOLE	-4.247516
OFPH	-5.516362
FPHR	-5.884338
PHRA	-5.215332
HRAS	-5.082706
RASE	-4.963520
NERG	-4.856310
RGIV	-4.689362
IVEO	-4.447646
VEON	-4.653889
WOOF	-4.793258
OOFH	-5.407217
REAR	-3.997848
ECHE	-4.548546
HTPE	-5.458370
ERTN	-5.884338
RTNE	-4.829981
ESSB	-4.340270
DWHE	-3.772628
OMES	-3.813685
MEST	-3.979443
OSER	-4.598032
SERI	-4.285913
SBUS	-4.671264
SSAS	-4.583308
EATP	-4.522611
ATPR	-4.370234
POSA	-4.946486
OSAL	-4.930096
ENEW	-4.308381
THDA	-5.106187
HDAR	-5.157340
RCYW	-4.555280
CYWH	-4.870098
HISA	-3.673040
ISAS	-4.154634
ITSH	-4.407217
ECLI	-4.653889
LIMA	-5.019037
IMAX	-6.060430
MAXO	-6.060430
AXOF	-6.060430
XOFT	-5.662490
FINA	-4.247516
IESB	-4.708247
ESBA	-5.060430
BATT	-4.576130
ATTL	-4.548546
TLEW	-4.541916
ITHL	-4.645456
THLA	-4.899062
HLAD	-5.583308
SUNE	-4.999732
UNEX	-4.870098
OOSH	-5.215332
OSHE	-4.793258
SAPE	-4.999732
APER	-3.992244
RALG	-5.583308
ALGI	-5.884338
LGIR	-6.060430
IRLS	-4.510201
RLSH	-5.185368
ISEF	-4.817392
SEFR	-4.662490
ROMH	-3.842946
OMHE	-4.212241
ELFO	-4.247516
LFOR	-4.084998
ODYT	-4.914302
NTSD	-5.157340
TSDA	-5.361460
CYSF	-5.884338
YSFI	-5.662490
ILLM	-4.312242
REDP	-4.708247
EDPE	-4.689362
TYWI	-4.793258
LAFE	-6.060430
AFEE	-5.060430
GBYT	-4.914302
EREP	-4.013155
ACHT	-4.727991
HEIL	-5.407217
ISSP	-4.416977
REOV	-4.637184
EOVE	-4.154634
ERDO	-4.452975
NEIS	-4.548546
EISC	-4.829981
ISCE	-4.613272
SCER	-4.437180
NLYU	-5.361460
LYUN	-4.383736
YUNJ	-6.060430
UNJU	-5.247516
NJUS	-4.613272
USTF	-4.689362
STFO	-4.379188
AMEK	-5.407217
MEKI	-5.361460
DEXP	-4.613272
SEDN	-5.082706
SSST	-4.727991
TILT	-4.727991
ILTE	-5.320067
LTED	-4.605585
UTMO	-4.605585
TMOR	-4.200092
OREC	-4.049706
ECOA	-4.662490
COAR	-5.185368
OARS	-4.374688
ARSE	-4.421940
ELYM	-4.698702
EENH	-4.157340
NHEA	-4.328036
INMO	-4.637184
ONEB	-4.240886
NEBA	-5.282278
EBAL	-4.738210
LROO	-5.407217
ROOM	-3.658168
OOMD	-5.458370
OMDU	-5.458370
MDUR	-5.407217
DURI	-4.131011
URIN	-3.841632
GTHI	-4.227921
HISV	-4.212241
ERYY	-5.060430
RYYE	-5.185368
YYEA	-4.516362
EARF	-4.392977
ARFR	-4.442382
WHOO	-5.082706
HOOU	-6.060430
OOUG	-6.361460
GHTT	-3.721973
HTTO	-4.141352
TOHA	-3.931707
OHAV	-3.902067
EENN	-4.727991
NOWO	-4.458370
OWOR	-4.698702
SEBR	-5.361460
BRED	-5.106187
LETS	-4.613272
ETST	-4.548546
EINJ	-5.019037
JURY	-5.019037
URYD	-6.060430
RYDO	-5.320067
YDON	-4.613272
ETOJ	-5.106187
TOJA	-4.946486
OJAN	-4.963520
NTEM	-4.492228
MPTS	-5.082706
PTSH	-5.884338
OWNT	-3.773749
WNTO	-4.138743
RFAM	-4.621097
AMIL	-3.849576
MILY	-3.995972
ILYA	-4.469365
LYAG	-4.930096
YAGG	-6.060430
AGGR	-5.320067
GGRA	-5.458370
RAVA	-4.963520
AVAT	-5.185368
NTME	-4.352859
TMEN	-4.106187
THIE	-4.981248
HIES	-5.131011
RLDS	-4.781676
LDST	-4.528951
DSTI	-4.407217
LLAL	-4.528951
LALL	-4.727991
ISDO	-4.629066
SDOE	-5.131011
TEXP	-4.613272
AINH	-4.332076
ARMW	-5.019037
RMWH	-4.019037
MWHI	-4.271555
CHTA	-5.516362
HTAK	-5.320067
TAKI	-4.244188
NGBE	-4.099009
GBEA	-5.247516
AUTY	-4.510201
UTYA	-4.946486
TYAS	-4.727991
YASA	-4.842946
ASAC	-4.304555
SACO	-4.562119
MONF	-5.583308
ONFO	-4.073658
RMOF	-4.605585
MOFA	-4.981248
NESM	-5.157340
SMAY	-4.452975
MAYP	-4.899062
AYPE	-5.157340
DDIT	-4.770395
ERPL	-4.522611
RPLA	-4.463833
LAYF	-5.019037
AYFU	-5.282278
YFUL	-4.930096
FULN	-4.516362
ULNE	-4.555280
ONAT	-4.133573
ATEA	-4.053964
TEAN	-4.203097
NDNA	-5.019037
RALD	-4.999732
ALDI	-4.829981
NOFA	-4.141352
OFAC	-4.352859
AINF	-4.340270
INFE	-4.469365
NFEA	-5.320067
ESSV	-5.458370
SSVE	-5.759400
ERYU	-4.805157
RYUN	-4.817392
YUNC	-4.653889
UNCO	-4.237608
MONI	-4.645456
ERTY	-4.555280
RTYP	-5.583308
YPEA	-5.407217
PEAN	-4.535385
NDAG	-4.374688
DAGE	-4.759400
AGEN	-4.285913
LLOF	-3.983062
LOFT	-3.992244
HEMW	-4.328036
EMWO	-5.282278
MWOU	-4.930096
EENI	-4.234355
INSP	-4.240886
NSPE	-4.352859
ECHL	-5.407217
SSAW	-5.082706
SAWE	-4.999732
AWEO	-5.516362
WEOF	-5.516362
MAGN	-4.463833
AGNI	-4.637184
GNIF	-4.480646
NIFI	-4.388332
FICE	-4.071425
ICEN	-4.590608
ENTD	-4.336154
NTDA	-4.870098
TDAR	-4.727991
RCYN	-5.662490
CYNE	-5.884338
YNEA	-4.999732
EPAL	-4.662490
PALP	-5.082706
ALPI	-5.157340
LPIT	-4.817392
NDFL	-4.662490
DFLU	-5.320067
FLUT	-5.247516
LUTT	-5.131011
DATT	-3.925297
HEID	-4.458370
EIDE	-4.300762
DEAO	-4.555280
EAOF	-4.474969
AOFP	-5.884338
FPRO	-4.689362
LSEV	-5.583308
ENNA	-5.320067
NNAU	-6.060430
NAUG	-5.019037
GHTY	-4.282278
HTYO	-5.039240
NESF	-5.019037
ESFR	-4.452975
EFAS	-4.805157
FASC	-5.247516
ASCI	-5.106187
SCIN	-5.361460
CINA	-5.282278
GWIC	-5.884338
HAME	-4.516362
AMEL	-4.590608
THWI	-4.447646
GOFF	-4.708247
FFEN	-4.718007
FENS	-5.361460
NSIV	-4.708247
SIVE	-4.125931
INGV	-4.312242
NGVI	-4.963520
GVIR	-6.060430
VIRA	-6.361460
IRAG	-5.759400
RAGI	-5.019037
AGIN	-4.113486
GINO	-4.914302
INOU	-4.407217
NOUS	-4.605585
NEWW	-4.930096
ANAB	-4.884338
NABO	-4.516362
ASBY	-4.805157
BYNA	-5.185368
UREW	-4.297002
STMO	-4.645456
TMOD	-5.662490
MODE	-4.421940
ODER	-4.541916
DERN	-4.510201
ERNN	-5.662490
RNNO	-5.407217
TNEW	-5.185368
MENH	-4.793258
VEBY	-5.131011
EBYE	-5.361460
BYED	-5.759400
YEDU	-5.131011
EDUC	-4.447646
DUCA	-4.842946
UCAT	-4.829981
EXPE	-3.828705
XPER	-4.407217
ERIE	-4.103781
CEAP	-5.458370
EAPE	-4.698702
CTFR	-5.407217
TFRE	-4.999732
FREE	-4.221581
EEDO	-4.718007
EDOM	-4.870098
DOMF	-5.884338
OMFR	-5.185368
MFRO	-4.469365
ALLM	-4.123414
LMEN	-4.805157
MENM	-5.131011
ENMA	-4.504127
NMAY	-4.870098
AYBU	-4.621097
YBUL	-5.583308
BULL	-4.884338
LLYH	-4.738210
LYHE	-4.289578
RIFT	-4.817392
HEYC	-4.316137
EYCH	-5.185368
HOOS	-4.759400
OSEA	-4.133573
TMOS	-4.474969
LLAW	-5.131011
LAWA	-5.082706
AWAY	-3.668613
EYCA	-4.738210
YCAN	-4.637184
CANT	-4.128464
TIMP	-4.548546
MPUD	-5.458370
PUDE	-5.662490
UDEN	-4.510201
SHGR	-6.060430
HGRO	-5.662490
GROW	-4.374688
WNSH	-5.157340
SNOM	-4.981248
OMER	-4.469365
ITYN	-5.082706
TYNO	-4.870098
YNON	-5.185368
ASTY	-4.817392
STYN	-5.884338
TYNI	-5.583308
NICE	-4.698702
SSAB	-5.157340
MOFP	-5.282278
FPAS	-5.131011
IONC	-4.324033
ONCO	-4.447646
MONA	-4.805157
EEMN	-6.060430
EMNA	-5.361460
MNAT	-5.759400
LINM	-5.361460
ENSD	-5.662490
NSDA	-5.662490
SDAY	-4.555280
DAYW	-4.474969
AYWA	-4.817392
SSOI	-4.963520
SOIN	-4.605585
OINV	-5.247516
INVA	-4.316137
NVAR	-4.727991
ARIA	-4.548546
RIAB	-4.930096
BLYC	-5.019037
YOFO	-4.963520
RORB	-5.247516
ORBO	-5.039240
RBOT	-5.082706
OTHO	-4.240886
HOFT	-4.254250
ESEQ	-5.185368
LITI	-4.275100
TMAD	-4.562119
ADEE	-4.842946
DEEL	-5.516362
UTWA	-4.605585
TWAR	-4.680218
DLYP	-4.981248
LYPA	-4.621097
YPAS	-4.727991
ATEB	-4.689362
TEBU	-4.748676
UTIA	-4.689362
IATL	-5.516362
AVEN	-3.729002
HESL	-4.254250
ESLI	-4.264550
HTES	-4.770395
ESTD	-4.637184
STDO	-4.884338
TDOU	-5.082706
UBTT	-4.662490
BTTH	-4.708247
RRIE	-3.933325
IEDD	-4.884338
RCYJ	-6.060430
CYJU	-5.884338
YJUS	-4.930096
ASWI	-4.407217
SWIL	-4.173939
ILLI	-3.727991
GLYW	-5.157340
LYWI	-4.320067
OUTP	-4.817392
TPEM	-4.930096
LEYA	-4.621097
EYAS	-5.185368
YASW	-4.899062
HITA	-4.946486
DANY	-4.383736
ODYW	-4.856310
DYWH	-4.829981
WHOC	-4.416977
HOCA	-4.781676
OCAN	-4.930096
CANR	-4.946486
ANRE	-4.759400
EADB	-4.590608
ENLI	-4.613272
NLIN	-5.106187
NESW	-4.793258
OTFI	-4.884338
TFIN	-4.671264
RSCO	-4.437180
NSIN	-4.254250
HAPT	-3.700594
APTE	-3.694007
PTER	-3.701543
ERSS	-4.212241
RSSO	-4.698702
SOFR	-4.370234
OFRI	-4.718007
FRIG	-4.352859
IGID	-5.458370
GIDA	-5.662490
IDAS	-4.914302
DAST	-4.128464
HEYM	-4.407217
EYMI	-5.019037
AVEL	-4.075902
OOKE	-3.938214
OKED	-3.906615
KEDT	-4.224739
DELL	-5.583308
LLAC	-4.884338
LACR	-5.458370
ACRU	-5.282278
CRUS	-4.856310
RUSC	-5.884338
USCA	-4.856310
IROW	-4.748676
DAYA	-4.278674
AYAN	-4.094288
APSD	-5.884338
PSDO	-6.060430
SDOL	-5.884338
DOLO	-5.583308
OLOO	-4.548546
OOKT	-4.370234
OKTO	-4.999732
KTOT	-4.598032
DAFT	-4.206124
LLWH	-4.379188
LWHA	-4.516362
OODO	-4.432041
ODOF	-4.498137
DOFS	-4.662490
FSEE	-4.770395
INGF	-3.593562
NGFO	-3.954919
GFOR	-3.990392
SONO	-4.285913
ARMI	-4.452975
MITI	-4.598032
REWE	-3.953220
EWER	-3.806365
REBE	-4.209171
ADME	-4.899062
DMEC	-5.361460
MECH	-4.770395
ANIC	-4.447646
ICEX	-5.583308
CEXE	-6.361460
EXER	-4.555280
XERC	-4.981248
ERCI	-4.555280
RCIS	-4.930096
CISE	-4.397672
ISEO	-4.548546
EOFD	-4.562119
FDET	-5.583308
DETE	-4.151945
RMIN	-3.874321
TSAB	-5.106187
SABS	-4.727991
ABSE	-4.486398
BSEN	-4.535385
SENC	-4.324033
CEWH	-4.115947
ELSO	-4.662490
LSOF	-4.250870
STHU	-4.613272
THUN	-4.374688
ARST	-4.316137
AREV	-4.727991
EVAS	-4.842946
VAST	-4.312242
ASTN	-4.562119
STNU	-5.516362
BERS	-4.708247
SOFY	-4.748676
UNGL	-4.421940
NGLA	-4.031046
GLAD	-4.133573
HWHO	-4.629066
HOMI	-4.379188
OMIT	-4.316137
MITM	-5.361460
ITMI	-4.645456
TMIG	-4.402418
GHTB	-3.864530
HTBE	-4.080426
TBEA	-4.227921
BEAP	-5.060430
EAPL	-5.082706
APLE	-4.817392
EASU	-3.905094
ASUR	-3.938214
LINL	-5.407217
ASTF	-4.605585
STFI	-4.727991
TFIV	-5.060430
VEWI	-4.671264
OMAS	-4.680218
MASI	-4.770395
NOMA	-4.645456
OFTA	-4.629066
STEA	-4.005434
RITC	-5.320067
ITCA	-4.562119
CANH	-4.522611
ANHE	-4.316137
NHEL	-4.914302
ELPD	-6.060430
LPDO	-5.884338
PDOI	-6.361460
DOIN	-4.361460
OING	-3.908141
GSOT	-5.320067
EIRN	-4.817392
IRNA	-5.320067
RNAM	-4.793258
NAME	-3.885788
AMES	-4.060430
EINC	-4.221581
NCHR	-5.361460
CHRO	-5.039240
HRON	-4.899062
RONO	-4.671264
ONOL	-5.583308
NOLO	-4.486398
CALO	-5.247516
ALOR	-4.914302
LORD	-4.101388
RDER	-3.816153
ETHB	-4.829981
HBEN	-5.185368
NETD	-5.759400
ETDI	-5.516362
TDIA	-5.884338
DIAN	-4.308381
IANA	-4.748676
NAVE	-4.738210
VERN	-4.528951
NARG	-5.516362
RGEM	-5.320067
GEMO	-5.157340
EMON	-3.977644
MONE	-4.120910
ONEL	-4.021016
NELA	-5.282278
ELAV	-6.361460
LAVI	-5.583308
AVIN	-3.748676
GTON	-4.727991
TONB	-4.999732
NBEA	-4.738210
BEAT	-4.282278
TRIX	-6.060430
RIXE	-6.361460
IXES	-5.884338
XESM	-6.361460
SMON	-4.708247
MOND	-4.718007
ONDA	-4.583308
DBAR	-4.946486
BARB	-4.583308
ARBA	-4.805157
RBAR	-4.738210
BARA	-5.583308
ARAG	-4.817392
RAGR	-4.817392
AGRA	-4.613272
RANT	-4.165560
NTIS	-4.569068
EENM	-4.231126
NMOS	-4.718007
TINL	-4.856310
OVEW	-4.738210
HBEA	-5.282278
RIXA	-6.361460
IXAN	-5.407217
XAND	-4.981248
DARG	-5.884338
EISH	-4.297002
ULDI	-4.188273
LDIT	-4.590608
DITH	-4.357138
INKF	-5.247516
NKFO	-5.407217
KFOR	-4.432041
EREO	-4.141352
REOC	-5.458370
EOCC	-4.463833
PANI	-4.075902
ANIO	-4.285913
NION	-3.931707
ONSH	-4.149272
HIPH	-4.870098
IPHA	-5.039240
PHAV	-5.662490
VEPR	-4.689362
REDD	-4.738210
EDDI	-4.352859
DDIA	-5.516362
ANAA	-5.583308
NAAN	-5.458370
RABU	-5.516362
TTOL	-4.613272
RRYI	-4.407217
RYID	-5.247516
YIDO	-5.247516
NOWT	-3.832543
OWTH	-3.708247
WTHA	-3.931707
NYON	-4.383736
OURC	-4.017067
URCA	-4.817392
RCAN	-4.613272
CANC	-4.583308
ANCO	-4.407217
MEIN	-3.877160
ETHG	-5.662490
THGE	-5.458370
HGEO	-5.759400
RYIL	-5.082706
YILL	-4.708247
IONL	-4.447646
ONLI	-4.613272
NLIS	-5.215332
NSPA	-4.946486
SPAG	-5.583308
PAGE	-4.842946
AGEF	-4.856310
GEFR	-5.082706
FRON	-4.348622
RONT	-4.157340
ONTI	-3.902067
ISPI	-4.653889
SPIE	-5.185368
EIVT	-5.884338
IVTI	-6.361460
VTIT	-6.361460
TITL	-4.738210
ITLE	-4.605585
TLEP	-4.583308
EPAG	-4.914302
AGEV	-5.884338
GEVD	-6.361460
EVDE	-6.361460
VDED	-6.361460
EDIC	-4.522611
DICA	-4.332076
IONV	-5.458370
ONVI	-4.300762
NVII	-6.361460
VIIH	-6.060430
IIHE	-5.884338
IHEA	-4.442382
GTOP	-4.963520
OPRE	-4.458370
CEIX	-6.060430
EIXH	-6.361460
IXHE	-5.884338
XHEA	-6.361460
OLIS	-4.516362
ONSX	-6.361460
NSXX	-6.361460
SXXV	-6.361460
XXVH	-6.361460
XVHE	-6.060430
VHEA	-5.583308
GTOC	-4.562119
OCHA	-4.361460
ERIH	-4.689362
RIHE	-5.583308
IHEC	-6.361460
ECAM	-3.988548
CAME	-3.613272
AMED	-4.254250
MEDO	-4.275100
EDOW	-4.304555
NTOS	-4.250870
SEET	-4.091947
EETH	-3.845586
ACEM	-5.019037
CEMR	-5.157340
EMRA	-5.361460
MRAN	-4.870098
ETIH	-5.361460
TIHO	-5.082706
IHOP	-4.383736
PEMR	-5.884338
EMRB	-4.930096
MRBI	-4.297002
RBIN	-4.212241
LEYW	-4.516362
EYWI	-4.605585
YWIL	-4.432041
ILLL	-4.590608
LLLI	-4.662490
LLIK	-4.738210
IKEI	-4.805157
KEIT	-4.407217
ITIM	-5.019037
TIMT	-5.662490
HETA	-4.108607
LLES	-4.421940
LEST	-3.808791
EROD	-5.247516
RODE	-5.361460
ODEA	-4.708247
DEAB	-5.247516
CKHO	-4.320067
KHOR	-5.759400
RSEW	-4.770395
HEPA	-3.719986
RTYE	-5.320067
TYEN	-5.583308
TOLE	-4.019037
LERA	-4.308381
ERIV	-4.528951
RIVH	-6.060430
IVHE	-5.884338
TERV	-4.304555
ERVW	-6.361460
RVWI	-6.361460
VWIT	-6.361460
UTON	-4.138743
CEOP	-5.662490
PENI	-4.463833
SLIP	-4.402418
IPST	-4.718007
PSTA	-4.629066
STAI	-4.154634
AILP	-5.759400
ILPI	-6.060430
LPIE	-5.282278
ECET	-5.282278
CETO	-3.979443
ETOC	-4.352859
ERVH	-6.361460
RVHE	-6.361460
ERVI	-4.224739
RVIT	-5.759400
VITH	-5.662490
ATIE	-4.285913
FSEV	-5.060430
LANO	-4.930096
OTEF	-5.458370
SSBE	-4.340270
NETC	-5.082706
CHEE	-4.171128
HEER	-4.336154
EERF	-4.621097
FULP	-5.039240
ULPR	-5.407217
LPRO	-4.469365
PROG	-4.689362
ROGN	-5.662490
OGNO	-5.185368
GNOS	-5.282278
EAPO	-4.528951
APOT	-5.320067
ECAR	-4.017067
CARY	-5.407217
RYCA	-4.793258
YCAM	-4.981248
AMEC	-4.770395
MECO	-4.510201
ECOV	-4.474969
COVE	-3.868699
GASC	-5.407217
ASCR	-4.759400
CREE	-4.899062
REEN	-4.071425
ERTW	-4.805157
TWOY	-4.817392
WOYO	-5.282278
OYOU	-3.651342
UNGE	-4.221581
NGES	-4.416977
TGIR	-5.157340
SHEA	-3.662490
TERX	-4.576130
ERXN	-6.361460
RXNO	-6.361460
XNON	-6.361460
NONO	-4.516362
ONOS	-5.247516
STAY	-4.312242
TAYW	-5.361460
EREY	-4.247516
REYO	-3.899062
REPI	-4.817392
EPIL	-4.914302
GUPT	-4.621097
IREH	-4.930096
ERXI	-5.407217
RXII	-5.662490
XIIH	-6.361460
XIII	-5.516362
IIIH	-6.361460
RXIV	-6.060430
XIVP	-6.361460
IVPR	-6.361460
VPRO	-6.361460
VERR	-4.504127
EADN	-4.981248
DNOV	-5.407217
ELSH	-4.842946
ERXV	-5.516362
RXVH	-6.361460
RXVI	-5.583308
XVIT	-6.361460
EOFF	-4.025000
ICER	-4.340270
CERS	-4.562119
ESHI	-3.649652
HTED	-4.379188
DTOS	-3.960059
EIRD	-4.562119
IRDE	-4.930096
RFRI	-4.397672
ENDA	-4.146616
DAGA	-4.141352
XVII	-5.361460
VIII	-5.157340
IIIS	-6.060430
IISU	-6.060430
ISUC	-5.759400
UCHV	-5.157340
CHVE	-5.247516
HVER	-4.999732
RYSU	-4.727991
YSUP	-4.671264
IORD	-5.458370
ANCI	-4.047592
NCIN	-4.221581
CING	-3.981248
GISN	-5.361460
OFTE	-3.867305
FTEN	-3.918980
TOAS	-4.176768
OASS	-4.598032
UREY	-4.374688
YOUI	-4.108607
OUIN	-4.562119
TANI	-4.671264
ANIM	-4.203097
NIMA	-4.344426
IMAT	-4.146616
EDLA	-4.629066
DLAN	-4.793258
AGEH	-4.621097
GEHE	-4.748676
ERXX	-4.884338
RXXT	-6.361460
XXTH	-6.361460
XTHE	-5.185368
HEYE	-4.437180
EYEN	-4.914302
REAK	-4.096642
EAKF	-4.442382
AKFA	-4.492228
KFAS	-4.469365
FAST	-3.983062
TROO	-4.759400
OOMH	-4.793258
MHEA	-4.914302
RXXI	-5.407217
XXIW	-6.361460
XIWA	-6.361460
IWAL	-5.131011
WALK	-3.961786
ALKE	-4.154634
LKED	-4.173939
EDBA	-4.504127
DBAC	-4.583308
CKWI	-4.605585
KWIT	-4.336154
HEMH	-4.680218
XXII	-5.458370
XIIS	-6.361460
IISO	-6.060430
SOMU	-4.162803
OMUC	-4.001624
HLOV	-5.361460
DELO	-4.914302
ELOQ	-5.247516
LOQU	-5.019037
OQUE	-4.662490
NCEP	-4.698702
CEPR	-5.320067
DHEM	-4.793258
HEMU	-4.047592
USTB	-3.938214
STBE	-3.864530
TBEE	-4.215332
KENW	-5.060430
NWHE	-4.066993
ESPO	-4.005434
OKEI	-4.793258
KEIN	-4.621097
NALO	-4.480646
ALOW	-4.759400
LOWV	-5.215332
OWVO	-5.407217
WVOI	-5.407217
VOIC	-4.171128
XXIV	-5.759400
XIVH	-6.060430
RXXV	-5.662490
XXVO	-6.361460
XVOF	-6.361460
VOFF	-6.361460
FEND	-4.770395
EDTW	-4.999732
DTWO	-4.738210
WOOR	-4.856310
OORT	-4.583308
RTHR	-4.332076
EEYO	-4.653889
ILLY	-4.244188
LLYO	-4.011212
LYOU	-4.033080
OUCO	-4.397672
UCOM	-4.946486
MEON	-4.194142
TAIR	-4.379188
AIRS	-4.162803
IRSA	-4.469365
EDOO	-4.087302
DOOR	-3.906615
OORI	-4.759400
ORIN	-4.113486
IESL	-5.320067
ESLA	-4.569068
AIDS	-4.197107
SHEY	-5.407217
HEYO	-4.215332
YOUH	-3.737178
OUHA	-3.816153
UHAV	-3.926891
VEGI	-4.829981
NMEA	-4.522611
MEAT	-4.388332
UREH	-4.374688
RXXX	-5.185368
XXXH	-6.361460
XXHE	-6.361460
XHEN	-6.361460
VERF	-4.379188
RFAI	-5.082706
DTOI	-4.437180
TOIN	-4.240886
OINF	-4.999732
INFO	-4.118422
ORMT	-4.842946
ENAC	-4.576130
CCOM	-4.320067
ANIE	-4.671264
NIED	-4.748676
XXXI	-5.361460
XXIH	-6.361460
XIHE	-6.361460
XIIA	-6.361460
IIAC	-5.884338
IACC	-5.247516
IEDB	-4.370234
EIRA	-4.528951
IRAU	-5.407217
RAUN	-4.793258
AUNT	-4.191198
TONL	-4.123414
ONLO	-4.981248
NLOO	-4.583308
GUPH	-5.407217
UPHE	-4.748676
PHEA	-5.320067
LEDH	-4.316137
DHEA	-3.920551
XXXV	-5.662490
XXVI	-5.407217
XVIM	-6.361460
VIME	-6.361460
IMEE	-4.914302
GACC	-5.282278
ACCI	-4.662490
CCID	-4.662490
NTOW	-4.250870
TOWN	-4.120910
OWNH	-4.209171
WNHI	-4.817392
NHIS	-3.420445
NGOB	-5.039240
BEIS	-5.516362
SANC	-4.963520
EDAW	-4.203097
DAWS	-5.884338
AWSO	-4.738210
WSON	-5.282278
ELEV	-4.304555
LEVA	-4.698702
EVAT	-4.708247
NOFH	-4.162803
SFEE	-4.486398
GSTH	-4.447646
HEYH	-4.045489
HADF	-4.257656
ADFO	-4.397672
FORG	-4.071425
ORGO	-4.480646
RGOT	-4.590608
GOTT	-4.590608
NTOL	-4.486398
OLEA	-4.261089
LEAV	-3.930096
AVEA	-3.806365
EANY	-4.212241
YMES	-5.516362
MESS	-4.264550
GEHO	-5.082706
WNIC	-5.583308
ICEL	-4.805157
CELY	-4.416977
ELYW	-4.680218
LYWE	-4.498137
YWEA	-4.708247
WEAR	-3.972294
AREC	-4.374688
RECR	-4.856310
CRAM	-5.361460
RAMM	-5.185368
AMME	-4.516362
DINH	-4.188273
ERXL	-5.215332
RXLI	-5.407217
XLIA	-6.361460
LIAM	-4.215332
IAMD	-4.981248
AMDE	-5.185368
MDET	-5.516362
NEDN	-4.829981
EDNE	-4.271555
DNEV	-4.176768
TOSP	-4.261089
OSPE	-4.128464
EAKO	-4.645456
AKOF	-4.829981
KOFI	-4.884338
FITA	-4.576130
ITAG	-4.856310
TAGA	-4.383736
HENC	-4.133573
LONE	-3.872909
NELM	-5.884338
ELMI	-5.185368
LMIL	-5.407217
MILL	-4.662490
ILLE	-3.928490
LERS	-4.365824
ERSR	-4.605585
RSRE	-4.662490
SREG	-4.598032
EGIM	-4.914302
GIME	-4.899062
NTWE	-4.629066
NTAW	-4.884338
TAWA	-4.447646
AYTE	-5.157340
YTEN	-5.247516
DERL	-4.842946
LYFL	-4.930096
YFLI	-5.516362
FLIR	-5.247516
LIRT	-5.247516
IRTI	-5.215332
EARR	-4.548546
RRIV	-4.182483
IVAL	-4.492228
VALO	-4.856310
CONJ	-4.621097
ONJE	-4.770395
NJEC	-4.770395
TURI	-4.981248
GAST	-4.759400
DATE	-4.480646
TEHE	-4.680218
XLIV	-6.060430
LIVT	-6.361460
IVTO	-6.361460
VTOM	-6.361460
LFAG	-5.320067
FAGR	-5.039240
ETOA	-4.087302
LENG	-4.118422
ENGA	-4.111040
NGAG	-3.967008
GAGE	-4.149272
AGED	-4.078158
GEDB	-4.759400
RIVE	-3.853604
IVER	-4.005434
RXLV	-5.662490
XLVI	-5.662490
LVII	-5.516362
IIHA	-5.759400
OTAN	-4.463833
LOSE	-3.965260
OSET	-3.972294
TPLE	-4.817392
NGEA	-4.215332
GEAR	-4.946486
ARNE	-4.160062
RNES	-4.146616
IRWE	-5.131011
RWEL	-4.856310
WELC	-4.645456
ELCO	-4.569068
POST	-4.365824
TTOW	-4.569068
TOWH	-4.075902
OMIH	-4.842946
MIHA	-4.629066
VERE	-3.770395
HEAF	-4.469365
EAFF	-4.458370
AFFA	-4.421940
FFAI	-4.426961
AIRH	-4.781676
IRHE	-4.727991
XLIX	-6.060430
LIXB	-5.884338
IXBU	-6.060430
XBUT	-5.884338
APSY	-5.082706
PSYO	-5.106187
YOUW	-3.612497
OUWO	-4.247516
UWOU	-4.293274
ULDL	-4.541916
LDLI	-4.645456
KETO	-4.344426
ETOR	-4.212241
DITT	-4.388332
ULOL	-5.662490
LOLD	-5.282278
OLDL	-4.842946
LDLA	-5.282278
DLAD	-4.653889
TESM	-5.060430
SMIL	-4.203097
MILE	-4.062607
ILEI	-4.421940
LEIA	-5.320067
IAMS	-4.136150
AMSU	-4.421940
MSUR	-4.402418
TLIS	-5.407217
TENM	-4.680218
CYWI	-5.060430
THHI	-3.744459
HIMJ	-5.320067
IMJA	-5.884338
ANEH	-4.805157
NEHA	-4.264550
EHAP	-4.300762
PENE	-4.062607
ENED	-3.705361
OOKR	-5.247516
OKRO	-5.583308
KROU	-5.282278
MRSL	-5.157340
RSLO	-4.870098
SLON	-4.397672
ONGA	-4.113486
ERNI	-4.209171
RNIE	-4.914302
NIEC	-4.718007
CESL	-5.131011
SLIZ	-5.407217
LIZZ	-4.365824
IZZY	-4.365824
ZZYM	-5.516362
ZYMY	-5.759400
YMYD	-4.899062
ARIW	-5.516362
RIWA	-4.829981
IWAN	-4.842946
EAKT	-4.621097
AKTO	-4.930096
KTOY	-5.215332
TOYO	-3.934948
OUHE	-4.680218
UHEA	-4.963520
ERLV	-5.662490
RLVI	-5.662490
LVIA	-6.060430
VIAF	-6.060430
IAFT	-5.458370
ASHO	-4.173939
ORTS	-4.352859
RTSU	-5.361460
TSUR	-4.708247
URVE	-4.856310
RVEY	-5.082706
VEYB	-6.361460
EYBU	-4.963520
TNOW	-4.101388
WITC	-4.981248
MESO	-4.115947
ESOU	-4.019037
SOUT	-4.103781
EFFO	-4.884338
RTSO	-4.492228
ISAU	-5.106187
SAUN	-5.082706
UNTU	-5.516362
NTUN	-5.060430
UNAB	-4.671264
RASY	-5.282278
ASYL	-5.185368
SYLL	-5.185368
YLLA	-5.185368
LLAB	-4.535385
LABL	-4.793258
EOBS	-4.576130
BSEQ	-4.963520
QUIO	-5.662490
UIOU	-5.662490
USCI	-5.407217
SCIV	-5.131011
CIVI	-4.316137
IVIL	-4.244188
VILI	-4.312242
TYHE	-4.793258
YHEA	-3.984883
ERLX	-5.884338
RLXI	-5.884338
LXIT	-6.361460
XITH	-5.884338
IONP	-4.842946
ICEC	-5.039240
CECH	-5.019037
ERII	-5.320067
RIIT	-6.361460
IITI	-5.759400
SATR	-5.060430
ATRU	-5.106187
TRUT	-4.374688
UTHU	-5.516362
HUNI	-5.884338
UNIV	-4.817392
NIVE	-4.662490
SALL	-3.801553
YACK	-5.662490
DGED	-4.562119
GLEM	-5.407217
NINP	-5.247516
NPOS	-4.946486
OFAG	-4.548546
FAGO	-5.320067
OODF	-4.504127
ODFO	-4.671264
TUNE	-4.227921
UNEM	-5.361460
NEMU	-5.282278
TBEI	-4.324033
EINW	-4.555280
INWA	-4.504127
NWAN	-4.999732
OFAW	-4.590608
FAWI	-5.516362
AWIF	-5.282278
IFEH	-4.770395
FEHO	-5.662490
VERL	-4.397672
RLIT	-4.662490
TLEK	-5.247516
LEKN	-5.458370
NOWN	-3.874321
WNTH	-4.039240
GSOR	-5.247516
SORV	-5.759400
ORVI	-5.320067
RVIE	-4.981248
IEWS	-4.999732
EWSO	-4.829981
WSOF	-4.397672
FSUC	-4.374688
CHAM	-4.352859
MANM	-4.576130
ANMA	-4.653889
YBEO	-5.131011
BEON	-4.817392
EONH	-5.060430
RSTE	-4.348622
GANE	-4.999732
ANEI	-4.680218
NEIG	-4.370234
IGHB	-4.352859
GHBO	-4.275100
HBOU	-4.421940
OURH	-4.041313
URHO	-4.407217
RHOO	-4.605585
HOOD	-4.379188
DTHI	-3.797979
ISTR	-3.954919
SSOW	-5.282278
SOWE	-4.583308
OWEL	-4.504127
ELLF	-4.805157
LLFI	-4.583308
LFIX	-5.662490
FIXE	-4.344426
XEDI	-5.247516
INDS	-4.182483
SURR	-4.516362
URRO	-4.516362
RROU	-4.590608
UNDI	-4.003525
NGFA	-4.671264
GFAM	-5.458370
MILI	-4.271555
ILIE	-5.082706
RTYO	-4.738210
OFSO	-4.111040
FSOM	-4.237608
EORO	-5.131011
OROT	-4.671264
ROTH	-4.033080
IRDA	-5.019037
RDAU	-4.562119
ERSM	-4.416977
RSMY	-5.157340
SMYD	-4.963520
ARMR	-5.157340
TSAI	-4.206124
AIDH	-3.782820
IDHI	-4.856310
ADYT	-4.541916
DYTO	-4.621097
HIMO	-4.268038
IMON	-4.344426
ONED	-3.917415
DAYH	-4.817392
AYHA	-4.388332
AVEY	-4.297002
VEYO	-4.123414
TNET	-4.805157
KISL	-5.759400
ISLE	-4.123414
ETAT	-4.793258
TATL	-4.598032
ATLA	-3.900562
TLAS	-3.999732
ASTM	-4.516362
STMR	-5.320067
TMRB	-4.842946
NETR	-4.583308
TREP	-4.629066
REPL	-3.926891
EPLI	-4.173939
SRET	-4.708247
RETU	-3.844264
ETUR	-3.747618
TURN	-3.464383
RNED	-3.694007
NEDS	-4.562119
SHEF	-4.312242
ONGH	-4.583308
GHAS	-4.621097
OLDM	-4.001624
LDME	-4.548546
DMEA	-4.324033
MEAL	-4.407217
TITM	-4.541916
ITMR	-5.106187
ETMA	-5.131011
ADEN	-4.374688
ENOA	-4.870098
NOAN	-5.019037
OANS	-4.748676
ANSW	-3.872909
NSWE	-3.827434
SWER	-3.410608
WERD	-5.759400
NOTY	-4.447646
OTYO	-4.770395
TYOU	-3.447116
OUWA	-4.727991
UWAN	-4.999732
WWHO	-5.060430
KENI	-4.576130
ENIT	-4.143976
NITC	-5.060430
ITCR	-5.282278
TCRI	-4.817392
CRIE	-3.788588
FEIM	-5.884338
IMPA	-4.426961
MPAT	-4.324033
PATI	-4.206124
TIEN	-4.374688
TLYY	-5.361460
LYYO	-4.689362
YYOU	-3.956626
TTOT	-4.003525
NDIH	-4.407217
DIHA	-4.234355
ENOO	-4.698702
NOOB	-5.131011
OOBJ	-5.215332
NGIT	-3.870098
GITI	-4.680218
ITIL	-5.320067
IONH	-4.113486
ONHE	-3.934948
NHEC	-4.680218
ACEC	-4.946486
CECO	-4.590608
ECOP	-4.708247
OPYR	-4.613272
PYRI	-4.621097
YRIG	-4.516362
HTBY	-4.621097
TBYG	-4.781676
ISWA	-4.096642
SINV	-4.562119
INVI	-4.268038
NVIT	-4.516362
VITA	-4.510201
IONE	-4.108607
ONEN	-4.388332
NENO	-4.486398
GHWH	-4.708247
HWHY	-5.361460
WHYM	-5.320067
HYMY	-5.759400
EARY	-4.458370
RYOU	-3.794433
YOUM	-3.729002
OUMU	-4.179616
UMUS	-4.191198
USTK	-5.106187
STKN	-4.981248
NOWM	-4.392977
GSAY	-5.759400
SAYS	-4.264550
KENB	-4.856310
BYAY	-5.662490
YAYO	-5.516362
NOFL	-4.963520
FLAR	-5.361460
RGEF	-5.185368
GEFO	-4.759400
UNEF	-5.759400
NEFR	-4.884338
ENOR	-4.071425
HOFE	-5.215332
OFEN	-4.698702
FENG	-5.106187
OWNO	-4.118422
WNON	-4.829981
NONM	-5.215332
ONMO	-4.842946
NMON	-5.082706
DAYI	-4.541916
YINA	-4.569068
NACH	-5.019037
CHAI	-4.146616
HAIS	-5.215332
AISE	-4.268038
DFOU	-4.689362
URTO	-4.320067
CHDE	-4.963520
HEAG	-4.576130
EEDW	-4.884338
THMR	-4.817392
HMRM	-6.361460
MRMO	-5.884338
MORR	-4.541916
ISIM	-4.613272
AKEP	-4.914302
KEPO	-5.458370
NBEF	-4.516362
EMIC	-4.946486
MICH	-5.458370
CHAE	-5.759400
HAEL	-5.662490
AELM	-5.884338
ELMA	-5.361460
LMAS	-4.930096
MASA	-4.963520
SSER	-4.562119
RVAN	-4.492228
NTSA	-4.165560
TSAR	-4.662490
ETOB	-3.999732
USEB	-5.157340
SEBY	-5.106187
EBYT	-4.397672
DOFN	-5.106187
OFNE	-4.671264
FNEX	-5.884338
NEXT	-4.071425
EXTW	-5.320067
XTWE	-5.759400
WEEK	-4.275100
EEKW	-5.583308
EKWH	-5.759400
KWHA	-4.899062
ISHI	-4.037177
SHIS	-3.870098
HISN	-4.151945
ISNA	-4.522611
SNAM	-4.645456
AMEB	-4.605585
MEBI	-5.662490
LEYI	-4.708247
EYIS	-5.106187
YISH	-4.805157
IEDO	-4.442382
EDOR	-4.583308
DORS	-5.106187
ORSI	-4.576130
GLEO	-5.157340
LEOH	-5.583308
EOHS	-5.662490
OHSI	-5.516362
HSIN	-5.019037
LEMY	-4.946486
EMYD	-4.698702
OBES	-4.106187
BESU	-4.407217
UROR	-4.914302
RORF	-5.106187
RFIV	-4.930096
DAYE	-4.793258
AYEA	-4.348622
EARW	-4.535385
ARWH	-4.535385
RWHA	-4.071425
ATAF	-4.884338
TAFI	-5.361460
URGI	-5.320067
RGIR	-4.930096
LSHO	-4.829981
HOWS	-4.492228
OWSO	-4.352859
WSOH	-6.361460
SOHO	-5.320067
OHOW	-5.282278
WCAN	-4.738210
CANI	-4.590608
NITA	-4.598032
ITAF	-5.247516
TAFF	-4.629066
HEMM	-4.748676
EMMY	-5.759400
MMYD	-5.458370
CANY	-4.689362
YOUB	-4.278674
OUBE	-4.583308
UBES	-5.282278
BESO	-4.275100
ESOT	-4.583308
SOTI	-5.884338
OTIR	-5.884338
OMEY	-4.748676
MEYO	-4.613272
IAMT	-4.662490
MTHI	-4.486398
INKI	-4.045489
GOFH	-4.637184
ISMA	-3.933325
SDES	-4.361460
DESI	-3.956626
SIGN	-3.934948
IGNI	-4.282278
GNIN	-5.282278
ETTL	-4.293274
TTLI	-5.039240
EDES	-4.131011
IGNN	-6.361460
GNNO	-6.361460
NNON	-5.157340
NONS	-4.842946
NSEH	-5.583308
UTAL	-4.370234
ALKS	-4.963520
LKSO	-5.458370
KSOB	-5.759400
SOBU	-4.946486
OBUT	-4.416977
MAYF	-5.361460
AYFA	-5.583308
YFAL	-5.215332
THON	-4.437180
EREF	-3.764863
OREY	-4.569068
USTV	-5.662490
STVI	-4.946486
TVIS	-5.215332
IMAS	-4.442382
MASS	-4.432041
SSOO	-4.200092
SOON	-3.657309
OONA	-4.041313
NASH	-4.447646
ESIS	-4.289578
SISE	-5.185368
ISEE	-4.344426
NOOC	-5.407217
OOCC	-5.060430
HATY	-3.814917
ATYO	-3.800358
OUAN	-4.332076
UAND	-4.412070
RLSM	-6.060430
MAYG	-5.082706
AYGO	-5.215332
GOOR	-5.662490
OORY	-5.662490
OUMA	-4.136150
UMAY	-4.218445
YSEN	-4.629066
SEND	-4.300762
HEMB	-4.392977
EMBY	-5.060430
MBYT	-5.060430
VESW	-4.583308
ICHP	-4.621097
CHPE	-5.106187
APSW	-5.082706
PSWI	-5.039240
ILLB	-3.934948
LLBE	-3.765963
LBES	-4.718007
LBET	-4.708247
ORAS	-4.416977
ASYO	-4.191198
EASH	-4.271555
MEAS	-4.023003
SANY	-4.492228
EMMR	-5.320067
MMRB	-5.583308
LEYM	-5.247516
GHTL	-4.328036
HTLI	-5.157340
IKEY	-4.999732
KEYO	-4.576130
RTYM	-5.407217
TYMY	-5.583308
YOUF	-4.357138
OUFL	-5.759400
UFLA	-5.884338
RMEI	-4.870098
MEIC	-4.930096
EICE	-4.884338
AVEH	-3.994104
VEHA	-4.442382
HADM	-4.304555
ADMY	-5.039240
MYSH	-4.930096
FBEA	-5.215332
UTYB	-5.458370
UTID	-4.708247
TIDO	-4.645456
OTPR	-4.645456
TPRE	-4.162803
RETE	-4.426961
DTOB	-3.963520
OBEA	-4.089618
NGEX	-4.689362
GEXT	-5.583308
XTRA	-4.447646
TRAO	-4.718007
RAOR	-4.718007
AORD	-4.727991
DINA	-3.870098
INAR	-4.206124
NARY	-4.285913
ARYN	-5.361460
RYNO	-4.981248
YNOW	-4.708247
ENAW	-4.829981
NAWO	-4.999732
HASF	-5.060430
ASFI	-4.718007
SFIV	-5.583308
IVEG	-5.247516
VEGR	-5.247516
OWNU	-4.662490
WNUP	-4.689362
NUPD	-6.361460
UPDA	-5.884338
PDAU	-5.759400
RSSH	-4.781676
HEOU	-4.637184
EOUG	-5.361460
TOGI	-4.426961
OGIV	-4.412070
VEOV	-5.458370
OWNB	-4.374688
WNBE	-4.870098
UTYI	-5.185368
UCHC	-4.645456
SESA	-4.320067
ESAW	-4.221581
ENMU	-5.131011
NMUC	-5.131011
UCHB	-4.698702
CHBE	-4.698702
UTYT	-5.106187
INKO	-4.316137
NKOF	-4.308381
KOFB	-5.320067
UTMY	-4.486398
TMYD	-4.759400
EEDG	-4.884338
EDGO	-4.999732
DGOA	-5.458370
EEMR	-5.157340
HENH	-3.890168
ENEI	-4.412070
OODI	-4.388332
ODIT	-5.082706
TISM	-4.548546
IENG	-6.060430
ORIA	-4.662490
RIAS	-5.407217
IASS	-4.781676
OUBU	-4.793258
UBUT	-4.842946
DERY	-4.999732
OURD	-4.316137
URDA	-4.605585
INKW	-4.629066
NKWH	-5.157340
STAB	-4.328036
ABLI	-4.770395
SHME	-4.312242
HMEN	-4.160062
NTIT	-4.221581
DBEF	-4.118422
EMSI	-5.407217
MSIR	-5.583308
SIRW	-4.590608
IRWI	-4.388332
RWIL	-4.282278
LLIA	-4.141352
IAMA	-4.268038
DYLU	-5.082706
YLUC	-5.019037
CASA	-5.247516
ARED	-3.673040
EDET	-4.583308
DTOG	-4.361460
TOGO	-4.264550
OGOM	-6.361460
GOME	-6.060430
ELYO	-4.598032
LYON	-4.308381
ATAC	-4.662490
TACC	-4.662490
RALY	-5.361460
ALYO	-5.282278
YOUK	-4.275100
OUKN	-4.268038
UKNO	-4.282278
WTHE	-3.802751
HEYV	-5.662490
EYVI	-5.884338
YVIS	-4.963520
SITN	-4.805157
ITNO	-4.320067
NEWC	-4.981248
EWCO	-5.157340
WCOM	-4.759400
MERS	-4.748676
EEDY	-4.829981
EDYO	-4.080426
DYOU	-3.560743
USTG	-4.770395
STGO	-4.829981
TGOF	-5.662490
RITW	-4.297002
LBEI	-4.870098
FORU	-4.781676
ORUS	-4.698702
RUST	-4.143976
STOV	-4.738210
TOVI	-4.708247
OVIS	-4.718007
IMIF	-5.320067
MIFY	-5.458370
IFYO	-3.967008
YOUD	-4.099009
OUDO	-4.352859
UDON	-4.645456
SCRU	-4.708247
CRUP	-5.106187
RUPU	-5.662490
UPUL	-5.662490
PULO	-5.361460
ULOU	-4.613272
LOUS	-4.285913
USSU	-5.185368
LYID	-5.583308
YIDA	-6.060430
SAYM	-5.157340
AYMR	-5.157340
YMRB	-5.361460
LBEV	-5.320067
BEVE	-4.698702
ERYG	-4.416977
RYGL	-5.039240
YGLA	-4.759400
LADT	-4.781676
ADTO	-4.282278
SEEY	-4.621097
NDIW	-4.348622
DIWI	-4.637184
LLSE	-4.383736
DAFE	-4.884338
FEWL	-5.458370
EWLI	-5.157340
WLIN	-4.645456
NESB	-4.930096
SBYY	-6.060430
BYYO	-4.829981
UTOA	-5.361460
IMOF	-4.698702
MOFM	-4.946486
FMYH	-4.946486
MYHE	-4.293274
RTYC	-5.662490
CHEV	-5.039240
RHEC	-5.215332
OSES	-4.191198
RLST	-5.282278
LSTH	-4.344426
HIMU	-4.842946
IMUS	-4.227921
HROW	-4.244188
WINA	-5.185368
NAGO	-5.106187
OODW	-4.535385
ODWO	-5.361460
DWOR	-4.528951
ORDF	-4.856310
RDFO	-4.748676
RMYL	-5.361460
MYLI	-4.392977
YLIT	-4.528951
TLEL	-4.899062
ZZYI	-5.157340
ZYID	-6.060430
YIDE	-4.899062
IDES	-3.968763
ESIR	-4.025000
SIRE	-4.138743
IREY	-4.899062
OUWI	-3.922127
UWIL	-3.968763
LDON	-4.474969
NOSU	-4.963520
GLIZ	-6.060430
ZYIS	-5.884338
YISN	-5.039240
TABI	-4.914302
BITB	-6.361460
ITBE	-4.234355
TBET	-4.224739
ALFS	-4.793258
LFSO	-4.829981
FSOH	-6.060430
SOHA	-4.793258
OHAN	-5.039240
EASJ	-5.884338
ASJA	-5.407217
SJAN	-5.131011
NORH	-4.914302
RHAL	-4.856310
FSOG	-6.361460
SOGO	-5.185368
OGOO	-4.653889
OODH	-4.383736
ODHU	-4.884338
OURE	-3.923709
DASL	-4.963520
ASLY	-5.282278
SLYD	-4.781676
BUTY	-4.397672
UTYO	-4.231126
EALW	-4.463833
AYSG	-5.039240
YSGI	-5.407217
NCET	-3.724972
EMMU	-5.662490
MMUC	-5.060430
CHTO	-4.361460
MEND	-4.293274
HEMR	-5.215332
EMRE	-5.759400
MREP	-5.516362
DHET	-4.562119
ALLS	-3.821130
LLSI	-4.637184
LSIL	-5.247516
SILL	-4.555280
NDIG	-4.590608
DIGN	-4.458370
IGNO	-4.240886
GNOR	-4.412070
NORA	-4.240886
ANTL	-4.118422
NTLI	-4.829981
IKEO	-4.770395
KEOT	-5.583308
RLSB	-5.884338
LSBU	-5.185368
BUTL	-4.397672
UTLI	-4.590608
TLIZ	-5.106187
ZZYH	-5.884338
ZYHA	-5.884338
EOFQ	-5.516362
FQUI	-5.282278
QUIC	-4.179616
UICK	-4.179616
ICKN	-4.963520
CKNE	-4.738210
RSMR	-5.458370
SMRB	-5.215332
THOW	-4.138743
OUAB	-5.282278
UABU	-6.361460
ABUS	-5.157340
BUSE	-5.583308
USEY	-4.981248
SEYO	-4.416977
WNCH	-5.247516
HILD	-4.115947
ILDR	-4.474969
LDRE	-4.138743
DREN	-4.388332
RENI	-4.981248
HAWA	-5.039240
WAYY	-5.019037
AYYO	-4.645456
UTAK	-5.247516
AKED	-4.637184
KEDE	-5.019037
NVEX	-5.759400
VEXI	-6.361460
EXIN	-5.759400
XING	-5.215332
GMEY	-5.884338
ENOC	-4.698702
NOCO	-4.689362
MPAS	-4.416977
ONON	-4.234355
ONMY	-4.103781
NMYP	-4.598032
MYPO	-4.528951
YPOO	-4.793258
OORN	-5.583308
ORNE	-4.191198
RNER	-4.340270
NERV	-4.653889
RVES	-4.583308
OUMI	-4.842946
UMIS	-5.458370
AKEM	-4.421940
KEME	-4.738210
MEMY	-4.605585
ARIH	-5.458370
RIHA	-4.463833
VEAH	-5.215332
EAHI	-5.215332
AHIG	-4.981248
IGHR	-5.282278
GHRE	-5.407217
HRES	-4.817392
FORY	-4.244188
AREM	-4.320067
REMY	-4.452975
EMYO	-4.842946
MYOL	-5.407217
YOLD	-4.793258
OLDF	-4.689362
LDFR	-5.185368
DFRI	-4.708247
DSIH	-5.516362
VEHE	-4.123414
ARDY	-4.698702
RDYO	-4.899062
OUME	-4.727991
UMEN	-4.469365
EMWI	-4.770395
HCON	-4.555280
ESET	-4.141352
SETW	-4.842946
NTYY	-5.215332
TYYE	-4.738210
STAH	-5.583308
TAHY	-6.060430
AHYO	-6.060430
WWHA	-4.412070
TISU	-4.781676
ISUF	-5.583308
UFFE	-4.254250
FERB	-5.662490
ERBU	-4.047592
RBUT	-3.914302
UTIH	-4.583308
OPEY	-5.039240
PEYO	-5.082706
ILLG	-4.569068
LLGE	-5.185368
LGET	-5.157340
GETO	-4.357138
ETOV	-5.185368
TOVE	-4.224739
DLIV	-4.963520
VETO	-4.066993
EEMA	-4.662490
ANYY	-4.856310
NYYO	-5.407217
NOFF	-4.458370
EARC	-4.285913
ARCO	-4.759400
DITW	-4.094288
LBEN	-5.247516
SETO	-3.974070
USIF	-5.247516
SIFT	-4.535385
IFTW	-5.662490
FTWE	-5.361460
NTYS	-5.131011
TYSU	-5.320067
YSUC	-4.535385
UCHS	-4.458370
CHSH	-4.316137
HSHO	-4.842946
LDCO	-4.432041
INCE	-3.769283
NCEY	-4.576130
CEYO	-4.498137
OTVI	-5.662490
HEMD	-5.039240
MDEP	-6.060430
ENDU	-4.312242
NDUP	-4.426961
PONI	-4.463833
NITM	-5.157340
ITMY	-4.842946
ATWH	-3.954919
RETW	-4.770395
NTYI	-5.247516
TYIW	-5.662490
YIWI	-5.131011
ILLV	-5.247516
LLVI	-5.320067
LVIS	-5.407217
LLMR	-5.157340
LMRB	-5.759400
SOOD	-5.884338
ODDA	-5.458370
DDAM	-5.320067
DAMI	-4.748676
AMIX	-5.361460
MIXT	-5.247516
IXTU	-5.247516
XTUR	-5.157340
CKPA	-5.407217
KPAR	-5.759400
ARTS	-4.151945
RTSS	-5.185368
TSSA	-5.247516
SARC	-5.516362
ARCA	-5.019037
RCAS	-4.708247
CAST	-4.084998
TICH	-5.185368
ICHU	-5.247516
CHUM	-5.884338
OURR	-4.426961
URRE	-4.103781
RRES	-4.197107
ESER	-3.887243
RVEA	-5.106187
NDCA	-4.188273
DCAP	-4.629066
CAPR	-5.282278
APRI	-4.759400
PRIC	-4.748676
RICE	-4.793258
FTHR	-5.060430
EEAN	-4.535385
NDTW	-4.689362
DTWE	-4.999732
ARSH	-4.432041
NSUF	-4.914302
TTOM	-4.015107
IFEU	-5.884338
FEUN	-5.884338
ISCH	-4.108607
ASLE	-4.416977
SLES	-4.738210
SSDI	-5.131011
TTOD	-4.583308
TODE	-4.157340
ODEV	-5.247516
OPES	-4.352859
PESH	-5.516362
FMEA	-5.215332
EANU	-5.131011
NUND	-4.698702
GLIT	-4.805157
TLEI	-4.528951
DUNC	-4.856310
UNCE	-4.361460
EMPE	-4.320067
PERW	-4.748676
ASDI	-4.598032
FANC	-4.268038
CIED	-5.131011
ELFN	-5.060430
LFNE	-5.759400
FNER	-5.884338
ERVO	-4.613272
RVOU	-4.817392
HEBU	-4.108607
EBUS	-4.528951
RLIF	-4.884338
STOG	-4.480646
OGET	-3.888703
GETH	-3.785118
ERDA	-4.151945
RSMA	-4.605585
EDIT	-3.561430
TSSO	-4.805157
SSOL	-4.613272
OLAC	-5.516362
ACEW	-4.361460
CEWA	-4.397672
WASV	-4.365824
ASVI	-5.039240
SVIS	-4.727991
DNEW	-4.870098
NEWS	-4.357138
EWSI	-5.215332
WSIL	-5.884338
ONMR	-4.689362
NMRM	-5.759400
MRMR	-6.361460
ETCO	-4.770395
LENI	-4.981248
ENIL	-4.870098
ONIH	-4.870098
NIHO	-5.583308
RIII	-5.662490
IIIL	-4.981248
IILL	-4.793258
ASAM	-4.452975
SAMO	-4.426961
AMON	-3.816153
MONG	-3.882893
ONGT	-3.835120
HOWA	-4.268038
OWAI	-4.981248
WAIT	-4.182483
AITE	-4.645456
TEDO	-4.078158
EDON	-3.565580
DONM	-4.645456
EYHE	-4.842946
YHEH	-4.829981
DALW	-4.718007
AYSI	-4.469365
YSIN	-4.548546
DTOV	-5.247516
HTOT	-4.645456
SASS	-4.541916
SURI	-5.282278
TGOA	-5.407217
NDTI	-4.708247
HEEV	-4.171128
NGAF	-4.474969
GAFT	-4.689362
SITW	-4.025000
WASP	-4.071425
ASPA	-4.541916
PAID	-4.637184
DNOK	-5.884338
NOKN	-5.583308
ITIT	-4.407217
ISCL	-4.653889
SCLO	-4.689362
CLOS	-4.019037
OSED	-3.984883
EFOL	-4.365824
OLLO	-3.905094
LOWI	-4.154634
WING	-3.669495
RVIN	-4.576130
ONDD	-5.215332
NDDA	-4.469365
DDAU	-5.185368
REMP	-4.981248
EMPL	-4.234355
MPLO	-4.407217
PLOY	-4.432041
LOYE	-4.653889
YEDI	-4.671264
TRIM	-5.082706
IMMI	-4.590608
NGAH	-4.914302
GAHA	-5.060430
AHAT	-5.361460
DENL	-4.176768
ENLY	-4.069204
ADDR	-4.257656
DDRE	-4.247516
SEDH	-4.176768
THIH	-5.361460
HIHO	-5.516362
EITL	-5.458370
ITLI	-4.999732
ZZYW	-5.282278
ZYWE	-6.361460
INAW	-4.621097
NAWA	-4.605585
YTOK	-5.157340
ATMR	-4.474969
LEYL	-5.407217
EYLI	-5.215332
IKES	-4.397672
KESS	-5.407217
SSAI	-4.224739
IDHE	-3.912753
RMOT	-4.234355
LYSI	-4.605585
CEWE	-4.637184
EWEA	-4.361460
TTOV	-5.516362
SITB	-5.082706
OUFO	-4.698702
UFOR	-4.748676
RGET	-4.416977
GETM	-5.320067
TMAM	-6.361460
MAMM	-5.215332
AMMA	-4.981248
MMAS	-5.884338
ASAI	-4.805157
AIDE	-4.498137
IDEL	-4.271555
ETHT	-4.432041
TWES	-4.708247
WESH	-4.297002
SHAL	-3.580423
LMEE	-5.361460
MATT	-3.849576
HEAS	-4.157340
SEMB	-4.447646
EMBL	-4.297002
MBLI	-4.583308
BLIE	-6.060430
TMRS	-4.781676
PROM	-4.108607
ROMI	-3.990392
OMIS	-4.041313
MISE	-3.844264
NTRO	-4.336154
TROD	-4.510201
RODU	-4.240886
ODUC	-4.240886
IMID	-4.963520
MIDO	-5.407217
TBEL	-4.486398
EVEM	-4.914302
VEMR	-5.282278
ONGW	-4.504127
GWIL	-5.157340
LDOA	-5.516362
DOAN	-4.946486
NYSU	-5.215332
NGSH	-4.173939
GSHE	-4.576130
ASTW	-4.282278
WONI	-5.759400
SASE	-4.899062
ASEL	-4.781676
ISHH	-4.645456
SHHY	-6.361460
HHYP	-6.361460
YPOC	-5.282278
POCR	-5.662490
OCRI	-4.930096
LWOM	-5.662490
NOOP	-5.516362
OOPI	-4.963520
PINI	-4.261089
INIO	-4.250870
RNOM	-5.458370
NOMO	-4.282278
REHA	-4.271555
AVEI	-4.206124
VEIS	-4.981248
ISAI	-4.718007
AIDM	-4.397672
IDMR	-4.629066
DMRB	-4.817392
IAMG	-4.781676
AMGL	-5.131011
MGLA	-5.185368
DTOF	-4.510201
OTDE	-4.621097
TDEP	-4.981248
RSER	-4.870098
INGY	-4.108607
NGYO	-4.168335
GYOU	-4.133573
OUMR	-5.282278
UMRS	-5.884338
ETDE	-5.458370
TDEI	-6.060430
DEIG	-5.320067
EIGN	-4.535385
IGNE	-4.613272
GNED	-4.718007
EPLY	-4.397672
PLYB	-5.458370
ELFB	-4.474969
LFBE	-4.946486
FBEG	-5.759400
BEGA	-4.120910
EGAN	-3.984883
GANS	-5.131011
ANSC	-4.805157
OLDI	-4.224739
ERSD	-4.698702
RSDO	-5.157340
SDON	-4.498137
DONT	-3.755078
ONTK	-4.842946
NTKE	-5.884338
TKEE	-5.060430
EEPC	-5.106187
EPCO	-5.516362
PCOU	-5.662490
COUG	-5.361460
GHIN	-4.289578
GSOK	-6.361460
SOKI	-5.361460
TTYF	-5.320067
ORHE	-4.001624
HEAV	-3.864530
ENSS	-5.282278
NSSA	-5.106187
SSAK	-4.817392
SAKE	-4.510201
KEHA	-4.999732
TLEC	-4.576130
NMYN	-5.082706
MYNE	-4.914302
YNER	-5.247516
OUTE	-4.244188
TEAR	-4.365824
TOPI	-4.738210
OPIE	-4.946486
CESK	-6.060430
ESKI	-4.738210
SKIT	-5.282278
TTYH	-5.583308
NODI	-5.019037
ODIS	-4.254250
ETIO	-4.914302
RCOU	-4.182483
GHSS	-6.060430
HSSA	-5.759400
RFAT	-4.247516
FATH	-3.702495
LLID	-5.019037
LIDO	-5.185368
MYOW	-4.165560
YOWN	-4.149272
WNAM	-5.458370
NAMU	-5.320067
MUSE	-4.689362
SEME	-4.316137
IEDK	-5.884338
EDKI	-5.215332
DKIT	-4.999732
TYFR	-5.320067
FRET	-5.157340
RETF	-5.516362
ETFU	-5.185368
HENI	-3.577556
ENIS	-4.332076
NISY	-5.662490
ISYO	-4.463833
RNEX	-5.458370
XTBA	-5.884338
TBAL	-5.407217
LLTO	-4.320067
LTOB	-5.019037
OBEL	-4.486398
ZZYT	-5.157340
ZYTO	-5.583308
ORRO	-4.021016
ROWF	-4.981248
OWFO	-4.569068
ORTN	-4.781676
RTNI	-4.870098
TNIG	-4.257656
NIGH	-3.610951
HTAY	-6.060430
TAYS	-5.282278
YSOI	-5.131011
SOIT	-4.662490
OITI	-4.671264
TISC	-4.605585
ONGD	-4.727991
NGDO	-4.227921
GDOE	-5.583308
MEBA	-4.621097
EBAC	-4.316137
ACKT	-4.320067
CKTI	-5.458370
KTIL	-5.759400
DAYB	-4.653889
ORES	-3.874321
ESOI	-4.817392
OITW	-4.759400
RTOI	-4.829981
ORSH	-4.320067
HEWI	-3.676614
EWIL	-3.864530
WHIM	-4.361460
ENMY	-4.469365
NMYD	-4.856310
EOFY	-4.452975
URFR	-4.817392
UCEM	-5.185368
EYTO	-4.718007
RIMP	-4.781676
NIAM	-4.637184
TACQ	-5.282278
ACQU	-4.125931
QUAI	-4.212241
UAIN	-4.215332
HIMM	-4.535385
IMMY	-5.458370
MMYS	-5.131011
LFHO	-5.060430
FHOW	-5.106187
SOTE	-5.583308
NGIH	-4.999732
GIHO	-6.060430
IHON	-6.060430
HONO	-4.212241
URCI	-5.759400
RCIR	-4.963520
CIRC	-3.941504
IRCU	-4.069204
RCUM	-4.138743
CUMS	-4.194142
UMSP	-5.516362
MSPE	-5.131011
AFOR	-4.374688
HTSA	-4.662490
TSAC	-5.247516
SACQ	-5.185368
INTA	-4.149272
NLYV	-5.320067
LYVE	-5.157340
YVER	-4.708247
NECA	-4.605585
ECAN	-3.967008
ATAM	-4.689362
TAMA	-4.870098
MANR	-5.082706
LYIS	-4.738210
YISB	-5.458370
ISBY	-4.981248
SBYT	-4.680218
DOFA	-4.344426
OFAF	-4.474969
FAFO	-5.282278
HTBU	-4.748676
TIFW	-5.407217
IFWE	-4.781676
FWED	-5.458370
WEDO	-4.671264
TVEN	-5.458370
MEBO	-4.999732
EBOD	-4.379188
ODYE	-4.946486
DYEL	-4.999732
YELS	-5.131011
LSEW	-4.870098
SEWI	-4.383736
LMRS	-5.759400
ESMU	-4.963520
USTS	-4.447646
IRCH	-4.829981
KITA	-5.320067
TOFK	-5.458370
FKIN	-5.039240
INDN	-4.447646
SSIF	-5.060430
SIFY	-4.842946
OUDE	-4.576130
UDEC	-5.516362
ICEI	-4.416977
CEIW	-5.019037
EIWI	-4.805157
LLTA	-4.662490
LTAK	-4.793258
AKEI	-4.348622
EITO	-4.793258
ITON	-4.516362
TONM	-5.185368
NMYS	-4.541916
RLSS	-5.583308
LSST	-5.320067
SSTA	-4.185368
TARE	-4.304555
EIRF	-4.374688
ERMR	-4.562119
NSEW	-5.157340
ATCA	-4.336154
CANB	-4.392977
ANBE	-4.212241
EMPH	-5.516362
MPHA	-4.946486
PHAT	-5.361460
ATIC	-4.231126
CEXC	-6.361460
EXCL	-4.407217
XCLA	-4.492228
CLAM	-4.698702
AMAT	-4.469365
ONCR	-5.106187
NCRI	-4.930096
DHED	-4.899062
EDOY	-4.999732
DOYO	-4.082706
UCON	-5.157340
DERT	-3.861773
ORMS	-4.629066
RMSO	-4.629066
MSOF	-4.392977
SOFI	-4.402418
TISL	-4.899062
SLAI	-4.999732
EMAS	-4.136150
MASN	-6.060430
SNON	-4.884338
SEIC	-5.131011
EICA	-4.708247
ITEA	-4.297002
TEAG	-5.019037
EEWI	-4.981248
ATSA	-4.278674
TSAY	-4.516362
SAYY	-4.946486
UMAR	-5.884338
ARYF	-4.914302
RYFO	-4.510201
REAY	-5.884338
EAYO	-5.407217
ADYO	-4.621097
FDEE	-5.759400
DEEP	-4.025000
EEPR	-5.759400
REFL	-4.244188
EFLE	-4.221581
FLEC	-4.336154
ONIK	-5.884338
NIKN	-5.157340
IKNO	-4.191198
WAND	-3.911211
DREA	-3.926891
EADG	-5.458370
ADGR	-5.247516
DGRE	-4.718007
ATBO	-4.829981
DMAK	-4.486398
AKEE	-5.060430
KEEX	-5.583308
EEXT	-4.432041
CTSM	-5.583308
RYWI	-4.680218
YWIS	-4.817392
NGVE	-4.662490
GVER	-4.805157
LEBU	-4.312242
BUTK	-5.516362
UTKN	-5.407217
TKNE	-5.320067
NEWN	-4.870098
EWNO	-4.856310
WNOT	-4.437180
HOWW	-4.727991
WWHI	-4.738210
ARYI	-4.662490
RYIS	-4.981248
YISA	-4.856310
SADJ	-6.361460
DEAS	-4.336154
TINU	-3.981248
INUE	-4.185368
NUED	-4.304555
UEDL	-5.759400
EDLE	-4.407217
DLET	-4.463833
TUSR	-6.060430
USRE	-4.899062
URNT	-4.308381
RNTO	-4.421940
NTOM	-4.149272
TOMR	-4.452975
OMRB	-5.247516
EYIA	-5.458370
YIAM	-4.727991
AMSI	-5.215332
MSIC	-5.516362
SICK	-4.680218
ICKO	-5.019037
KOFM	-4.999732
LEYC	-5.320067
EYCR	-5.662490
YCRI	-4.899062
FEIA	-5.884338
AMSO	-4.653889
MSOR	-4.946486
SORR	-4.308381
ORRY	-4.598032
RRYT	-4.662490
HATB	-4.017067
ATBU	-4.474969
TWHY	-4.817392
WHYD	-4.555280
HYDI	-4.829981
YDID	-4.357138
DIDY	-4.426961
IDYO	-4.370234
OUNO	-4.416977
UNOT	-4.583308
LMES	-3.686598
ESOB	-4.981248
SOBE	-4.621097
OREI	-3.967008
EIFI	-4.605585
IFIH	-4.842946
FIHA	-4.781676
IHAD	-3.669495
HADK	-5.039240
ADKN	-5.185368
DKNO	-4.727991
WNAS	-4.805157
NASM	-4.829981
ASMU	-4.271555
MORN	-3.875738
NGIC	-5.082706
GICE	-5.583308
LYWO	-4.718007
AVEC	-4.365824
VECA	-5.019037
LEDO	-4.173939
YUNL	-5.060430
UNLU	-5.247516
NLUC	-5.185368
CKYB	-6.361460
KYBU	-5.884338
LLYP	-4.718007
YPAI	-4.946486
TWEC	-5.039240
WECA	-4.555280
TESC	-4.770395
APET	-5.019037
EACQ	-4.689362
NCEN	-4.486398
CENO	-4.637184
ENOW	-3.917415
TONI	-4.154634
ESWA	-4.374688
WASJ	-4.930096
USTW	-4.817392
TWHA	-3.810010
NETP	-5.583308
ETPE	-5.884338
APSS	-5.282278
PSSU	-5.662490
SURP	-4.133573
URPA	-4.680218
ESTT	-4.136150
HWHE	-4.516362
RSTT	-4.374688
STTU	-5.185368
TTUM	-6.060430
TUMU	-4.930096
UMUL	-4.770395
MULT	-4.522611
TOFJ	-5.516362
OFJO	-4.884338
FJOY	-5.320067
JOYW	-5.516362
OYWA	-5.458370
SHEB	-4.402418
EBEG	-4.498137
NTOD	-4.637184
ODEC	-4.842946
WASW	-4.231126
ASWH	-4.474969
SWHA	-3.997848
ADEX	-5.082706
XPEC	-4.075902
LEHO	-4.510201
HOWG	-5.131011
OWGO	-5.282278
WGOO	-6.361460
SINY	-5.157340
INYO	-4.244188
OUMY	-4.842946
UMYD	-5.320067
NETB	-5.282278
ETBU	-4.999732
UTIK	-5.247516
TIKN	-4.718007
IKNE	-4.421940
LDPE	-4.981248
SUAD	-4.486398
UADE	-4.504127
ADEY	-5.019037
DEYO	-4.829981
OUAT	-5.082706
UATL	-5.884338
STIW	-5.320067
TIWA	-4.191198
IWAS	-3.604064
YOUL	-4.379188
OULO	-4.653889
ULOV	-5.516362
VEDY	-5.106187
STOO	-3.801553
TOOW	-4.759400
OOWE	-5.131011
ELLT	-4.118422
ONEG	-4.842946
NACQ	-5.185368
EWEL	-4.157340
ELLH	-4.447646
LLHO	-4.671264
LHOW	-4.914302
HOWP	-5.215332
OWPL	-5.458370
WPLE	-5.759400
ASED	-4.106187
SSUC	-4.340270
CHAG	-4.981248
HAGO	-5.060430
DJOK	-5.662490
OKET	-4.698702
TOOT	-4.583308
YOUS	-3.758315
OUSH	-4.212241
VEGO	-4.671264
EGON	-4.442382
RSAI	-4.206124
AIDA	-4.452975
IDAW	-5.662490
DAWO	-5.082706
AWOR	-4.452975
RDAB	-5.215332
DABO	-4.212241
TITT	-4.680218
TTIL	-4.645456
LNOW	-4.793258
WNOW	-5.131011
NOWK	-5.407217
OWKI	-5.662490
WKIT	-6.361460
TTYY	-5.884338
TYYO	-5.106187
MAYC	-4.781676
HASM	-4.621097
HASY	-5.039240
UCHO	-4.402418
OKEH	-5.019037
EHEL	-4.197107
ELEF	-4.498137
EFTT	-4.562119
EROO	-4.027006
OOMF	-4.884338
OMFA	-5.662490
MFAT	-5.884338
FATI	-4.856310
ATIG	-4.759400
TIGU	-4.884338
GUED	-5.060430
UEDW	-4.981248
ERAP	-4.528951
RAPT	-4.946486
APTU	-4.613272
PTUR	-4.522611
FEWH	-4.817392
NTFA	-5.157340
TFAT	-5.157340
HERY	-4.218445
LSSA	-5.516362
OORW	-4.504127
ORWA	-4.043396
SSHU	-4.842946
SHUT	-4.541916
HUTI	-5.516362
HOWY	-5.019037
OWYO	-4.605585
WYOU	-4.480646
LLEV	-4.829981
VERM	-4.149272
RMAK	-4.999732
IMAM	-5.516362
MAME	-5.407217
AMEN	-4.203097
NDSF	-4.793258
DSFO	-4.817392
RMEE	-5.458370
MEEI	-5.583308
EEIT	-4.629066
TMAT	-4.946486
ATOU	-4.708247
URTI	-4.963520
FLIF	-4.548546
FEIT	-4.829981
TSOP	-5.320067
SOPL	-5.247516
OPLE	-4.115947
ANTE	-4.037177
ELLY	-4.316137
UTOB	-5.215332
OBEM	-4.698702
BEMA	-4.708247
EMAK	-4.759400
MAKI	-4.332076
GNEW	-5.131011
EWAC	-5.320067
WACQ	-5.662490
CESE	-4.870098
ESEV	-4.348622
ERYD	-4.237608
RYDA	-4.583308
YDAY	-4.432041
BUTF	-4.458370
UTFO	-4.474969
URSA	-4.590608
RSAK	-5.407217
KESW	-5.247516
SWEW	-4.981248
WEWO	-5.320067
ULDD	-4.304555
LDDO	-4.555280
DDOA	-5.458370
GLYD	-5.106187
IAMY	-5.458370
AMYL	-6.060430
MYLO	-4.884338
YLOV	-4.748676
UGHY	-5.157340
GHYO	-5.247516
STID	-5.131011
TIDA	-5.361460
LLDA	-4.829981
UATT	-5.320067
LLOH	-5.320067
LOHS	-6.060430
OHSA	-5.583308
HSAI	-4.698702
AIDL	-4.930096
IDLY	-4.613272
IAST	-5.215332
UTLY	-5.458370
TLYI	-4.447646
LYIA	-5.060430
TAFR	-5.157340
AFRA	-4.463833
FRAI	-4.348622
RAID	-4.426961
AIDF	-4.884338
IDFO	-5.131011
GHIA	-5.215332
HIAM	-4.793258
NGWA	-4.185368
GWAS	-4.344426
ASSP	-4.759400
SPEN	-4.062607
GHOW	-4.698702
WSOO	-5.516362
OONH	-4.727991
NHEW	-4.421940
ULDR	-4.348622
DRET	-4.522611
URNM	-5.247516
RNMR	-5.583308
ETSV	-6.060430
TSVI	-5.516362
DDET	-5.039240
GWHE	-4.535385
HEYS	-4.108607
EYSH	-4.621097
LDAS	-4.856310
DASK	-5.019037
ASKH	-5.106187
SKHI	-5.458370
MTOD	-4.981248
TODI	-4.240886
ODIN	-4.442382
DINN	-4.421940
INNE	-4.264550
NERI	-4.535385
ERIL	-4.374688
ONIM	-5.131011
NIMT	-6.361460
SECH	-5.060430
IIII	-5.247516
IONN	-4.718007
ONNO	-4.590608
OTAL	-4.247516
SSIS	-4.062607
IVED	-3.704404
VEDA	-4.080426
EDAU	-4.842946
ASKO	-5.106187
SKON	-5.662490
KONT	-4.914302
ECTW	-4.522611
CTWA	-5.019037
SSUF	-4.963520
TODR	-4.576130
ODRA	-4.981248
AWFR	-5.516362
WFRO	-4.793258
ERHU	-4.469365
RHUS	-4.576130
NYSA	-5.458370
YSAT	-4.718007
ORYD	-5.759400
RYDE	-4.738210
EYAT	-5.662490
YATT	-4.308381
MINV	-5.662490
ARIO	-4.365824
USWA	-5.019037
AYSW	-4.662490
YSWI	-4.817392
THBA	-5.583308
HBAR	-5.516362
CEDQ	-6.361460
EDQU	-4.689362
DQUE	-4.555280
STIO	-4.123414
ENIO	-5.157340
NIOU	-5.106187
NSAN	-3.905094
NTSU	-4.842946
SURM	-4.946486
URMI	-4.662490
ISES	-4.271555
SESB	-4.999732
EELU	-5.361460
ELUD	-5.106187
HESK	-4.469365
HEYW	-3.774872
EYWE	-3.891638
YWER	-3.840322
TOBL	-4.963520
BLIG	-4.426961
IGED	-4.645456
OACC	-4.605585
DHAN	-4.598032
IRNE	-5.361460
RNEI	-5.131011
OURL	-4.244188
URLA	-4.759400
RLAD	-4.469365
RREP	-4.671264
RTWA	-4.981248
SHIG	-4.727991
IGHL	-4.598032
HLYF	-5.516362
YFAV	-5.320067
FAVO	-4.268038
AVOU	-3.983062
VOUR	-3.954919
URAB	-4.548546
IAMH	-4.963520
AMHA	-4.829981
MHAD	-4.680218
MHEW	-4.946486
WASQ	-4.671264
ASQU	-4.474969
SQUI	-4.168335
ITEY	-5.759400
TEYO	-4.870098
UNGW	-4.930096
NGWO	-4.442382
GWON	-5.583308
YHAN	-4.344426
OMEE	-4.452975
MEEX	-4.759400
YAGR	-4.981248
DTOC	-4.308381
TOCR	-4.793258
OCRO	-5.320067
CROW	-4.348622
OLEH	-4.842946
EHEM	-4.708247
EANT	-4.149272
EXTA	-5.282278
XTAS	-6.060430
TASS	-4.498137
MBLY	-5.157340
BLYW	-4.914302
HALA	-4.963520
ALAR	-4.179616
RGEP	-5.282278
GEPA	-5.320067
RTYN	-5.516362
DBEM	-4.829981
BEMO	-4.759400
EFON	-5.282278
FDAN	-5.106187
SACE	-5.215332
NSTE	-3.992244
STEP	-4.084998
TEPT	-5.407217
EPTO	-4.914302
PTOW	-5.282278
TOWA	-3.762669
OWAR	-3.797979
RDSF	-5.019037
DSFA	-5.516362
NDVE	-4.637184
DVER	-4.257656
YLIV	-4.899062
LYHO	-4.541916
YHOP	-4.759400
PESO	-4.884338
RTWE	-5.082706
NEDI	-4.019037
DIFI	-4.590608
ANBU	-4.621097
UTSE	-4.805157
SEEO	-5.106187
EEON	-5.320067
FMYD	-4.781676
MYDA	-5.157340
YDAU	-5.247516
APPI	-4.049706
PPIL	-5.131011
PILY	-5.131011
ILYS	-4.662490
LYSE	-4.250870
YSET	-4.842946
TLED	-4.051829
DATN	-5.185368
ELDS	-4.748676
LDSA	-4.621097
DSAI	-4.171128
NETT	-4.621097
ETTO	-4.498137
RSEQ	-5.884338
YWEL	-4.328036
LMAR	-5.106187
LLHA	-4.160062
LHAV	-4.388332
GTOW	-4.528951
TOWI	-4.402418
ISHF	-4.817392
SHFO	-5.082706
NAFE	-4.621097
FEWD	-4.884338
EWDA	-4.930096
WDAY	-4.963520
YSMR	-6.060430
LEYR	-5.884338
EYRE	-4.727991
NEDM	-4.516362
EDMR	-4.463833
NDSA	-3.887243
DSAT	-4.569068
ATAB	-4.805157
NMIN	-4.555280
MINH	-4.914302
INHI	-3.566972
SLIB	-5.282278
LIBR	-4.793258
IBRA	-4.613272
BRAR	-4.829981
ARYH	-4.899062
RYHE	-4.516362
NEDH	-4.221581
EDHO	-4.136150
DHOP	-4.781676
GADM	-5.884338
OASI	-5.320067
ASIG	-4.637184
SIGH	-4.027006
HTOF	-4.003525
FWHO	-4.653889
OSEB	-4.510201
EBEA	-4.332076
UTYH	-5.662490
ARDM	-4.805157
RDMU	-5.516362
DMUC	-4.689362
CHBU	-4.999732
HBUT	-4.300762
WONL	-5.361460
EFAT	-4.432041
OREF	-4.297002
HADT	-3.965260
OFAS	-4.221581
ASCE	-4.432041
NGFR	-4.069204
GFRO	-4.101388
MANU	-4.963520
ANUP	-5.131011
NUPP	-5.759400
PPER	-4.141352
RWIN	-4.598032
WIND	-3.748676
NDOW	-4.033080
DOWT	-5.131011
WORE	-4.759400
ABLU	-5.185368
LUEC	-5.247516
UECO	-5.516362
COAT	-4.407217
OATA	-4.379188
NDRO	-4.209171
DROD	-5.759400
RSEA	-4.432041
NINV	-4.817392
NERW	-4.412070
TERW	-3.813685
RWAR	-3.981248
RDSD	-5.320067
DSDE	-5.407217
ESPA	-4.120910
SPAT	-4.870098
PATC	-5.019037
DALR	-4.914302
ADYH	-4.963520
DYHA	-4.981248
ADMR	-5.662490
ETPL	-5.759400
PLAN	-4.017067
LANN	-5.247516
NNED	-4.727991
RSES	-4.469365
SEST	-4.146616
ETOD	-4.383736
TODO	-4.108607
ODOC	-5.884338
DOCR	-6.060430
OCRE	-5.185368
CRED	-4.304555
ERHO	-4.271555
RHOU	-4.645456
USEK	-4.946486
SEKE	-4.930096
EKEE	-4.486398
NANS	-5.019037
WERA	-4.621097
RARR	-5.082706
VEDW	-4.629066
HDEF	-5.662490
DITA	-4.200092
EYWA	-4.590608
ASOB	-4.817392
SOBL	-4.856310
NGDA	-4.748676
GDAY	-5.082706
UENT	-4.194142
TLYU	-4.870098
YUNA	-5.215332
EHON	-4.590608
EIRI	-4.680218
IRIN	-4.300762
RINV	-5.106187
ETCM	-5.759400
TCMR	-5.884338
CMRS	-6.361460
ERTE	-4.264550
RTED	-3.848242
OTIM	-4.653889
IMAG	-4.071425
INEW	-4.324033
NEWH	-4.019037
WNSO	-4.914302
SOSO	-4.621097
OSOO	-4.569068
ISAR	-4.474969
SARR	-4.829981
VALI	-4.748676
LINH	-4.829981
ERTF	-4.748676
RTFO	-4.576130
OFEA	-4.555280
HTAL	-4.781676
AYSB	-4.738210
YSBE	-4.856310
BEFL	-5.662490
EFLY	-4.562119
FLYI	-4.708247
OUTF	-4.320067
UTFR	-4.662490
TFRO	-3.946486
OMON	-4.469365
ONEP	-4.486398
NEPL	-5.407217
OANO	-4.793258
RSET	-4.397672
BELA	-5.157340
CASQ	-6.361460
QUIE	-4.275100
UIET	-4.324033
IETE	-5.458370
ETED	-4.645456
RFEA	-4.856310
SALI	-4.397672
TLEB	-4.541916
LEBY	-4.870098
EBYS	-4.946486
BYST	-4.999732
YSTA	-4.432041
AOFH	-5.407217
ISIL	-5.320067
REDC	-4.718007
DCOP	-5.407217
LENB	-5.662490
NBEI	-4.522611
NGGO	-4.738210
GGON	-5.662490
NONL	-4.653889
YTOG	-4.829981
GETA	-4.576130
HEBA	-4.001624
TSOO	-4.662490
OONF	-4.842946
NFOL	-4.793258
WEDT	-4.407217
TOBR	-4.541916
OBRI	-4.653889
GTWE	-6.060430
WELV	-4.759400
LVEL	-6.060430
DSEV	-4.645456
VENG	-4.402418
ENGE	-4.328036
MENW	-4.402418
MTOT	-4.637184
RLSG	-6.361460
LSGR	-6.060430
SGRI	-4.930096
EVED	-4.285913
VEDO	-4.348622
EDOV	-4.374688
DOVE	-4.154634
RSUC	-4.442382
HANU	-4.899062
ANUM	-5.131011
ROFL	-4.899062
UTWE	-4.645456
EREC	-3.832543
COMF	-4.324033
OMFO	-4.224739
ORTE	-4.320067
ALLB	-4.037177
LLBY	-5.458370
LBYH	-5.884338
BYHE	-4.402418
TEAD	-4.173939
EADO	-4.101388
ADOF	-4.176768
OFTW	-4.718007
LVEH	-5.884338
EHEH	-4.397672
ADBR	-4.805157
DBRO	-4.535385
HTON	-4.492228
YSIX	-5.060430
SIXW	-5.407217
IXWI	-6.060430
XWIT	-5.759400
IMFR	-4.718007
ROML	-4.793258
OMLO	-5.019037
MLON	-5.131011
VESI	-4.498137
DACO	-4.671264
BLYR	-5.458370
LYRO	-4.680218
YROO	-4.817392
MITC	-5.884338
EDOF	-3.961786
DOFO	-4.781676
FONL	-5.247516
LYFI	-4.708247
YFIV	-5.131011
LTOG	-4.645456
EYHI	-5.516362
YHIS	-4.115947
ISTW	-4.914302
TWOS	-4.613272
WOSI	-5.361460
OSIS	-5.320067
HEHU	-4.370234
EELD	-5.106187
ELDE	-4.498137
LDES	-4.576130
ANMR	-5.082706
WASG	-4.282278
OODL	-4.671264
ODLO	-5.106187
DLOO	-4.304555
MANL	-4.662490
ANLI	-4.727991
NLIK	-4.379188
ADAP	-4.870098
DAPL	-5.407217
ANTC	-4.727991
NANC	-4.282278
ASYU	-5.884338
SYUN	-5.759400
UNAF	-5.407217
EDMA	-4.234355
RSHI	-4.324033
ISSI	-3.931707
RSWE	-4.264550
REFI	-4.613272
NEWO	-4.653889
EWOM	-4.770395
ANAI	-4.981248
NAIR	-4.718007
AIRO	-4.437180
IROF	-4.492228
ROFD	-4.759400
DECI	-4.504127
ECID	-4.708247
DEDF	-4.590608
DFAS	-4.718007
ISBR	-4.370234
SBRO	-4.361460
BROT	-4.218445
RINL	-5.039240
INLA	-4.576130
NLAW	-5.039240
LAWM	-6.060430
AWMR	-5.516362
WMRH	-5.662490
MRHU	-5.247516
RHUR	-5.185368
HURS	-4.698702
URST	-4.179616
RSTM	-4.930096
ELYL	-4.759400
LYLO	-4.402418
MANB	-4.388332
ENDM	-4.718007
YSOO	-4.708247
OOND	-5.039240
ONDR	-4.522611
REWT	-4.708247
EWTH	-4.257656
OOMB	-5.215332
OMBY	-6.060430
MBYH	-5.361460
ALLP	-4.365824
LLPE	-4.981248
LPER	-4.770395
SONH	-4.421940
ONHA	-4.285913
NHAN	-4.504127
MEFE	-4.793258
EFEA	-4.629066
RESN	-4.842946
SNOB	-5.082706
LEMI	-4.781676
EMIE	-5.247516
MIEN	-5.662490
IENA	-5.662490
RTWH	-4.781676
ICHW	-3.922127
CHWA	-4.176768
HWAS	-3.963520
RALC	-4.914302
ALCI	-5.361460
LCIR	-5.458370
RCUL	-4.899062
ULAT	-4.133573
HINF	-4.963520
ESAF	-4.576130
SAFT	-4.365824
HISE	-3.790917
ISEN	-4.324033
HAVI	-3.844264
NGTE	-4.805157
GTEN	-5.516362
MENP	-5.407217
ENPR	-4.613272
NPRO	-4.374688
PRON	-4.759400
NOUN	-4.437180
OUNC	-4.388332
CEDH	-4.510201
MTOB	-4.569068
BEAF	-5.060430
NEFI	-4.748676
ESDE	-4.899062
SDEC	-4.583308
DHEW	-4.297002
UCHH	-4.748676
CHHA	-4.091947
HHAN	-5.131011
MERT	-4.963520
HANM	-4.738210
EYAN	-4.397672
ASLO	-4.555280
SLOO	-4.528951
KEDA	-4.101388
DATW	-5.185368
ITHG	-4.516362
THGR	-4.653889
HGRE	-4.662490
ATAD	-4.781676
ALFT	-5.082706
NGTI	-4.689362
GTIL	-5.361460
ILLH	-4.227921
LLHI	-4.173939
LHIS	-4.224739
SMAN	-3.956626
ERSG	-4.981248
RSGA	-4.562119
SGAV	-5.157340
GAVE	-4.113486
VEAD	-4.963520
CHTU	-5.662490
HTUR	-5.583308
ETID	-5.019037
SPOP	-5.458370
ITYF	-4.829981
RHEW	-4.590608
SCOV	-4.141352
OBEP	-4.689362
BEPR	-4.629066
PROU	-4.718007
ROUD	-4.528951
BEAB	-4.645456
OVEH	-4.662490
VEHI	-4.206124
ANYA	-4.361460
NYAN	-4.856310
NDAB	-4.469365
OVEB	-5.019037
EBEI	-4.374688
INGP	-3.894592
NGPL	-4.770395
GPLE	-5.516362
SLAR	-5.106187
RGEE	-5.320067
EEST	-4.637184
EIND	-4.141352
IREC	-3.960059
ULDS	-3.908141
DSAV	-5.039240
OMHA	-4.930096
MHAV	-5.060430
NGAM	-4.583308
GAMO	-4.856310
AMOS	-4.361460
OSTF	-4.598032
ORBI	-4.770395
RBID	-4.899062
BIDD	-4.914302
IDDI	-4.981248
DDIN	-4.336154
GUNW	-4.817392
UNWO	-5.060430
RTHY	-4.421940
THYT	-5.157340
HYTO	-5.583308
OBEC	-4.458370
BECO	-4.056108
PARE	-4.015107
REDW	-4.143976
ADSO	-4.388332
OONM	-4.884338
NMAD	-4.708247
ADEH	-4.469365
DEHI	-4.555280
FACQ	-6.060430
EPRI	-4.209171
CIPA	-4.590608
IPAL	-4.748676
LPEO	-5.516362
PEOP	-4.218445
EOPL	-4.218445
PLEI	-4.793258
SLIV	-4.870098
DUNR	-5.516362
VEDD	-5.320067
DDAN	-4.999732
CEDE	-4.689362
YDAN	-5.320067
ANGR	-4.727991
NGRY	-4.805157
GRYT	-5.516362
ALLC	-4.191198
LLCL	-5.082706
LCLO	-5.247516
SEDS	-4.480646
DSOE	-5.157340
SOEA	-4.914302
OEAR	-5.157340
NDTA	-4.426961
DTAL	-4.738210
KEDO	-4.370234
DOFG	-5.131011
ONEH	-4.173939
NEHI	-5.039240
LFAT	-4.727991
FATN	-5.884338
LDSU	-4.770395
DSUC	-4.402418
BLEQ	-5.215332
LEQU	-4.999732
IESM	-4.963520
STSP	-4.870098
AKFO	-5.516362
TACO	-4.805157
ASTB	-4.492228
ENHI	-4.227921
RCYD	-5.361460
CYDA	-6.361460
CEDO	-4.689362
NLYO	-4.463833
YONC	-5.320067
HMRS	-5.082706
RSHU	-4.653889
SHUR	-4.842946
DONC	-4.671264
SSBI	-4.416977
SBIN	-4.383736
LEYD	-5.320067
EYDE	-5.215332
YDEC	-4.817392
NEDB	-4.206124
UCED	-4.426961
ERLA	-4.206124
DSPE	-4.498137
GINW	-5.131011
OOMS	-4.458370
OMSP	-5.516362
NGOC	-5.516362
GOCC	-5.583308
TOON	-4.469365
ISOW	-4.069204
WNPA	-5.060430
RTYH	-5.320067
TYHI	-5.516362
UDES	-4.555280
OSTD	-4.548546
ODYH	-5.082706
DYHO	-6.060430
OPED	-4.469365
PEDT	-4.458370
VERC	-4.209171
INAM	-4.442382
NAMO	-4.548546
GSTT	-5.407217
OSTV	-5.082706
TVIO	-5.458370
VIOL	-4.328036
IOLE	-4.365824
OLEN	-4.143976
HIMW	-4.005434
IMWA	-5.106187
MWAS	-4.492228
ASMR	-4.981248
ETWH	-4.407217
DISL	-4.680218
KEOF	-4.402418
ISGE	-4.759400
RALB	-4.899062
ALBE	-4.805157
LBEH	-4.999732
AVIO	-4.474969
IOUR	-4.576130
OURW	-4.176768
URWA	-4.689362
ARPE	-4.336154
RPEN	-4.297002
NTOP	-4.486398
OPAR	-4.718007
LARR	-5.215332
ARRE	-4.254250
NTBY	-5.060430
TBYH	-4.999732
GSLI	-5.247516
THAD	-3.772628
ENOB	-4.653889
CARC	-4.388332
ARCI	-5.215332
RCIT	-5.583308
CITY	-4.237608
YOFG	-5.039240
TOSI	-4.613272
SITD	-4.914302
TDOW	-4.185368
WNFO	-4.930096
TWOD	-4.727991
WODA	-4.870098
ODAN	-4.357138
NDDU	-5.082706
DDUR	-4.856310
NGPA	-4.402418
GPAR	-4.793258
ATTI	-4.297002
TTIM	-4.197107
MEMR	-4.963520
EMRD	-4.817392
GNEA	-5.019037
RTOO	-4.590608
TOOV	-5.060430
OOVE	-4.770395
RACO	-4.946486
OCAM	-5.282278
AMEF	-4.421940
MEFR	-4.312242
CEFO	-4.383736
ORAF	-4.653889
RAFE	-4.759400
FEWM	-4.421940
EWMI	-4.613272
WMIN	-4.629066
SSHI	-4.397672
DTOJ	-5.185368
TOJO	-4.842946
OJOI	-4.870098
JOIN	-4.254250
OINI	-4.963520
MEDA	-4.084998
CYSA	-5.662490
YSAI	-4.234355
DHEI	-4.598032
EIMU	-5.106187
OUDA	-4.793258
UDAN	-4.999732
CEIH	-4.914302
EIHA	-4.194142
IHAT	-5.583308
TETO	-4.458370
UTBY	-4.727991
TBYY	-5.583308
ISST	-4.113486
STUP	-4.645456
UPID	-5.157340
PIDM	-5.759400
IDMA	-5.282278
NERY	-4.930096
UHAD	-4.576130
ADMU	-5.185368
TERD	-4.103781
CEIC	-5.185368
ALLN	-4.289578
WIDE	-4.412070
ETES	-4.759400
ITUN	-5.019037
TUNL	-4.899062
SSIA	-5.082706
SIAM	-4.548546
IAMP	-4.963520
AMPA	-4.718007
LARL	-4.282278
YACQ	-5.019037
THMY	-4.397672
HMYP	-5.662490
ARTN	-4.805157
TNER	-4.899062
RATS	-5.320067
ANAS	-4.437180
NASS	-4.510201
BLYA	-4.770395
LYAS	-4.115947
NSUP	-4.653889
RTAB	-4.528951
BLEY	-4.842946
LEYO	-4.452975
URSI	-4.336154
AREE	-4.645456
GEDA	-4.447646
OOMW	-4.447646
OMWH	-4.224739
MWHO	-4.645456
MITW	-4.884338
EAPU	-5.361460
APUN	-5.759400
PUNI	-4.884338
UNIS	-4.856310
TOST	-4.209171
DUPW	-4.946486
UPWI	-4.748676
PWIT	-4.486398
THIW	-5.361460
HIWO	-5.583308
IWOU	-4.257656
TBES	-4.293274
TIDI	-4.653889
IDIO	-5.131011
DIOU	-4.914302
USAS	-4.653889
SASY	-5.247516
EDBI	-4.884338
LEYF	-5.039240
EYFO	-4.805157
ORAK	-5.759400
RAKI	-6.060430
GDOM	-5.361460
DOMU	-5.759400
OMUP	-5.583308
MUPO	-4.981248
PONM	-4.237608
NMYH	-4.689362
MYHO	-4.727991
YHON	-5.131011
OURI	-3.997848
RMET	-4.569068
METW	-4.738210
ETWI	-4.379188
SOMA	-4.480646
NYPL	-5.320067
YPLE	-4.930096
ANTG	-5.185368
NTGI	-5.583308
RLSI	-5.583308
LSIN	-4.645456
SINM	-4.535385
INMY	-3.859033
NMYL	-4.698702
YLIF	-4.555280
FEAS	-4.829981
ISEV	-4.653889
MYOU	-4.332076
USEE	-4.336154
SEEU	-5.662490
EEUN	-5.662490
EUNC	-4.727991
MONL	-4.562119
YPRE	-4.320067
OMEG	-4.817392
MEGI	-5.759400
IRLI	-4.680218
OMSA	-5.039240
MSAI	-4.914302
RCYL	-5.458370
CYLO	-5.516362
TOHS	-5.759400
OHSH	-5.759400
OSTB	-4.842946
FULC	-4.727991
ULCR	-5.516362
LCRE	-5.185368
REIE	-5.759400
EIEV	-5.884338
RBEH	-4.899062
BEHE	-4.361460
HELD	-4.227921
ELDB	-5.019037
LDBU	-4.662490
EISO	-4.562119
RSSI	-5.185368
GDOW	-4.344426
OWNJ	-5.282278
WNJU	-5.361460
BEHI	-4.203097
EHIN	-4.160062
INDY	-4.899062
NDYO	-4.056108
OUWH	-4.748676
UWHO	-5.185368
OISV	-5.759400
ERYP	-4.173939
RYPR	-4.598032
SAYV	-5.884338
AYVE	-5.458370
RYAG	-5.082706
BLED	-4.131011
EDOL	-4.899062
DOLE	-4.981248
LETM	-4.304555
ETME	-4.293274
TMEA	-4.344426
EASK	-4.562119
ASKM	-5.060430
SKMY	-5.884338
KMYP	-5.662490
NERT	-4.402418
UCEY	-5.407217
OUIL	-5.884338
UILL	-4.738210
LENW	-5.583308
CHDO	-5.106187
HDOY	-5.516362
UMEA	-4.727991
EANA	-4.336154
NDTU	-4.637184
DTUR	-4.463833
URNI	-3.893112
NGRO	-4.123414
UNDH	-4.348622
KEDF	-4.738210
EDFO	-3.716037
RAMO	-4.463833
AMOM	-4.344426
TELI	-4.402418
THTI	-5.407217
ILLC	-4.379188
LLCA	-4.605585
LCAT	-5.458370
CATC	-4.781676
REYE	-4.221581
EYEH	-5.320067
YEHE	-4.781676
THDR	-4.698702
HDRE	-5.106187
WNAN	-4.308381
DCOL	-4.605585
LDLY	-4.738210
DLYS	-4.621097
LYSA	-4.352859
MEEN	-4.946486
OTEM	-5.185368
MPTM	-5.583308
PTME	-5.583308
MINN	-5.759400
NNOH	-5.583308
NOHU	-5.458370
OHUM	-5.361460
RATP	-5.583308
IVEC	-4.698702
VECO	-4.452975
ETOY	-4.689362
RESL	-4.946486
TEDB	-3.854955
DBYO	-5.106187
BYOT	-5.361460
MENY	-5.320067
ENYO	-4.149272
TERR	-3.890168
RRET	-4.748676
NTOY	-4.805157
OURP	-4.231126
DENJ	-5.759400
ENJO	-4.407217
NJOY	-4.486398
JOYH	-5.662490
OYHE	-5.884338
LESF	-4.759400
AREW	-4.421940
MEWI	-4.146616
THME	-4.289578
HMEM	-5.516362
YFOL	-4.963520
WEDH	-4.613272
SADV	-4.793258
ICEM	-4.884338
CYWA	-4.817392
YWAL	-4.899062
DOFF	-4.344426
OFFA	-4.388332
FFAN	-4.884338
FAND	-4.128464
ETHR	-3.923709
HREM	-5.157340
EMAI	-3.822384
MAIN	-3.794433
HNOV	-5.884338
ERYC	-4.268038
YCOR	-5.039240
CORD	-4.165560
RDIA	-4.946486
IALF	-5.060430
ALFE	-4.981248
LFEE	-5.060430
STOW	-4.101388
IMSH	-4.870098
MSHE	-4.458370
OLDT	-4.300762
LDTH	-3.958339
RYHO	-4.727991
YHOW	-4.510201
EATS	-4.297002
ATSP	-4.662490
TSPI	-4.999732
ITAM	-5.215332
TAMO	-4.492228
LYPL	-5.019037
YPLA	-4.576130
FULD	-4.930096
NGRI	-4.805157
GRID	-5.759400
RIDI	-4.680218
IDIC	-4.884338
DICU	-4.759400
CULO	-5.106187
NGAL	-4.013155
GALT	-5.458370
ERPA	-4.191198
SEDO	-4.452975
OFFP	-5.662490
FFPL	-6.060430
FPLE	-4.946486
TLYT	-4.297002
OLEF	-4.999732
EFAM	-4.344426
ADSE	-4.480646
RELD	-5.215332
STDA	-4.671264
TDAU	-5.407217
ERMU	-4.680218
CHAD	-4.738210
ENET	-4.541916
TYMR	-5.247516
HADD	-4.282278
ADDA	-5.185368
CEDW	-4.793258
RTWI	-4.718007
WICE	-4.718007
HEDB	-4.535385
DBYH	-4.308381
ERSJ	-5.516362
RSJA	-6.361460
ASAS	-4.115947
CHGR	-5.247516
HGRA	-5.282278
IFIE	-4.336154
SASH	-4.522611
HINA	-4.361460
INAQ	-5.583308
WAYE	-5.039240
AYEL	-5.157340
YELI	-4.738210
ETHF	-4.884338
THFE	-4.817392
HFEL	-4.981248
ELTJ	-6.361460
LTJA	-6.361460
TJAN	-4.718007
ESPL	-4.829981
SPLE	-4.535385
UREM	-4.576130
ARDH	-4.474969
RDHE	-4.748676
ELFM	-4.698702
LFME	-5.759400
FMEN	-4.727991
TOMI	-4.486398
PLIS	-4.698702
HEDG	-5.185368
EDGI	-5.185368
DGIR	-5.215332
DCAT	-5.282278
DIAH	-5.039240
IAHA	-5.185368
AHAD	-5.060430
ENFO	-4.352859
ATEE	-4.829981
UTPA	-5.247516
TPAR	-4.328036
HADY	-4.856310
ADYE	-4.930096
YETL	-5.131011
ETLE	-5.282278
ARNT	-4.829981
RNTT	-5.282278
TTOC	-4.781676
TOCA	-4.442382
OCAR	-4.805157
RATA	-4.870098
TABA	-5.247516
ABAL	-4.946486
HEYR	-4.653889
NGOO	-4.680218
OODS	-4.240886
ODSP	-5.157340
ITST	-4.304555
ONGB	-4.221581
NGBO	-4.176768
GBOU	-4.407217
RNTH	-4.528951
EVIL	-3.979443
VILL	-4.285913
LLAG	-4.548546
LAGE	-4.662490
AGEW	-4.312242
GEWH	-4.653889
HEYL	-4.708247
DOFW	-4.759400
PALI	-5.157340
INHA	-4.185368
NHAB	-4.689362
BITA	-4.748676
HEYF	-4.708247
TSTI	-4.388332
LLUP	-4.829981
LUPW	-6.361460
THAB	-4.637184
HABO	-4.817392
ABOO	-5.019037
OOKH	-4.463833
OKHE	-4.770395
KHEW	-5.282278
RDLE	-5.247516
DLES	-4.188273
IMEA	-4.179616
TOCC	-4.842946
NHEH	-4.613272
ADAG	-4.870098
DAGO	-4.930096
EALO	-4.191198
OFCU	-5.039240
FCUR	-5.407217
RIOS	-4.583308
IOSI	-4.576130
FANE	-4.748676
ANEV	-4.598032
HADR	-4.244188
ADRA	-4.817392
DRAI	-5.131011
RAIS	-4.261089
EDSU	-4.421940
CHSP	-5.407217
HSPL	-6.361460
PLEN	-4.613272
LEND	-4.516362
IDEX	-5.458370
DRAT	-4.781676
RHOP	-5.106187
IFES	-4.662490
FESV	-6.060430
ESVI	-5.662490
SVIE	-5.458370
RANG	-3.657309
GERW	-4.698702
RWOU	-4.576130
APPO	-4.469365
PPOI	-4.474969
ESOO	-4.480646
NFOU	-4.698702
UNDT	-3.890168
ADAV	-5.282278
DAVE	-4.829981
RYDI	-4.671264
EARO	-4.247516
AROH	-5.884338
ROHM	-5.662490
OHMY	-4.946486
HMYD	-5.039240
ETAS	-4.535385
OMWE	-5.082706
MWEH	-5.458370
ADAM	-4.516362
DAMO	-4.426961
STDE	-4.486398
TDEL	-4.805157
FULE	-5.060430
ULEV	-5.884338
STEX	-4.662490
TEXC	-4.793258
LLIW	-5.131011
LIWI	-5.407217
IWIS	-4.562119
ISHY	-4.805157
SHYO	-4.946486
EREJ	-4.899062
REJA	-5.407217
EJAN	-5.039240
SSOA	-4.914302
SOAD	-5.583308
OADM	-4.884338
REDN	-4.562119
DBEL	-4.645456
EITE	-4.884338
ITEV	-4.930096
ODYS	-4.829981
DYSA	-5.282278
IDHO	-4.264550
OWWE	-4.817392
WWEL	-5.361460
LLSH	-4.480646
HERQ	-5.282278
ERQU	-4.793258
RQUI	-4.999732
ITEB	-4.759400
TEBE	-4.870098
FULA	-4.407217
ULAN	-4.576130
KOFT	-4.416977
ATMY	-4.194142
EARH	-4.535385
ARHE	-4.829981
LLYD	-4.492228
LYDA	-4.770395
NLYC	-4.486398
LYCR	-4.842946
YCRE	-4.698702
OOMT	-4.576130
MTHA	-4.087302
ASKE	-4.066993
SKED	-4.133573
DASE	-4.999732
ASEC	-4.583308
ONDT	-4.576130
DTIM	-4.621097
IMEF	-4.708247
LHEA	-4.770395
KEDM	-4.680218
ISSL	-4.621097
SSLU	-4.870098
SLUC	-4.817392
ASIW	-4.748676
SIWA	-4.492228
SSOV	-4.981248
OVEX	-6.060430
VEXE	-5.320067
EXED	-5.185368
XEDT	-5.215332
SEEH	-4.297002
EEHI	-4.569068
IMST	-4.914302
MSTA	-4.136150
RHED	-5.106187
DNOB	-5.185368
NOBO	-4.930096
OBOD	-5.039240
ODYC	-5.320067
DHES	-4.463833
MEDQ	-5.407217
DQUI	-4.548546
RUCK	-4.320067
UCKW	-4.770395
THJA	-5.320067
NEAS	-4.402418
SGOI	-4.708247
GOIN	-4.025000
ESOH	-4.793258
SOHE	-4.829981
OHEI	-5.458370
EINQ	-4.708247
DWHO	-4.179616
HOSH	-5.157340
NDGO	-4.555280
DGOT	-5.106187
GOTI	-5.082706
HETW	-4.194142
WONE	-5.082706
EXTT	-5.019037
XTTH	-5.516362
IRDH	-5.884338
ISSK	-5.082706
SSKI	-5.060430
TWOF	-4.914302
WOFO	-5.583308
RTHW	-4.576130
ALUC	-5.516362
WOFI	-5.247516
OFIF	-5.583308
FTHW	-6.060430
NEAG	-4.963520
OSIX	-6.361460
SIXT	-4.738210
IXTH	-5.157340
XTHW	-6.361460
THLI	-4.781676
HLIZ	-5.458370
ZZYA	-5.583308
ZYAN	-5.516362
BOUL	-6.361460
OULA	-4.856310
GERI	-4.535385
ADHA	-4.598032
ADAN	-4.009277
ANYC	-4.469365
NYCO	-4.842946
YCOM	-4.075902
RMEC	-5.662490
MECR	-4.999732
TLYH	-4.718007
YHEW	-4.727991
EDHA	-4.136150
DHAL	-4.718007
RGOD	-5.039240
GODS	-4.583308
ODSS	-4.930096
DSSA	-4.981248
SAYN	-4.981248
AYNO	-4.504127
RSOT	-5.185368
ADSP	-5.019037
DSPR	-4.963520
PRAI	-4.583308
ANCL	-5.407217
NCLE	-4.224739
CLEI	-5.082706
TDAN	-4.999732
CEOH	-5.458370
EOHM	-5.458370
UEDM	-5.082706
ETIA	-5.039240
IAMQ	-5.458370
AMQU	-5.407217
MQUI	-5.106187
SSOE	-5.361460
SOEX	-4.999732
OEXC	-4.914302
XCES	-4.842946
SSIV	-4.458370
RECH	-4.759400
GWOM	-4.899062
MENI	-4.535385
RINM	-4.870098
FESA	-5.516362
SAWA	-4.297002
AWAN	-4.829981
WANY	-5.082706
ELEG	-4.206124
LEGA	-4.458370
IRDR	-5.583308
RDRE	-4.884338
SESI	-4.555280
ESID	-3.835120
SIDA	-5.516362
ELAC	-5.131011
ACEU	-5.458370
CEUP	-4.870098
EUPO	-4.113486
STSG	-5.884338
TSGO	-5.516362
SGOW	-5.884338
GOWN	-5.082706
WNHE	-4.645456
ERRU	-4.548546
RRUP	-4.535385
RUPT	-4.383736
UPTE	-4.963520
EDAG	-4.264550
AINM	-4.402418
ETPR	-5.320067
ANYD	-4.680218
NYDE	-4.930096
REOB	-5.157340
EOBL	-5.019037
EEKA	-4.914302
EKAN	-5.282278
KANO	-5.361460
RBRA	-5.019037
BRAN	-4.458370
ANCH	-4.247516
NCHO	-4.348622
CHOF	-4.113486
DREL	-4.884338
THMU	-4.999732
HBIT	-5.662490
BITT	-4.442382
TERN	-3.768174
ERNE	-4.080426
OFSP	-4.528951
FSPI	-5.320067
NGRU	-5.131011
GRUD	-5.516362
RUDE	-4.432041
DENE	-4.727991
FMRD	-4.870098
CYBU	-5.361460
UTIC	-4.621097
USHE	-4.096642
ZZYD	-5.662490
ZYDO	-5.759400
YDOE	-5.019037
OTLO	-4.781676
OSEM	-4.613272
SEMU	-5.282278
CHBY	-5.106187
HBYN	-5.583308
OTSU	-4.541916
TSUI	-5.407217
SUIT	-4.352859
UITI	-4.842946
SFAN	-5.247516
ANCY	-4.297002
NCYF	-5.361460
CYFO	-5.157340
RRID	-4.842946
RIDM	-6.060430
TATA	-4.426961
LLWO	-4.856310
RTHP	-5.516362
THPL	-4.870098
HPLE	-4.829981
GSOH	-5.884338
SOHI	-5.060430
OHIG	-5.247516
IGHA	-4.759400
DSOC	-5.039240
SOCO	-4.884338
SNOE	-5.282278
NOEN	-5.407217
OEND	-5.060430
NDUR	-4.421940
EWAL	-4.297002
NCYI	-4.981248
CYIN	-4.817392
ELFS	-4.361460
FSOV	-6.060430
RYGR	-4.884338
HTOD	-4.884338
TODA	-4.510201
HIWI	-5.458370
RTOH	-4.426961
SETD	-5.131011
ETDO	-4.884338
WNSI	-5.320067
NSIQ	-6.361460
SIQU	-5.759400
IQUI	-4.817392
ANIL	-4.999732
ONCH	-4.662490
HENJ	-5.157340
ENJA	-5.247516
THWE	-4.781676
HWER	-4.498137
ALON	-3.725976
OHAD	-4.237608
ENCA	-4.528951
NCAU	-5.215332
CAUT	-4.817392
UTIO	-4.188273
SINH	-4.250870
RPRA	-5.215332
LEYB	-5.106187
EYBE	-4.856310
RHOW	-4.510201
HOWV	-5.131011
OWVE	-4.963520
WVER	-5.019037
EISJ	-5.407217
ATAY	-5.662490
TAYO	-5.282278
BLEG	-4.914302
LEGO	-4.981248
REDL	-4.689362
EDLI	-4.218445
RSAW	-4.662490
SAWS	-4.884338
AWSU	-5.247516
WSUC	-5.282278
HHAP	-5.185368
APPY	-4.078158
PPYM	-5.320067
PYMA	-5.583308
ASEW	-4.805157
CTGO	-6.060430
TGOO	-4.930096
OODB	-4.522611
ODBR	-5.583308
DBRE	-4.727991
GHEI	-5.458370
LSOH	-5.106187
IEDE	-4.583308
CHAY	-5.884338
HAYO	-5.458370
IKEW	-4.605585
KEWI	-4.629066
ISET	-4.357138
EIFH	-5.215332
FHEP	-5.884338
LYCA	-4.426961
ANHI	-4.583308
REBY	-4.407217
TEIW	-5.884338
EIWA	-4.426961
ASVE	-4.412070
CHFL	-5.361460
HFLA	-5.516362
SASK	-5.106187
ASKI	-4.576130
GMET	-4.870098
MEID	-5.131011
EIDI	-4.946486
IDID	-4.250870
NTDI	-4.759400
OUID	-5.662490
UIDI	-5.583308
DIDF	-5.759400
NEGR	-4.817392
EATD	-4.522611
ATDI	-4.463833
TDIF	-4.963520
NUSC	-6.060430
AKEY	-4.748676
OUBY	-5.458370
UBYS	-6.060430
BYSU	-4.870098
YSUR	-4.805157
URPR	-4.108607
PRIS	-3.992244
MENE	-4.613272
OREN	-4.522611
RENA	-4.856310
ENAT	-4.087302
OUAG	-5.082706
UAGA	-5.215332
ELPS	-5.106187
LPSE	-5.884338
PSEE	-5.407217
SEEI	-4.091947
EEIN	-4.141352
OUWE	-4.392977
UWER	-4.562119
UTFI	-4.914302
VETI	-5.458370
SASP	-4.842946
SPRE	-4.062607
YASE	-5.282278
RYOT	-5.019037
OOMN	-5.458370
HANK	-4.275100
ANKS	-4.361460
NKST	-4.856310
KSTO	-4.829981
STOH	-4.194142
ISGA	-4.963520
SGAL	-5.320067
LANT	-4.209171
ANTR	-4.738210
TRYF	-5.662490
LHEC	-5.361460
HECE	-4.348622
NLYI	-4.480646
YISV	-6.060430
DIGI	-4.884338
IGIV	-5.282278
IVEY	-4.562119
OULE	-5.106187
ULEA	-5.157340
OLIK	-4.930096
HIMY	-4.829981
IMYO	-5.185368
NYAS	-5.215332
ASTU	-4.662490
PIDE	-5.583308
DERP	-5.060430
ERPE	-4.203097
RPER	-4.397672
SOND	-5.106187
RLIZ	-5.185368
ZZYO	-5.884338
ZYOH	-6.060430
YOHY	-5.662490
OHYO	-5.320067
ATDE	-4.474969
TDEA	-4.548546
LTOO	-5.131011
TOOA	-4.930096
OOAP	-6.060430
OAPT	-6.060430
APTY	-6.361460
PTYO	-5.320067
OWTO	-4.340270
WTOL	-5.458370
IKEP	-4.999732
KEPE	-5.583308
EPEO	-4.829981
OUNE	-4.842946
UNEV	-4.981248
SEEA	-4.480646
EEAF	-5.759400
EAFA	-5.060430
LDAR	-5.019037
REGO	-4.402418
DAGR	-4.727991
EINY	-4.981248
YESI	-4.324033
USPE	-4.304555
AKIL	-5.759400
OFAH	-4.583308
FAHU	-5.215332
AHUM	-4.914302
GINM	-4.914302
FEIW	-5.662490
EIWO	-5.039240
ULDW	-4.637184
DWIS	-4.842946
SHNO	-5.039240
OBEH	-4.598032
STYI	-5.361460
YINC	-4.548546
CENS	-4.637184
ENSU	-4.352859
NSUR	-4.671264
GANY	-4.621097
IALW	-4.759400
YSSP	-5.458370
EAKW	-5.157340
AKWH	-5.516362
NKIK	-6.361460
KIKN	-5.662490
NOWY	-4.671264
UDOA	-5.884338
EWON	-4.447646
URGO	-5.131011
RGOO	-4.781676
ODSE	-5.157340
OHON	-5.583308
ESTL	-4.442382
LYBL	-5.039240
YBLI	-5.662490
LLIE	-4.583308
DNON	-4.829981
EOFO	-4.613272
OFOT	-4.914302
FOTH	-4.884338
RSAF	-5.082706
SAFF	-4.583308
OFCA	-4.555280
FCAN	-5.407217
DOUR	-4.348622
URIS	-4.781676
RISC	-5.060430
UGHO	-4.562119
GHON	-5.185368
ONEM	-4.285913
NEME	-4.842946
EMEE	-4.829981
EETS	-4.379188
DIDW	-5.082706
IDWI	-4.963520
UTOS	-5.516362
NORD	-4.361460
RDES	-4.680218
IGNT	-5.106187
GNTO	-5.759400
DOFE	-4.899062
DYSC	-5.884338
YSCH	-5.082706
EITS	-4.165560
DSAY	-4.671264
EBAD	-5.131011
BADB	-6.361460
STOY	-4.805157
OUAL	-4.637184
UALO	-5.320067
DSOY	-5.759400
SOYO	-5.106187
OULI	-4.708247
ULIK	-5.247516
ANSS	-4.963520
NSSI	-5.662490
ODOY	-5.662490
IRMA	-4.590608
OTEQ	-5.320067
TEQU	-5.039240
LTOH	-4.770395
TATF	-5.247516
RSTB	-4.738210
RYPL	-4.930096
HENY	-4.268038
EMMI	-5.583308
YIST	-4.914302
RBRO	-4.474969
EEPH	-4.930096
EPHI	-4.870098
PHIS	-4.637184
USEA	-4.271555
IAMM	-4.899062
AMMU	-5.361460
ENIF	-4.528951
NIFW	-5.583308
FWES	-6.060430
NDAV	-4.963520
RYCH	-4.963520
RINH	-4.621097
ETHL	-4.884338
HLIS	-5.516362
DINS	-4.162803
NSIL	-4.738210
SILE	-4.035124
ILEN	-4.035124
CEBU	-4.336154
NVIN	-4.474969
VINC	-4.289578
NCAL	-4.793258
CALC	-4.698702
ALCU	-4.842946
LCUL	-4.884338
THMO	-4.856310
OREQ	-5.215332
OFOB	-5.019037
FOBS	-5.583308
NDLE	-3.956626
SPLI	-4.708247
PLIA	-5.282278
LIAN	-4.516362
IANC	-4.498137
NCYO	-4.829981
FTEM	-5.361460
THAJ	-5.759400
HAJU	-6.060430
AJUD	-5.759400
TTOO	-4.324033
TOOU	-4.590608
OOUN	-6.060430
OUNA	-5.662490
UNAS	-5.157340
SAIL	-3.747618
LEDB	-4.240886
NYAT	-5.458370
LFSH	-4.914302
PPRO	-4.227921
ACTV	-6.361460
CTVE	-5.759400
RYFI	-4.946486
YFIN	-4.727991
INEL	-4.770395
IESN	-5.157340
TDEF	-5.583308
DEFI	-4.492228
EFIC	-5.106187
URWH	-4.770395
DNOR	-4.653889
NORI	-4.535385
EPOW	-4.748676
WERO	-4.629066
ROFB	-4.981248
GAGR	-5.247516
CHOS	-4.748676
EITB	-4.870098
ERER	-4.168335
RERA	-4.930096
MEHA	-4.516362
NEDU	-4.645456
DINO	-4.492228
STPR	-4.759400
TESE	-4.829981
ESEM	-4.421940
NARI	-5.106187
RIES	-3.880017
WNHA	-4.856310
NHAD	-4.240886
ADAF	-5.131011
UNEO	-5.361460
NTYT	-5.039240
NDPO	-4.365824
DPOU	-4.781676
POUN	-4.680218
NDSW	-4.237608
DSWE	-4.480646
BITO	-4.805157
ITOF	-4.173939
FSPE	-4.708247
FASS	-5.215332
SSOC	-4.522611
SOCI	-4.234355
OCIA	-4.583308
CIAT	-4.718007
IATI	-4.653889
HPEO	-5.759400
PLEO	-4.562119
EOFR	-4.781676
OFRA	-4.870098
ANKA	-4.930096
NKAN	-4.770395
DWER	-4.432041
ERYR	-4.492228
YRES	-4.392977
CTEN	-6.060430
NKWE	-5.039240
KWEL	-5.157340
ELLO	-3.908141
EANL	-5.082706
ANLY	-5.082706
OFAR	-4.336154
FARE	-4.486398
CTAB	-4.842946
ILYI	-4.645456
DACI	-5.247516
ACIR	-5.082706
UMST	-4.203097
NCEM	-4.160062
CEMO	-4.480646
EDEE	-4.297002
EEPL	-4.535385
PLYI	-4.718007
LYIM	-4.708247
YIMP	-4.590608
IRME	-4.856310
RMEM	-5.361460
MEMO	-4.254250
MORI	-4.946486
ORIE	-4.498137
IRBR	-4.981248
ERSF	-4.397672
RSFO	-4.498137
UNEA	-4.555280
CQUI	-4.817392
BYTR	-5.361460
YTRA	-4.671264
RADE	-4.278674
ADEM	-4.344426
DEMR	-5.662490
EYIN	-4.569068
RITE	-4.185368
TEDP	-4.598032
RTYT	-5.039240
HEAM	-4.698702
EAMO	-4.257656
AMOU	-4.412070
TOFN	-4.870098
FNEA	-5.458370
LYAH	-5.407217
YAHU	-5.759400
DSFR	-5.060430
OMHI	-4.017067
MHIS	-4.060430
SFAT	-4.474969
TOPU	-4.522611
OPUR	-4.899062
PURC	-4.999732
EANE	-4.528951
BUTD	-4.598032
UTDI	-5.215332
TLIV	-4.770395
ODOI	-4.738210
DOIT	-4.805157
OITM	-5.320067
DITL	-5.320067
UNTY	-5.106187
NTYB	-5.516362
TASH	-4.231126
NOWP	-4.770395
OWPR	-4.981248
WPRO	-5.082706
DEDW	-4.344426
THAG	-4.598032
ODHO	-5.019037
DHOU	-4.899062
ELIB	-4.598032
LIBE	-4.516362
IBER	-4.522611
ASDO	-4.708247
SDOU	-4.946486
UBTF	-5.662490
BTFU	-5.884338
WHOB	-4.770395
HOBE	-5.185368
ESTK	-5.407217
EEAS	-4.474969
RHEM	-4.999732
GHTN	-4.237608
HTNO	-4.498137
OTSP	-4.930096
AIND	-4.605585
DERO	-4.320067
ROFH	-4.452975
ISDA	-4.397672
SATN	-5.320067
DLEA	-4.320067
EXTG	-6.361460
XTGE	-6.361460
ASEH	-4.770395
SEHI	-4.621097
EREV	-4.215332
YANX	-5.247516
ANXI	-4.407217
NXIO	-4.629066
XIOU	-4.621097
USFO	-4.829981
WNBU	-5.082706
GHHE	-4.555280
HHEW	-4.781676
NOWE	-4.598032
OWES	-4.793258
ASAT	-4.244188
SATE	-4.856310
NANT	-4.106187
ANTM	-4.770395
NSUN	-4.884338
SUNW	-4.963520
UNWI	-4.770395
NWIL	-4.437180
RESI	-4.087302
BLEN	-4.528951
LENO	-4.498137
NORW	-4.583308
RSTW	-4.914302
ADMA	-4.576130
DMAR	-4.535385
IEDA	-4.136150
DAMA	-4.829981
OFMO	-4.402418
FMOR	-4.914302
ANFO	-4.671264
UNEL	-6.060430
NELE	-4.689362
ELES	-3.877160
RHOM	-5.185368
HOME	-4.015107
ITSU	-4.718007
FAGE	-5.019037
AGET	-4.234355
GETW	-5.215332
WOYE	-4.999732
OYEA	-4.946486
MPTE	-4.842946
YANA	-4.963520
TALR	-5.157340
LREC	-5.131011
DATI	-4.437180
OKAT	-4.528951
KATN	-5.583308
ELDH	-5.185368
USEH	-4.421940
EHED	-4.770395
DIDL	-5.361460
IDLO	-5.407217
KATI	-5.157340
TITA	-4.498137
NTOI	-4.504127
TOIT	-4.091947
OITF	-5.583308
LFAN	-4.240886
FANH	-4.914302
ANHO	-4.392977
HOUR	-3.905094
ASPL	-4.621097
SEDW	-4.402418
PALR	-5.662490
ALRO	-5.282278
OMSS	-5.516362
MSSA	-5.884338
IEDW	-4.340270
HEOW	-5.106187
EOWN	-4.963520
WNER	-4.748676
AIDI	-4.089618
IDIN	-4.138743
DINI	-4.569068
TSPR	-4.689362
DTOO	-4.352859
KITI	-5.060430
TIMM	-4.870098
RCYT	-4.748676
CYTH	-4.613272
ASAV	-4.698702
RYST	-4.486398
YSTE	-4.149272
ADYF	-4.963520
DYFR	-5.662490
YFRI	-4.247516
HIPI	-4.605585
IPIN	-4.842946
PINS	-5.215332
NSPI	-4.407217
ITEO	-4.397672
EATO	-4.348622
ATOP	-5.131011
TOPP	-4.555280
TERB	-4.264550
ERBI	-4.914302
ASEN	-4.402418
DTOD	-4.282278
ODAR	-4.999732
CYBY	-5.759400
YBYT	-4.856310
SSOP	-5.320067
SOPE	-4.613272
PENN	-4.981248
DDUC	-5.583308
CTIL	-5.583308
TILI	-4.689362
HNOD	-5.759400
NCOU	-4.128464
ULDO	-4.480646
LDOF	-4.569068
FERA	-4.946486
ERAG	-4.426961
NHEN	-5.157340
RAPP	-4.383736
ENGT	-4.013155
GTHO	-4.392977
HOFD	-5.361460
CYSR	-6.060430
ARDB	-4.548546
RDBI	-6.361460
FIRM	-4.304555
RMES	-5.157340
ELIA	-5.019037
HISJ	-4.759400
SJUD	-5.458370
NINU	-5.583308
INUN	-4.805157
GDAR	-5.361460
ESUP	-4.231126
IORB	-5.516362
ANSD	-5.131011
NSDE	-5.185368
NTBU	-4.492228
UTDA	-5.361460
WASC	-4.037177
ASCL	-4.899062
AMET	-3.999732
IMEH	-4.727991
EHAU	-5.407217
HAUG	-5.247516
HTYR	-5.662490
TYRE	-5.106187
GHWE	-5.060430
HWEL	-5.157340
ELLB	-4.480646
LLBR	-4.999732
LBRE	-5.082706
EDWE	-4.486398
VITI	-5.320067
HATR	-4.285913
ECTH	-4.759400
ENDH	-4.541916
HADG	-4.402418
ATLY	-4.698702
AGEB	-4.718007
GEBI	-6.060430
GLIK	-4.486398
KEDW	-4.474969
EAPP	-4.143976
ASCO	-4.188273
INUA	-4.458370
NUAL	-4.480646
LYGI	-4.930096
YGIV	-4.759400
FENC	-4.829981
RINW	-4.870098
EYSP	-5.185368
YSPO	-4.718007
OKEO	-4.759400
MERY	-4.555280
YTON	-4.510201
TONA	-4.469365
TICB	-5.157340
ICBI	-6.361460
CBIN	-6.361460
ADNE	-4.237608
RPEO	-5.157340
RPRE	-4.447646
TTIE	-5.458370
TIER	-5.060430
IERG	-6.060430
SLIF	-4.637184
IFEE	-4.662490
FEEV	-5.884338
OSTK	-5.583308
STKI	-5.157340
TKIN	-4.963520
NTIV	-4.842946
EREH	-3.977644
NNOF	-5.662490
NOFO	-4.727991
YNOS	-5.407217
STIF	-4.463833
TIFF	-4.842946
IFFN	-5.884338
FFNE	-5.884338
FNES	-5.759400
ONFE	-4.374688
NFEL	-5.060430
LTAC	-5.662490
OOMA	-4.289578
NANG	-4.981248
NGEL	-4.111040
GELM	-5.662490
ELMO	-5.361460
LMOR	-4.432041
OREB	-4.463833
RCYO	-5.019037
CYON	-5.157340
TRAR	-4.689362
ACOL	-4.856310
NOFP	-4.870098
FPEO	-5.516362
HOMT	-4.759400
SLIT	-4.510201
LEBE	-4.469365
DNOF	-5.106187
FORN	-4.516362
EOFW	-4.328036
HOMH	-4.718007
MHEH	-4.963520
ADFE	-5.247516
DFEL	-4.629066
HESM	-4.293274
MNON	-5.759400
VEDE	-4.583308
EDEI	-5.320067
ORPL	-5.407217
RPLE	-4.770395
EACK	-5.516362
TTYB	-5.583308
TOOM	-4.474969
OOMU	-4.504127
WEDI	-4.680218
UTST	-4.397672
EYAD	-6.060430
BEAS	-4.412070
EASW	-4.432041
SWEE	-4.224739
WEET	-4.397672
EETG	-5.516362
ETGI	-5.516362
IRLA	-4.870098
RLAN	-4.590608
OTOB	-4.930096
OWMO	-5.215332
WMOR	-5.060430
REES	-4.304555
DASA	-4.555280
RFEL	-4.698702
LTAU	-6.060430
TAUT	-5.458370
ORIZ	-4.645456
RIZE	-5.019037
IZED	-4.304555
ZEDB	-5.361460
DBYS	-4.492228
CHCO	-4.463833
KOFH	-4.870098
NCOP	-5.361460
RVIL	-5.583308
TWAL	-5.060430
ALKO	-4.829981
LKOF	-4.829981
KOFL	-5.361460
FLON	-4.829981
URNL	-5.884338
RNLI	-5.407217
NLIV	-5.185368
DAFA	-5.082706
AFAM	-4.999732
ILYW	-4.727991
EBEN	-4.562119
RLYI	-4.817392
IAML	-5.185368
AMLU	-5.361460
MLUC	-5.361460
MERL	-4.981248
DEIN	-4.569068
EINM	-4.379188
INME	-4.402418
NMER	-4.981248
TONW	-4.629066
DMAD	-4.492228
ATOL	-4.963520
NDRI	-4.605585
DRIS	-5.060430
ROFK	-6.060430
OFKN	-5.131011
FKNI	-6.361460
KNIG	-5.131011
THOO	-5.583308
ODBY	-4.884338
ANAD	-4.613272
NADD	-4.738210
NGDU	-5.361460
GDUR	-5.662490
MAYO	-5.039240
ALTY	-5.282278
LTYT	-5.215332
APSB	-5.131011
PSBE	-5.039240
ENFE	-4.963520
OOST	-5.458370
ONGL	-4.437180
YITH	-4.829981
ADGI	-4.842946
DGIV	-4.402418
IMAD	-4.981248
MADI	-5.361460
ISBU	-4.412070
ARKE	-4.103781
RKET	-5.039240
KETT	-4.870098
ANDQ	-4.653889
NDQU	-4.598032
UITT	-4.432041
EMBO	-4.981248
MBOT	-5.185368
OTHH	-4.946486
HHEH	-4.605585
ADRE	-4.221581
DREM	-4.562119
REMO	-3.975853
EMOV	-4.344426
MOVE	-4.160062
SFAM	-4.718007
ILYT	-4.598032
YTOA	-4.637184
TOAH	-4.738210
OAHO	-5.662490
AHOU	-5.019037
UTAM	-4.946486
TAMI	-4.870098
ILEF	-4.829981
LEFR	-4.698702
MMER	-4.194142
TOND	-5.185368
NOMI	-4.708247
TEDF	-4.103781
ATPE	-4.498137
IODL	-6.361460
ODLU	-5.247516
DLUC	-5.157340
CASL	-5.583308
SLOD	-5.215332
LODG	-4.583308
ODGE	-4.645456
EHEC	-4.528951
ULDT	-4.078158
NKWI	-5.039240
WNIM	-5.662490
NIMP	-4.629066
MPOR	-4.197107
RTAN	-4.066993
DUNS	-5.282278
UNSH	-5.039240
SHAC	-5.516362
ACKL	-4.569068
CKLE	-4.316137
KLED	-4.562119
DBYB	-5.247516
BYBU	-5.583308
YBUS	-5.019037
SOCC	-4.689362
OCCU	-4.106187
CCUP	-4.432041
CUPY	-5.458370
UPYH	-6.060430
PYHI	-6.060430
FSOL	-5.082706
OLEL	-4.856310
LELY	-5.185368
YINB	-5.215332
INBE	-4.432041
NGCI	-5.157340
GCIV	-5.583308
VILT	-4.999732
ILTO	-4.637184
RLDF	-5.282278
LDFO	-4.738210
UGHE	-4.480646
GHEL	-5.106187
SRAN	-5.185368
KITD	-6.060430
REND	-4.240886
IMSU	-5.361460
MSUP	-5.407217
RCIL	-5.759400
CILI	-4.981248
ILIO	-5.516362
LIOU	-5.583308
OUSO	-4.370234
USON	-4.930096
LLAT	-4.352859
TOEV	-4.689362
OEVE	-4.463833
DYBY	-6.060430
YBYN	-5.884338
EINO	-4.583308
INOF	-4.340270
IVEF	-4.555280
VEFR	-4.999732
EFRI	-4.458370
ENDL	-4.637184
LIGI	-4.727991
ATST	-4.106187
TSTJ	-5.458370
STJA	-5.185368
TJAM	-5.247516
JAME	-4.930096
HIMC	-4.680218
IMCO	-5.039240
MCOU	-5.106187
RTEO	-5.759400
TEOU	-5.082706
USLA	-5.157340
CASW	-5.157340
ASWA	-4.569068
RYGO	-4.793258
OODK	-5.759400
ODKI	-5.759400
DKIN	-4.689362
TOOC	-4.884338
OOCL	-5.361460
OCLE	-5.185368
BEAV	-5.282278
EAVA	-5.185368
AVAL	-5.019037
VALU	-4.452975
ALUA	-4.781676
LUAB	-4.781676
UABL	-4.770395
OMRS	-4.899062
LCHI	-5.320067
MASE	-5.407217
UTTW	-4.914302
TTWE	-5.215332
TYSE	-4.930096
THSI	-4.689362
ETSS	-5.282278
TSSH	-4.770395
DMEE	-4.999732
EETT	-4.680218
LKOV	-5.662490
KOVE	-5.282278
LLWA	-4.463833
LWAS	-4.348622
ASAB	-4.361460
ARYA	-4.452975
LYBR	-4.748676
HTTH	-3.984883
RTOL	-4.817392
OMMU	-4.535385
MMUN	-4.548546
MUNI	-4.528951
UNIC	-4.555280
ATEY	-4.842946
UBEG	-5.662490
NGWE	-4.671264
GWEL	-5.215332
ELLC	-4.914302
LLCH	-4.899062
TTES	-4.793258
THCI	-5.583308
HCIV	-5.583308
VILS	-4.698702
ILSE	-5.759400
LSEL	-5.131011
LFCO	-4.805157
CASY	-5.884338
REMR	-4.914302
EYSF	-5.759400
TCHO	-4.708247
ICEY	-5.407217
CEYE	-5.106187
ONDB	-5.458370
EROH	-5.106187
ROHY	-5.759400
EANJ	-5.884338
ANJA	-5.759400
EBEC	-4.432041
HATD	-3.975853
DIDS	-4.528951
IDSE	-5.361460
ASIF	-4.031046
SIFH	-4.914302
FHEA	-4.662490
RIND	-4.569068
EDIR	-4.421940
DIRA	-5.583308
RBEL	-4.963520
EVEH	-4.856310
DIDI	-4.412070
IDIH	-5.082706
DIHE	-5.131011
TITB	-4.899062
TIHA	-3.941504
IHAR	-5.106187
DLYK	-4.999732
LYKN	-4.621097
YKNO	-4.522611
ATSO	-3.934948
OUTM	-4.463833
UTMR	-4.930096
TMRR	-5.884338
MRRO	-5.884338
RROB	-5.282278
ROBI	-5.407217
OBIN	-5.185368
BINS	-5.157340
NSON	-4.535385
ONPE	-4.946486
EANW	-4.613272
TIOV	-6.361460
IOVE	-6.361460
RDBE	-5.106187
DMRR	-5.759400
NITT	-4.770395
TTOY	-4.914302
UMRR	-6.361460
NSAS	-4.738210
IMHO	-5.039240
MHOW	-4.856310
WHEL	-4.842946
EDOU	-3.905094
OURM	-4.234355
URME	-5.131011
EATM	-4.498137
NYPR	-5.019037
TTYW	-5.082706
YWOM	-5.060430
CHHE	-3.995972
HHET	-5.247516
NGIM	-4.914302
GIMM	-5.662490
ASTQ	-5.759400
STQU	-5.407217
TQUE	-4.842946
ONOH	-5.247516
NOHT	-5.662490
OHTH	-4.842946
ETBE	-4.748676
TBEY	-5.185368
DADO	-5.131011
ADOU	-4.914302
RECA	-4.082706
WOOP	-5.458370
ATPO	-4.793258
TPOI	-4.759400
INTU	-5.039240
NTUP	-4.770395
TUPO	-4.103781
NMYW	-4.856310
MYWO	-4.698702
YWOR	-4.361460
ORDW	-4.671264
RDWE	-5.131011
EEDT	-4.392977
ATDO	-4.209171
OESS	-4.946486
SIFB	-5.458370
IFBU	-5.884338
RITM	-4.963520
MAYA	-4.770395
AYAL	-4.842946
LLCO	-4.240886
ETON	-4.278674
TONO	-4.605585
OWMY	-4.870098
WMYO	-5.884338
MYOV	-6.060430
YOVE	-4.645456
GSWE	-4.738210
HEPU	-4.268038
EPUR	-4.486398
PURP	-4.234355
URPO	-4.179616
RPOS	-4.212241
HANY	-4.598032
IZAS	-5.884338
ZASA	-6.361460
AIDC	-5.185368
IDCH	-5.458370
TEMR	-5.215332
RCYI	-4.718007
CYIS	-5.039240
TSOW	-4.645456
ELLW	-4.426961
RTHL	-4.727991
GTOA	-4.598032
OASH	-5.019037
SHEP	-4.516362
OORE	-4.963520
IZAT	-5.247516
ZATO	-6.361460
OBEO	-4.662490
NLYJ	-5.215332
LYJU	-5.106187
LEIB	-5.662490
EIBE	-4.884338
IBEG	-4.555280
BEGY	-5.458370
EGYO	-5.247516
TPUT	-4.981248
OLIZ	-5.320067
ZZYS	-5.247516
ZYSH	-5.884338
OBEV	-5.282278
EVEX	-5.516362
XEDB	-5.458370
LLTR	-4.817392
LTRE	-5.458370
DBEQ	-5.884338
BEQU	-4.981248
TEAM	-5.039240
MISF	-4.621097
ISFO	-4.125931
UNET	-5.082706
IMMR	-5.884338
MMRS	-5.157340
DMEL	-5.458370
MELA	-4.629066
STNI	-4.708247
SATC	-5.458370
ATCL	-4.999732
TCLO	-4.914302
URWI	-4.842946
IPSI	-4.963520
PSIL	-6.361460
IPSC	-4.793258
SCOP	-4.946486
LENA	-4.842946
AREY	-4.352859
YOUQ	-5.320067
OUQU	-5.131011
UQUI	-5.407217
TESU	-5.039240
EMAA	-6.060430
MAAM	-5.320067
AAMI	-5.884338
AIDJ	-5.019037
IDJA	-5.131011
NEIC	-5.361460
YSAW	-4.899062
SAWM	-5.019037
WMRD	-5.361460
CYSP	-5.361460
RAYB	-5.662490
SESH	-4.374688
MATL	-5.157340
KEDN	-4.727991
DNET	-5.583308
DHEC	-4.870098
ELPA	-5.361460
LPAN	-5.320067
PANS	-4.981248
MEDV	-5.458370
EDVE	-4.718007
YANG	-5.320067
GRYA	-5.583308
RYAT	-4.870098
ATBE	-4.510201
NGSP	-4.437180
GSPO	-5.247516
ETOM	-4.043396
YTOL	-4.708247
DMES	-4.899062
EAKS	-4.645456
AKSM	-5.884338
KSMU	-5.583308
HUNL	-5.759400
TEAC	-4.613272
EISR	-5.060430
LEID	-5.247516
VEAW	-5.157340
EAWO	-5.215332
ORDO	-4.504127
RDOF	-4.247516
DOFI	-4.671264
FITM	-5.215332
ARIF	-5.247516
NSOV	-5.185368
UESS	-4.759400
WITW	-4.899062
YSAY	-4.498137
EISE	-4.708247
SEAT	-4.045489
ATUP	-4.781676
TUPW	-5.131011
THPR	-5.082706
HPRI	-5.320067
SAYH	-4.930096
MEHO	-4.332076
HOWT	-4.316137
OTKE	-5.407217
EEPA	-4.480646
EPAC	-4.698702
PACA	-5.759400
ACAR	-4.718007
RRIA	-4.078158
RIAG	-4.078158
IAGE	-4.071425
AGEA	-4.173939
LINA	-4.541916
INAH	-4.304555
NAHA	-4.231126
AHAC	-5.662490
ACKC	-5.185368
CKCH	-5.407217
KCHA	-5.247516
ISEI	-4.562119
SEID	-5.361460
OTMI	-5.019037
TMIN	-4.829981
INDH	-4.458370
OTTA	-4.282278
GTOM	-4.535385
GSAI	-4.621097
IDMI	-5.157340
CASB	-6.060430
ASBU	-4.613272
UTIW	-4.562119
TIWI	-4.629066
SHHE	-5.019037
IZAA	-5.884338
ZAAN	-5.884338
AANO	-6.060430
ERTI	-4.075902
ZYSA	-5.407217
ERIW	-4.899062
RIWO	-5.516362
OTDA	-5.282278
MIFI	-5.884338
IFIW	-4.899062
FIWE	-5.082706
IWER	-4.946486
OUIB	-6.060430
UIBE	-6.060430
AMIM	-5.407217
MIMA	-5.583308
YSAF	-5.019037
SAFE	-4.370234
AFEL	-4.870098
FELY	-5.282278
ISEY	-4.224739
RTOD	-4.805157
IMHI	-4.914302
DESA	-4.605585
CASD	-6.060430
NDOE	-5.247516
ESBE	-4.289578
CUSE	-4.569068
USEF	-4.680218
RITO	-4.770395
NEAY	-5.662490
ANWI	-4.365824
ITHF	-4.426961
THFA	-5.361460
HFAM	-5.662490
ILYF	-4.946486
UNEE	-5.361460
GINH	-4.498137
SFAV	-5.039240
URSH	-4.718007
KHIG	-6.060430
HLYO	-6.060430
LFIF	-5.458370
FIFI	-6.060430
IFIM	-5.320067
FIMA	-5.662490
YSOE	-5.662490
ARIG	-4.842946
UDTH	-5.282278
RYTR	-5.082706
RUER	-5.759400
UERE	-5.247516
DICO	-4.613272
ICOU	-3.972294
ULDE	-4.182483
LDEA	-4.899062
ASIL	-4.397672
SILY	-4.498137
ORGI	-4.516362
IVEH	-4.357138
DEIF	-5.458370
OTMO	-4.914302
ORTI	-4.143976
IEDM	-4.541916
DMIN	-4.884338
INEP	-4.930096
NEPR	-5.019037
DEOB	-5.884338
VEDM	-4.576130
WHOP	-4.981248
HOPI	-5.247516
OPIQ	-6.361460
PIQU	-5.884338
QUED	-6.361460
UEDH	-4.914302
LFUP	-4.999732
FUPO	-5.082706
ESOL	-3.944819
SOLI	-4.171128
OLID	-4.781676
LIDI	-4.727991
IDIT	-4.392977
DITY	-4.689362
RREF	-5.131011
ISAV	-4.793258
ONFA	-5.215332
NFAI	-5.282278
NGIB	-5.407217
GIBE	-5.458370
EBYA	-4.817392
ATIH	-4.133573
AVEE	-4.344426
VEEV	-4.698702
ADIA	-4.899062
IAMC	-4.793258
AMCO	-4.884338
MCON	-4.856310
ATHU	-4.884338
THUM	-4.718007
ANNA	-4.963520
RLYP	-4.981248
ETOI	-4.605585
OITA	-4.842946
RYFE	-4.946486
YFEW	-5.185368
FEWO	-4.946486
EWOF	-4.541916
WOFU	-5.662490
OFUS	-4.447646
FUSW	-5.361460
ODON	-4.817392
OTCH	-4.708247
CHER	-4.383736
SHAF	-5.516362
HAFE	-5.082706
GOFS	-5.019037
FSEL	-5.407217
MPLA	-4.498137
ACEN	-4.884338
ENCY	-4.498137
ESCO	-4.320067
CORE	-4.817392
OMEQ	-5.458370
MEQU	-5.039240
TYOR	-4.899062
YORO	-5.407217
LORI	-4.689362
ORIM	-5.106187
ARYV	-5.516362
RYVA	-5.458370
YVAN	-5.583308
VANI	-4.576130
DSAR	-4.842946
TENU	-5.407217
NUSE	-5.039240
EDSY	-5.516362
DSYN	-6.060430
SYNO	-5.759400
NONY	-5.662490
ONYM	-5.516362
NYMO	-4.613272
YMOU	-4.899062
MOUS	-4.379188
YAPE	-5.407217
SONM	-4.781676
YBEP	-5.458370
OUDW	-5.320067
UDWI	-5.884338
UTBE	-4.407217
NGVA	-5.361460
GVAI	-6.361460
VAIN	-4.469365
AINP	-4.474969
OOUR	-4.613272
UROP	-4.870098
ROPI	-4.576130
VESV	-5.759400
ESVA	-5.407217
SVAN	-5.407217
YTOW	-4.535385
OWHA	-4.168335
TWEW	-4.856310
AVEO	-4.412070
VEOT	-6.060430
KOFU	-5.884338
FUSI	-4.671264
EASR	-5.458370
ASRI	-5.361460
SRIC	-5.662490
SMRD	-4.981248
RCYC	-5.082706
CYCR	-6.060430
DAYO	-4.562119
NGLU	-5.516362
GLUC	-6.060430
AMEW	-4.447646
SISH	-4.516362
OUDI	-4.662490
UDIW	-6.060430
DIWA	-4.516362
SIWO	-4.999732
ULDK	-5.361460
LDKE	-5.458370
EPAP	-4.583308
APAC	-4.946486
PACK	-4.884338
KOFF	-5.185368
FFOX	-6.361460
FOXH	-6.060430
OXHO	-6.361460
XHOU	-5.884338
HOUN	-4.914302
NDDR	-4.458370
DDRI	-4.899062
DRIN	-4.689362
RINK	-4.340270
NKAB	-5.583308
KABO	-4.946486
ABOT	-5.583308
BOTT	-4.392977
OTTL	-4.981248
OFWI	-4.590608
FWIN	-5.282278
WINE	-4.870098
DAYT	-4.528951
LDDR	-5.320067
NKAG	-5.583308
KAGR	-5.662490
YOUO	-4.426961
OUOU	-5.157340
UOUG	-5.361460
LDTA	-4.770395
KEAW	-5.039240
EAWA	-4.293274
OURB	-4.365824
URBO	-4.884338
DIRE	-3.939856
RECT	-3.914302
EBOY	-5.019037
BOYP	-6.361460
OYPR	-6.361460
OTSH	-4.963520
UEDT	-4.689362
EARG	-5.157340
ARGU	-4.718007
RGUM	-4.870098
GUME	-4.856310
DEDO	-4.535385
RVII	-5.884338
VIIL	-5.583308
URNS	-4.548546
RNSO	-4.981248
NSOO	-4.963520
OONW	-4.662490
NWAI	-5.282278
FNET	-6.060430
ELDT	-4.621097
NDUE	-5.215332
DUEF	-5.884338
UEFO	-5.185368
ORMM	-5.247516
ETSP	-5.458370
TSPL	-5.131011
RSGR	-5.320067
GREW	-4.781676
WONT	-4.442382
ODWI	-4.770395
DWIL	-4.569068
LOFM	-4.999732
EMOT	-4.340270
SFOU	-4.590608
GERS	-4.118422
ERSN	-4.689362
RTHS	-4.708247
THSP	-4.899062
HSPE	-5.215332
TOAW	-4.963520
OAWI	-5.583308
AWIS	-4.930096
SHOF	-4.541916
HOFB	-5.458370
GBET	-4.781676
ERAC	-4.469365
RACQ	-4.999732
EMWA	-5.215332
ASEX	-4.528951
DTOW	-4.179616
RDST	-3.944819
DSTH	-3.881453
TWOE	-4.999732
WOEL	-5.407217
OELD	-5.516362
TBYJ	-6.361460
ESTP	-4.548546
UREB	-4.548546
THST	-4.432041
HSTI	-5.106187
LLSA	-4.300762
LSAW	-5.759400
WSUP	-5.185368
EIRT	-4.680218
IRTR	-5.320067
RTRE	-5.185368
YHAR	-4.759400
YEXC	-4.759400
PTIN	-4.680218
NGEV	-4.576130
GEVE	-4.590608
DCOU	-4.474969
STOJ	-5.215332
NESU	-4.999732
DAVA	-5.320067
ALUE	-4.748676
LUEA	-5.407217
UEAS	-5.247516
LLPR	-4.548546
BABI	-4.899062
YFRO	-4.168335
INFL	-4.407217
NFLU	-4.613272
FLUE	-4.598032
LUEN	-4.590608
RSAD	-5.082706
NITW	-4.447646
ASGE	-5.157340
LYEV	-4.805157
YEVI	-4.999732
NTWH	-4.254250
EYME	-5.060430
YMET	-4.930096
METT	-5.215332
IDAD	-5.759400
ASEQ	-5.583308
HATJ	-4.793258
ATJA	-5.019037
WASY	-4.842946
ASYI	-5.247516
DBEG	-4.621097
BEGU	-5.082706
EGUN	-4.829981
GUNT	-5.131011
OENT	-4.680218
HINL	-5.039240
NCEJ	-5.759400
CEJA	-6.060430
ANEU	-5.759400
NEUN	-5.215332
EUNI	-4.528951
HOFF	-5.039240
POSU	-4.884338
PERA	-4.157340
DANU	-5.157340
NUNI	-5.247516
UNIF	-5.082706
NIFO	-4.781676
ORMC	-5.662490
RMCH	-5.106187
MCHE	-5.884338
CHWO	-4.598032
HWOU	-4.576130
LDGU	-5.759400
DGUA	-6.060430
GUAR	-4.621097
UARD	-4.637184
ESUS	-4.759400
CION	-4.770395
SBEP	-5.516362
BEPL	-5.185368
IEDC	-5.060430
EDCH	-4.637184
TTET	-5.282278
TOIM	-4.981248
OIMP	-4.829981
SEON	-4.680218
EPUB	-4.899062
LICI	-4.402418
CINS	-5.662490
HACA	-5.039240
ACAS	-4.981248
ASEB	-4.981248
RYGU	-5.759400
YGUA	-5.583308
ARDE	-4.021016
DIFA	-5.131011
IFAW	-6.060430
FAWO	-5.516362
MANC	-4.463833
CEAL	-4.452975
EALS	-4.492228
MESK	-5.662490
ILLF	-4.357138
LLFR	-4.930096
LFRO	-4.637184
MAYL	-5.106187
YLOS	-4.981248
EOPP	-4.738210
YOFF	-4.671264
FFIX	-5.884338
FIXI	-5.458370
IXIN	-5.106187
NBEB	-5.662490
BEBU	-4.946486
UTPO	-5.282278
TPOO	-5.131011
OORC	-5.185368
ORCO	-4.447646
EVET	-4.583308
RLDE	-5.759400
LDEQ	-6.060430
DEQU	-4.914302
DARK	-4.035124
HOFG	-5.583308
OFGR	-4.486398
FGRA	-4.963520
ITUD	-4.037177
TUDE	-4.019037
UDEO	-4.793258
DEOR	-5.320067
EORV	-6.361460
ORVA	-5.458370
NALM	-4.793258
TACH	-4.320067
ACHM	-4.621097
CHME	-4.535385
OTSA	-4.562119
TSAF	-5.060430
AFET	-4.899062
FETO	-5.039240
NYTO	-5.131011
YTOI	-4.981248
OITS	-4.562119
FWEC	-5.516362
LBEG	-4.999732
BEGI	-4.328036
EGIN	-4.264550
GINF	-5.039240
INFR	-4.374688
NFRE	-4.842946
EELY	-4.829981
YASL	-5.516362
HTPR	-5.060430
SNAT	-4.447646
RALE	-4.963520
UGHB	-4.486398
GHBU	-4.842946
ARTE	-3.853604
RTEN	-4.718007
OBER	-4.576130
URAG	-4.397672
AGEM	-4.379188
TINN	-5.247516
INNI	-4.492228
NNIN	-4.078158
INEC	-4.805157
HANS	-4.412070
ELSB	-5.662490
LSBI	-6.060430
KESY	-5.884338
TERU	-4.884338
ERUN	-4.304555
RUND	-4.829981
MAYN	-4.770395
AYNE	-5.247516
YNEV	-4.946486
RDOM	-5.516362
DOMO	-5.320067
HANL	-5.407217
RIFS	-5.458370
ELPH	-5.215332
LPHI	-4.805157
PHIM	-5.131011
MONB	-5.282278
OESH	-4.914302
ERNA	-3.990392
RNAT	-4.336154
OWIF	-4.999732
WIFI	-5.759400
CANP	-4.930096
RREG	-4.856310
ARDF	-4.562119
MHEM	-5.282278
TOOR	-5.157340
ZATH	-5.884338
NOWJ	-5.458370
OWJA	-5.759400
WJAN	-6.060430
NESD	-4.981248
NASY	-5.106187
UDOB	-6.060430
DOBU	-5.131011
TIFA	-5.157340
NISP	-5.185368
RTIA	-4.613272
IALT	-4.708247
TOAM	-4.817392
OAMA	-5.131011
DDOE	-5.361460
DEAV	-4.240886
EAVO	-4.227921
AVOR	-4.946486
VORT	-5.458370
RTOC	-4.829981
LITH	-4.946486
DITO	-4.504127
APSH	-4.963520
PSHE	-4.842946
TIFH	-4.946486
FHES	-5.247516
SEES	-4.629066
EESE	-4.718007
GHOF	-4.930096
HOFH	-4.708247
GHBI	-6.361460
HBIN	-5.662490
ANEM	-4.842946
BLYO	-5.247516
ISNE	-4.562119
ANYH	-4.541916
NYHO	-4.899062
YHOU	-4.569068
SEEE	-5.361460
EEEA	-5.884338
EEAC	-4.930096
ACHO	-4.118422
CHOT	-4.300762
NLAR	-5.157340
GEMI	-5.215332
EMIX	-5.759400
XEDP	-6.060430
EDPA	-4.629066
RTIE	-4.829981
TISI	-4.289578
RYMO	-4.629066
YMOM	-4.946486
BEEM	-5.516362
EEMP	-4.870098
GTOG	-4.671264
HERJ	-4.914302
ERJA	-4.914302
OSTO	-4.374688
ERYH	-4.392977
ALFH	-4.946486
FHOU	-5.215332
LBEL	-5.106187
ELEI	-5.884338
ISUR	-4.914302
ORFA	-5.019037
RFAL	-5.282278
EASM	-4.613272
SESY	-5.583308
URPL	-4.930096
LANI	-5.247516
NISA	-4.541916
GISI	-5.247516
NQUE	-4.388332
ETAR	-4.842946
TARI	-4.437180
ARIC	-5.060430
CHHU	-5.361460
HHUS	-6.060430
NDOR	-4.856310
DORA	-4.805157
NYHU	-5.458370
YHUS	-5.884338
SAYI	-4.203097
AYIS	-4.842946
LDAD	-4.397672
DOPT	-5.282278
OPTI	-5.583308
PTIT	-5.039240
NOTJ	-5.247516
OTJA	-5.884338
ESFE	-5.320067
NGSS	-4.680218
GSSH	-5.215332
GBYD	-6.361460
BYDE	-5.039240
IGNA	-4.407217
GNAS	-5.458370
ASYE	-4.738210
YETS	-4.504127
NBEC	-4.759400
BECE	-5.361460
EDEG	-4.870098
REEO	-4.447646
EEOF	-4.535385
OWNR	-4.770395
WNRE	-5.215332
RDNO	-4.856310
NORO	-4.963520
ROFI	-4.598032
LYAF	-4.598032
YAFO	-5.662490
HTSH	-4.698702
CEDF	-4.946486
MATM	-5.662490
NEMO	-4.708247
GATH	-4.340270
WNHO	-4.914302
CEDI	-4.293274
ANYW	-4.344426
NYWI	-5.082706
MFOU	-5.884338
SISN	-4.842946
HTOM	-4.899062
HERU	-4.209171
OTAS	-4.562119
TASY	-4.805157
YDIN	-5.157340
RHEH	-4.759400
ODAP	-5.583308
DAPP	-4.541916
TITE	-4.829981
TFOU	-4.856310
UREV	-5.320067
GSHA	-4.653889
LSOS	-5.185368
SOSP	-5.458370
NGSM	-4.781676
GSMA	-5.131011
MAYD	-4.899062
AYDO	-4.781676
YDOA	-5.662490
DOAG	-6.361460
OAGR	-5.060430
EALY	-5.516362
ALYE	-5.320067
LYES	-4.793258
YEST	-4.154634
VEEN	-4.946486
MTOA	-4.842946
OASC	-5.215332
HEYB	-4.727991
EYBO	-5.458370
YBOT	-5.019037
OTHL	-5.458370
HLIK	-4.759400
IKEV	-5.662490
KEVI	-5.759400
EVIN	-4.569068
NGTU	-5.247516
GTUN	-6.060430
TUNB	-5.662490
UNBE	-5.185368
MERC	-4.463833
RCEB	-5.516362
RLEA	-4.738210
LEAD	-4.300762
NGCH	-4.605585
GCHA	-4.770395
ICID	-5.247516
CIDO	-6.060430
ATMU	-5.082706
ENUN	-4.708247
NUNF	-5.131011
FOLD	-4.336154
OLDE	-4.254250
LDED	-4.637184
LSAI	-4.598032
TTEI	-5.407217
ISHJ	-5.662490
SHJA	-5.884338
LLMY	-4.426961
LMYH	-5.458370
DIFS	-5.282278
HEWE	-4.045489
ADAS	-4.528951
DASG	-5.662490
ODAC	-5.516362
DACH	-4.981248
OFHA	-4.416977
FHAP	-4.981248
PPIN	-3.931707
PINE	-4.091947
SIFS	-4.930096
ESTU	-4.221581
RATW	-5.361460
LVEM	-5.185368
VEMO	-4.718007
MONT	-4.043396
NTHH	-5.884338
INMA	-4.289578
NMAR	-4.680218
GEIS	-4.884338
YAMA	-5.019037
CEIF	-5.019037
REEV	-4.680218
RSOW	-5.282278
ELLK	-4.671264
LLKN	-4.522611
LKNO	-4.492228
TOEA	-4.698702
OEAC	-4.870098
RORE	-5.583308
RSOS	-5.583308
SOSI	-5.131011
OSIM	-5.516362
SIMI	-4.662490
IMIL	-4.629066
MILA	-4.698702
ILAR	-4.590608
LARB	-4.963520
ARBE	-4.718007
RBEF	-4.598032
EHAN	-4.173939
DITD	-5.082706
VANC	-4.275100
IRFE	-5.215332
ICIT	-4.463833
AYSC	-5.082706
NUET	-5.320067
ETOG	-4.397672
TOGR	-4.598032
OGRO	-5.131011
OWSU	-5.019037
WSUF	-6.060430
UNLI	-4.689362
KEAF	-4.899062
DSTO	-4.191198
IRSH	-4.870098
FVEX	-6.060430
VEXA	-5.185368
EXAT	-5.157340
XATI	-5.185368
TISB	-4.718007
RTOK	-5.282278
EASP	-4.671264
EDEF	-4.781676
HOMY	-5.106187
OMYO	-4.397672
ETOP	-4.221581
OPAS	-4.829981
ASSY	-5.361460
SSYO	-4.680218
URLI	-4.598032
IFEY	-5.407217
FEYO	-5.583308
UMAK	-5.185368
UGHC	-5.060430
GHCH	-5.516362
HCHA	-4.759400
TTEB	-5.662490
TSOU	-4.621097
SOUN	-4.045489
UNDY	-5.215332
WITI	-4.870098
UNDA	-3.925297
LFOC	-6.361460
FOCC	-6.060430
CUPI	-4.680218
UPIE	-4.718007
PIED	-4.653889
GMRB	-5.759400
THWA	-4.200092
SFAR	-4.370234
FARF	-4.653889
MSUS	-6.060430
FBEC	-5.516362
COMI	-4.128464
GANO	-4.781676
ANOB	-4.671264
NOBJ	-5.131011
HEEY	-4.738210
YESO	-4.576130
DATF	-4.999732
STSC	-5.157340
TSCA	-4.930096
RCEL	-4.416977
HADL	-4.278674
DATH	-4.452975
NATT	-4.218445
HEYN	-4.963520
EYNE	-5.282278
YNEX	-5.583308
EXTM	-4.689362
XTME	-5.884338
ISEB	-4.805157
TNOS	-5.106187
NOSO	-4.930096
NERH	-4.645456
ITCL	-5.247516
TCLE	-4.856310
CLEA	-3.918980
NDST	-3.861773
DHAR	-4.257656
YAGO	-5.361460
ODFE	-5.759400
DFEA	-4.662490
NHEB	-5.157340
SREN	-5.361460
REDU	-4.458370
EDUN	-4.474969
ULEX	-5.583308
LEXP	-5.039240
RKEY	-5.247516
KEYE	-5.106187
CCEE	-4.645456
EDED	-4.257656
MEOT	-4.817392
LYMO	-4.748676
YMOR	-4.370234
TIFY	-4.474969
IFYI	-4.805157
FYIN	-4.748676
ETEC	-4.946486
TECT	-4.498137
HACR	-5.131011
EYEM	-5.361460
YEMO	-5.407217
EOFP	-4.541916
FPER	-4.793258
CTSY	-5.759400
TSYM	-5.282278
SYMM	-5.458370
YMME	-5.458370
MMET	-5.157340
METR	-4.689362
ETRY	-4.829981
TRYI	-4.562119
ORMH	-5.131011
RMHE	-5.282278
OACK	-5.662490
DGEH	-5.247516
RFIG	-5.407217
DPLE	-4.842946
SERT	-4.300762
LDHE	-4.365824
SCAU	-4.981248
CAUG	-4.463833
EIRE	-4.348622
ASYP	-5.759400
SYPL	-6.361460
ISSH	-4.215332
UNAW	-5.131011
AWAR	-4.613272
WARE	-4.463833
OMAD	-5.082706
HHEB	-5.361460
SHTO	-4.416977
HTOK	-5.320067
RDSC	-5.157340
DSCO	-4.884338
FATT	-4.748676
THOT	-5.106187
SDOI	-5.082706
GSOD	-5.759400
SODR	-5.583308
SATS	-4.963520
ATSI	-4.432041
TSIR	-4.793258
CASS	-5.106187
EALA	-4.437180
RTYW	-4.963520
TYWE	-4.930096
MBLE	-4.297002
OESM	-5.458370
ESMR	-5.106187
RCYM	-4.999732
CYME	-5.884338
YMEA	-4.613272
TEBY	-5.583308
EBYL	-5.583308
BYLI	-5.361460
YLIS	-5.407217
TOMY	-3.865915
OMYC	-4.914302
MYCO	-4.188273
HCOL	-5.039240
NELF	-4.562119
ORST	-4.171128
ISAQ	-5.361460
SAQU	-5.082706
AQUE	-4.805157
HMRD	-5.157340
YONL	-4.770395
WERB	-4.981248
FHED	-5.185368
OESI	-4.829981
LLCE	-5.247516
LCER	-5.157340
NLYL	-4.946486
LYLE	-4.637184
YLET	-4.653889
HIMK	-5.458370
IMKN	-5.759400
MKNO	-5.516362
TISE	-4.357138
SEEW	-4.535385
ISAB	-4.498137
RYSA	-4.914302
TIRI	-5.361460
IRIC	-5.458370
IFID	-5.320067
FIDO	-5.458370
TBEG	-4.805157
GINB	-5.320067
INBY	-4.999732
NBYB	-5.884338
BYBE	-5.361460
YBEI	-4.653889
GIMP	-5.157340
NTMY	-4.884338
TMYS	-4.469365
LSOO	-4.605585
OONG	-5.185368
ONGR	-4.452975
ROWA	-4.645456
OWAF	-5.516362
WAFR	-6.361460
LCOP	-5.759400
NONH	-5.060430
EMSO	-4.842946
MSOO	-5.759400
ANYI	-4.492228
NYIN	-4.548546
GMIS	-5.131011
EFIE	-4.458370
HASU	-4.981248
ASUB	-4.856310
IMWH	-4.324033
GELI	-4.738210
HETU	-4.374688
AIDD	-4.870098
DDID	-4.718007
INKM	-5.019037
NKMR	-5.759400
KMRD	-5.759400
TIEX	-5.662490
IEXP	-4.914302
SEDM	-4.348622
EDMY	-3.790917
LFUN	-5.019037
FUNC	-5.019037
ELLJ	-5.759400
LLJU	-4.963520
LJUS	-5.106187
ENIW	-4.680218
NIWA	-4.576130
GCOL	-5.106187
RTOG	-4.981248
IVEU	-4.829981
VEUS	-4.930096
EUSA	-5.082706
SABA	-5.361460
LATM	-5.759400
ERGY	-4.759400
RGYB	-6.060430
GYBU	-6.060430
SASU	-5.019037
CTWH	-4.770395
CHAL	-4.548546
HALW	-5.583308
YSMA	-4.914302
SMAK	-4.884338
ESAL	-4.234355
DYEN	-5.407217
YENE	-4.981248
GETI	-4.759400
TICY	-6.060430
ICYO	-5.662490
CYOU	-5.583308
REON	-4.328036
EONU	-5.759400
ONUS	-4.981248
USIT	-5.185368
ERTU	-4.781676
RTUR	-4.320067
OONT	-4.629066
BETE	-5.516362
ETEA	-5.106187
EDSA	-4.528951
ASIA	-4.637184
AMGO	-5.106187
MGOI	-5.131011
TOOP	-4.671264
OOPE	-4.629066
TRUM	-4.689362
RUME	-4.856310
TFOL	-4.930096
LOWS	-4.168335
OWSY	-5.458370
WSYO	-5.884338
REAV	-5.583308
YSTR	-4.352859
NGEC	-5.039240
GECR	-5.247516
EBYW	-5.106187
BYWA	-5.106187
YWAY	-4.458370
FAFR	-5.215332
AFRI	-4.605585
YSWA	-5.106187
SWAN	-4.829981
GBEF	-4.727991
ODYI	-4.946486
DYIF	-6.060430
YIFM	-6.060430
IFMY	-5.361460
FMYV	-5.583308
MYVA	-5.516362
ADTA	-4.718007
ENAM	-4.261089
USIC	-4.781676
ALTU	-5.458370
LTUR	-4.981248
URNY	-5.583308
RNYO	-5.407217
NVAL	-4.999732
ISIW	-5.407217
LLYR	-4.541916
OTSI	-5.106187
HOMU	-5.759400
OMUS	-5.361460
RYBE	-4.817392
ONMI	-4.781676
RSEV	-4.583308
DEDV	-5.583308
RYWE	-4.421940
LLIF	-4.781676
LIFI	-4.981248
ITMU	-4.541916
ELYG	-4.870098
LYGL	-4.930096
GATM	-5.157340
TMRD	-4.748676
INEO	-4.383736
NEOL	-5.516362
DYHE	-5.157340
RSEF	-5.215332
ILIA	-4.510201
IARW	-5.361460
ARWI	-4.842946
ITHK	-5.247516
THKE	-5.583308
HKEE	-5.583308
EEPY	-4.914302
EPYO	-5.185368
PYOU	-4.698702
URBR	-5.361460
HTOC	-4.870098
OCOO	-5.407217
COOL	-4.718007
OOLY	-5.884338
OLYO	-5.516362
RPOR	-4.781676
PORR	-6.060430
DGEA	-4.817392
ALLK	-4.981248
LLKE	-5.247516
LKEE	-5.215332
EEPM	-5.215332
EPMI	-6.060430
PMIN	-6.060430
OSWE	-5.458370
LMYS	-5.215332
MYSO	-4.590608
YSON	-4.856310
SONG	-4.999732
GHBY	-5.361460
LAFT	-5.019037
RASO	-5.131011
GORT	-5.361460
TWOA	-4.884338
WOAN	-5.282278
DREP	-4.689362
PLYT	-4.870098
LDSI	-5.247516
GAGA	-4.727991
EAGE	-4.234355
GERL	-4.698702
LYSU	-4.486398
DEDA	-4.138743
GINC	-4.999732
ORKE	-4.689362
RKED	-4.120910
FORK	-5.019037
ORKN	-5.157340
DACC	-4.708247
TSWA	-4.738210
YSIM	-5.131011
RDIS	-4.365824
LAYM	-5.361460
AYMA	-4.946486
YMAR	-4.555280
DNEI	-5.082706
IUSN	-6.361460
UGHV	-5.583308
GHVA	-5.884338
HVAN	-5.884338
PLIC	-4.412070
SEAP	-4.963520
APED	-4.432041
PEDA	-4.463833
DANT	-4.662490
ICAI	-5.662490
CAIR	-6.361460
AIRA	-4.261089
IRAN	-4.289578
EDAH	-4.412070
RDEG	-5.662490
FEXC	-5.407217
ASYA	-5.131011
SYAN	-5.106187
DUNA	-5.157340
OTPL	-5.320067
GHAL	-4.829981
FSOW	-5.759400
FALO	-4.870098
ONGC	-4.856310
GCON	-4.590608
RTOW	-4.653889
ASGL	-5.407217
SGLA	-4.805157
ASEP	-5.131011
SEPR	-4.738210
EPRA	-4.662490
UDEB	-5.247516
BYSC	-5.759400
COTC	-5.407217
NDIR	-4.442382
DIRI	-6.060430
IRIS	-5.039240
SHAI	-4.930096
HAIR	-4.037177
EREQ	-4.842946
RSJO	-5.884338
SJOI	-5.282278
EDEA	-4.138743
DEAG	-5.082706
OOMM	-5.282278
OMMR	-4.870098
MMRD	-5.458370
CYST	-5.884338
YSTO	-4.421940
DNEA	-4.999732
MINS	-4.981248
GNAT	-4.680218
HAMO	-4.738210
AMOD	-5.320067
ODEO	-5.131011
EEXC	-4.388332
XCLU	-5.157340
CLUS	-4.535385
LUSI	-4.407217
USIO	-4.312242
LCON	-4.316137
CHEN	-4.759400
HENG	-4.645456
ENGR	-4.718007
TOPE	-4.421940
SNEI	-5.039240
RTIL	-4.738210
LSIR	-5.458370
MTHU	-5.407217
USBE	-4.899062
SBEG	-4.759400
GANW	-5.320067
GAMU	-5.884338
UNGP	-5.157340
NGPE	-4.576130
GPEO	-5.215332
SISM	-4.963520
LLIC	-4.963520
LICO	-5.157340
ICON	-4.275100
TASO	-4.963520
TREF	-4.981248
OFPO	-4.645456
FPOL	-5.458370
POLI	-4.203097
HEDS	-4.671264
OCIE	-4.492228
CIET	-4.492228
IETI	-5.157340
ETIE	-4.899062
IESC	-4.738210
ESCE	-4.091947
YSIR	-4.793258
SIRA	-4.689362
SOOF	-4.856310
OOFB	-5.884338
INVO	-4.555280
NVOG	-6.361460
VOGU	-6.361460
GUEA	-4.946486
UEAM	-5.884338
SSPO	-4.629066
SPOL	-5.282278
LDEV	-4.884338
YSAV	-5.407217
AGEC	-4.870098
GECA	-4.999732
CESI	-4.689362
IAMO	-5.082706
LYSM	-4.963520
LEDY	-5.082706
ENDP	-5.282278
RMSD	-5.759400
MSDE	-5.662490
YHEC	-4.870098
UEDA	-5.082706
RAPA	-4.930096
APAU	-5.320067
PAUS	-4.416977
USEO	-4.304555
EONS	-4.899062
NGBI	-5.082706
GBIN	-5.583308
LEYJ	-6.060430
EYJO	-5.884338
YJOI	-5.407217
ROUP	-5.247516
OUPA	-5.157340
UPAN	-4.247516
IDOU	-4.884338
UBTN	-5.583308
BTNO	-5.583308
NADE	-4.930096
ADEP	-5.106187
DEPT	-4.981248
ESCI	-4.884338
SCIE	-4.357138
LFMR	-5.583308
RCYY	-5.662490
CYYO	-5.407217
USAW	-5.019037
AWME	-5.516362
WMED	-5.884338
CEAT	-4.569068
ONIB	-6.060430
NIBE	-5.019037
EVES	-4.416977
SIRY	-5.361460
IRYE	-5.884338
RYES	-4.999732
DREC	-4.528951
VEDN	-5.060430
DNOI	-5.131011
NOIN	-4.829981
OINC	-4.870098
LEPL	-4.884338
REFR	-4.447646
GHTD	-4.689362
HTDO	-5.131011
TDOY	-4.562119
OUOF	-5.215332
UOFT	-5.662490
RSIR	-4.899062
SIRD	-5.583308
IRDO	-4.963520
RDOY	-5.215332
KITW	-5.019037
APRO	-4.397672
VERP	-4.613272
RPAY	-6.060430
PAYT	-5.516362
NAVO	-5.082706
OIDI	-5.458370
EAHO	-5.019037
NICO	-4.770395
UDEM	-5.320067
CYBO	-6.361460
YBOW	-5.458370
BOWE	-4.680218
EDIH	-4.738210
ADON	-4.576130
HTSO	-4.522611
WNMY	-5.282278
ELFF	-4.522611
LFFO	-4.738210
RIAM	-4.590608
IAMF	-5.215332
AMFO	-5.185368
MFON	-6.060430
FSUP	-5.106187
IORS	-5.106187
ORSO	-4.047592
RSOC	-5.060430
ETYB	-5.407217
EELQ	-6.361460
ELQU	-6.060430
LQUI	-5.215332
TECE	-5.247516
HEAI	-4.374688
EAIR	-4.348622
DONW	-4.748676
NWOU	-4.535385
LDAG	-5.082706
EPAU	-5.060430
NHOP	-5.247516
FANA	-4.637184
NTMO	-4.946486
TMOV	-5.131011
MOVI	-4.770395
SSTR	-4.218445
OTIO	-4.221581
NOFD	-4.930096
OFDO	-4.759400
FDOI	-5.320067
NGAV	-5.060430
RYGA	-5.759400
YGAL	-5.662490
DCAL	-4.689362
ERMY	-4.300762
RMYD	-5.039240
IZAW	-5.884338
ZAWH	-6.060430
AWHY	-6.060430
WHYA	-5.106187
HYAR	-5.516362
GMRD	-5.361460
LOWM	-4.653889
OWME	-4.671264
WMET	-5.082706
HISY	-4.727991
YTOY	-5.039240
OUAS	-4.738210
UASA	-5.583308
CEIA	-5.131011
TYIS	-4.793258
OMRD	-5.131011
WHOT	-4.718007
GHEX	-5.516362
HEXT	-5.361460
ELYS	-4.289578
EDWA	-4.328036
TUNW	-5.215332
GTOR	-5.060430
VEIT	-4.227921
ITWH	-4.447646
LYDR	-4.598032
YDRE	-4.727991
ACKA	-4.336154
CKAN	-4.160062
AIDW	-4.914302
OSIR	-4.981248
EEDS	-4.416977
DSIR	-4.842946
SIRI	-4.621097
IRIH	-5.662490
NGIE	-6.361460
GIEN	-6.060430
EATY	-4.930096
OSUP	-4.718007
TIMO	-5.131011
IMOV	-5.407217
YINO	-5.060430
OBEG	-4.718007
BEGF	-6.361460
EGFO	-5.583308
ORAP	-4.718007
APAR	-4.340270
NERM	-4.981248
RMRD	-5.060430
ETYR	-5.516362
YREQ	-5.458370
BEAL	-4.510201
NDBU	-4.365824
NVAI	-4.718007
NELI	-4.344426
SDET	-4.963520
IDSI	-5.516362
MATA	-5.082706
LSHA	-4.748676
SHAK	-4.510201
HAKE	-4.621097
ERPU	-4.999732
RPUR	-5.131011
TATP	-5.407217
YOUE	-4.629066
OUEX	-5.282278
UEXC	-6.361460
CELS	-5.407217
CEMI	-5.157340
LTOD	-5.407217
ODEN	-4.522611
DENY	-4.999732
ENYM	-6.060430
EAMU	-5.082706
ONIA	-4.605585
TOOB	-4.727991
OOBL	-5.361460
IGEU	-6.361460
GEUS	-6.361460
EUSF	-5.884338
URMR	-6.060430
LLPO	-4.899062
LPOL	-5.282278
OLIT	-4.168335
ITEN	-4.469365
SSSA	-5.320067
THSM	-5.039240
HSMI	-5.185368
EEDB	-4.914302
CEME	-4.629066
ZAWE	-6.361460
AWEC	-6.361460
LAIS	-5.157340
AISA	-5.157340
FORW	-3.893112
LDOB	-5.759400
DOBJ	-5.583308
HAPA	-5.019037
THLO	-4.842946
HLOO	-4.946486
RCHL	-5.662490
CHLY	-5.516362
HLYA	-5.215332
DAWA	-4.268038
WAYH	-4.662490
NCEH	-4.173939
TINJ	-5.516362
OMEC	-4.437180
NCYW	-5.157340
NTHU	-4.689362
USAC	-5.106187
SACC	-4.504127
CCOS	-5.407217
COST	-4.884338
DBYM	-4.576130
BYMI	-5.215332
EYIC	-6.060430
YICA	-5.082706
TOFY	-4.805157
RREV	-5.131011
RIEI	-5.662490
IEIS	-5.759400
LDIM	-5.583308
DIMA	-4.914302
LEIT	-4.458370
BETO	-4.480646
ASSM	-4.899062
ANYE	-4.817392
NYEV	-5.884338
RINS	-4.535385
HSOC	-5.583308
NNOY	-5.407217
NOYE	-5.583308
YEDT	-4.718007
PIDI	-5.060430
ENOI	-4.914302
NOIS	-4.653889
OISE	-4.498137
GNES	-5.039240
ESEL	-4.447646
LFIM	-5.407217
FIMP	-4.870098
PLEW	-4.793258
LDIG	-5.662490
ESON	-4.101388
URCO	-4.379188
LYWR	-5.157340
YWRO	-5.282278
WRON	-4.718007
NGIA	-4.999732
GIAS	-5.884338
UMYM	-6.060430
MYMI	-4.416977
YMIN	-4.402418
ASMO	-4.383736
BLYE	-5.106187
YENG	-4.842946
GEDI	-4.426961
NMED	-5.884338
ATPL	-5.019037
APAI	-4.899062
PAIR	-4.250870
ACEO	-4.357138
FAPR	-5.185368
ANCA	-4.759400
NCAN	-4.583308
NBES	-4.842946
TOWM	-6.060430
OWMI	-5.215332
WMIS	-5.662490
EYIM	-5.583308
YIMM	-5.407217
YFIX	-5.320067
XEDH	-5.320067
LDTE	-4.999732
DTEL	-4.727991
TLAD	-4.930096
FINS	-4.590608
NGSU	-4.412070
GSUC	-4.870098
UCHR	-4.842946
CHRE	-4.680218
HREF	-5.215332
RCYR	-5.458370
CYRE	-5.282278
EPID	-5.185368
ITYM	-4.981248
TYMI	-5.019037
EPEA	-4.312242
PEAT	-4.407217
AMAL	-4.981248
HOWL	-4.569068
OWLO	-4.718007
WLON	-4.914302
HAFA	-5.185368
AFAV	-5.282278
URIT	-4.492228
DPRA	-4.884338
PRAY	-4.316137
AMIT	-4.884338
MITO	-4.870098
ITOW	-6.361460
YOUJ	-5.247516
OUJO	-5.662490
UJOY	-6.060430
JOYT	-5.060430
OYTH	-4.793258
HIEX	-5.583308
TEDY	-4.817392
OASK	-4.793258
ASKA	-5.185368
SKAL	-5.662490
KALA	-5.407217
ADYS	-4.392977
DYSI	-5.583308
SIMA	-4.999732
NISV	-5.884338
RYRA	-5.361460
YRAP	-5.458370
RAPI	-4.452975
APID	-4.522611
DITJ	-6.361460
ITJU	-6.060430
TJUM	-5.516362
JUMP	-4.698702
UMPS	-4.899062
MPSF	-5.884338
PSFR	-5.458370
MADM	-5.320067
OVEF	-5.082706
MLOV	-6.060430
OMAT	-4.842946
MATR	-5.131011
RIMO	-5.282278
MONY	-4.793258
ONYI	-5.215332
NTIK	-5.583308
NEWY	-5.282278
EWYO	-5.282278
DBEW	-5.320067
BEWI	-4.718007
SHIN	-3.956626
GMEJ	-6.361460
MEJO	-5.884338
EJOY	-5.106187
JOYN	-6.361460
OYNA	-6.361460
YNAY	-5.407217
NAYI	-5.662490
AYIF	-5.157340
YIFY	-5.185368
SOSE	-4.963520
RASA	-4.930096
GMOT	-5.516362
LAWI	-5.320067
AWIN	-4.275100
DOFC	-4.727991
LBEA	-4.528951
SATP	-5.282278
UHEL	-5.884338
UREC	-5.106187
SSAF	-4.981248
AFEH	-6.361460
FEHE	-5.106187
WITF	-5.516362
ITFL	-5.282278
TFLO	-5.185368
FLOW	-4.516362
WEDA	-4.698702
DALO	-4.340270
NGIL	-5.320067
GILL	-5.185368
NANO	-4.637184
NANE	-4.770395
FTWO	-4.856310
HUNF	-5.662490
RSWA	-4.805157
NDEF	-4.870098
DEFA	-5.361460
EFAU	-5.583308
FHEI	-5.157340
IRSM	-5.458370
ALEO	-4.541916
EONA	-4.770395
ONAD	-5.039240
NADI	-4.981248
AMPL	-4.480646
PLEF	-5.407217
NINL	-5.019037
INLI	-4.555280
NLIF	-4.645456
IFEC	-5.516362
FECO	-5.583308
UTIL	-4.842946
UPPL	-4.535385
PPLY	-4.653889
TORN	-4.738210
NEYI	-4.899062
YINM	-4.781676
ADLE	-4.486398
DLEF	-4.662490
EFTH	-4.522611
RFOU	-4.781676
NDSS	-4.817392
DSSH	-4.946486
DASI	-4.188273
OAMR	-6.361460
AMRP	-6.361460
IPSW	-4.829981
PSWH	-4.999732
NACL	-4.884338
ACLE	-4.392977
ERKT	-5.884338
RKTO	-5.185368
DABR	-5.185368
ABRO	-4.605585
DINL	-4.981248
NLON	-4.562119
BLEL	-4.576130
OFTR	-4.629066
FTRA	-4.999732
URNW	-4.842946
RNWA	-5.282278
NEMI	-4.738210
ONAM	-4.870098
EREU	-4.708247
REUS	-4.759400
EUSU	-4.946486
LYTE	-4.946486
YTEM	-5.247516
EEOR	-4.981248
EORF	-4.884338
AWEE	-4.781676
EEKT	-4.899062
EKTO	-5.215332
KTOP	-5.458370
OPAY	-5.157340
IRDU	-5.516362
RDUT	-5.131011
DUTY	-4.576130
OAMI	-5.131011
HOPJ	-6.060430
OPJU	-6.361460
PJUS	-6.060430
ILYC	-4.914302
DIAW	-4.963520
IAWE	-5.407217
AWER	-4.899062
LYFR	-4.474969
FREQ	-4.412070
IRMI	-4.981248
EVAC	-5.106187
VACA	-4.805157
ACAN	-4.569068
IRSI	-4.781676
HENN	-4.856310
AWAL	-4.999732
ALKT	-4.842946
LKTO	-4.999732
KTOM	-5.039240
SNEC	-4.829981
OAMU	-5.583308
NDFU	-4.708247
DFUR	-4.899062
FURN	-4.458370
RNIS	-4.562119
ISHC	-4.884338
SHCO	-5.185368
NDHO	-4.103781
ERBA	-4.698702
FNEW	-4.963520
EWST	-4.899062
ALMI	-4.856310
LMIG	-5.215332
ARNS	-5.407217
EDBO	-4.432041
DBOT	-4.914302
OTHW	-5.019037
THNE	-5.361460
HNEW	-5.407217
EWSA	-4.856310
WSAN	-4.548546
DHAP	-4.770395
SSBY	-5.131011
ECEN	-4.412070
NTAR	-4.412070
TARR	-4.884338
ITIA	-4.645456
TIAR	-5.361460
IARE	-5.516362
OLEW	-4.870098
EWIN	-3.887243
WINT	-4.352859
DMER	-4.914302
EADQ	-5.759400
ADQU	-5.282278
DQUA	-5.039240
QUAR	-4.125931
UART	-4.297002
RTER	-4.234355
EIRV	-4.738210
IRVI	-4.930096
RVIS	-4.662490
RSPH	-5.060430
PSWE	-5.060430
PROD	-4.352859
VEOF	-4.388332
NCEE	-4.698702
CEEV	-5.082706
AYAD	-5.407217
IRKN	-5.759400
RSNA	-5.516362
EIRL	-4.569068
IRLO	-5.039240
RLOD	-5.884338
ODGI	-4.963520
DGIN	-4.870098
TLON	-4.383736
GASE	-5.157340
DATL	-4.365824
GTHT	-4.856310
YBEG	-4.817392
NTOK	-5.157340
VESM	-4.781676
SMRP	-6.361460
IPSV	-5.884338
PSVI	-5.884338
ISOP	-5.131011
ISNI	-5.361460
SNIE	-5.884338
SASO	-4.613272
ASOU	-4.689362
SOUR	-4.452975
URCE	-4.781676
RCEO	-4.930096
FFEL	-5.215332
ITYU	-5.320067
TYUN	-5.407217
YUNK	-5.282278
UNKN	-4.598032
NKNO	-4.352859
EYCO	-4.541916
KOFN	-5.282278
BUTO	-4.165560
EYSL	-5.516362
YSLA	-5.131011
NOFW	-4.645456
CHGA	-5.361460
HGAV	-5.320067
ASWO	-4.914302
YESW	-4.548546
ENOP	-4.946486
NOPP	-5.157340
NENS	-5.516362
NSIG	-4.708247
GNAF	-6.060430
RLIS	-5.106187
IREF	-4.698702
REFF	-5.662490
EFFU	-5.361460
FFUS	-5.039240
SSUB	-4.738210
ECTM	-4.817392
CTMR	-5.884338
TCOO	-5.458370
OOLL	-5.106187
VEDF	-4.474969
OMAL	-4.504127
ECTB	-4.946486
CTBY	-5.662490
URMA	-4.727991
FTAL	-4.981248
OOFT	-4.698702
ESIL	-4.486398
RYIH	-5.215332
YIHA	-4.583308
VESU	-4.510201
IMEB	-4.671264
MEBU	-4.289578
MNOW	-4.738210
NOWC	-4.469365
OWCO	-4.392977
WCON	-5.106187
CEDC	-5.583308
EDCA	-4.541916
IAWI	-5.583308
AWIT	-4.817392
DTOE	-4.469365
ERAD	-4.671264
RADM	-5.282278
FCAP	-4.963520
CAPT	-3.743412
APTA	-3.797979
PTAI	-3.800358
AINC	-4.576130
NCAR	-4.963520
CART	-4.562119
YASH	-4.708247
XTMO	-4.727991
AMAS	-4.817392
HEDM	-4.613272
DMYD	-4.727991
DBES	-4.308381
ESOR	-4.194142
SORE	-4.759400
INKY	-4.856310
NKYO	-4.541916
KYOU	-4.264550
RENS	-5.131011
LYIF	-5.039240
YIFI	-5.131011
FIWI	-5.884338
NKSL	-5.884338
KSLI	-5.106187
GLYO	-5.407217
SCHI	-4.504127
TBEO	-4.870098
BEOF	-4.583308
FMYO	-4.870098
NHOW	-4.510201
FMYC	-4.748676
MYCH	-4.708247
YCHI	-4.842946
YIMU	-5.458370
THOP	-4.884338
OPET	-4.426961
PETO	-4.708247
FITY	-5.407217
TYES	-4.759400
HEMV	-5.662490
EMVE	-5.583308
MVER	-4.817392
RYCL	-4.963520
YPOI	-4.856310
TIFL	-5.407217
IFLA	-5.361460
RMYS	-4.653889
LFON	-4.884338
FONW	-6.361460
CHWE	-4.352859
HWED	-6.361460
OTAG	-5.185368
REEI	-4.899062
EEIH	-6.060430
ADHO	-5.019037
NTSC	-4.963520
SCOI	-5.516362
COIN	-4.914302
ARBU	-3.999732
UTIM	-4.870098
TIMU	-4.689362
FARD	-5.060430
FERF	-5.407217
ROMY	-4.671264
UAST	-5.583308
NKOU	-5.458370
KOUR	-5.407217
URTW	-5.458370
RSUN	-4.805157
SUNC	-4.817392
YFOO	-4.999732
OOLI	-4.569068
SHMY	-5.282278
NETY	-5.282278
HEYG	-4.963520
EYGE	-5.583308
YGET	-5.185368
GETT	-4.316137
GEID	-5.759400
EIDA	-5.407217
HANW	-4.870098
ANWE	-4.829981
NWED	-5.131011
EDOI	-5.282278
DOIR	-6.060430
OIRE	-5.320067
NILI	-5.662490
ILIK	-5.131011
DCOA	-5.082706
OATM	-5.407217
ELFV	-5.407217
LFVE	-5.583308
FVER	-5.082706
DSOI	-4.829981
SOID	-5.662490
OIDO	-5.131011
IDOS	-5.361460
DOST	-4.963520
TMYH	-4.884338
IFAS	-5.516362
FASM	-5.361460
UNGC	-5.131011
NELW	-5.516362
ELWI	-4.946486
THFI	-5.082706
HFIV	-6.060430
VEOR	-4.930096
EORS	-4.981248
RSIX	-5.361460
XTHO	-5.662490
DWAN	-4.914302
FMYG	-5.458370
MYGI	-5.583308
YGIR	-5.157340
LSIS	-5.407217
AYNA	-5.583308
NAYT	-5.361460
TCOL	-4.770395
KEDV	-5.458370
RNIG	-5.215332
HTAT	-4.884338
TATS	-5.082706
MSIN	-4.793258
ALSM	-5.361460
SMAM	-6.060430
MMAC	-5.662490
MACR	-5.458370
IEDL	-4.963520
AMYA	-6.361460
MYAU	-5.082706
YAUN	-5.082706
UNTS	-4.653889
TGOS	-5.662490
GOSO	-5.662490
SSWA	-4.535385
SWAT	-4.817392
WATS	-4.432041
TSON	-4.247516
HEYD	-4.569068
EYDI	-4.842946
IDWH	-4.963520
EYFI	-5.458370
YFIR	-4.598032
TCAM	-4.605585
MESH	-4.250870
HEMN	-5.131011
EMNO	-5.082706
NOWV	-5.407217
NCLA	-5.157340
LARK	-5.662490
RKES	-5.662490
KESL	-5.458370
TEDR	-4.781676
EDRE	-4.108607
OOTM	-5.458370
TITC	-4.981248
OMNE	-5.361460
MNET	-5.662490
ANTW	-4.498137
NTWA	-4.458370
TWAI	-4.999732
RANA	-4.781676
WERM	-5.157340
ETSE	-4.899062
TSEY	-5.759400
SEYE	-4.125931
YESS	-4.504127
ARKL	-4.781676
RKLE	-5.320067
RLYC	-4.829981
YCAL	-4.590608
EADW	-4.379188
ADWE	-4.963520
LLJA	-5.759400
LJAN	-5.759400
OISI	-5.247516
SITF	-5.215332
ITFR	-4.718007
ROMW	-4.320067
ITAB	-4.486398
AYWE	-4.637184
NDTE	-4.516362
ELLU	-4.842946
LUSM	-6.060430
USMA	-4.680218
TEMY	-4.856310
EMYL	-5.060430
TALO	-4.437180
ALOU	-4.590608
OUDN	-6.060430
UDNI	-6.361460
DNIN	-5.583308
NDMY	-4.060430
DIFY	-4.621097
STOD	-4.535385
ODAY	-4.576130
HLOU	-6.060430
LOUI	-5.185368
OUIS	-4.856310
UISA	-5.361460
ISAA	-5.759400
SAAN	-5.759400
DMEW	-4.645456
MEWE	-4.637184
DANG	-4.293274
GERO	-4.480646
FHAT	-5.662490
GEAC	-4.963520
TOFO	-4.271555
RLIV	-4.817392
VESF	-4.946486
ORAW	-4.748676
RAWH	-4.884338
AWHO	-4.805157
OLED	-4.946486
YSTÊ	-6.361460
STÊT	-6.060430
TÊTE	-5.458370
ÊTEÀ	-5.759400
TEÀT	-5.759400
EÀTÊ	-5.759400
ÀTÊT	-5.759400
ÊTEB	-6.361460
TWOW	-5.060430
WOWO	-6.060430
OWOM	-6.361460
MENC	-4.432041
NNEV	-4.727991
ENDW	-4.535385
UTAQ	-5.759400
TAQU	-5.131011
AQUA	-4.842946
UARR	-4.981248
RREL	-4.437180
RELC	-6.060430
CANO	-4.569068
NONT	-4.492228
CEIP	-5.407217
EIPT	-5.583308
IPTO	-4.856310
PTOF	-5.185368
ISMY	-4.680218
SMYB	-5.082706
MYBR	-4.759400
ERSY	-4.946486
RSYO	-4.930096
ERCA	-4.200092
RCAR	-4.770395
CARO	-4.999732
AROL	-4.829981
ROLI	-4.930096
OLIN	-4.653889
NEBI	-5.516362
DIAI	-5.247516
IAIW	-6.060430
AIWO	-6.361460
IWON	-4.805157
DERM	-4.613272
RMYA	-5.215332
UNTD	-5.583308
LUSO	-5.759400
USOF	-4.541916
TDIN	-5.516362
UTSA	-4.671264
CKYC	-5.759400
KYCA	-5.884338
ANIH	-5.215332
NIHA	-4.480646
NOMY	-5.039240
OMYD	-5.131011
ERGO	-4.510201
GOON	-4.963520
ONHO	-4.770395
NHOR	-4.914302
SEBA	-4.963520
ACKB	-4.680218
CKBE	-5.019037
KBEC	-5.884338
EMSL	-5.516362
MSLI	-5.320067
ORAI	-5.106187
TAYA	-5.185368
LLNI	-5.082706
LNIG	-4.930096
BEAG	-5.407217
EAGO	-4.645456
ODSC	-5.247516
DSCH	-5.185368
EMES	-4.727991
THIF	-5.407217
HIFY	-5.516362
EYWO	-4.689362
FERT	-4.842946
MEOH	-5.458370
EOHB	-6.060430
OHBU	-5.662490
EYSC	-5.282278
OGOT	-4.946486
GOTO	-4.480646
OTOM	-5.157340
EHUR	-4.914302
ENOH	-4.999732
NOHO	-5.516362
OHOR	-5.320067
RSIH	-5.106187
CHRA	-5.361460
HRAT	-5.361460
RGOI	-5.039240
COAC	-4.999732
ACHB	-5.247516
URFA	-4.320067
TSPA	-4.829981
ESIA	-4.914302
FARM	-4.805157
RMMR	-6.361460
HEYI	-4.981248
EYIL	-6.060430
RMMU	-6.361460
NGET	-4.510201
EMBU	-4.708247
EGOT	-4.590608
ETHM	-4.930096
HMYM	-5.361460
MYMO	-4.583308
YMOT	-4.698702
RSPU	-5.407217
SPUR	-4.590608
IDAT	-4.770395
EXTO	-5.407217
XTOR	-5.583308
ORTF	-5.247516
RTFR	-5.185368
SESW	-4.583308
GEDJ	-5.662490
EDJA	-4.805157
ORWI	-4.555280
NYCH	-5.039240
YCHE	-4.870098
FABA	-5.407217
BADD	-6.060430
DDAY	-4.770395
PESW	-5.458370
REDJ	-5.458370
ENGO	-4.748676
EITR	-5.131011
ITRA	-4.999732
EUNE	-5.019037
ASYF	-5.884338
SYFO	-5.884338
ERAI	-4.548546
OLEE	-4.805157
LEEV	-4.621097
IONJ	-5.662490
ONJA	-5.458370
ANEC	-5.106187
CKTH	-4.197107
KTHI	-4.870098
SALU	-4.914302
KYID	-6.361460
AOFM	-5.407217
FMIN	-4.689362
INEI	-4.324033
ETMO	-5.060430
NONC	-4.770395
FMAK	-5.131011
GITR	-6.060430
INWE	-4.914302
NWER	-4.504127
WNTI	-5.516362
NTIL	-4.082706
OTAW	-5.039240
IVAN	-5.131011
CEBR	-5.361460
ASSC	-5.060430
LYOV	-4.963520
NASE	-4.999732
ASER	-4.738210
ANTF	-4.718007
NTFR	-4.621097
LDBR	-5.019037
NGNO	-4.182483
GNOT	-4.605585
ETHN	-5.320067
THNI	-6.361460
HNIN	-6.361460
STLI	-4.541916
IZZI	-5.759400
ZZIE	-6.060430
ZIEI	-6.361460
IEIF	-6.060430
YUNW	-5.320067
UNWE	-5.131011
NWEL	-4.613272
MPUT	-4.870098
PUTE	-4.884338
OMYG	-5.583308
MYGE	-5.407217
GWET	-5.759400
WETT	-5.583308
GHYE	-5.759400
HYES	-4.680218
RDAY	-4.289578
DAYM	-4.829981
AYMY	-5.157340
YMYK	-6.361460
MYKI	-5.662490
YKIN	-4.727991
DSWI	-4.583308
AROF	-4.383736
FMYR	-5.247516
MYRE	-4.348622
GHOM	-5.157340
ETIL	-4.781676
IAMB	-5.019037
AMBE	-4.480646
MBET	-5.282278
GMRJ	-6.060430
MRJO	-5.282278
RJON	-5.215332
JONE	-5.082706
REDO	-4.128464
LARM	-4.480646
ARME	-4.304555
RMED	-4.047592
GBEE	-4.759400
GASO	-5.361460
ASOR	-4.463833
HROA	-4.999732
ROAT	-5.060430
DAHE	-5.320067
AHEA	-4.432041
ADAC	-4.793258
CHET	-5.320067
HMEY	-6.361460
SETC	-5.407217
ETCW	-6.361460
TCWE	-6.361460
CWEL	-6.060430
ENEL	-4.981248
TEAL	-4.748676
UDIF	-6.361460
USFI	-5.361460
SFIT	-5.320067
FITO	-5.106187
LLNE	-4.480646
LDDI	-4.856310
DDIE	-4.930096
DIEI	-5.282278
IEIT	-5.884338
BEAC	-4.637184
ORTT	-4.516362
RTTO	-4.662490
LINP	-5.583308
NPUR	-4.963520
PURS	-4.212241
URSU	-4.185368
RSUI	-4.535385
DUND	-4.629066
RORD	-5.157340
RSOH	-5.458370
OHIA	-6.060430
LLAF	-5.019037
LAFR	-6.060430
ERDY	-5.884338
RDYI	-5.458370
PLED	-4.689362
TDIE	-5.282278
DIEO	-5.583308
IEOF	-5.759400
TLET	-4.080426
LETR	-4.930096
ETRI	-4.388332
TRIF	-4.817392
RIFL	-4.793258
IFLI	-5.082706
FLIN	-4.718007
LDSS	-5.884338
BETA	-4.946486
KENG	-5.759400
OODC	-4.817392
ODCA	-5.583308
DCAR	-4.629066
FASL	-5.884338
ALLV	-5.131011
LLVE	-5.185368
LVER	-4.598032
LIWO	-5.759400
EEHE	-4.781676
FICO	-4.899062
GEEL	-5.759400
HFEE	-5.215332
OUSD	-4.590608
USDE	-5.019037
OTOH	-5.516362
SNOH	-5.320067
ANWA	-4.562119
YALT	-4.981248
ALTE	-4.320067
LTER	-4.282278
LUTI	-4.548546
OSIL	-5.361460
KOFS	-5.185368
CHAT	-4.412070
SDIR	-4.981248
DIRT	-5.131011
IRTY	-4.590608
TBEF	-4.182483
BEFI	-5.060430
EFIT	-4.605585
FITT	-4.421940
BESE	-4.426961
YFIT	-5.407217
SEEJ	-5.583308
EEJA	-5.516362
LIWA	-5.185368
ISAH	-4.999732
SAHI	-5.458370
INTT	-4.817392
OMEL	-4.442382
ENDF	-4.981248
SESN	-5.759400
SNOI	-5.082706
OIND	-4.870098
OTWI	-4.486398
TWIS	-4.522611
HTOA	-5.039240
TOAV	-4.842946
OAVO	-4.981248
OIDT	-5.282278
LKTH	-5.082706
AMOT	-5.583308
YTHR	-4.480646
REEM	-4.348622
LBEB	-5.361460
CKBY	-4.930096
KBYD	-6.361460
IADM	-5.583308
TIVI	-5.082706
IVIT	-5.060430
VITY	-4.781676
YOFY	-5.131011
URBE	-4.653889
NEVO	-4.759400
EVOL	-4.392977
VOLE	-4.829981
CEOB	-5.516362
ARYB	-4.963520
UTEV	-4.884338
RYIM	-5.157340
GSHO	-4.914302
EGUI	-5.082706
GUID	-4.781676
UIDE	-4.930096
DBYR	-5.131011
BYRE	-4.738210
YREA	-4.383736
NMYO	-4.759400
MYOP	-5.131011
YOPI	-5.157340
NEXE	-5.361460
XERT	-4.759400
RTIO	-4.365824
NSHO	-4.261089
EINP	-4.946486
OPOR	-4.870098
SREQ	-5.157340
DWEW	-4.999732
WEWI	-4.981248
LLGO	-4.718007
LGOA	-5.662490
GOAS	-5.361460
OASF	-5.884338
FARA	-4.447646
ARAS	-4.452975
RASM	-5.282278
ASME	-4.829981
SMER	-4.708247
USAI	-4.718007
IDCA	-5.407217
DIAE	-5.884338
IAEL	-6.361460
AELI	-5.884338
HACC	-5.215332
IESS	-4.759400
SSET	-4.671264
OFFT	-4.383736
FFTO	-4.914302
FTOG	-5.516362
RIFW	-5.884338
FWEM	-6.361460
STES	-5.157340
IAAS	-5.884338
AAST	-5.516362
ONGP	-4.817392
GPER	-4.770395
SWEM	-5.019037
EESO	-4.856310
GOFC	-5.516362
EHEG	-5.361460
EGOE	-4.829981
GOES	-4.480646
HEYP	-4.583308
EYPA	-4.870098
AIRE	-4.708247
ELOD	-5.106187
SWIV	-6.060430
WIVE	-5.320067
RWAL	-4.963520
ALKA	-4.899062
LKAL	-5.884338
KALO	-5.282278
NGFI	-4.562119
GFIE	-5.662490
LDAF	-5.282278
LDAT	-4.793258
ATAQ	-5.759400
KPAC	-5.759400
ACEJ	-6.060430
CEJU	-6.060430
EJUM	-5.458370
UMPI	-5.082706
MPIN	-4.884338
NGOV	-4.271555
GOVE	-4.157340
TILE	-4.759400
RPUD	-6.361460
PUDD	-5.458370
UDDL	-5.583308
NTAC	-4.748676
HINV	-5.320067
NVIE	-5.060430
IEWO	-4.870098
WOFT	-4.555280
USEW	-4.492228
HWEA	-5.282278
YANC	-5.215332
CLES	-4.412070
LESD	-5.082706
RTYS	-5.157340
TYST	-5.247516
GSAN	-4.370234
AFAC	-5.282278
ACEG	-6.361460
CEGL	-6.060430
EGLO	-4.548546
GLOW	-4.856310
EWAR	-4.128464
WARM	-4.324033
ASTP	-4.817392
PARL	-4.963520
RLOU	-5.185368
LLBU	-4.374688
BUTJ	-4.981248
UTJA	-5.247516
NEWE	-4.510201
CECR	-5.407217
LOFS	-4.805157
FSUR	-5.157340
AVEW	-4.583308
DTHR	-4.141352
HDIR	-5.583308
WEAT	-4.426961
LFWA	-4.817392
FWAS	-4.981248
INCR	-4.264550
NCRE	-4.237608
DIBL	-4.946486
YHEL	-4.963520
MPTF	-5.662490
VERV	-5.282278
RYPO	-4.613272
YPOL	-5.407217
LYBY	-4.698702
ANPO	-5.082706
NPOL	-5.106187
NDKI	-4.637184
ESSM	-4.316137
SSMR	-5.583308
AIDV	-5.516362
IDVE	-5.361460
DMRH	-5.185368
RSTN	-5.185368
GATA	-4.870098
SDIV	-5.247516
EBRI	-4.392977
BRIL	-5.131011
HEXE	-5.759400
ISEH	-4.817392
SEHA	-4.718007
BTAS	-5.583308
HEOC	-4.504127
ONSJ	-5.884338
NSJU	-5.884338
ARAL	-4.884338
GONL	-5.131011
SBRE	-4.671264
RINQ	-5.185368
UIRI	-4.605585
IRIE	-4.605585
ERWE	-4.185368
RWER	-4.569068
YANS	-4.930096
REDM	-4.206124
ADSL	-5.215332
DSLE	-4.793258
SLEP	-5.106187
LEPT	-5.106187
PTIL	-5.407217
UGHU	-5.106187
GHUP	-5.060430
HUPW	-5.884338
UPWA	-4.829981
PWAS	-4.770395
YFEV	-6.361460
OTWE	-5.157340
HTOL	-4.930096
ERRO	-4.231126
RROO	-4.727991
OOME	-4.829981
KENT	-4.437180
NLYB	-4.370234
HHEL	-5.361460
ROFG	-5.247516
GALA	-5.247516
ARMO	-4.510201
ROME	-4.522611
OMEX	-5.516362
MEXP	-5.662490
OTEH	-5.282278
TEHO	-5.215332
OWMU	-4.698702
WMUC	-4.770395
GEDF	-4.884338
AVIS	-4.981248
CESH	-4.458370
UALH	-5.759400
ALHO	-4.759400
TOMU	-5.282278
EYLE	-5.247516
YLEF	-5.157340
MTOG	-5.039240
MPTL	-5.884338
PTLI	-6.060430
TLIT	-4.708247
BESI	-4.191198
IDEE	-5.106187
DEEX	-5.361460
SOFG	-4.662490
UDEF	-5.282278
DEFO	-4.653889
ARYK	-5.516362
RYKI	-4.946486
HSIL	-5.407217
LYAT	-4.412070
ENBR	-4.805157
NBRE	-4.946486
REJO	-4.698702
EJOI	-4.590608
HBEG	-5.662490
LFWH	-4.759400
FWHE	-4.981248
DSOL	-4.637184
OLIC	-4.332076
CITU	-5.247516
WEDF	-5.282278
FORJ	-5.215332
AMEA	-4.209171
GEXA	-5.583308
EXAM	-4.282278
XAMI	-4.486398
ADCA	-4.884338
DCAU	-5.019037
HTAV	-5.884338
TAVI	-5.516362
OLDA	-4.250870
EYMU	-4.999732
YMUS	-4.748676
ITAD	-5.247516
DVIS	-4.718007
RTOR	-4.698702
BEDA	-4.629066
RSOM	-4.136150
MEDR	-4.963520
ICEW	-4.562119
SFOL	-4.817392
WEDR	-5.060430
ADIL	-4.605585
DILY	-4.332076
EFEV	-5.583308
ISHS	-4.583308
SHSY	-6.361460
HSYM	-5.516362
SYMP	-4.492228
YMPT	-5.039240
MPTO	-4.738210
PTOM	-4.930096
TOMS	-4.899062
OMSI	-5.039240
EDAC	-4.442382
DACU	-5.458370
ELYE	-4.637184
LYEL	-5.157340
ETHD	-5.185368
HDID	-5.215332
UITH	-5.157340
TNOR	-4.829981
ORWE	-4.621097
NABS	-5.106187
MENB	-4.738210
DINF	-4.541916
ACTN	-5.759400
CTNO	-5.458370
GTOD	-4.708247
DOEL	-6.060430
OELS	-5.884338
ECLO	-4.383736
CLOC	-4.528951
LOCK	-3.881453
KSTR	-5.759400
UCKT	-4.645456
KTHR	-5.185368
REEE	-5.458370
EEEL	-5.662490
GLYS	-4.870098
IDSO	-4.899062
SOMI	-5.039240
EYOF	-4.899062
YWAN	-5.131011
LEPR	-4.653889
IEDS	-4.383736
CERN	-4.084998
NATP	-5.458370
ATPA	-4.421940
ATMI	-4.510201
ERTT	-4.981248
RTTH	-4.316137
OANI	-5.361460
NATN	-5.516362
ELDF	-5.247516
HMOS	-5.361460
ANKF	-5.185368
NKFU	-5.282278
KFUL	-5.215332
OACQ	-5.583308
NGBA	-4.569068
GBAC	-4.738210
CKAS	-5.019037
KASU	-5.884338
ASUP	-4.856310
PLYO	-5.361460
OFCL	-4.884338
FCLO	-5.282278
CLOT	-4.442382
LOTH	-4.282278
AMEI	-4.254250
MEIL	-5.282278
NCOV	-5.516362
NATF	-5.662490
VEOC	-5.215332
EOCL	-5.131011
OCLO	-4.474969
OCKT	-4.738210
TWOL	-4.856310
WOLA	-5.215332
IESR	-5.247516
ESRE	-4.653889
ALFP	-5.282278
LFPA	-5.361460
ASTS	-4.179616
TSIX	-4.999732
SIXE	-6.060430
IXEL	-6.361460
XELI	-6.060430
SSUM	-4.708247
UMMO	-5.019037
HECI	-4.426961
ECIV	-5.215332
LINQ	-5.157340
ENPO	-5.185368
NPOU	-5.759400
POUR	-4.805157
NDAM	-4.416977
GSTW	-5.884338
CHSU	-4.805157
HSUP	-5.458370
RSOL	-4.781676
KEAV	-5.215332
WERJ	-5.106187
SREP	-4.528951
EGRI	-4.680218
OWSH	-4.492228
WSHO	-5.320067
GITW	-4.748676
VEAB	-5.185368
EABA	-5.060430
OWEX	-5.106187
WEXC	-5.458370
YDIS	-4.275100
TNOM	-5.247516
ETOW	-4.141352
RDSJ	-6.361460
DSJA	-6.060430
MRES	-5.361460
EENJ	-4.981248
JOYM	-4.899062
OYME	-4.645456
RORI	-4.899062
NALD	-5.185368
OMSH	-4.738210
DREG	-5.019037
ARDW	-4.421940
RDWI	-4.671264
NCYH	-5.361460
CYHI	-5.583308
SANX	-5.320067
NXIE	-4.805157
XIET	-4.805157
ETYF	-5.282278
LFMO	-5.458370
FMOS	-5.662490
EYPR	-5.106187
RFEE	-4.516362
NTRU	-4.727991
TRUD	-4.930096
UDER	-5.215332
RASS	-4.340270
VEDS	-4.708247
HADV	-5.039240
SENG	-4.621097
BYMR	-4.963520
YMRD	-5.157340
CYHE	-5.282278
RSCA	-4.817392
YLES	-5.320067
SSSO	-4.805157
SOAN	-4.805157
DASF	-4.793258
RMRH	-5.458370
TBYW	-5.458370
BYWH	-4.590608
HSAT	-5.407217
SANI	-4.569068
NDOL	-4.884338
NTMA	-4.590608
HOLI	-4.884338
OEAT	-5.407217
ATDR	-5.019037
TDRI	-5.106187
YATC	-5.516362
RDSW	-4.583308
DSWH	-4.442382
NHEF	-5.157340
RAPL	-5.662490
APLA	-4.576130
OARA	-5.106187
RAGO	-4.884338
AGOU	-5.759400
GTOS	-4.605585
NEDD	-5.082706
DDIR	-5.106187
YTOJ	-5.759400
GANA	-4.748676
NABU	-5.662490
BADI	-5.759400
NENC	-4.981248
DNOC	-5.157340
NNOS	-5.282278
OSTY	-5.247516
STYL	-4.981248
TYLE	-4.856310
YLEN	-5.662490
NOBE	-5.157340
UTYM	-5.662490
DADD	-4.963520
BUTB	-4.426961
LKER	-5.662490
KERI	-4.999732
LNEV	-4.770395
LLYL	-4.698702
WILD	-4.168335
ILDS	-4.842946
LDSH	-4.541916
EEDL	-4.718007
EDLO	-4.598032
DLOU	-5.157340
SAIC	-6.060430
AICO	-6.060430
LYKE	-5.106187
YKEE	-5.131011
EPMY	-5.884338
PMYC	-5.884338
NCEV	-5.662490
CEVE	-5.583308
NSIC	-5.282278
LTOC	-5.247516
LWHY	-5.516362
HYMU	-5.884338
BESC	-5.759400
SCAM	-4.718007
CAMP	-4.999732
TRYB	-5.060430
OLDH	-4.397672
RHAI	-5.039240
IRSO	-4.748676
RSOU	-4.748676
NTID	-5.320067
TIDY	-5.662490
IDYS	-6.361460
DYSO	-5.320067
YSOB	-5.157340
OBLO	-5.458370
BLOW	-4.397672
LOWZ	-6.361460
OWZY	-6.361460
WZYY	-6.361460
ZYYE	-6.361460
YYES	-5.019037
TTIC	-5.215332
ICOA	-5.361460
OATI	-4.535385
AWHE	-4.817392
OATS	-3.958339
SIXI	-5.516362
XINC	-5.583308
HESD	-5.458370
SDEE	-4.981248
PINM	-5.157340
INMU	-5.282278
NMUD	-6.361460
MUDI	-5.884338
UDIA	-6.361460
AMAB	-5.082706
MABS	-6.361460
ELYC	-4.569068
LYCE	-5.662490
YCER	-5.082706
EGOW	-5.282278
WNWH	-4.856310
NLET	-4.999732
LETD	-5.884338
OHID	-5.215332
EITN	-4.963520
OTDO	-4.662490
TDOI	-5.060430
GITS	-4.562119
URPI	-5.516362
RPIC	-5.662490
YBEV	-5.759400
YEXA	-5.019037
CTLO	-5.662490
TLOU	-5.884338
SASA	-4.662490
AIDB	-4.748676
IDBI	-5.215332
ALLL	-4.576130
LLLO	-4.842946
LLOS	-5.884338
LOST	-4.218445
OSTU	-4.504127
ONME	-4.388332
NMEI	-4.946486
GHTM	-4.361460
HTMI	-5.361460
NETL	-5.583308
ETLO	-4.946486
TLOO	-4.340270
KEDR	-5.157340
LWHE	-4.689362
RDIR	-5.106187
YPET	-5.884338
OATQ	-5.884338
ATQU	-4.805157
EESC	-5.185368
PEDM	-5.060430
DMYN	-5.215332
MYNO	-5.185368
OUOB	-5.157340
UOBS	-5.282278
CYIA	-5.759400
HTOS	-4.770395
KESU	-5.361460
HANE	-4.442382
OWAL	-4.447646
LESO	-4.047592
SORF	-5.247516
RMIL	-5.320067
SORW	-5.215332
IRTA	-5.039240
ONEQ	-5.759400
NEQU	-4.914302
EANB	-5.157340
ANBY	-5.039240
NBYI	-5.759400
BYIT	-4.738210
WANA	-5.884338
ABOM	-5.039240
BOMI	-5.060430
SORT	-3.926891
CEAM	-5.106187
TRYT	-4.738210
DECO	-4.884338
ECOR	-4.082706
CORU	-5.583308
ORUM	-5.458370
RUMI	-5.759400
UMIT	-5.884338
OWSA	-4.340270
AMAF	-4.805157
MAFR	-4.829981
CYOB	-6.361460
AHAL	-5.060430
ALFW	-4.884338
HASR	-5.131011
URAD	-5.039240
RFIN	-5.019037
YESN	-5.516362
REBR	-4.805157
HTEN	-4.407217
RTPA	-5.458370
TPAU	-5.131011
ANAG	-4.458370
NAGA	-4.416977
INIH	-5.583308
ANEB	-5.247516
LYAV	-5.185368
YAVE	-5.019037
RYSW	-5.282278
YSWE	-4.680218
ISHW	-4.562119
SHWI	-5.157340
RTSH	-4.963520
LSET	-4.748676
AFAT	-5.282278
HLOW	-5.583308
LOWC	-4.662490
NSIA	-5.516362
SNOC	-5.215332
NOCH	-5.247516
NKIH	-5.516362
KIHA	-5.247516
USAY	-4.884338
EIRU	-5.039240
IRUN	-5.106187
RUNC	-4.562119
UNCL	-4.293274
TONY	-5.215332
ONYE	-4.884338
NYES	-4.981248
RCHE	-4.426961
EAPS	-5.215332
PSID	-5.458370
LADD	-4.946486
HLAU	-5.516362
GHED	-4.555280
YIFT	-5.106187
HADU	-5.060430
ADUN	-5.060430
LESE	-4.541916
LCHE	-5.361460
IDEC	-5.019037
DECR	-5.247516
YITW	-4.516362
ONEJ	-5.361460
NEJO	-5.407217
EJOT	-5.516362
JOTL	-6.361460
STVE	-5.185368
YMAT	-5.019037
RLDR	-5.662490
CYTO	-4.946486
ECHB	-6.060430
EYMA	-4.598032
YMAD	-4.781676
EITT	-4.562119
EIRH	-4.463833
RTYA	-4.914302
YASS	-4.569068
NDUL	-4.662490
DULG	-4.842946
ULGE	-4.770395
LGED	-5.282278
RMIR	-6.060430
MIRT	-5.759400
RTHF	-5.157340
THFO	-4.748676
XPEN	-4.770395
NDSV	-5.759400
DSVU	-6.361460
SVUL	-6.060430
GARR	-6.060430
NSWI	-4.486398
WALO	-5.082706
OOMO	-4.884338
ONLE	-4.613272
NLEA	-4.759400
EAVI	-4.203097
SATW	-4.981248
LSUM	-5.320067
OCOF	-5.884338
FEES	-5.583308
EESH	-5.060430
OORL	-4.870098
ORLY	-5.215332
THWO	-4.870098
LTIL	-5.662490
LLLA	-5.060430
RASL	-5.247516
SLEE	-4.027006
LEEP	-4.106187
EPAN	-4.645456
ERRA	-4.522611
RRAT	-4.402418
RRIG	-4.870098
ANPL	-5.516362
NPLE	-4.930096
DGOD	-4.899062
GODO	-4.963520
ODOW	-4.562119
WNST	-4.856310
RAWI	-4.379188
OLEP	-4.842946
TYAT	-5.060430
YATL	-5.060430
ATLO	-4.474969
LOOA	-6.361460
OOAN	-5.185368
YINV	-4.770395
VITE	-4.946486
UTSU	-4.727991
TSUS	-4.999732
GHIG	-5.185368
IGHS	-5.157340
LDAM	-5.320067
DAMU	-5.039240
RTTI	-5.215332
DSTA	-4.099009
TAYB	-5.884338
YBEL	-4.469365
ELOW	-4.240886
LOWW	-4.770395
OWWI	-4.590608
WWIT	-4.653889
OKMR	-6.060430
KMRH	-5.884338
RSTL	-5.247516
STLO	-4.698702
NTDO	-4.698702
YOUP	-4.437180
OUPR	-4.930096
UPRE	-5.082706
RDSS	-4.759400
NGUL	-4.522611
SPIS	-5.215332
PISE	-5.282278
SESC	-4.914302
SNOP	-5.247516
NOPL	-5.185368
GELS	-4.621097
DESE	-4.348622
RVEN	-4.963520
HPRA	-5.662490
CHCE	-5.662490
THIA	-5.247516
VEPL	-5.019037
NMAN	-4.452975
SINN	-4.637184
INNU	-5.247516
NNUR	-5.884338
NURS	-4.930096
DIHO	-5.019037
OPEI	-4.805157
PEIT	-5.185368
OONB	-4.781676
BYSE	-4.899062
ITEW	-4.133573
TEWE	-5.215332
LLEL	-4.914302
ANKE	-4.412070
NKED	-4.914302
HENW	-4.094288
EAFE	-4.653889
FEWB	-5.662490
EWBO	-5.583308
WBOO	-6.060430
OKSW	-5.282278
KSWE	-4.856310
OFET	-5.516362
FETC	-5.019037
EROT	-5.282278
RYAF	-5.282278
YAFF	-4.884338
HMYC	-5.320067
YCOL	-4.899062
GERF	-5.060430
ENEF	-4.770395
DMYO	-5.106187
WNCR	-5.458370
DITB	-4.718007
ANID	-4.738210
NIDL	-5.759400
IDLE	-4.781676
FELL	-3.990392
GHIH	-5.662490
HIHA	-4.297002
NYIH	-6.060430
NIEV	-5.884338
KEDI	-4.328036
DSUI	-5.282278
ELFP	-5.106187
LFPE	-5.361460
TLYW	-4.605585
OMIA	-5.516362
MIAM	-5.215332
TMYF	-4.653889
MYFA	-4.047592
YFAT	-4.141352
VELE	-4.914302
EFTS	-5.320067
FTSO	-5.320067
SOSM	-5.185368
OSMA	-4.829981
LACO	-5.516362
NOFB	-4.999732
OFBO	-4.510201
FBOO	-5.361460
KSWH	-4.899062
TADE	-5.185368
ADEL	-4.680218
ULLI	-4.562119
LLIB	-4.963520
ARYY	-5.516362
RYYO	-4.870098
EYMR	-6.060430
CYIT	-5.361460
YITO	-5.282278
TOUG	-5.131011
BEGO	-4.759400
ODHE	-4.605585
ORKO	-4.781676
RKOF	-4.748676
ANYG	-5.082706
NYGE	-5.884338
HTOI	-5.407217
OITY	-5.662490
ELFY	-5.282278
LFYO	-5.407217
YSBU	-5.320067
SBUY	-6.060430
BUYI	-5.759400
UYIN	-6.060430
GBOO	-5.583308
OKSI	-5.185368
KSIC	-6.060430
ENEG	-4.930096
FAFA	-5.320067
ILYL	-5.106187
LYLI	-4.662490
YLIB	-5.759400
CHDA	-5.157340
HDAY	-5.361460
CTIA	-5.516362
UNEG	-6.361460
ECTN	-5.662490
ADDT	-5.320067
DDTO	-5.662490
TNOB	-5.185368
UBUI	-6.361460
ILDY	-5.759400
LDYO	-4.498137
SEIW	-5.082706
YBEH	-4.842946
LFAS	-4.590608
FASD	-6.060430
ULAS	-4.963520
LASP	-5.060430
SPEM	-6.361460
EYIW	-6.060430
TIWO	-4.856310
YADV	-4.793258
UTOM	-5.583308
URPU	-5.583308
TNEI	-5.247516
EPEM	-5.516362
DOFM	-4.480646
FMOD	-5.320067
ODEL	-4.946486
DELT	-5.759400
ELTH	-4.332076
NERC	-5.215332
YINE	-5.039240
RTIW	-5.662490
LBUY	-6.060430
BUYP	-6.361460
UYPE	-6.361460
YPEM	-6.060430
FIFD	-6.361460
IFDA	-5.759400
SELL	-4.842946
LLIT	-4.138743
AMTA	-5.759400
MTAL	-5.662490
GOFP	-5.361460
FPOS	-5.185368
LESU	-4.662490
SUPO	-4.200092
RDCA	-5.215332
ITMO	-5.060430
GETP	-6.361460
EYBY	-5.583308
YBYP	-5.884338
YPUR	-4.829981
ASET	-4.463833
HANB	-4.930096
BYIM	-5.583308
YIMI	-5.884338
MITA	-4.738210
HCAU	-5.320067
HERV	-4.583308
LEAT	-4.412070
ERBO	-4.388332
RBOO	-5.320067
OONL	-4.698702
ONLA	-4.817392
NLAY	-5.131011
HOLL	-4.348622
YASI	-4.548546
ASID	-4.452975
DESH	-4.884338
REWN	-4.899062
EWNE	-5.060430
WNEA	-4.899062
RDTA	-5.215332
DTAB	-5.131011
FBET	-5.759400
ISEL	-4.370234
ESTS	-4.218445
TSIS	-4.930096
OOBS	-5.060430
RVET	-4.708247
EGAM	-5.039240
GAME	-4.662490
CYMU	-5.759400
ESPR	-4.498137
OWAB	-5.082706
WABO	-5.106187
HEIG	-4.621097
TORR	-4.999732
LERH	-5.458370
OWIL	-4.914302
WILO	-5.884338
ILON	-4.963520
RAGA	-4.498137
CESU	-5.106187
YACC	-4.645456
HEDF	-4.555280
EPIA	-5.516362
PIAN	-5.361460
IANO	-4.829981
RTEI	-6.060430
TEIT	-4.605585
SAMA	-4.541916
AMAZ	-4.738210
MAZI	-5.247516
AZIN	-4.576130
ZING	-4.275100
EYHO	-5.082706
EPAT	-4.698702
RYAC	-5.215332
LLAR	-4.402418
ESAC	-4.770395
EMIT	-4.689362
LLPA	-4.817392
LPAI	-5.583308
NTTA	-5.282278
TTAB	-5.185368
LESC	-4.727991
ETPU	-5.884338
TPUR	-4.999732
SISC	-5.282278
ELYK	-5.320067
TDOA	-5.583308
DOAL	-5.407217
ARDA	-3.986711
DYSP	-5.282278
KENO	-4.447646
STTI	-4.727991
HEDY	-5.185368
FACC	-5.185368
NTSS	-4.770395
IDDA	-5.106187
CHTR	-5.157340
HTRU	-5.458370
UTHT	-4.899062
NYAW	-5.884338
YAWO	-5.247516
NBYN	-5.516362
BYNE	-6.060430
YNET	-5.884338
NGAP	-4.516362
GAPU	-6.060430
APUR	-5.131011
SEOR	-4.999732
EORC	-5.247516
RCOV	-5.759400
EENB	-4.344426
ENBU	-4.474969
IAMV	-5.131011
AMVE	-5.131011
OMAG	-4.930096
MAGR	-5.583308
UINY	-5.516362
ALIC	-4.613272
OTBO	-5.662490
TBOA	-5.131011
BOAS	-4.946486
FKNO	-5.106187
NHAL	-4.748676
LFAD	-5.247516
FADO	-5.282278
ADOZ	-5.215332
DOZE	-5.019037
OZEN	-4.856310
ZENI	-5.583308
FMYA	-4.856310
MYAC	-5.131011
ATAR	-4.469365
ARER	-4.344426
HEDN	-4.899062
ORII	-6.361460
RIIA	-6.060430
IIAM	-5.884338
ETHY	-4.930096
USTC	-4.645456
LINY	-5.282278
URID	-5.320067
AOFA	-5.247516
EDWO	-4.576130
SIDO	-4.856310
IDOC	-5.884338
DOCO	-5.361460
LINI	-4.930096
NITO	-4.999732
ITOH	-5.361460
TOHC	-5.759400
OHCE	-5.662490
HCER	-5.407217
SFAI	-4.748676
FAIT	-4.759400
AITH	-4.662490
THFU	-4.759400
HFUL	-4.653889
ANTN	-5.157340
STEE	-4.082706
TEEM	-4.842946
OTGR	-5.458370
SUSU	-4.899062
LYME	-4.770395
THAW	-4.842946
HAWO	-5.247516
ANMU	-5.320067
NMUS	-4.770395
UGHK	-6.060430
GHKN	-6.361460
HKNO	-5.361460
OFMU	-4.963520
FMUS	-5.320067
ICSI	-5.215332
CSIN	-5.884338
NGDR	-4.884338
GDRA	-5.157340
GDAN	-5.759400
EMOD	-4.870098
ERNL	-5.247516
RNLA	-5.884338
NLAN	-4.474969
STPO	-4.718007
SSAC	-5.106187
RAIR	-4.870098
ROFW	-4.793258
OFWA	-4.504127
FWAL	-5.516362
RVOI	-5.157340
ALFD	-5.407217
SSAD	-5.082706
SADD	-4.727991
DEDD	-5.106187
USTY	-4.930096
YETA	-4.613272
ETAD	-5.884338
TADD	-5.131011
ADDS	-5.458370
DDSO	-5.759400
SUBS	-4.324033
UBST	-4.583308
BSTA	-4.510201
OVEM	-4.447646
VEME	-4.051829
INDB	-4.914302
DBYE	-4.738210
GIAM	-5.185368
MNOL	-6.361460
RSUR	-4.981248
DATY	-5.516362
OURK	-5.060430
URKN	-5.361460
SIXA	-5.583308
IXAC	-6.361460
XACC	-6.361460
ENIR	-4.805157
NIRA	-5.516362
RWON	-5.185368
RNOW	-4.528951
OWAT	-4.718007
WATY	-6.060430
NYAR	-4.999732
USOS	-5.662490
OSEV	-4.899062
REUP	-4.817392
PONY	-4.884338
WNSE	-5.282278
NSEX	-5.407217
EXAS	-5.060430
XAST	-6.361460
HCAP	-5.157340
PACI	-4.486398
ACIT	-4.793258
DTAS	-4.981248
NDAP	-4.653889
DELE	-5.215332
GANC	-4.999732
IBEU	-6.361460
BEUN	-4.856310
OTHC	-5.019037
THCR	-5.662490
HCRI	-5.320067
UTAG	-4.856310
NSTT	-4.218445
EDDO	-4.221581
BTAN	-5.884338
REBO	-4.605585
EBOT	-4.365824
OTHP	-5.407217
HEYK	-5.215332
EYKN	-5.282278
YKNE	-5.185368
NEWM	-5.131011
EWMA	-5.458370
WMAN	-4.805157
NYWO	-5.131011
HOAN	-5.662490
NMRH	-5.516362
TCAL	-4.842946
MTOO	-4.914302
OORD	-4.914302
THBI	-5.583308
RDAS	-4.817392
BYAT	-5.361460
YATA	-5.106187
NEND	-4.541916
HSOO	-5.247516
RDSL	-5.106187
SLEF	-4.698702
OSEY	-4.930096
KTOR	-5.516362
RSEX	-5.320067
SEXB	-5.759400
EXBY	-6.361460
XBYU	-6.361460
BYUN	-5.516362
YUND	-4.738210
DERV	-5.583308
RVAL	-4.212241
ALUI	-6.361460
LUIN	-6.361460
UING	-4.770395
ENID	-5.082706
NIDA	-5.884338
AYIT	-4.598032
EDSB	-5.583308
DSBU	-4.914302
SAPA	-4.884338
APAL	-5.247516
PALT	-5.516362
LTRY	-4.963520
TRYD	-5.662490
YDEV	-5.185368
DEVI	-4.221581
EVIC	-4.727991
CEAV	-5.759400
RYME	-5.082706
ARTU	-4.718007
TUND	-4.555280
DLYR	-5.039240
LYRE	-3.953220
ARKW	-4.899062
RKWA	-5.282278
KWAS	-4.613272
ASCH	-4.793258
IEFL	-4.727991
FLYA	-5.583308
ISME	-4.605585
SMEA	-4.598032
RTSW	-5.082706
CHLA	-5.019037
MESC	-4.621097
CEND	-4.332076
TOEM	-5.039240
OEMP	-5.662490
LOYF	-6.361460
OYFO	-5.662490
ORCA	-4.671264
RCAP	-4.689362
APTI	-4.981248
PTIV	-5.131011
TIVA	-5.106187
TOCU	-5.215332
OCUN	-6.060430
CUNN	-4.981248
UNNI	-4.352859
GISD	-5.884338
PICA	-5.458370
ICAB	-4.842946
CABL	-4.671264
TSOE	-5.157340
SOEN	-5.320067
PLYA	-5.157340
UETH	-4.576130
CTEL	-5.759400
ETHJ	-5.884338
THJO	-5.361460
HJOI	-5.759400
MAGA	-4.718007
LEYU	-6.361460
EYUR	-6.361460
YURG	-5.516362
GEDM	-4.805157
DMRJ	-5.884338
NGSE	-4.261089
GSEN	-5.320067
TNOC	-5.407217
OCOU	-4.662490
TRYA	-4.605585
RYAD	-5.662490
DBEO	-5.131011
NYSE	-5.157340
YSER	-4.781676
RVIC	-4.576130
CERE	-4.421940
DANE	-4.637184
OTOW	-4.870098
NTPH	-5.516362
TPHY	-6.361460
SICI	-5.407217
ICIA	-4.629066
CIAN	-5.247516
OUNW	-5.884338
MPLY	-4.689362
PLYW	-4.884338
RSPR	-4.870098
TMRJ	-5.884338
NGIF	-4.899062
GIFM	-6.361460
IFMI	-6.060430
DEDL	-4.748676
ITEU	-5.247516
TEUN	-5.157340
RSDE	-5.157340
ISER	-4.037177
SERA	-4.332076
EYSO	-4.946486
YSOL	-5.131011
IRWR	-5.662490
RWRE	-5.759400
WRET	-4.397672
RETC	-4.182483
RBYD	-5.583308
BYDU	-6.060430
YDUE	-5.884338
UETS	-6.060430
RSUP	-4.671264
ULDF	-4.452975
LDFI	-4.899062
IEFT	-4.817392
EFTO	-5.060430
FTOH	-5.060430
NBYG	-6.060430
BYGI	-5.884338
EEPE	-4.244188
PERD	-5.215332
NMIG	-4.884338
TBEP	-4.981248
BEPA	-5.039240
IDTO	-4.653889
ESIC	-4.899062
ICKL	-4.412070
CKLA	-5.320067
KLAD	-6.060430
RLSC	-6.060430
LSCO	-5.361460
ERIX	-6.060430
RIXI	-6.060430
IXIL	-5.583308
XILL	-5.361460
ETHP	-5.185368
THPA	-4.884338
HPAS	-5.157340
ECHI	-4.308381
IEFO	-4.748676
EFOF	-4.914302
FOFT	-4.884338
ENIG	-4.234355
RSRO	-5.282278
SROO	-4.781676
GHAD	-4.645456
GABL	-4.999732
DATO	-4.829981
WERT	-4.379188
SHEV	-5.157340
RLYR	-5.157340
YREC	-4.447646
YBYA	-5.157340
BYAH	-5.106187
YAHO	-5.662490
MAID	-4.653889
OELE	-5.583308
NTLA	-5.106187
URND	-5.662490
RNDE	-5.884338
RTOV	-5.458370
SITJ	-6.361460
ITJA	-5.884338
NJUD	-5.407217
OTEW	-5.282278
TEWA	-4.516362
TSAS	-4.637184
SASQ	-5.662490
CKLY	-4.535385
KLYC	-5.458370
ETAC	-4.698702
RLSR	-6.060430
LSRE	-5.407217
LDSO	-4.637184
ILYB	-4.748676
YBRE	-4.914302
UNDJ	-5.759400
NYAP	-5.361460
APPA	-4.388332
PPAR	-4.535385
EENV	-4.718007
GSAT	-5.060430
DONS	-4.662490
DNOW	-4.069204
LTHW	-5.407217
YREM	-4.522611
SALO	-4.469365
LOFB	-5.247516
NGCA	-4.452975
GCAR	-5.060430
DHOM	-4.946486
OARR	-5.215332
EDAB	-4.361460
LADV	-5.185368
VISA	-5.320067
LEAF	-4.899062
GALI	-5.019037
ILEW	-4.899062
ANEO	-4.662490
NEON	-4.653889
EONM	-4.946486
YSAP	-5.662490
DINV	-4.748676
URBI	-5.215332
THHO	-4.629066
HHOP	-5.361460
PEST	-4.583308
OTFO	-4.562119
WERS	-4.379188
TOOI	-4.856310
OOIL	-6.060430
OILL	-4.963520
SSAY	-4.856310
FMOV	-5.759400
RWEM	-5.407217
STTR	-4.856310
SPAS	-4.407217
LELO	-4.805157
RONY	-5.662490
URKI	-4.870098
VEDC	-5.131011
YITM	-5.361460
FMYS	-4.629066
MYSI	-4.474969
YSIS	-4.569068
RREM	-4.817392
MOVA	-5.185368
OVAL	-5.282278
VALY	-6.060430
AYDE	-4.981248
YDEP	-4.817392
MADA	-4.535385
AMSA	-4.698702
OLDC	-4.653889
LDCI	-5.759400
DCIV	-5.458370
LLRE	-4.282278
IVEE	-4.856310
ITHU	-4.718007
HUSM	-5.247516
USMR	-5.759400
PROF	-4.125931
ROFU	-4.999732
RACK	-4.392977
NTSI	-4.432041
TSIA	-5.583308
CHGO	-5.282278
HGOO	-5.131011
ODFR	-5.019037
DSID	-4.981248
EISV	-5.019037
FERS	-4.914302
RSAV	-5.458370
AVAS	-4.817392
ASTD	-4.759400
TPAT	-5.185368
RLDW	-4.856310
LDWH	-4.569068
HASW	-5.082706
UTEX	-5.361460
HESW	-4.336154
EETE	-4.698702
STTE	-4.914302
THIO	-5.884338
HIOF	-6.361460
IOFT	-5.060430
LMYO	-5.662490
MYOT	-5.583308
EETR	-5.407217
ETRO	-4.576130
NGPR	-4.535385
GPRO	-4.884338
PROS	-4.522611
ROSP	-4.548546
CTOV	-6.361460
HATG	-4.498137
ELWA	-4.999732
LWAL	-5.320067
LKID	-6.060430
KIDO	-5.662490
OWAP	-5.282278
WAPL	-6.361460
ISEQ	-5.407217
ELDY	-5.516362
KOFQ	-6.060430
NAHU	-5.131011
AHUR	-5.131011
HURR	-4.316137
URRY	-4.698702
YIHO	-5.759400
ORTL	-4.680218
RTLE	-4.805157
RIDO	-4.680218
IDOI	-5.516362
DOIS	-5.458370
OISD	-5.884338
RRYR	-5.884338
HEAN	-4.087302
IFIS	-4.999732
SOLV	-4.254250
OLVE	-4.136150
LVET	-5.082706
ETOQ	-5.583308
TOQU	-4.708247
OQUI	-4.781676
UITN	-6.361460
ITNE	-4.432041
FINF	-4.963520
ERIC	-4.171128
RICO	-4.963520
FASQ	-5.884338
TEFI	-5.516362
EFIX	-4.914302
DOFY	-4.738210
DMED	-5.157340
OUCR	-5.320067
UCRI	-5.662490
OHYE	-4.770395
ESIU	-6.361460
SIUN	-5.131011
IUND	-4.805157
OUPE	-5.361460
LYIW	-5.131011
IMIG	-4.486398
HTTA	-5.361460
TTAK	-4.528951
ORAC	-4.708247
ESOE	-5.131011
OEAS	-4.999732
IDIS	-4.662490
PITI	-4.708247
ITIF	-4.842946
LOWT	-4.535385
PINT	-4.458370
TECH	-4.805157
RISM	-5.458370
REOR	-4.727991
EORL	-5.157340
CHAO	-5.407217
HAON	-5.759400
AONE	-5.247516
URSL	-5.583308
RSLI	-4.963520
ZZYC	-5.884338
ZYCR	-6.361460
BERW	-4.946486
DDON	-4.458370
OTRU	-4.930096
TRUN	-4.727991
RUNO	-5.320067
UNON	-5.759400
NONI	-5.247516
ILDM	-5.320067
LDMA	-4.043396
ODOA	-5.320067
DOAT	-5.662490
OATH	-4.463833
NOWB	-4.392977
OWBE	-4.569068
WBEF	-5.361460
UEDB	-5.320067
DIER	-5.247516
IERO	-5.157340
ANAM	-4.759400
GSTU	-5.247516
UDYY	-6.361460
DYYE	-5.884338
STAM	-4.629066
TAMU	-5.458370
TRYS	-5.185368
CYCA	-5.583308
ALSU	-4.842946
UTFE	-5.082706
TFEW	-5.131011
FEWS	-5.019037
EWSU	-5.662490
WSUB	-5.759400
CTSF	-5.320067
TRYN	-5.516362
RYNE	-5.060430
YNEI	-5.458370
OODY	-4.759400
OUMO	-5.458370
UMOV	-6.060430
INAV	-4.770395
CONF	-3.914302
ONFI	-4.138743
DUNV	-5.884338
UNVA	-5.884338
VARY	-5.247516
GSOC	-5.583308
TPEO	-5.320067
SALT	-4.680218
EWTO	-4.870098
WTOB	-5.215332
BEOB	-5.185368
HEMF	-4.662490
EMFO	-4.914302
EEDC	-5.215332
ODIA	-5.247516
EISQ	-5.759400
ISQU	-4.516362
ATGO	-4.793258
TGOI	-5.106187
GONI	-4.793258
RYAS	-4.817392
WNEV	-5.407217
DYWA	-5.106187
CYAF	-5.583308
YAFT	-4.474969
NTTU	-6.361460
TTUR	-4.718007
DSIL	-4.930096
LYAW	-4.981248
YAWA	-4.981248
WAYM	-4.884338
WHOF	-4.856310
ADGA	-5.247516
DGAI	-4.981248
ETEV	-5.131011
TEVI	-5.215332
VICT	-4.332076
ICTO	-4.541916
RYOV	-5.884338
TRIU	-4.748676
RIUM	-4.621097
IUMP	-4.748676
UMPH	-4.698702
MPHI	-5.320067
PHIC	-5.131011
HICA	-4.963520
OTSE	-4.498137
NYGR	-5.516362
GEOV	-6.060430
RTEX	-5.759400
OPSA	-5.039240
PSAN	-4.671264
NDPU	-4.637184
DPUB	-5.662490
LICP	-5.407217
ICPL	-5.759400
CPLA	-5.884338
EALP	-5.082706
ALPL	-5.247516
RISN	-5.282278
OTIT	-5.019037
TRYH	-5.215332
EITA	-4.452975
WNIT	-4.999732
TTYM	-5.458370
TYMU	-5.407217
VEEA	-5.516362
IRAD	-5.516362
RADV	-4.884338
NBEE	-5.215332
BEEQ	-5.458370
EEQU	-3.887243
YHAP	-4.759400
PPYI	-5.157340
RAYT	-5.082706
HTDI	-5.361460
ATGE	-5.215332
ANLO	-5.185368
GATD	-5.759400
ATDA	-4.645456
CYSE	-5.361460
TRYW	-4.629066
EEDM	-5.039240
DMAM	-6.060430
MMAY	-5.759400
KENS	-4.613272
THBL	-5.215332
HBLU	-5.662490
BLUS	-5.157340
LUSH	-4.856310
USHI	-4.621097
ITEM	-4.562119
YHEO	-5.759400
HAVA	-5.516362
AVAR	-5.458370
BEME	-5.215332
ICHY	-4.498137
CHYO	-4.383736
DGET	-4.569068
RUEC	-5.516362
UECE	-6.361460
LYMY	-4.842946
RNOB	-5.407217
TMEE	-5.247516
NYPE	-5.185368
YPEO	-5.106187
ODIB	-6.361460
FEWN	-6.060430
WNEI	-6.060430
ODSL	-5.759400
DSLA	-5.039240
ERIK	-5.662490
RIKN	-5.247516
WWED	-6.060430
HFOU	-5.320067
NTYF	-4.981248
TYFA	-5.320067
YFAM	-4.914302
ERNF	-5.131011
RNFO	-5.157340
HCOU	-4.637184
LDEN	-4.583308
DENA	-4.805157
TOKE	-4.442382
OKEE	-4.653889
EYET	-4.289578
YETO	-4.914302
ILEE	-5.060430
LEEL	-5.039240
ESAK	-5.060430
AKEO	-4.535385
OFSA	-4.590608
FSAY	-5.320067
GSOM	-4.469365
HTTU	-5.583308
URNH	-5.019037
RNHE	-5.247516
HTSN	-5.458370
TSNO	-4.605585
WASK	-4.899062
RIFC	-6.361460
IFCH	-6.361460
NATL	-4.770395
RNSI	-5.407217
NGAW	-4.402418
GAWA	-4.555280
AYYE	-5.106187
DYES	-4.555280
ANSI	-4.452975
NSIR	-4.963520
MISM	-5.884338
FFAS	-5.185368
NSOG	-5.583308
SOGE	-5.516362
NTEE	-4.930096
TEEL	-4.392977
EELA	-4.598032
ELAN	-3.995972
ASYH	-5.884338
SYHE	-5.759400
YSSO	-5.247516
SMYI	-5.662490
MYID	-5.407217
AOFG	-6.060430
NCYT	-4.946486
ESVE	-5.131011
VERO	-4.447646
THSQ	-6.361460
HSQU	-6.060430
DIDC	-5.215332
NOSH	-5.361460
DGOH	-5.884338
GOHO	-5.361460
OHOM	-5.458370
MEIF	-4.698702
EIFA	-5.157340
IFAN	-4.653889
NCYS	-5.662490
CYSH	-4.999732
CEPI	-6.060430
EPIE	-5.215332
PIES	-4.930096
ARTM	-4.748676
RTMR	-5.884338
YIAL	-5.759400
AYSK	-5.361460
YSKE	-5.458370
SKEE	-4.914302
EEPS	-4.598032
EPSE	-5.583308
PSER	-6.361460
WNWO	-5.320067
ORKM	-5.282278
RKMY	-5.759400
KMYD	-6.060430
AREB	-4.548546
EBRO	-4.300762
TUPD	-5.884338
UPDI	-6.361460
PDIF	-6.361460
DYIS	-5.131011
TOJU	-5.019037
DGEF	-5.247516
DSOR	-4.680218
TOFG	-4.748676
FGIR	-5.516362
LSIA	-6.361460
SIAS	-4.805157
OUIT	-5.131011
SAPI	-5.019037
PITY	-4.738210
INKC	-5.759400
AINB	-4.289578
INBU	-4.469365
ISOU	-4.999732
LARF	-5.082706
EMSA	-4.718007
MSAV	-5.361460
ANTY	-5.082706
EYOH	-6.361460
YOHD	-6.361460
OHDE	-5.583308
HDEA	-5.320067
ARYE	-4.870098
DENV	-5.458370
ENVI	-5.060430
VIED	-5.884338
DMEJ	-6.361460
MEJA	-5.759400
SBEA	-4.662490
TYID	-5.884338
OBOA	-4.999732
ILDB	-5.185368
UREJ	-5.759400
NEDO	-4.278674
DYBE	-5.157340
TISW	-4.541916
ISWH	-4.182483
YSID	-4.884338
TTRU	-4.946486
TRUS	-4.374688
USTM	-4.856310
STMY	-4.671264
TMYO	-5.131011
YFIF	-5.583308
ASAG	-4.522611
NATM	-5.407217
TMYB	-5.215332
ERGA	-4.856310
LAWW	-5.583308
AWWA	-5.884338
WWAS	-4.748676
RANO	-4.770395
OREW	-4.261089
EWEC	-5.320067
MEAW	-5.106187
WAYB	-4.576130
TOOY	-5.884338
OOYO	-6.361460
UNGH	-5.320067
HEWR	-4.474969
EWRO	-4.856310
WROT	-4.738210
TTYT	-5.458370
ISAF	-4.583308
NYAO	-6.361460
YAON	-6.361460
NEIF	-5.282278
CYOV	-5.759400
AYIW	-4.946486
YIWO	-5.157340
HOFI	-4.930096
OFIR	-4.946486
EFFI	-5.583308
FPOE	-6.060430
POET	-5.019037
OETR	-5.662490
DRIV	-4.285913
WAYL	-5.247516
VEIH	-5.282278
RPOE	-5.759400
FOOD	-4.727991
FLOV	-5.106187
FAFI	-5.516362
THYL	-5.215332
HYLO	-5.662490
EITM	-4.770395
GNOU	-5.884338
GALR	-5.516362
ADYB	-5.060430
DYBU	-5.039240
FITB	-4.842946
HINS	-4.637184
FINC	-4.842946
NEGO	-5.185368
DSON	-4.598032
SONN	-5.407217
LSTA	-4.613272
TARV	-5.407217
RVEI	-5.019037
WAYD	-5.039240
AYDA	-5.361460
YDAR	-4.856310
RALP	-4.598032
ALPA	-4.870098
LPAU	-6.060430
NSUE	-5.282278
SUED	-4.689362
THTR	-5.039240
HTRE	-4.718007
REMB	-4.727991
LELE	-4.727991
OSIN	-4.182483
FAGA	-5.157340
EAKB	-5.247516
AKBU	-5.320067
KBUT	-4.452975
SAYA	-4.698702
RTSI	-4.930096
TSIL	-4.981248
GANR	-5.759400
NREP	-4.829981
ANAP	-4.671264
NAPO	-5.106187
APOL	-4.680218
POLO	-4.884338
LOGY	-4.708247
OGYF	-5.458370
GYFO	-5.458370
RTRO	-5.320067
TROU	-4.212241
ROUB	-4.452975
OUBL	-4.162803
IMAL	-4.432041
MALS	-4.999732
LSOW	-5.019037
SOWI	-4.805157
ZYMR	-6.361460
WASU	-4.379188
ASUN	-4.392977
SUNA	-4.605585
DLYC	-4.946486
LYCI	-5.282278
YCIV	-5.458370
BECI	-5.320067
VILA	-5.215332
ILAL	-5.583308
LALS	-6.060430
LSOA	-4.727991
NREQ	-5.361460
MEDH	-4.583308
UTMU	-5.157340
RACI	-4.637184
ACIO	-4.569068
SORD	-4.680218
AGEU	-5.759400
GEUP	-5.407217
SSIG	-4.899062
GNAL	-4.999732
NALT	-4.708247
TWOG	-5.060430
WOGI	-5.662490
OGIR	-5.662490
GTOE	-4.981248
ERDU	-4.884338
RDUR	-4.999732
OLEV	-5.407217
LEVI	-4.185368
DTAX	-6.060430
TAXM	-6.361460
AXMR	-6.361460
XMRB	-6.361460
HHAV	-4.914302
LATN	-5.884338
ELDL	-5.583308
IAWA	-5.282278
AWAS	-4.727991
ELLG	-5.247516
LGRO	-5.019037
OWNG	-5.019037
WNGI	-6.361460
NGIR	-5.185368
RLOF	-5.458370
FFIF	-5.458370
THAF	-4.583308
HAFI	-5.361460
NECO	-4.458370
DGOO	-4.748676
CEAF	-5.131011
TEWI	-4.637184
SEAF	-4.738210
OPUB	-5.884338
YAGE	-4.173939
GESH	-4.748676
ADHI	-4.856310
DHIG	-4.999732
ALSP	-5.039240
LSPI	-5.458370
DASO	-4.930096
LESG	-5.282278
ESGO	-4.946486
ODDI	-5.247516
ASYM	-5.320067
SYMA	-5.458370
SURA	-4.770395
RYEQ	-6.361460
YEQU	-5.320067
ABRU	-5.282278
BRUP	-5.320067
UPTL	-5.583308
PTLY	-5.458370
MOFH	-4.856310
SHAM	-4.383736
MEFU	-5.106187
LDIF	-5.215332
EPIT	-4.759400
PITH	-5.458370
CKWA	-4.569068
DYIA	-6.060430
UTOK	-6.361460
PMYE	-6.060430
MYEN	-4.856310
RISR	-5.583308
USHA	-4.474969
LIFY	-5.282278
OUPL	-4.598032
UPLE	-4.535385
SENA	-4.930096
LLLY	-5.884338
DIAD	-5.247516
IADE	-5.583308
LFSA	-5.082706
FSAT	-5.320067
EDOH	-5.157340
DOHY	-5.516362
BEMU	-5.215332
AITT	-5.516362
ILLJ	-5.215332
OSTL	-4.621097
YCAP	-4.842946
VENY	-5.039240
URBA	-4.870098
RBAL	-5.157340
EIRG	-4.856310
IRGI	-4.999732
NEAL	-4.981248
LSOI	-5.019037
SOIS	-5.106187
OISH	-5.106187
LLTE	-4.738210
LTEL	-4.981248
LCOL	-5.019037
LBEQ	-5.759400
OTMR	-5.458370
DEPA	-4.407217
HRET	-5.884338
SBEH	-4.662490
ARKS	-4.113486
RKSO	-4.781676
KSOF	-4.388332
OMHO	-4.930096
EVAI	-4.781676
IRCE	-6.361460
RCEN	-5.131011
EYSW	-5.282278
WITT	-4.946486
ISMS	-5.516362
SMSO	-5.583308
SONF	-4.727991
RXIL	-6.361460
DAYP	-5.282278
AYPA	-5.361460
NEMR	-5.458370
URSO	-4.504127
EINV	-4.463833
ALID	-5.320067
LIDW	-5.662490
HOCO	-4.718007
GHSL	-5.759400
HSLO	-5.282278
SLOW	-4.278674
LOWL	-4.316137
OWLY	-4.370234
WLYT	-5.320067
EIRP	-4.452975
IRPA	-5.019037
RTYI	-5.106187
LOOT	-6.060430
OOTA	-5.185368
OTAP	-4.946486
ASWR	-5.039240
SWRI	-4.748676
EYSE	-4.842946
YSEA	-4.793258
TEDN	-4.629066
ARHI	-4.914302
ROGR	-4.759400
OGRE	-4.458370
ONBY	-4.698702
NBYM	-5.247516
BYME	-4.999732
ATPI	-5.019037
TPIQ	-6.361460
QUET	-5.131011
UETA	-5.759400
SOBS	-5.082706
IRGA	-5.407217
RGAM	-5.662490
AMEE	-4.963520
MEEL	-5.247516
HTOO	-4.963520
OOKU	-4.930096
OKUP	-4.981248
KUPS	-6.060430
UPSO	-5.215332
PSOM	-5.282278
DLEW	-5.247516
ORKA	-4.842946
RKAN	-4.698702
PERP	-4.426961
PETU	-4.884338
ETUA	-5.131011
UALC	-5.039240
DYEI	-6.060430
YEIT	-5.019037
RONH	-5.019037
NDWR	-4.805157
DWRI	-4.759400
SLIN	-4.999732
SORO	-5.131011
ELEN	-4.680218
CTUN	-5.583308
TUNC	-4.963520
ERNW	-4.870098
RNWI	-5.060430
USDI	-4.999732
SDIA	-5.759400
YINU	-5.458370
NISO	-5.320067
FEAC	-4.999732
ACHH	-5.106187
CHHO	-5.185368
HHOW	-4.708247
HOWD	-4.605585
OWDE	-4.486398
WDEL	-5.662490
HALE	-3.124922
ALET	-4.125931
WERY	-5.131011
OUWR	-5.884338
UWRI	-5.884338
STYO	-4.621097
NIWR	-5.759400
IWRI	-5.407217
ERSL	-4.698702
WLYH	-6.060430
OWMA	-4.605585
ANYL	-4.842946
NYLE	-5.320067
TOWR	-4.930096
OWRI	-4.914302
OFAY	-5.361460
FAYE	-5.884338
FBUS	-5.458370
TOOH	-5.019037
OOHO	-5.583308
OWOD	-6.361460
WODI	-5.458370
ODIO	-5.282278
USIS	-5.082706
EYFA	-5.131011
OMYL	-5.458370
YLOT	-4.930096
LOTI	-5.320067
FTOY	-5.759400
YTEL	-4.727991
ATIL	-5.082706
TILO	-5.215332
EALR	-4.689362
RSOO	-5.106187
OONC	-4.981248
EBYY	-5.759400
URDE	-4.094288
AIDY	-5.082706
URPE	-5.131011
PENL	-5.157340
TMEM	-5.282278
MEME	-4.842946
DITF	-4.829981
OUIM	-5.282278
UIME	-5.884338
DPEN	-5.247516
ANKY	-4.708247
YSME	-5.185368
SMEN	-4.357138
SOEV	-5.106187
SSIL	-4.698702
NTTE	-5.131011
MDEL	-5.583308
EHAR	-4.151945
ARPA	-4.870098
RPAN	-4.981248
RAYL	-5.516362
AYLE	-5.215332
EINR	-5.361460
INRA	-5.215332
NRAP	-5.516362
RESW	-4.629066
LEDE	-4.541916
IGNF	-5.458370
GNFO	-5.759400
TINF	-4.637184
ISSG	-6.361460
SSGR	-5.407217
SGRA	-4.416977
TLEY	-5.247516
OUGI	-5.185368
UGIV	-5.247516
MELE	-4.621097
ODEF	-5.185368
FERY	-5.407217
URRA	-5.215332
RRAP	-5.583308
LIWR	-6.060430
NTIH	-5.131011
OTRO	-5.516362
OMTO	-4.870098
ODOT	-5.060430
HEMJ	-6.060430
EMJU	-6.060430
MJUS	-5.157340
EOHI	-5.662490
OHIT	-5.215332
FNOC	-5.884338
LSEE	-4.637184
RINJ	-5.583308
JANU	-5.583308
ANUA	-5.458370
NUAR	-5.583308
UARY	-5.215332
UTDO	-4.842946
UALW	-5.131011
YSWR	-6.060430
CHCH	-5.082706
NGLO	-4.498137
GLON	-5.106187
GLET	-5.157340
YLON	-4.662490
RALW	-4.999732
ODET	-4.963520
SARU	-5.247516
ARUL	-5.516362
RULE	-4.884338
ULEW	-5.516362
HMET	-5.157340
ATAP	-4.817392
TAPE	-4.817392
CANW	-4.981248
ANWR	-6.361460
SECA	-4.708247
OTWR	-5.583308
TWRI	-5.157340
TEIL	-5.759400
TDOF	-5.759400
YCAR	-4.645456
RBEC	-4.829981
EHES	-4.312242
ORWO	-4.884338
URSY	-5.884338
RSYL	-6.060430
ESDO	-4.671264
UDAR	-5.361460
CYMY	-5.759400
YMYS	-5.019037
MYST	-4.168335
YSTY	-5.884338
YLEO	-5.759400
GISV	-6.060430
SOHC	-6.060430
OHCR	-5.759400
ESWR	-5.662490
RELE	-4.407217
AYIM	-5.407217
YIMA	-4.856310
LFHI	-5.157340
NDBL	-4.718007
DBLO	-4.805157
BLOT	-5.215332
LOTS	-5.320067
TMYI	-5.282278
ASFL	-5.106187
SFLO	-4.884338
WSOR	-6.060430
PIDL	-4.770395
MBYW	-6.060430
HMEA	-4.870098
ANSM	-5.106187
NSMY	-5.320067
SMYL	-5.215332
MYLE	-5.060430
NVEY	-4.817392
VEYN	-6.361460
EYNO	-4.805157
YNOI	-5.662490
NOID	-5.082706
OIDE	-4.899062
CORR	-4.383736
ORRE	-4.188273
SPON	-4.498137
POND	-4.379188
NTSY	-5.215332
TSYO	-4.884338
URHU	-5.157340
HUMI	-5.157340
UMIL	-5.185368
HMUS	-4.829981
SARM	-4.613272
RMRE	-5.759400
PROO	-4.793258
ROOF	-4.629066
OOFN	-6.060430
GISM	-5.662490
EITF	-4.946486
ITFU	-5.407217
ULSA	-5.361460
OFOP	-5.361460
FOPI	-5.884338
CTBO	-5.884338
WODO	-5.884338
UCAL	-5.215332
LMYL	-5.516362
TLER	-4.698702
LERE	-4.522611
NTPI	-5.583308
ECEO	-4.963520
STYT	-5.458370
UDOF	-5.247516
RDEF	-5.407217
SINW	-4.605585
INWR	-5.247516
GBEC	-5.458370
MASP	-5.583308
MARA	-6.060430
ARAP	-5.157340
CUTI	-4.781676
CHIF	-4.963520
HIFN	-6.060430
KATL	-5.884338
THIG	-4.805157
ITHQ	-5.282278
THQU	-4.999732
HQUI	-5.361460
YSMU	-6.361460
PRIZ	-5.282278
UTOL	-5.516362
LDMR	-5.458370
OUEV	-4.999732
UEVE	-4.981248
LVED	-4.275100
DONQ	-5.884338
GNET	-5.019037
TESY	-5.106187
FPAN	-5.662490
PANE	-4.781676
ANEG	-5.407217
NEGY	-5.662490
EGYR	-5.884338
GYRI	-5.884338
YRIC	-5.361460
ICOF	-5.185368
COFC	-6.361460
YETW	-4.613272
YLAU	-5.247516
LAUD	-5.662490
AUDA	-5.215332
UDAB	-6.361460
DABL	-4.817392
INAP	-4.653889
NAPR	-5.019037
ECIP	-4.842946
CIPI	-4.946486
IPIT	-4.817392
CHMU	-4.946486
STLE	-4.064794
AVEV	-5.215332
VEVE	-5.185368
ESSU	-4.590608
SSUN	-4.856310
DCAN	-4.662490
NBEO	-5.458370
NORE	-4.510201
ENAY	-5.320067
NAYC	-6.060430
AYCR	-5.662490
BERA	-4.421940
RATN	-5.662490
ATNI	-4.689362
ETUP	-5.131011
URIB	-6.060430
FTOB	-5.060430
NDIB	-4.708247
EVEI	-4.662490
SMOM	-5.106187
REID	-5.060430
SUME	-4.452975
UMET	-5.039240
FNEE	-5.759400
SSPR	-4.718007
OWOF	-4.469365
WOFF	-5.320067
OFFB	-5.215332
FFBE	-6.361460
FBEF	-5.759400
UBEL	-5.247516
AMBY	-5.407217
MBYN	-6.060430
HCEL	-6.361460
CELE	-4.653889
ELER	-5.185368
ITYY	-5.282278
CTWO	-5.884338
EASD	-5.407217
SDEP	-4.738210
NYMA	-4.899062
ANIK	-5.458370
FASY	-5.884338
RHOR	-5.060430
EAFR	-4.981248
SAYB	-5.039240
AYBI	-6.060430
YBIN	-5.583308
LEYY	-5.884338
EYYO	-5.361460
TAYT	-5.516362
AYTI	-5.320067
LNEX	-6.060430
EEKY	-6.060430
EKYO	-5.884338
BLYD	-5.157340
LYDO	-4.562119
YDOI	-5.458370
BLYN	-5.282278
ORDM	-5.282278
RDMI	-6.060430
DMIG	-4.899062
AYAM	-5.516362
YAMO	-5.019037
NTHY	-4.981248
TDOJ	-6.060430
DOJU	-5.759400
OJUS	-5.060430
WNDI	-5.407217
MOFF	-4.999732
OFFN	-5.759400
FFNO	-5.759400
FNOW	-5.662490
NHED	-5.215332
DIDH	-4.671264
LFIA	-5.759400
FIAM	-5.282278
IAME	-4.999732
AMEX	-5.662490
MEXC	-5.215332
XCEE	-4.407217
GLYG	-5.215332
YGRA	-4.637184
YBYY	-6.361460
GWHA	-4.268038
MYFR	-4.271555
OACO	-5.039240
EETN	-5.082706
ETNE	-5.019037
FMYT	-5.019037
MYTE	-5.157340
PERB	-4.829981
GITA	-4.447646
TATU	-5.039240
RNWH	-4.842946
DIDB	-5.060430
IDBY	-5.320067
DBYN	-4.914302
FMEI	-5.247516
EIFU	-6.060430
IFUN	-5.583308
FUND	-4.748676
HACI	-5.884338
EIWE	-5.282278
VEAF	-5.082706
EAFL	-5.407217
AFLA	-5.131011
LATD	-6.361460
TDEN	-5.282278
DENI	-4.535385
NIAL	-4.698702
IALA	-4.817392
DRID	-5.458370
FASF	-6.361460
SFAS	-4.946486
ASIC	-4.718007
SICO	-4.718007
LDWO	-4.930096
DWOU	-4.458370
ASHN	-5.759400
NASA	-4.653889
NEDF	-4.370234
ORBY	-4.899062
RBYY	-6.060430
UROB	-5.759400
OBST	-4.856310
BSTI	-4.981248
NACY	-5.361460
ACYI	-5.320067
INAD	-4.447646
NADH	-6.361460
GTOI	-4.999732
OITU	-5.884338
ITUP	-4.576130
UEXP	-5.320067
CTME	-5.282278
OROP	-5.131011
OCAL	-4.541916
LMIN	-4.981248
CHIH	-4.340270
CCOR	-4.492228
GTOY	-5.039240
BERM	-5.185368
OISS	-5.516362
DELA	-4.498137
ELAY	-4.528951
LANH	-5.884338
TASK	-4.605585
FERI	-4.486398
NFAV	-5.039240
ETYT	-5.039240
TOYI	-5.361460
OYIE	-5.361460
ELDR	-5.662490
LYEA	-5.131011
YEAS	-4.870098
DISN	-5.247516
UTOY	-5.583308
ELDW	-5.247516
OUTC	-4.689362
NVIC	-4.793258
GOFE	-5.583308
OFEI	-5.039240
OUAP	-5.458370
UAPP	-5.516362
OMEM	-4.336154
LOWN	-5.082706
OFFR	-4.793258
FFRI	-4.914302
NMAK	-4.738210
KEON	-4.963520
ILYY	-5.458370
LYYI	-5.884338
YYIE	-5.759400
LDTO	-4.583308
AREQ	-5.185368
RARG	-5.884338
OTPA	-4.981248
YWEM	-5.516362
LWAI	-5.516362
AITP	-6.361460
ITPE	-5.516362
PSTI	-5.583308
ECIR	-4.447646
CEOC	-5.884338
CCUR	-4.275100
CURS	-4.504127
URSB	-5.282278
EWED	-4.458370
ISCU	-4.605585
SCUS	-4.981248
CUSS	-5.060430
PONB	-5.215332
DORD	-5.039240
YCAS	-4.914302
NFRI	-5.106187
MISD	-5.759400
NOFN	-5.320067
FNOV	-5.662490
TMOM	-4.621097
ULDY	-4.698702
NKIL	-5.060430
GTOB	-4.629066
RGUE	-5.082706
UEDI	-4.817392
LITN	-6.361460
BEAD	-4.899062
EBEF	-4.250870
EWEP	-5.320067
WEPR	-5.282278
ARRA	-4.182483
NGEW	-5.019037
GEWI	-4.680218
ECIS	-4.432041
CISI	-4.963520
OFIM	-4.930096
ACYS	-5.583308
CYSU	-5.516362
YSUB	-4.999732
UBSI	-5.039240
BSIS	-5.361460
SBYA	-4.999732
LARS	-4.412070
EHEI	-4.598032
DSIZ	-5.884338
SIZE	-4.662490
IZEF	-5.662490
ZEFO	-5.516362
EWEI	-5.082706
WEIG	-4.498137
YBEA	-4.637184
BEAW	-5.320067
OFIA	-6.361460
FIAS	-6.361460
TIFD	-6.361460
CYWE	-5.516362
HAGR	-4.963520
LLFE	-4.946486
LFEL	-5.185368
HMYS	-5.039240
TPAY	-5.516362
PAYH	-5.516362
AYHI	-4.829981
IMHA	-4.930096
MHAL	-5.662490
CEID	-5.320067
OWAM	-5.215332
WAMO	-5.215332
AMOR	-4.522611
REAW	-5.039240
EAWF	-5.157340
AWFU	-4.856310
WFUL	-4.738210
ULOB	-5.759400
LOBJ	-5.320067
YONP	-5.884338
ONPA	-5.131011
LARO	-4.963520
AROC	-5.282278
ROCC	-5.157340
LARP	-4.946486
ARPL	-5.082706
FASU	-5.247516
ODOM	-5.516362
DOMR	-5.516362
CYSM	-5.759400
CHEC	-4.899062
HECK	-4.914302
ECKE	-4.770395
RLAU	-5.361460
YWAR	-5.215332
ARML	-4.899062
RMLY	-4.805157
MLYR	-5.884338
GNIT	-4.416977
STUL	-5.662490
TULA	-4.727991
CHNO	-4.718007
HNON	-5.215332
IGNB	-5.884338
GNBI	-6.361460
NBIN	-5.361460
ENDY	-4.999732
UDIS	-5.407217
IDOA	-5.320067
DOAR	-5.458370
OARG	-5.458370
CHLI	-4.708247
ISPU	-4.637184
ESIF	-4.770395
LLDE	-4.613272
LDEF	-5.516362
FMEW	-5.516362
UASK	-5.759400
ASKS	-4.738210
SKSA	-5.185368
KSAI	-4.999732
SNOS	-4.621097
NOSA	-5.361460
OSAC	-5.759400
SACR	-4.541916
CRIF	-4.981248
SHHI	-4.856310
IDFI	-5.516362
LGEN	-5.039240
MEMU	-5.361460
SICM	-5.884338
ICMI	-5.662490
CMIS	-6.060430
EYMO	-5.282278
YMOV	-5.407217
RTEA	-5.247516
RAPO	-5.247516
LDLE	-5.157340
YNEG	-5.583308
NEGA	-5.106187
EGAT	-4.548546
GATI	-4.469365
STSA	-4.452975
ANGW	-5.361460
ILET	-4.168335
ETHU	-4.474969
HUSE	-5.019037
SEMP	-4.999732
YEDE	-5.583308
ELPO	-5.320067
LPOB	-6.361460
POBS	-6.361460
SICB	-6.060430
ICBO	-5.884338
CBOO	-6.361460
OKST	-5.320067
TLAY	-5.060430
AYON	-4.689362
HOWF	-4.930096
OWFR	-4.899062
WFRE	-5.583308
TLYM	-4.963520
YSEY	-6.060430
XEDO	-5.019037
WTOS	-5.215332
FADM	-6.060430
OSOG	-6.361460
SOGR	-5.060430
LDLO	-5.060430
KATH	-5.157340
LLMO	-4.504127
INEH	-4.562119
NEHO	-4.930096
RATL	-4.727991
REWR	-5.131011
LEAC	-5.019037
ISID	-5.060430
IOND	-4.829981
TPAI	-4.981248
OBAT	-5.106187
BATI	-4.981248
ALIA	-4.781676
GSMI	-5.407217
LEYV	-5.759400
EYVA	-6.060430
YVAR	-5.282278
ARMB	-5.247516
RMBY	-6.060430
MBYA	-5.361460
LYSC	-5.082706
CYDR	-5.884338
YDRA	-4.770395
ELAG	-5.320067
LAGR	-5.247516
SEIZ	-4.452975
EIZE	-4.569068
IZES	-5.157340
ZESU	-6.361460
ANOP	-4.748676
NGAR	-4.576130
GARE	-4.805157
WERH	-5.157340
MESU	-4.569068
RSIL	-5.247516
HEIH	-5.583308
EIHE	-5.131011
UBEF	-5.458370
YDET	-5.157340
YINR	-5.583308
PLYY	-5.759400
MEIK	-5.407217
EIKN	-4.748676
UMIG	-4.999732
PISI	-6.060430
NGMY	-4.160062
GMYT	-5.759400
MYTA	-4.899062
YTAS	-5.185368
STEB	-5.662490
AYSD	-5.185368
YSDE	-5.407217
TINO	-4.583308
INOV	-5.516362
OSEK	-5.516362
SEKI	-5.759400
DCHE	-4.748676
GAPE	-5.131011
IRPR	-4.884338
PREM	-4.842946
PTIH	-6.361460
ADEU	-4.899062
DEUP	-4.870098
EUPM	-5.320067
UPMY	-5.106187
PMYM	-5.662490
ATID	-4.759400
CEAR	-5.019037
LATA	-5.516362
NOWD	-4.671264
WDES	-5.516362
ISEM	-4.510201
EMEI	-4.793258
EIFY	-4.856310
EREX	-4.583308
REXP	-4.781676
TOAF	-4.870098
OAFF	-5.157340
AFFR	-4.914302
FFRO	-4.535385
MAZE	-4.870098
AZED	-4.689362
ZEDA	-4.793258
FSWE	-5.759400
RCHN	-6.060430
CHNE	-5.039240
HMAD	-4.999732
EITD	-5.185368
ULTF	-5.662490
LTFO	-5.215332
NSOB	-5.320067
OBEW	-4.856310
ITCH	-4.344426
LLYB	-4.562119
NFER	-4.535385
OBEJ	-5.884338
BEJE	-6.060430
EJEA	-5.759400
JEAL	-5.215332
ERGR	-4.671264
TANX	-5.407217
ENDJ	-6.060430
ANER	-5.082706
FGET	-5.407217
THSH	-4.698702
OPRO	-4.328036
VOKE	-5.082706
LIKI	-5.759400
IKIN	-4.738210
ERGU	-5.019037
BYTA	-5.662490
IRSU	-4.981248
EIHO	-5.106187
PESA	-4.946486
HRUB	-5.662490
RUBB	-4.963520
UBBE	-4.555280
BBER	-4.555280
BERY	-4.981248
EXTD	-4.856310
XTDA	-4.870098
TDAY	-4.370234
DAYY	-5.458370
LLGI	-5.060430
LGIV	-5.106187
URMO	-4.708247
AWAF	-5.662490
WAFE	-6.060430
WHIN	-5.759400
BLEE	-4.480646
KESP	-5.407217
OFHO	-4.492228
FHOL	-5.320067
HOLD	-3.891638
OCUR	-4.759400
GERG	-5.247516
RLSO	-6.060430
OFRU	-5.215332
FRUN	-5.662490
RUNN	-4.480646
MAYM	-5.407217
AYME	-4.899062
NSOD	-5.157340
SODE	-4.671264
OCHE	-5.039240
ECKT	-4.637184
GBOR	-6.060430
BORD	-4.963520
GONC	-5.320067
LENH	-5.458370
UANY	-5.361460
MYDO	-5.215332
YDOM	-5.759400
DOME	-4.738210
TICF	-5.215332
ICFE	-5.662490
CFEL	-6.060430
TYOH	-6.361460
YESD	-5.361460
AITS	-4.899062
OURU	-4.689362
URUN	-4.759400
NDAU	-4.759400
DAUN	-4.817392
UNTP	-5.407217
TPHI	-5.583308
IPSB	-5.131011
YATP	-5.662490
LEYP	-5.662490
EYPU	-5.407217
YPUT	-5.131011
EMNE	-4.999732
MNEX	-6.060430
XTTO	-5.361460
URGR	-5.320067
ATUN	-4.748676
CLET	-5.106187
THEJ	-4.282278
HEJU	-4.805157
AMEP	-4.817392
MEPR	-4.770395
ROFE	-4.374688
OFES	-4.437180
FESS	-4.162803
OWON	-4.621097
SASF	-5.019037
HSPI	-5.516362
MPTT	-4.856310
PTTO	-4.748676
ITTA	-5.019037
KENF	-4.856310
DDOJ	-6.361460
ULEY	-5.516362
BEEA	-5.185368
SYIN	-5.361460
OCAT	-4.671264
TCHT	-4.680218
IREX	-5.247516
EYEL	-4.946486
YELA	-5.361460
HESS	-5.039240
BLYF	-5.215332
TBEC	-4.383736
COPI	-5.019037
METF	-6.060430
ETFR	-4.999732
ALKB	-5.516362
LKBY	-5.759400
KBYM	-5.884338
LFID	-5.884338
FIDI	-5.320067
LKSA	-5.407217
ONFU	-4.817392
NFUS	-4.805157
YOUU	-4.793258
OUUS	-5.458370
UUSE	-5.458370
SEDU	-4.793258
EDUS	-4.613272
DUSA	-5.082706
BLYI	-4.946486
LYIL	-5.131011
LANS	-4.930096
NGUS	-4.884338
NTAK	-4.759400
DARM	-4.781676
EFTE	-5.759400
FTEL	-6.060430
HTOW	-5.131011
KBYH	-5.662490
ATHJ	-6.361460
RCYF	-5.583308
CYFE	-6.361460
YFEL	-4.680218
IRRU	-5.884338
RRUD	-6.060430
DIMM	-4.793258
SWAL	-4.535385
LKIS	-6.060430
KISN	-5.759400
TWID	-5.361460
DEEN	-5.662490
YWEH	-5.157340
ENUE	-5.106187
NUEB	-6.361460
INWI	-4.498137
HEML	-5.157340
EMLA	-5.759400
MLAU	-6.060430
GLYA	-4.946486
YGRO	-5.131011
UPED	-5.516362
RTOU	-5.060430
NADV	-4.770395
RESQ	-5.320067
QUEW	-6.060430
UEWO	-5.884338
BESP	-5.185368
ILTB	-5.583308
TBYA	-4.914302
BYAD	-5.215332
GAFO	-5.458370
AFOU	-5.361460
RTHG	-6.361460
THGO	-5.247516
BYES	-6.060430
YESH	-4.590608
NRAN	-5.185368
ANGA	-5.583308
NGAI	-5.185368
GAIL	-5.759400
AILY	-4.805157
FFRE	-5.320067
FREJ	-6.060430
JOIC	-4.899062
OICI	-5.583308
ERAM	-4.637184
RAMB	-4.914302
AMBL	-4.930096
MEAG	-4.748676
NADA	-4.999732
ADAY	-4.662490
YORT	-4.930096
TWOJ	-6.060430
WOJA	-6.361460
SALR	-4.793258
HREC	-5.082706
STOI	-4.899062
ONPI	-5.458370
NPIL	-5.759400
XIIL	-5.759400
HRAN	-5.516362
NUPT	-5.039240
UPTO	-4.293274
PTOH	-4.930096
LLGU	-6.060430
LGUA	-6.060430
ROMC	-4.748676
OMCO	-4.999732
MCOL	-5.282278
MWHE	-4.379188
MEDB	-4.621097
WOFR	-5.516362
MSOA	-5.662490
SOAG	-5.662490
EDUR	-4.738210
CHPA	-5.131011
IRPO	-5.320067
RPOW	-4.759400
LDDE	-4.870098
IBEA	-5.106187
NMEN	-4.605585
ACCU	-4.388332
CURA	-5.039240
URAC	-4.963520
RACY	-5.320067
ACYR	-5.884338
YREL	-4.899062
NECD	-5.884338
ECDO	-5.884338
CDOT	-5.884338
DOTE	-5.458370
THHU	-5.516362
HHUM	-5.516362
DLAU	-4.930096
GHAT	-4.770395
IRAC	-4.817392
ENEN	-4.856310
SNOL	-5.106187
CTMI	-5.458370
LYTU	-4.856310
YTUR	-4.621097
DSDA	-5.884338
IMBE	-4.528951
MBEF	-4.842946
ADAD	-5.320067
CEDM	-4.914302
NYST	-5.082706
TEPS	-4.583308
EPSH	-5.247516
LFDI	-5.516362
FDIR	-5.583308
HAPO	-5.215332
CONG	-4.555280
ATUL	-4.829981
DEHE	-4.629066
HTBO	-5.516362
TBOW	-5.407217
BOWA	-5.157340
LADB	-5.662490
ADBU	-4.738210
IFFU	-5.361460
DWAR	-4.590608
MTHR	-5.039240
EYSS	-5.583308
YSSA	-5.185368
ALUT	-5.131011
LUTA	-5.215332
UTAT	-4.297002
ASFU	-4.981248
ULLO	-4.361460
LOFJ	-6.361460
JOYA	-5.282278
OYAN	-4.946486
INPI	-5.282278
OFRO	-4.583308
FROO	-5.662490
IREP	-4.870098
BEFA	-4.856310
OORH	-4.963520
RHET	-5.157340
SATD	-4.718007
WNBY	-5.060430
NBYH	-5.361460
EDSC	-5.131011
DSCA	-4.621097
SEEL	-5.282278
SAWI	-4.781676
WITA	-5.282278
LLWI	-4.576130
HTWH	-4.282278
NTEA	-5.131011
TEAW	-5.247516
LAWO	-5.361460
AWOF	-5.157340
ADOB	-5.282278
DOBT	-5.662490
OBTA	-4.727991
BTAI	-4.727991
NEDP	-4.999732
CYDI	-5.583308
PENP	-6.060430
ENPE	-4.899062
NPET	-6.060430
NREJ	-5.884338
CTSE	-5.361460
IFYH	-5.662490
FYHE	-5.759400
ODOB	-5.583308
TRET	-4.361460
FONO	-6.361460
FASA	-5.185368
OTOS	-4.930096
TOSL	-4.963520
OSLE	-5.039240
EEPD	-5.215332
EPDA	-5.583308
PDAR	-5.884338
KUPA	-5.320067
UPAB	-5.884338
PABO	-5.583308
OKMI	-6.361460
KMIS	-5.458370
PALL	-4.535385
LYOC	-5.060430
YOCC	-4.805157
INPL	-5.039240
NPLA	-4.469365
BRAC	-4.605585
ACEL	-4.930096
NGSJ	-6.361460
GSJO	-6.361460
NWAT	-4.930096
ISBO	-4.289578
SBOO	-4.748676
OKAS	-5.082706
KASI	-5.185368
SINR	-5.106187
IRYO	-5.060430
RYOR	-5.458370
YORL	-5.759400
ORLO	-4.680218
TWIN	-4.653889
WINH	-5.157340
NHEM	-4.963520
RQUE	-4.645456
DONA	-4.374688
GTHQ	-6.361460
BEAM	-4.770395
WNBO	-5.407217
NBOO	-5.215332
OOKW	-4.829981
OKWH	-5.060430
KWHI	-4.671264
SENB	-5.759400
ONDV	-6.060430
NDVO	-5.361460
DVOL	-5.361460
VOLU	-4.442382
OLUM	-4.645456
LUME	-4.817392
UMEO	-5.583308
EGAV	-4.793258
VEAG	-5.361460
ATYA	-5.516362
TYAW	-5.583308
YAWN	-5.215332
AWNA	-5.131011
AYID	-5.516362
OENJ	-5.282278
IKER	-5.361460
KERE	-5.247516
ENIH	-4.738210
WNIS	-5.407217
LBEM	-5.039240
BEMI	-5.039240
LEIF	-5.019037
TLIB	-5.458370
YNOO	-5.361460
PLYS	-5.458370
ENYA	-5.662490
AWNE	-5.131011
WNED	-4.748676
HREW	-4.555280
DCAS	-4.884338
YESR	-5.282278
ESRO	-4.899062
SROU	-4.621097
MINQ	-5.884338
MEAM	-5.106187
GABA	-6.060430
DSUD	-5.131011
HEBY	-5.320067
BYEC	-6.060430
YECH	-5.662490
GADA	-5.759400
LDIW	-5.583308
DIWO	-5.060430
EONI	-5.320067
NTPA	-5.082706
TYIA	-5.583308
NIFT	-5.185368
OMAB	-4.899062
MABA	-6.060430
LWOU	-5.060430
RAPU	-5.583308
NAPL	-5.407217
YGOT	-5.282278
FHEC	-5.247516
INSB	-5.019037
TASF	-5.019037
TISQ	-5.082706
ASNI	-5.458370
SNIC	-5.884338
NICH	-5.516362
ADEW	-4.981248
DEWH	-4.805157
SOUP	-5.662490
UPEN	-5.583308
PENO	-5.185368
ENDR	-4.698702
DROU	-4.143976
DMYC	-4.793258
MYCA	-4.870098
RDSI	-4.590608
DSIS	-4.884338
IKEB	-4.981248
KEBA	-5.884338
SINF	-4.469365
DIFT	-4.963520
ADIF	-4.870098
NERB	-5.185368
YTED	-6.060430
EDIO	-5.361460
HEUS	-4.605585
UALP	-5.060430
ALPR	-4.621097
OCES	-5.039240
DSUR	-4.698702
YBEM	-5.282278
ALIF	-4.718007
LIFC	-6.361460
IFCO	-5.884338
GMAD	-4.999732
HEOR	-4.348622
EORD	-4.637184
AYMU	-5.361460
ALMY	-5.157340
NEID	-5.583308
TBEN	-4.829981
ARSO	-4.261089
KEAB	-5.157340
RDSG	-5.759400
DSGO	-5.458370
SGOT	-5.019037
GOTU	-5.516362
OTUP	-4.963520
TUPA	-4.793258
DWAL	-4.805157
CYAT	-5.884338
YATW	-5.516362
LLAI	-4.963520
AIME	-4.541916
IMED	-4.463833
MEDW	-4.718007
LINF	-5.019037
NFLE	-5.320067
FLEX	-5.320067
EXIB	-5.407217
XIBL	-5.516362
BLYS	-4.829981
LYST	-4.352859
YSTU	-4.999732
UDIO	-6.060430
NEEF	-5.884338
ORTM	-5.131011
RTMO	-5.583308
TMEP	-5.458370
MEPE	-4.899062
OFOL	-4.541916
WMYE	-6.361460
MYEX	-4.946486
XAMP	-4.708247
KEAT	-4.999732
URNA	-4.458370
RNAB	-5.583308
MIAS	-5.662490
YREF	-4.930096
GSOL	-5.106187
SOLO	-4.569068
TTIT	-5.106187
UDEE	-5.583308
EYSU	-5.247516
DEDN	-5.039240
DNOL	-5.039240
NOLE	-5.019037
OLES	-4.407217
ALOB	-5.361460
RCIV	-5.583308
KEDU	-4.569068
EDUP	-3.750799
DUPH	-5.215332
PHEW	-4.856310
AWAK	-4.781676
WAKE	-4.388332
VELT	-5.106187
HATQ	-5.019037
TQUA	-5.019037
SLYC	-4.914302
YCLO	-4.698702
RTYB	-5.185368
ITOB	-5.759400
TTWO	-4.653889
TWOM	-4.613272
WOMO	-5.106187
RCHO	-4.842946
OOSI	-5.662490
ALKU	-5.759400
LKUP	-5.759400
DDOW	-4.113486
HEIT	-4.946486
HMOT	-5.759400
ISJO	-5.060430
RFER	-4.884338
ASDY	-6.361460
SDYI	-5.583308
GTOK	-5.282278
DBEH	-4.576130
LLUN	-4.981248
LUND	-5.106187
HIMN	-4.452975
IMNO	-4.629066
UTDE	-4.842946
NUSA	-5.082706
IMWI	-4.469365
MWIL	-5.282278
KNOT	-4.671264
LANA	-4.662490
ESIH	-4.671264
MTOS	-4.653889
EAKY	-5.247516
AKYO	-5.662490
OUEI	-6.361460
UEIT	-5.247516
SMET	-4.645456
THOD	-4.738210
DOFP	-5.082706
NFID	-4.463833
FIDE	-4.412070
ETAF	-5.082706
USSO	-4.999732
SORB	-5.019037
GEIN	-4.458370
STIS	-4.613272
ETEL	-4.421940
YINY	-6.060430
WAYA	-4.165560
UMUC	-5.884338
RASI	-4.480646
SISI	-5.060430
ITBY	-4.829981
REOH	-5.516362
GCRI	-5.407217
GSOA	-5.516362
SOAB	-5.282278
OABO	-5.247516
WSHA	-4.930096
LWEP	-6.361460
WEPU	-6.361460
EPUN	-5.215332
ECHN	-5.247516
GSOE	-5.759400
SYIF	-6.060430
HWEC	-5.759400
LLPL	-5.185368
LPLA	-4.946486
PLAG	-5.282278
LAGU	-5.282278
AGUE	-4.412070
DPUN	-5.583308
SHON	-4.680218
BEDO	-4.598032
UTUP	-4.576130
DOAS	-5.247516
MYIN	-4.653889
ACYH	-5.884338
OTYE	-4.689362
ETTA	-5.458370
TTAU	-5.662490
TAUG	-4.999732
HTME	-5.019037
TTEA	-4.914302
CALM	-4.282278
ALMN	-5.361460
LMNE	-5.458370
MNES	-5.082706
ONOI	-5.320067
NOIF	-5.884338
OIFE	-6.060430
LHEM	-5.759400
YDEF	-5.082706
DEFY	-5.407217
EFYU	-6.361460
FYUS	-6.060430
YUST	-6.060430
OLAU	-5.662490
RWEW	-5.157340
SEOU	-5.320067
EOUR	-4.569068
TASU	-5.060430
CYMA	-5.516362
YMAY	-4.671264
AYHU	-6.060430
ATCR	-4.981248
SANU	-4.999732
NUNC	-4.856310
NUEF	-6.060430
HACQ	-5.884338
NMEC	-5.884338
MENN	-5.185368
NNAY	-5.516362
NSMA	-4.963520
YBER	-5.361460
REDR	-4.689362
EDRI	-4.629066
USBY	-5.407217
BYAP	-5.039240
SEFI	-4.817392
ISAJ	-6.361460
SAJO	-5.516362
AJOK	-5.884338
OKEC	-5.516362
KECE	-5.759400
NLYR	-4.621097
PLEB	-5.361460
PEIA	-6.060430
OTON	-4.224739
EMIH	-5.884338
MIHO	-5.884338
PEIN	-5.131011
CULE	-5.215332
DFOL	-4.842946
IMSA	-5.106187
MSAN	-4.653889
SDOD	-5.759400
DODI	-6.060430
ODIV	-5.458370
DIVE	-4.613272
ERTM	-5.458370
RTME	-4.759400
TMEI	-4.870098
MEIO	-5.583308
EIOW	-6.060430
IOWN	-5.583308
DILA	-5.157340
ILAU	-5.458370
EMWH	-4.738210
OTPO	-5.082706
YOFM	-4.469365
FMYL	-4.899062
SEWE	-4.562119
ORID	-5.060430
ULES	-5.019037
HASV	-5.407217
ASVA	-5.583308
IDEY	-5.215332
DEYE	-4.671264
YESV	-5.516362
AWEA	-5.082706
IDEW	-4.397672
DEWI	-4.870098
AYSU	-4.884338
YSUN	-4.981248
DERG	-5.157340
THTU	-5.759400
ILEY	-4.999732
UREX	-5.185368
REXA	-4.930096
YISO	-5.516362
ISOV	-5.039240
ERIP	-5.407217
RIPR	-6.060430
IPRE	-4.817392
ESUM	-4.261089
UMES	-5.247516
LTIA	-5.884338
CEDB	-4.569068
DBYI	-4.856310
YITT	-5.662490
NODE	-5.458370
LFWI	-4.605585
FWIT	-4.447646
OUTD	-4.856310
ENOS	-4.914302
OSAI	-4.708247
CYIH	-6.361460
HPRE	-4.870098
NSIO	-4.498137
VEFA	-5.039240
ULTS	-4.770395
LTSE	-5.407217
OTIH	-5.516362
EOFU	-4.759400
OFUN	-4.613272
RIDA	-4.963520
OTVO	-6.060430
TVOU	-6.361460
VOUC	-5.583308
ISIB	-4.469365
EYIE	-5.361460
NGCE	-5.458370
GCER	-5.759400
LDIC	-5.361460
NASI	-4.447646
SIOU	-5.583308
IOUG	-4.999732
ESAG	-4.718007
NSTM	-4.963520
LFMY	-5.215332
FMYF	-4.569068
MYFE	-4.613272
YFEE	-4.402418
GSAR	-4.842946
TPUF	-5.583308
PUFF	-4.999732
FFED	-5.082706
FEDA	-4.842946
OMOV	-5.282278
MMYT	-5.662490
LEDR	-4.759400
FULM	-4.842946
ULMY	-5.662490
LMYG	-5.884338
MYGO	-4.829981
ODOP	-5.320067
DOPI	-5.157340
NCEL	-4.946486
CELO	-5.106187
ELOS	-4.522611
ISLO	-4.498137
SLOS	-4.930096
SAFA	-4.946486
AFAI	-4.829981
LACA	-5.361460
ACAB	-4.999732
BLER	-4.689362
VECH	-4.946486
SENY	-6.060430
RFAU	-5.662490
ULTW	-5.407217
LTWE	-6.060430
LLIR	-5.759400
LIRE	-5.516362
OTLA	-4.759400
TLAU	-5.361460
TITY	-4.698702
AFEF	-5.458370
FEFR	-5.361460
OMEP	-4.432041
MEPA	-4.689362
ILAN	-4.469365
ALDE	-4.770395
ICHN	-4.748676
TEDU	-4.432041
ONCA	-4.770395
ANOV	-5.282278
CTIS	-4.930096
SAPR	-4.981248
OHAT	-5.282278
TEEV	-5.516362
WILF	-5.157340
ILFU	-5.019037
LFUL	-4.981248
EMDO	-5.407217
MDOL	-6.361460
LEMU	-5.131011
SICC	-6.361460
ICCR	-5.583308
CCRI	-6.361460
EYTI	-6.361460
YTIR	-6.361460
FACO	-5.060430
DNOS	-4.817392
OSHA	-4.884338
ELOU	-5.157340
ISAY	-4.379188
SAYO	-4.930096
DMYW	-5.282278
MYWA	-4.930096
YWAK	-5.458370
WAKI	-5.407217
GMRH	-5.662490
RMAD	-4.817392
RTEW	-6.361460
ASOP	-5.082706
EWMO	-4.770395
WMOM	-4.999732
NTSR	-5.407217
ECOL	-4.143976
RRYF	-5.320067
RITH	-4.528951
OFEE	-4.870098
ROFP	-5.019037
FPAY	-5.583308
PAYI	-5.082706
NTBE	-4.442382
THWR	-5.759400
HWRO	-6.361460
OTET	-4.805157
BEGT	-5.131011
EGTH	-4.738210
GATN	-6.060430
LDTI	-5.215332
GTUE	-6.060430
TUES	-4.914302
UESD	-5.247516
ESDA	-4.759400
LDEX	-5.215332
DEXA	-5.106187
EEKC	-5.662490
EKCO	-5.884338
KCOU	-5.759400
OTBR	-5.282278
FTOR	-5.407217
OPIT	-5.320067
THSW	-5.039240
HSWI	-5.361460
HESF	-5.039240
MWOR	-5.759400
GEBE	-5.131011
ETUE	-6.361460
TSCR	-4.718007
TIFM	-5.662490
IFMR	-5.884338
TAYL	-6.060430
LDSP	-5.082706
DSPA	-4.930096
LAGA	-5.019037
NSTS	-5.320067
TAYI	-4.946486
GERH	-4.870098
ELYR	-4.698702
HEXP	-5.282278
CTIT	-4.884338
NDFE	-4.365824
ARFU	-4.793258
ULON	-5.407217
LONT	-4.981248
YOFB	-4.999732
RUDI	-5.185368
UDIN	-4.569068
ESNE	-4.914302
SNEE	-4.899062
SLYL	-5.458370
SHEU	-5.458370
HEUR	-6.060430
EURG	-5.662490
OBOR	-5.320067
BORR	-5.215332
ROWM	-5.458370
WMRB	-6.060430
YSCA	-5.131011
GEIM	-5.759400
IROR	-5.361460
GNOF	-4.698702
OFLE	-4.621097
FLEA	-4.914302
STMA	-4.320067
EXCI	-4.541916
XCIT	-4.541916
CITE	-4.498137
RNAN	-4.458370
GHWA	-5.320067
FWIS	-5.407217
TOWO	-4.870098
RKON	-5.361460
KONJ	-6.361460
ROWT	-4.738210
IRGO	-5.759400
AYFO	-4.605585
ERJE	-5.516362
RJEA	-6.060430
USYA	-5.583308
NESI	-4.340270
LSOR	-4.856310
OGOS	-5.759400
OSOS	-5.884338
YTRI	-5.082706
DEMI	-5.131011
FEFO	-5.361460
UGHR	-5.282278
IRMW	-6.060430
BERI	-4.671264
CEEL	-5.516362
GENO	-4.817392
UNCI	-4.981248
NCIV	-5.185368
ANUS	-5.082706
LFHE	-4.842946
FHEW	-4.793258
NOSI	-4.817392
OSIG	-4.930096
WESC	-5.884338
APEH	-4.963520
PEHI	-5.662490
LDEL	-5.106187
ITYS	-4.689362
IFSU	-5.407217
NIDE	-4.870098
DEAH	-5.361460
EAHA	-4.541916
NSUG	-5.884338
SUGG	-4.680218
UGGE	-4.463833
GGES	-4.645456
URDU	-5.361460
ALWE	-5.106187
LWEI	-5.884338
NFIR	-4.548546
GORC	-5.662490
ORCR	-5.106187
RCRU	-5.282278
TSTE	-4.590608
KETE	-4.748676
ENWO	-5.082706
OLEO	-4.671264
SATU	-4.680218
TURD	-4.884338
EFTB	-5.019037
FTBY	-5.407217
URHE	-4.708247
EADH	-4.689362
EDMO	-4.432041
VENL	-4.914302
RONS	-4.727991
AYAF	-4.870098
GSER	-5.215332
NSOA	-5.247516
OALM	-5.583308
OOKP	-4.981248
OKPL	-5.131011
KPLA	-4.999732
YSCI	-5.662490
HINC	-5.060430
ASTV	-5.247516
URNO	-4.738210
RNOR	-4.698702
NORN	-5.361460
RNET	-5.407217
NDEM	-4.645456
DEMB	-5.185368
EMBR	-4.662490
MBRA	-4.629066
ACIN	-4.548546
SHOO	-4.463833
HOOK	-4.498137
OKHA	-5.458370
KHAN	-5.215332
OOKL	-5.361460
OKLE	-5.583308
KLEA	-5.185368
RYWR	-5.583308
HTRO	-5.282278
UBLE	-4.275100
GHVE	-5.884338
YLAC	-5.884338
CONI	-5.759400
CINH	-6.060430
IRIM	-5.247516
YCIR	-4.981248
IRCL	-4.426961
RCLE	-4.452975
DLOS	-4.963520
LITS	-4.645456
EOFJ	-5.082706
YASU	-5.458370
ASUS	-4.842946
UALD	-5.282278
LDEE	-5.407217
GHBA	-5.759400
HBAS	-6.060430
BASS	-5.662490
EWEX	-6.060430
WEXT	-6.060430
EWOB	-5.884338
WOBS	-6.060430
ADBA	-5.247516
EMOF	-4.946486
FADI	-5.282278
RTMU	-6.060430
ECED	-4.671264
GWED	-5.884338
WEDN	-5.185368
NEDL	-4.884338
LEAP	-4.541916
TEHA	-4.870098
ENFL	-5.215332
NFLO	-5.157340
FLOG	-5.407217
LOGG	-5.215332
OGGE	-5.039240
GGED	-4.289578
NHIN	-5.407217
EDIL	-4.781676
PEMY	-5.662490
TBRE	-4.856310
SEIH	-5.060430
ILYP	-4.870098
EANM	-5.361460
ANMY	-5.039240
ARIK	-6.361460
WOFN	-5.759400
UREU	-5.247516
EUNL	-5.131011
MYDI	-4.999732
OODE	-4.352859
EESS	-5.039240
MISP	-5.662490
AKIS	-5.516362
EWHY	-4.680218
WHYJ	-6.361460
HYJA	-6.361460
ANEY	-4.999732
ERDR	-4.793258
RDRO	-5.039240
DROP	-4.244188
OPPE	-4.328036
PPED	-4.015107
LBEE	-5.282278
BUTG	-4.817392
UTGO	-5.157340
DLOR	-4.629066
ORDH	-4.884338
RDHO	-5.215332
HOWU	-5.282278
OWUN	-5.157340
WUNL	-5.884338
CKYT	-5.759400
KYTH	-5.407217
FFIS	-5.662490
AYLY	-6.060430
YLYD	-5.282278
BELL	-4.447646
LLIM	-4.999732
LIMU	-6.060430
KTOH	-4.899062
OHIL	-5.759400
OLEC	-4.856310
ISRO	-4.793258
ALAS	-4.458370
GEAG	-5.320067
RLYQ	-6.060430
YQUE	-5.082706
DFIV	-5.361460
RAMU	-5.361460
RCUR	-5.039240
YHET	-5.282278
USEX	-5.106187
AGOI	-5.060430
GOIR	-5.884338
UTAF	-4.793258
HTAG	-5.060430
GOIA	-6.060430
OIAN	-6.060430
HTIT	-4.528951
ITAC	-5.185368
TACA	-5.082706
MEDE	-4.605585
DREQ	-5.407217
OMMY	-4.383736
MMYC	-5.662490
NMRC	-5.060430
MDEA	-5.361460
DMAY	-4.770395
MAYT	-4.698702
AYTU	-5.759400
LLOU	-4.662490
LOUT	-4.981248
SOHM	-5.884338
ARCR	-5.361460
RCRI	-5.019037
FEIC	-6.361460
RAYD	-5.458370
ATOD	-5.759400
OUSM	-4.442382
NIDO	-4.884338
IDOT	-5.407217
RLDT	-4.759400
TESH	-4.698702
WAYF	-4.416977
AYFR	-4.522611
VETR	-5.039240
GAGO	-5.185368
AGOT	-5.060430
OTOD	-5.662490
ODOS	-5.106187
DOSO	-4.805157
TITJ	-6.060430
CTON	-4.999732
SBEY	-5.185368
HOFR	-5.247516
OFRE	-4.131011
FREA	-4.946486
DTOR	-4.332076
RAIL	-4.759400
AILB	-5.106187
ILBI	-6.361460
LBIT	-5.662490
YAGA	-4.870098
FSET	-5.583308
OMAF	-5.247516
MAFA	-5.516362
FFIV	-5.516362
ROFA	-4.432041
HOMN	-6.060430
MNOB	-5.759400
ITCE	-5.458370
TCER	-4.870098
INIQ	-6.060430
NIQU	-5.282278
USAF	-5.407217
GCAN	-5.039240
RMRC	-5.247516
INSF	-5.019037
NSFR	-4.914302
GUIL	-4.671264
FINH	-5.185368
URNB	-5.106187
RNBU	-5.320067
TERY	-4.332076
FEXP	-4.999732
LFNO	-5.185368
MTOW	-5.019037
UATA	-6.060430
RYHY	-6.361460
YHYP	-5.884338
ALIH	-6.060430
LIHA	-4.817392
CHFA	-5.282278
HFAL	-6.060430
LSEF	-5.361460
SWHY	-4.829981
WHYC	-5.662490
HEKE	-4.629066
EEPO	-4.829981
EPON	-5.247516
PONQ	-5.583308
RELL	-5.039240
UASH	-5.583308
IDBE	-5.060430
MWHY	-5.583308
WHYI	-4.708247
HYIN	-5.282278
EEDH	-4.884338
MTOH	-4.781676
EFIL	-4.963520
FILI	-5.458370
LIAL	-5.516362
IALS	-4.498137
LSCR	-5.583308
RUPL	-5.215332
DASY	-5.082706
HTHU	-5.185368
ARWE	-5.361460
RWES	-4.930096
RHAM	-5.759400
HAMK	-6.361460
AMKE	-6.060430
MKEN	-6.361460
THOC	-5.662490
HOCT	-6.361460
OCTO	-4.621097
CTOB	-5.583308
BERD	-5.583308
SIRT	-4.748676
TSUB	-4.842946
DMYL	-5.131011
MYLA	-4.698702
YLAT	-5.131011
REDF	-4.271555
DFAT	-4.842946
YSGA	-6.060430
IMIH	-5.157340
MEIW	-4.829981
SKEP	-5.361460
KEPT	-4.458370
EPTB	-5.106187
PTBA	-5.759400
BYMY	-4.727991
YMYO	-5.407217
WNDO	-5.282278
UBTS	-5.106187
BTSF	-6.361460
TSFE	-5.759400
SFEA	-4.884338
GLES	-4.698702
HTSE	-4.899062
EEMD	-5.759400
EMDI	-5.759400
MDIS	-5.407217
DISR	-5.082706
SMEM	-5.157340
MORY	-4.689362
ORYF	-5.361460
EONG	-5.884338
ODTE	-5.884338
DTER	-4.946486
ERMS	-4.516362
RMSW	-5.019037
MSWI	-5.106187
YSPL	-5.458370
EATV	-5.583308
ATVA	-5.185368
TVAR	-5.247516
RIAN	-4.653889
ETMY	-5.039240
TMYM	-4.999732
WMAD	-5.215332
RHAV	-4.370234
PATR	-4.914302
ATRO	-4.421940
RONA	-4.781676
LELA	-4.759400
RGHW	-5.320067
HWID	-5.662490
IDOW	-4.930096
DOWO	-5.039240
WOFS	-5.407217
OFSI	-4.486398
FSIR	-5.662490
SIRL	-5.516362
IRLE	-4.930096
RLEW	-5.884338
WISD	-5.247516
SEBO	-4.856310
NTYA	-5.282278
DBEN	-4.629066
DMET	-4.209171
HEVA	-4.352859
EVAL	-4.680218
SHWH	-4.738210
BEMY	-5.106187
EMYE	-4.856310
MYEA	-4.884338
ODEM	-5.662490
LRES	-4.930096
DYSH	-4.629066
YTOP	-4.914302
NDCE	-5.082706
NIES	-4.748676
ECHU	-4.727991
SACL	-5.247516
LERG	-5.082706
RGYM	-5.157340
GYMA	-5.157340
ANMO	-5.131011
RIFE	-5.215332
LITM	-5.407217
MYDU	-5.185368
YDUT	-5.106187
MOTE	-4.770395
HEBL	-4.058264
EBLE	-4.793258
FPEA	-5.583308
PEAC	-4.442382
EACE	-4.412070
LFAM	-5.060430
FMYI	-5.157340
YINF	-4.727991
ESEG	-5.185368
DSIF	-5.516362
SIFL	-5.407217
TMYP	-4.999732
MYPR	-4.492228
NTOV	-5.082706
HLYC	-5.662490
FMYB	-4.817392
MYBE	-4.516362
GNEX	-5.759400
EXTI	-4.698702
XTIN	-4.748676
AILO	-4.096642
ILOF	-4.738210
ATEW	-4.447646
LBEK	-5.759400
BEKI	-5.247516
INDL	-4.447646
DLYO	-5.131011
DONY	-5.185368
UTOR	-5.019037
OREJ	-5.247516
DOLI	-5.759400
VEBR	-5.215332
EBRA	-4.486398
CHIC	-4.781676
BEOT	-5.583308
DATB	-5.662490
FINJ	-6.060430
JURI	-5.185368
URAM	-5.662490
RAMI	-4.770395
BEGL	-5.458370
GLEA	-4.727991
OAPO	-5.106187
OGIZ	-5.320067
GIZE	-5.516362
UOFM	-6.060430
EMEV	-5.407217
LEAM	-4.805157
EAME	-4.282278
NDSB	-4.689362
RIFY	-4.963520
SEIP	-5.759400
SEMY	-4.680218
EMYS	-4.206124
FWAI	-5.458370
GONY	-4.759400
YMON	-4.856310
DAYN	-5.157340
YNOV	-5.759400
VEMB	-5.407217
RTHB	-5.082706
THBY	-4.946486
HBYF	-6.361460
BYFO	-5.583308
UROC	-5.131011
ROCL	-5.106187
OCKA	-4.671264
YTRE	-5.215332
SONY	-4.963520
RHOS	-5.157340
HOSP	-4.981248
OSPI	-4.946486
TYTI	-5.583308
SENN	-5.884338
ENNI	-5.039240
NNIG	-5.458370
HTFO	-4.698702
DOWI	-4.645456
EASL	-4.930096
EISF	-4.963520
OMOB	-5.282278
MOBJ	-6.060430
MYOC	-5.516362
ALAB	-5.106187
LABS	-5.361460
AYPR	-5.131011
ERCL	-4.805157
NISE	-4.738210
HEDU	-4.421940
EDUT	-4.946486
AYIR	-6.361460
YIRE	-5.282278
ULCO	-5.131011
URWE	-4.930096
LWIS	-5.662490
SATF	-5.060430
AYEX	-5.407217
CEMA	-4.870098
NGGE	-5.157340
GGEN	-5.247516
DEDU	-4.569068
RHES	-4.805157
DPOL	-5.215332
NUPO	-4.340270
ILLP	-4.576130
CEES	-6.361460
YIFL	-6.361460
MCOM	-5.082706
USAG	-4.805157
YSAB	-5.361460
EISD	-4.899062
NYAM	-5.516362
YAME	-5.407217
GEHI	-4.981248
LTSA	-5.215332
TOGU	-5.516362
CANM	-5.131011
ANME	-5.361460
AKEU	-4.963520
KEUS	-5.407217
EUST	-5.185368
NKSO	-4.759400
KSOU	-5.662490
RDUE	-6.361460
DITE	-4.793258
FLYS	-5.662490
ARYD	-5.215332
FORL	-4.613272
ORLA	-4.899062
FCHR	-5.759400
CHRI	-4.492228
HRIS	-4.528951
GMAR	-4.981248
DBUR	-4.856310
ANOD	-5.458370
NODD	-5.282278
NKSA	-4.899062
HEIC	-4.856310
IMOU	-5.106187
YPOM	-6.060430
POMP	-5.458370
MPOU	-5.516362
POUS	-5.759400
SSTY	-5.759400
YLEA	-4.576130
YAPO	-5.361460
GIZI	-5.759400
IZIN	-4.671264
ILWE	-5.215332
LWEC	-5.662490
ELPI	-4.981248
LDCA	-4.946486
SIRN	-5.583308
IRNO	-4.981248
INKN	-5.060430
HIMQ	-5.458370
IMQU	-5.361460
FSER	-5.320067
DSEL	-5.019037
MIMP	-5.320067
MINP	-5.361460
RYHI	-5.157340
RDOE	-4.981248
MDEF	-6.361460
AOFT	-4.981248
EOLI	-5.884338
NCHP	-6.361460
PSIS	-5.516362
OTWH	-4.583308
LLYN	-5.106187
YNEW	-5.157340
EWYE	-5.361460
WYET	-5.583308
YETI	-4.320067
ISWE	-4.528951
LLEX	-4.748676
IANE	-5.516362
TSWR	-5.884338
YDEG	-5.060430
SNEX	-5.516362
TTOI	-4.805157
NASC	-5.039240
CARL	-5.361460
LETC	-6.361460
TCOA	-5.082706
WSOM	-4.899062
EWEE	-4.738210
EEKS	-4.379188
EKSS	-6.060430
KSSI	-5.759400
VEDP	-5.516362
EDPL	-4.842946
ESOC	-4.583308
URAS	-5.082706
RASF	-5.407217
INSS	-4.598032
NSSL	-5.662490
SSLE	-4.914302
NEAW	-5.185368
ILLW	-4.528951
LWIL	-5.106187
PREP	-4.374688
SPUN	-5.407217
PUNC	-4.842946
UNCT	-4.637184
NCTU	-4.856310
TPOL	-5.320067
IDLI	-5.320067
DLIT	-4.727991
YENO	-4.727991
LKAN	-4.899062
DMRC	-4.963520
NSSE	-5.157340
MEDN	-4.963520
RINN	-4.884338
NNEE	-5.583308
EAVY	-4.480646
AVYL	-5.759400
VYLO	-6.361460
NTYH	-5.884338
SAIR	-5.215332
AIRW	-4.492228
MALH	-6.060430
LHEH	-5.106187
GSEA	-4.748676
TONH	-4.738210
NEAF	-5.019037
FDAU	-6.060430
RSSA	-4.914302
FAME	-5.157340
AMEH	-4.621097
ADFA	-4.770395
DFAL	-4.999732
LENS	-4.870098
UBTH	-5.583308
BTHE	-4.698702
UETI	-5.583308
ELLD	-4.856310
LLDI	-4.805157
FINM	-5.247516
WHOQ	-6.361460
HOQU	-6.361460
OQUA	-5.662490
HNOC	-5.884338
ERYK	-5.019037
IRIA	-5.458370
RTIT	-4.870098
RELS	-4.770395
LBED	-5.082706
BEDE	-4.548546
UTEE	-5.884338
LEDS	-4.583308
ODDL	-5.884338
DDLY	-6.060430
DLYY	-5.884338
UDEP	-5.759400
PSTO	-4.759400
TEAH	-5.458370
EAHS	-5.884338
AHSI	-6.361460
HSIR	-5.157340
IRID	-5.516362
AGRI	-5.039240
AIRT	-4.458370
IRTO	-4.829981
OMYP	-5.215332
OORG	-5.060430
RLSY	-6.060430
LSYO	-5.361460
NFES	-4.474969
DFAU	-5.884338
LTWI	-5.247516
GSIK	-6.060430
SIKN	-4.963520
SNOK	-5.662490
LGOW	-6.060430
GOWH	-5.282278
AMOF	-4.829981
MOFT	-4.432041
OMYF	-4.689362
AIRC	-4.842946
HONT	-5.019037
CTBU	-5.157340
AMCA	-5.516362
MCAU	-6.060430
ICOM	-4.884338
MATP	-5.458370
NTIW	-5.320067
AYMO	-5.131011
ENWE	-4.244188
BYAS	-4.738210
ASUM	-5.320067
LSSM	-6.361460
SSMI	-4.899062
YOBJ	-5.019037
TSFU	-5.361460
SFUR	-4.981248
RNIT	-4.662490
NITU	-4.621097
ITUR	-4.653889
GWOU	-5.019037
ARTB	-4.793258
RTBU	-4.946486
GSUP	-5.247516
ISVI	-4.727991
WNFU	-5.884338
NFUT	-5.583308
FUTU	-4.569068
UTUR	-4.562119
OOIN	-5.106187
TSTU	-4.793258
STUR	-4.237608
BEGG	-4.748676
EGGE	-4.981248
DTOK	-4.899062
WTOW	-5.361460
SCOO	-5.157340
COOK	-4.504127
OKER	-4.946486
KERY	-5.185368
ASOW	-5.759400
SETR	-5.247516
TBYM	-5.320067
HOAS	-5.131011
ETOK	-4.698702
PAGO	-5.458370
ODCO	-5.060430
DCOO	-5.215332
EKIT	-5.082706
KITC	-5.215332
GEDP	-5.516362
PARD	-4.708247
DONF	-5.157340
NASO	-5.131011
URIL	-5.759400
XIVI	-5.884338
GDIN	-5.516362
ETSC	-5.247516
OKEA	-4.793258
HDRA	-4.914302
RAWN	-4.432041
AWNH	-5.516362
NHET	-4.914302
SGUE	-5.759400
DASU	-5.157340
TINW	-4.884338
HHEE	-5.407217
OSHI	-5.131011
NEBY	-4.842946
EBYO	-5.185368
BYOB	-5.884338
SSLA	-5.131011
RGHS	-5.516362
GHSA	-5.361460
RTAP	-5.583308
REDV	-5.106187
TELE	-4.805157
UALS	-4.662490
LSOL	-5.407217
OLEM	-4.504127
LEMN	-4.637184
EMNI	-5.082706
MNIT	-5.247516
THAM	-4.576130
TASP	-5.060430
FEWI	-5.039240
WITN	-4.698702
HBEH	-5.583308
NAPE	-5.106187
NOFR	-4.829981
NKSU	-6.060430
KSUC	-5.458370
FABI	-5.407217
ELFE	-5.019037
LFEX	-5.662490
OMLA	-5.320067
MLAD	-5.759400
OVEO	-4.748676
FBOT	-4.899062
OTHT	-4.930096
PREA	-4.486398
DALS	-4.629066
SOAS	-4.605585
IMTW	-5.583308
MTWI	-5.759400
TROS	-4.662490
ROSI	-4.645456
KEUP	-5.106187
EUPH	-5.185368
RPOO	-3.923709
POOL	-4.817392
LOFQ	-5.884338
QUAD	-5.106187
UADR	-5.106187
ADRI	-5.082706
DRIL	-5.407217
LLEI	-5.583308
RECK	-4.458370
ECKO	-4.884338
OUDB	-5.407217
UDBY	-6.361460
BYMA	-4.870098
PLEH	-5.082706
EHEK	-5.407217
NEWB	-4.817392
EWBU	-5.157340
WBUT	-4.510201
ODNO	-5.247516
SLEA	-4.522611
HOCC	-5.282278
RAWE	-4.899062
EEKO	-5.282278
EKOR	-5.884338
KORT	-5.583308
WOTO	-5.583308
OTOV	-5.185368
SREL	-4.793258
ONSS	-4.718007
NSSH	-5.039240
OADV	-5.247516
RRYA	-4.899062
CEPA	-5.320067
IMAV	-5.516362
MAVI	-6.060430
HUMB	-4.680218
UMBL	-4.504127
PARS	-4.548546
VENV	-5.759400
ENVO	-5.759400
NVOU	-6.361460
CHSA	-5.106187
HSAF	-5.361460
AFED	-5.759400
FEDT	-5.583308
OSUG	-5.884338
MEHE	-4.264550
HELV	-5.759400
ETSU	-5.039240
SUPS	-5.583308
NDCI	-5.407217
USIR	-5.215332
RDEN	-4.264550
CHST	-4.680218
HSTA	-4.671264
DSMY	-5.082706
SMYH	-5.282278
MYHU	-5.320067
LEAB	-5.060430
ABOD	-4.963520
BODE	-5.106187
ODEI	-5.516362
SSEP	-5.516362
YALA	-5.185368
ROMR	-5.215332
OMRO	-5.516362
MROS	-5.662490
GSPA	-4.981248
ARKH	-4.884338
HIPS	-3.970525
IPSR	-5.759400
PSRE	-5.759400
AWID	-5.019037
DOWS	-4.442382
OWSI	-4.671264
WSIR	-5.407217
SIRH	-5.247516
IRHA	-4.621097
NYFA	-5.320067
NLYD	-4.555280
DOFV	-5.516362
IVEP	-4.805157
TYAH	-5.884338
YAHC	-6.361460
AHCR	-6.060430
HAKI	-4.981248
EISB	-5.082706
FFTH	-4.492228
NYGI	-6.361460
RLSA	-5.320067
YISS	-5.215332
NEHE	-4.522611
FTRU	-5.407217
UEBE	-5.516362
RGHI	-5.516362
FARS	-5.516362
ARSU	-5.060430
EXBE	-6.361460
XBEC	-6.361460
DBIR	-5.458370
SUNF	-5.039240
FASI	-5.039240
TUTI	-5.282278
NYAC	-5.583308
OTOT	-4.981248
MINF	-5.407217
ADYW	-4.793258
HOSU	-5.662490
HOST	-4.516362
ILLR	-4.516362
DESW	-4.930096
YAMI	-5.060430
ODRI	-4.963520
EBYM	-5.131011
YMYH	-5.247516
LEPH	-4.770395
EPHA	-4.708247
PHAE	-5.662490
HAET	-5.759400
AETO	-5.759400
DPON	-5.759400
IESH	-4.698702
BERH	-5.019037
LTHU	-5.516362
HUNH	-5.583308
UNHA	-4.535385
NHAP	-4.541916
SITO	-4.328036
ITOL	-4.817392
NEMY	-4.613272
DEPR	-4.680218
ITSB	-4.458370
TSBR	-5.106187
SBRI	-4.793258
ORNA	-4.598032
IPSE	-5.106187
MEDP	-5.106187
DEAA	-5.516362
EAAN	-4.613272
MHAP	-5.282278
PPYO	-5.759400
PYON	-5.759400
RYOC	-5.583308
TOOF	-4.856310
OOFF	-5.019037
YSAC	-5.884338
EPTA	-4.637184
PTAB	-5.516362
GDAU	-5.884338
DBOR	-5.247516
ORNT	-5.082706
EADU	-4.963520
ADUC	-5.884338
DUCH	-5.884338
STEL	-5.019037
DRAN	-4.770395
KINS	-4.856310
CEWO	-5.039240
ADOR	-4.829981
DORN	-5.215332
CHPL	-5.157340
HICO	-4.884338
VEMY	-4.555280
FPEC	-5.516362
IARL	-4.999732
RLYB	-4.963520
PAYY	-5.884338
OUJU	-5.583308
UJUD	-6.361460
DGEV	-6.361460
PERL	-4.884338
PPYF	-5.407217
PYFO	-5.662490
OUPO	-5.060430
UPOS	-5.884338
OFFL	-5.131011
FFLA	-5.583308
THDE	-4.870098
ACYM	-6.060430
YARI	-5.320067
ISEC	-5.215332
FLYF	-5.361460
SAMU	-4.946486
HSUG	-6.060430
DARR	-4.999732
HLIT	-5.247516
TLEE	-4.899062
DAPT	-5.320067
SIAL	-5.320067
HTOG	-5.282278
MASU	-5.583308
SUNS	-4.528951
UNST	-5.185368
NSTU	-4.856310
DIED	-4.442382
DANA	-4.708247
IRAS	-5.019037
ABSU	-5.019037
BSUR	-5.106187
SURD	-5.106187
KEEN	-4.613272
TENJ	-5.247516
TMAI	-5.583308
UTEC	-5.407217
ANOC	-4.981248
NOCC	-4.963520
NALG	-5.361460
ALGL	-5.458370
LGLA	-5.458370
HREQ	-5.884338
GNOP	-5.759400
NOPA	-5.282278
BYTE	-5.282278
YTEA	-5.407217
TEAT	-4.963520
EDOS	-5.458370
DOSE	-6.361460
VERG	-4.680218
ERGL	-4.770395
RGLA	-5.247516
ITEH	-4.738210
TEHI	-4.805157
LSHT	-6.361460
SHTF	-6.361460
HTFE	-5.215332
TFEB	-6.361460
FEBT	-6.361460
EBTO	-5.759400
BTOR	-5.759400
INSR	-5.247516
OKWA	-5.884338
NBEH	-4.817392
BEHO	-4.576130
EHOL	-4.157340
GITF	-5.583308
GANN	-5.583308
NNOU	-4.793258
BEFR	-4.999732
OMAC	-4.842946
MACI	-5.662490
GLIB	-6.361460
YHES	-4.884338
EGGI	-5.247516
GGIN	-4.469365
DONP	-5.320067
ELSK	-6.060430
LSKI	-5.516362
TTYS	-5.157340
IAEX	-6.060430
AEXC	-6.361460
EDOT	-5.019037
YCES	-6.361460
SERM	-5.215332
RMON	-4.621097
ONSL	-5.320067
NSLY	-6.361460
DIAG	-5.516362
IAGA	-5.282278
AGAP	-6.060430
HEVO	-4.645456
HADW	-4.613272
ADWI	-4.770395
ITHV	-5.131011
THVE	-5.516362
MONO	-4.698702
ITYR	-5.458370
REEP	-4.884338
GESS	-5.361460
THDO	-5.157340
WMAM	-6.361460
MATH	-4.999732
TMYU	-5.583308
MYUN	-4.548546
CLEP	-5.583308
OFTU	-5.516362
FTUR	-5.583308
WAYR	-5.282278
AYRI	-5.884338
OESC	-5.185368
LHIR	-6.361460
MMYA	-5.662490
UNTT	-4.637184
FONS	-5.884338
WTOH	-5.361460
MRDE	-5.583308
DENN	-5.082706
ENNY	-5.039240
NNYC	-5.516362
MESB	-4.528951
SBAC	-4.562119
ACKF	-4.842946
CKFR	-5.019037
OWNL	-4.727991
WNLY	-6.361460
ASBI	-5.361460
SBID	-5.516362
BIDB	-6.060430
TOHO	-4.621097
OHOL	-4.946486
GUEB	-5.662490
TMRC	-5.282278
NSMU	-5.458370
DLAI	-5.282278
OWLI	-4.492228
WLIT	-5.106187
BYBO	-5.407217
YBOO	-5.320067
OKSO	-4.999732
FASE	-5.215332
TAMP	-5.082706
AMPT	-5.320067
MPTH	-5.131011
PTHO	-5.039240
GHWR	-6.361460
HWRI	-5.662490
AZES	-5.361460
ZESM	-6.361460
ESME	-4.480646
SMEI	-5.106187
EICO	-4.548546
RCER	-5.131011
LNOL	-5.759400
EMYY	-5.759400
MYYO	-5.131011
AGON	-4.442382
TATB	-5.458370
ATBA	-4.999732
ACKG	-5.320067
CKGA	-5.516362
KGAM	-5.884338
GAMM	-5.662490
AMMO	-4.698702
MONM	-5.282278
GEOB	-6.060430
TEDV	-5.131011
INLE	-4.748676
WNTR	-5.759400
NTSM	-4.805157
TSMR	-5.458370
RSAP	-5.458370
SAPO	-5.039240
ZEDM	-5.215332
STCI	-5.320067
TCIV	-5.407217
RLYD	-4.671264
IASI	-5.407217
UPTI	-4.829981
OTOC	-5.884338
INIF	-5.082706
NIFH	-5.215332
UMEH	-6.060430
MEHI	-4.738210
OOKB	-5.157340
OKBU	-5.662490
NSAF	-4.963520
EBOR	-4.680218
BORE	-4.645456
NNOI	-5.583308
NOIL	-5.215332
NYAF	-6.060430
ONTS	-4.870098
NTSE	-4.541916
TSEA	-4.535385
FATA	-4.613272
HMRB	-5.662490
ORBA	-4.930096
RBAC	-4.981248
XVIL	-5.884338
FEHA	-5.131011
UIDA	-5.407217
FANI	-4.805157
SERL	-5.759400
YKEP	-5.320067
ENEC	-4.770395
RYTE	-5.361460
YTER	-5.320067
ANYU	-5.361460
NYUS	-6.361460
YUSE	-4.884338
SEFU	-4.817392
ULAC	-5.583308
LACQ	-5.361460
IMUP	-5.019037
MUPH	-5.759400
UPHA	-5.583308
PHAD	-5.215332
IMOR	-5.060430
OWAG	-5.458370
WAGO	-5.583308
EALC	-5.361460
FAWE	-5.516362
EAKH	-5.516362
AKHE	-5.662490
KHEA	-5.082706
EADL	-4.383736
ADLI	-4.698702
LIVI	-4.231126
GINR	-5.759400
DUNE	-5.282278
TYAF	-5.516362
MTOL	-5.282278
FHUN	-5.157340
RDWA	-5.060430
SVAC	-5.662490
HHEF	-5.516362
ELTF	-5.407217
RHIG	-5.516362
GHRA	-5.583308
SVEN	-5.060430
GLIN	-4.516362
LFOF	-4.842946
FOFH	-5.247516
ISRI	-4.748676
SRIG	-4.689362
HTAS	-4.680218
TORM	-4.308381
MALT	-5.282278
DOBS	-5.106187
GNOW	-4.708247
YSUF	-5.106187
LIAT	-5.082706
URNF	-4.946486
RNFA	-5.583308
NFAM	-4.884338
ILYH	-4.856310
ADAW	-5.361460
DAWI	-5.131011
FEIN	-4.817392
IEWA	-5.185368
OCHO	-5.247516
RSIF	-5.106187
FHEF	-5.583308
MASH	-5.019037
DBYC	-4.981248
MONR	-5.884338
FATO	-5.458370
NEFU	-6.060430
LOFE	-5.282278
IGIB	-5.106187
GIBI	-6.361460
UITA	-4.946486
DISI	-4.914302
OTVA	-5.884338
YONS	-5.407217
ETSL	-5.583308
TSLO	-4.829981
SLOV	-5.157340
YFAC	-4.781676
ESTN	-4.727991
SENI	-5.157340
NIOR	-5.282278
LEDC	-4.856310
DCHO	-5.215332
RSTÊ	-6.361460
ÊTEW	-6.060430
NBEG	-4.946486
GINN	-4.637184
NGNA	-4.930096
AVOW	-5.320067
VOWA	-5.662490
LOFH	-4.680218
URNP	-5.583308
RNPR	-5.759400
AMID	-4.510201
MIDV	-6.361460
TSMI	-4.914302
ERYJ	-5.407217
RYJA	-5.884338
ADFI	-4.842946
DFIX	-5.106187
GERD	-4.999732
PONH	-4.160062
WOFA	-5.320067
USTJ	-6.060430
STJU	-5.759400
TJUS	-4.793258
ELTI	-4.930096
LTIT	-4.842946
INCU	-4.999732
NCUM	-5.361460
CUMB	-5.106187
MBEN	-5.215332
BENT	-4.689362
OHIN	-5.282278
RYSO	-4.671264
IREE	-5.247516
TTOJ	-5.583308
EINB	-4.930096
INBI	-4.999732
NBIR	-5.884338
UTYS	-5.884338
RSEM	-5.185368
SEMR	-5.185368
ETTR	-5.662490
NDTR	-4.548546
DTRU	-4.963520
VETW	-5.407217
ODAU	-5.583308
WHIG	-5.884338
IGHI	-5.082706
HINH	-4.629066
OODG	-4.781676
ODGR	-5.407217
ESLY	-5.662490
RYSI	-4.781676
REXC	-4.793258
EPTM	-5.131011
PTMA	-5.759400
TMAR	-4.541916
OGOW	-5.583308
TOAT	-4.629066
GETR	-5.157340
TRID	-4.946486
IMAF	-5.458370
MAFT	-5.131011
NUEN	-5.884338
UENO	-5.407217
FOLI	-5.019037
OLIO	-5.082706
LIOS	-5.884338
BUTR	-4.817392
UTRE	-4.671264
LYTA	-4.793258
LECE	-5.759400
DGAR	-5.662490
NATH	-4.680218
RDSU	-5.060430
HDOI	-6.060430
NGSD	-5.039240
GSDI	-5.662490
YSSU	-5.516362
FLEI	-6.060430
DTRA	-4.689362
RANQ	-4.613272
QUIL	-4.583308
UGHP	-5.215332
GHPR	-5.407217
EETW	-4.718007
HFOL	-5.458370
REEF	-4.662490
EEFR	-5.019037
ISCI	-4.817392
OMPT	-5.247516
OINH	-5.039240
ACTM	-5.458370
CTMU	-5.884338
RAWA	-4.708247
KERT	-5.282278
ELLP	-5.082706
TOCL	-4.708247
DGOI	-5.407217
OINP	-5.662490
NPOM	-6.361460
GSON	-5.131011
ILAS	-5.407217
IMEP	-5.131011
EPAS	-4.188273
NNOL	-5.458370
EGAI	-4.981248
REIM	-4.856310
TREE	-3.972294
REET	-3.999732
TINQ	-5.407217
RYSM	-5.407217
RTBO	-5.662490
TBON	-5.407217
BONN	-5.215332
EWMU	-5.759400
WMUS	-5.407217
MUSL	-5.759400
USLI	-4.899062
HOPW	-5.583308
OPWI	-5.583308
PWIN	-5.759400
DOWC	-5.759400
WCOU	-4.759400
YLAD	-4.884338
STGE	-4.914302
KEAP	-4.930096
CERO	-5.247516
CERW	-5.662490
GWHO	-4.899062
DIAC	-5.282278
IACA	-5.282278
ACAM	-5.320067
OINQ	-5.215332
EBOW	-4.486398
LWER	-5.106187
IRAL	-4.870098
LWON	-5.458370
HOHE	-5.516362
OHEC	-5.884338
DIFP	-5.884338
IFPO	-5.361460
UTLE	-4.781676
AYAC	-5.320067
YACR	-5.131011
ACRO	-4.324033
EETU	-5.361460
FWAN	-6.361460
HOPA	-5.583308
OPAN	-5.320067
HADJ	-4.884338
STGA	-5.662490
TGAI	-5.361460
EPAV	-5.282278
PAVE	-5.106187
WOGE	-5.583308
KHAD	-4.999732
MESP	-4.770395
SPOT	-4.498137
POTM	-6.060430
NNYA	-5.583308
NYAD	-5.516362
MDIR	-5.759400
DMRW	-5.215332
MRWI	-4.370234
RWIC	-4.407217
PPYT	-4.817392
PYTO	-4.999732
RCOR	-5.361460
CORP	-4.621097
ORPS	-4.870098
RPST	-5.884338
YREG	-4.842946
ALST	-4.480646
YAFI	-5.884338
CEAG	-4.914302
ODFI	-5.320067
DFIG	-5.407217
WEDU	-4.930096
YAHA	-4.963520
AHAP	-5.185368
PPYR	-6.361460
PYRE	-6.060430
SUMI	-4.914302
UMIN	-4.645456
FHOR	-5.106187
SESD	-5.361460
ESDR	-5.039240
SDRE	-4.718007
NRID	-5.361460
EETO	-4.426961
OUPT	-6.361460
NCAM	-4.805157
LCIV	-5.884338
ESBI	-5.458370
PALS	-5.458370
LSPO	-5.215332
KESM	-5.157340
PALO	-5.320067
NONP	-5.583308
ONPU	-5.131011
CYCO	-5.282278
ROBO	-5.131011
ABOW	-5.361460
TTOF	-4.759400
OFIX	-5.407217
FIXH	-6.361460
IXHI	-6.361460
XHIS	-5.884338
LYAR	-4.781676
YARR	-4.930096
EYLO	-5.082706
GBOT	-5.458370
THCH	-5.082706
GEDC	-5.361460
URON	-5.320067
GOFI	-4.856310
OIMA	-5.320067
UTEM	-5.361460
DEON	-5.019037
EONW	-5.060430
AMWA	-5.019037
MWAL	-5.185368
OORO	-4.613272
PSSH	-5.361460
IRBO	-5.157340
RBOW	-5.157340
BOWS	-4.452975
WSIN	-4.999732
IASP	-5.759400
PSST	-5.247516
DOWA	-4.781676
OUDL	-4.899062
UDLY	-5.060430
YSEC	-4.999732
PSWA	-5.458370
YSGL	-5.759400
STFR	-4.718007
NTAB	-4.562119
TABS	-5.106187
RLYW	-4.963520
RSUD	-5.516362
RNHO	-5.215332
NHOM	-5.407217
WNCA	-5.131011
GEHA	-4.963520
TFET	-5.884338
EMSH	-5.215332
AVEK	-4.930096
VEKN	-5.060430
OWNN	-4.981248
WNNO	-5.282278
EMRJ	-5.662490
HOPB	-6.361460
OPBO	-6.361460
PBOY	-6.060430
BOYI	-5.247516
OYIN	-4.930096
TYWA	-4.793258
SCLA	-4.884338
SBYJ	-6.060430
REAP	-4.748676
RUSI	-5.082706
HHEC	-4.999732
ELPF	-5.320067
LPFL	-6.361460
PFLA	-5.884338
RMIG	-4.870098
TBEJ	-5.884338
BEJU	-5.320067
EJUS	-4.522611
PTOT	-4.548546
EAWE	-4.999732
AWED	-5.157340
WEDB	-4.870098
PLAT	-4.562119
OONP	-5.082706
PUTA	-4.598032
TOBY	-5.516362
OBYE	-6.361460
DINQ	-5.516362
YALR	-5.662490
ADYK	-5.884338
DYKN	-5.884338
NNYH	-5.759400
NYHA	-5.082706
ALIE	-5.215332
LIEU	-5.247516
IEUT	-5.320067
EUTE	-5.320067
DUPA	-4.671264
EETA	-4.320067
AMAP	-5.759400
MAPP	-5.185368
REDK	-5.884338
IAWO	-5.215332
AWOU	-5.185368
CUPA	-4.829981
UPAT	-4.708247
UCKI	-4.718007
CKIL	-5.361460
KILY	-5.361460
ILYN	-5.662490
NEPA	-4.914302
OWSN	-5.060430
WSNO	-5.407217
PTAF	-5.759400
PIDD	-5.759400
OWSS	-4.914302
WSSO	-5.361460
EMWE	-5.185368
MWER	-5.131011
HEPH	-4.698702
PSES	-5.185368
NTPR	-5.082706
LONM	-5.759400
NMRW	-5.282278
NDGI	-4.899062
SOIF	-5.320067
OIFT	-6.361460
RNWO	-5.759400
IPSP	-5.282278
PSPR	-5.361460
OISY	-5.583308
ISYG	-6.361460
SYGA	-6.361460
YGAM	-5.458370
AMEO	-4.340270
FLOT	-5.884338
YTIC	-5.458370
TICK	-4.698702
CKET	-3.899062
KETS	-4.492228
EBIT	-4.817392
FHOT	-5.662490
HOTS	-5.583308
HTSW	-4.770395
EERI	-4.412070
NMUT	-5.759400
MUTU	-5.082706
UTUA	-5.082706
UALG	-5.884338
ALGO	-5.407217
LGOO	-5.458370
OGIE	-5.516362
GIES	-5.131011
HUNW	-6.060430
YNEE	-5.247516
HREL	-5.458370
NPAS	-4.946486
ASSB	-5.215332
UGHJ	-5.516362
EFEN	-5.019037
DEDE	-5.039240
EYAP	-5.458370
BEWR	-5.458370
DNOM	-4.759400
RNHI	-5.282278
NHIG	-5.039240
HLYG	-5.583308
ETBY	-5.282278
MIRI	-5.516362
GMRS	-5.215332
PSSM	-6.060430
ATEX	-5.185368
EPTL	-5.759400
PTLA	-6.361460
MANF	-4.727991
HEUT	-4.805157
EUTM	-4.930096
VENP	-5.247516
XTEV	-6.060430
GHUT	-6.361460
HUTT	-4.805157
RLYU	-5.282278
TTRI	-4.884338
UTYE	-5.247516
YETH	-4.370234
FEIL	-5.759400
SNOO	-4.856310
DETO	-4.598032
NSSS	-6.060430
SSSC	-5.884338
SSCR	-4.981248
GMRA	-6.060430
NETF	-5.583308
ETFO	-4.671264
GLEE	-5.662490
ILYR	-5.082706
VEYE	-4.613272
EYED	-4.689362
YEDH	-5.039240
ASUI	-5.662490
TMRW	-5.185368
HAMH	-4.963520
IRSE	-5.039240
ATSM	-4.999732
OKAR	-5.759400
KARO	-5.759400
AROU	-4.308381
HSTR	-4.817392
ESIZ	-5.185368
IZEA	-5.516362
ZEAN	-5.320067
EAPA	-4.805157
TALM	-4.637184
OSTH	-4.653889
UMME	-4.605585
MERB	-5.458370
RATR	-5.516362
VEYM	-5.759400
IPSU	-5.458370
PSUN	-5.759400
MHIM	-4.510201
GSWA	-5.185368
IETO	-5.060430
DLIS	-4.999732
SDRA	-4.842946
IMNE	-4.930096
MNEY	-5.131011
NEYP	-5.583308
EYPI	-6.060430
YPIE	-5.759400
ECEA	-4.817392
DCOS	-5.759400
TEIG	-5.185368
EDPO	-4.698702
LTAL	-4.914302
DLYH	-4.805157
RIBI	-5.662490
IBIN	-5.583308
NDEU	-5.060430
DEUR	-5.106187
EURO	-4.899062
DIGR	-5.407217
IGRE	-5.215332
NPRA	-5.131011
WNHU	-6.060430
GHEW	-5.019037
LYEM	-4.999732
YEMP	-5.060430
DUNT	-4.899062
MENJ	-5.884338
NJOI	-5.082706
DHEF	-5.247516
IPSA	-4.583308
SEOP	-5.884338
EOPI	-5.106187
OLVI	-4.946486
LVIN	-4.930096
LITA	-4.432041
LLAM	-5.131011
LAMO	-5.131011
RLSW	-5.458370
RANI	-4.498137
TIMI	-4.605585
FCHI	-5.407217
INAO	-6.361460
NAON	-6.060430
AONT	-5.516362
TELP	-5.361460
LOFW	-5.039240
GAPP	-5.060430
RYLO	-4.914302
IDAP	-5.884338
IMSI	-5.019037
TDEG	-5.106187
FUNR	-5.884338
ALAV	-5.759400
LAVE	-4.770395
RYCR	-5.407217
LEGE	-4.637184
KESE	-5.458370
SETA	-4.748676
FARB	-4.981248
RBEY	-5.407217
INPE	-4.498137
SONC	-4.842946
CEAI	-6.060430
LKAS	-5.662490
KAST	-5.106187
BROA	-4.357138
OADF	-5.247516
DFAC	-4.817392
DSTU	-4.320067
STUF	-4.899062
TUFF	-4.899062
UFFY	-5.759400
FFYU	-6.361460
FYUN	-6.361460
PSBR	-6.361460
NGPO	-4.708247
GPOR	-5.662490
HOFO	-5.060430
OMIL	-5.082706
LENM	-5.759400
MALM	-5.361460
ALEE	-4.829981
LEEY	-5.458370
EYEW	-4.963520
YEWA	-5.407217
PPYW	-5.361460
PYWO	-6.060430
MHEF	-5.884338
HHEI	-5.247516
YONI	-6.361460
TSBE	-4.621097
GAWE	-6.060430
AWET	-5.662490
WETN	-6.361460
ETNI	-6.060430
ARAI	-5.320067
AINY	-4.829981
INYS	-5.516362
STDU	-5.407217
TDUL	-6.361460
DULL	-5.039240
ULLE	-4.421940
OPIC	-4.899062
PICM	-6.361460
CMIG	-5.884338
TBER	-4.930096
EAKE	-4.718007
AKER	-4.361460
KERW	-5.282278
HRIV	-5.583308
VALS	-4.645456
ALSF	-5.583308
LSFO	-5.131011
SMRW	-5.320067
SINK	-4.562119
OINS	-4.680218
ADST	-4.308381
LSAK	-6.361460
SAKI	-5.516362
RWAT	-4.727991
TCHF	-5.039240
CHFU	-5.282278
SSMO	-4.981248
TABU	-5.407217
ABUN	-5.060430
BUND	-4.981248
HCOF	-5.884338
FEEA	-5.516362
DMUF	-5.759400
MUFF	-5.157340
FINW	-5.215332
FOBL	-5.407217
RINR	-5.583308
RNBY	-5.458370
NBYS	-5.247516
BYSI	-5.185368
YSIT	-4.870098
STIK	-6.060430
UTIS	-4.555280
IFEM	-5.247516
FEMR	-5.884338
ULFO	-5.106187
AITF	-5.361460
HAMD	-6.060430
AMDI	-5.884338
MDID	-5.662490
ADYD	-5.131011
DYDE	-5.407217
HTWA	-4.598032
IAAT	-5.884338
AATF	-6.361460
MEDD	-4.930096
IASE	-5.361460
TDET	-5.185368
EDTA	-4.856310
KERB	-5.884338
SEEX	-4.963520
YFON	-5.215332
WTOO	-5.361460
TOOE	-5.106187
OOEA	-5.583308
OEAG	-5.662490
BETS	-5.884338
AIMI	-5.361460
ZEST	-5.516362
LARA	-4.645456
EMRW	-5.583308
KTOE	-5.407217
FLYW	-5.662490
ERCU	-4.899062
TYHO	-5.282278
HAMB	-4.653889
MBEG	-5.759400
OWFA	-4.930096
WFAR	-5.320067
FARN	-5.516362
ASFR	-4.759400
RASK	-5.361460
NAHE	-5.320067
AHES	-5.662490
NTHS	-4.383736
NUNW	-5.320067
ECTD	-5.407217
CTDR	-6.060430
TDRO	-5.215332
ROPA	-5.215332
OPAD	-5.884338
PADD	-4.914302
NOFV	-5.516362
GEPR	-5.407217
REIU	-5.884338
EIUN	-5.583308
AMHI	-5.320067
EACL	-5.361460
RANN	-5.407217
ANNU	-5.247516
NNUM	-5.185368
NUMY	-6.361460
UMYO	-5.884338
UCOU	-4.718007
ECAP	-4.060430
OUCE	-5.516362
UCER	-5.247516
ORIH	-4.870098
NAPA	-5.019037
ARMA	-4.416977
NERF	-5.106187
MMYI	-5.458370
NFAN	-4.856310
NCYE	-6.060430
CYEL	-6.060430
OKSU	-5.516362
KSUR	-5.662490
SEDY	-4.981248
MAYW	-4.963520
GASY	-5.759400
UPRO	-5.106187
BLYM	-5.157340
ROFO	-4.562119
NGYE	-4.963520
GYES	-5.361460
AYAR	-5.407217
CYAS	-5.458370
YASM	-5.131011
SIEV	-5.662490
BECR	-5.884338
HWAR	-4.899062
MLYI	-5.662490
LYIH	-4.981248
VESP	-4.842946
HIMV	-5.458370
IMVE	-5.361460
LEIH	-5.157340
SEIA	-5.282278
NEIH	-5.320067
AIRJ	-6.060430
IRJU	-5.662490
DGEI	-4.899062
IALB	-5.060430
UTIB	-5.407217
TIBE	-4.946486
EVEY	-5.320067
IMWO	-5.407217
SITQ	-6.361460
ITQU	-5.662490
SOST	-4.689362
NYWH	-4.759400
LSEH	-5.039240
WNFA	-5.060430
ILYU	-5.282278
LYUP	-4.781676
YUPO	-4.576130
NIMI	-5.458370
ODEX	-5.884338
EPTN	-6.361460
PTNE	-5.884338
YISD	-6.060430
EFAV	-5.131011
OFBY	-5.662490
FBYA	-5.516362
RRYS	-5.320067
BEES	-5.662490
DBEY	-5.185368
ERTS	-4.963520
RTSB	-5.759400
IMIB	-6.060430
MIBE	-5.759400
DISB	-5.407217
ISBL	-4.671264
SBLI	-5.407217
CEOR	-4.748676
ORFR	-4.817392
IMEV	-5.407217
MYSL	-5.516362
HTAC	-5.458370
LTEM	-5.759400
NWIC	-5.320067
OKHI	-4.914302
ADIW	-5.516362
XTOP	-6.361460
TRYM	-5.131011
OWBU	-4.645456
TIHE	-5.060430
ISGO	-4.645456
LDIH	-5.361460
ODOH	-5.407217
DOHN	-5.759400
OHNO	-4.930096
HNOI	-5.516362
NOIT	-5.185368
BEDR	-4.738210
AYBY	-4.930096
YBYM	-5.458370
CYIF	-5.759400
YIFH	-5.583308
OIDS	-5.583308
GMEH	-5.884338
GOWE	-5.583308
OWEA	-4.981248
TONF	-5.157340
RMSA	-4.829981
SMEP	-6.060430
ORAV	-5.407217
RAVO	-5.662490
OCLA	-4.946486
LUSA	-5.320067
INFU	-4.569068
LREG	-5.516362
TSAT	-4.583308
RUES	-5.106187
TFRI	-4.963520
NDIE	-4.981248
DIEV	-5.516362
NGGR	-4.598032
GGRI	-5.583308
SOUL	-4.149272
OULB	-5.361460
ULBY	-5.884338
LBYA	-6.361460
YATH	-4.870098
DTEN	-4.999732
DERR	-5.516362
OMYS	-4.671264
UTIV	-5.516362
VEIC	-5.759400
FITP	-5.583308
ITPR	-4.999732
EDFU	-4.930096
IRYM	-5.884338
YMRW	-5.759400
AKON	-5.583308
KONM	-6.361460
OREG	-4.748676
LTOP	-5.361460
PICS	-5.516362
ICSM	-5.884338
CSME	-6.361460
HLYP	-5.516362
BUTV	-5.282278
GIBL	-5.019037
ETYH	-5.458370
ASMY	-4.598032
SMYC	-5.282278
REIK	-5.361460
LEAG	-4.458370
RPSA	-6.060430
DMYF	-4.486398
ENDD	-5.039240
NNYT	-5.407217
NYTE	-5.759400
DMEF	-5.060430
RBYH	-5.361460
ENTQ	-5.516362
NTQU	-5.407217
ATAT	-4.458370
ROCU	-4.856310
MSOC	-5.759400
ETYI	-5.320067
TYIO	-6.060430
YIOW	-6.060430
MEIH	-4.899062
MYSP	-4.914302
YSPI	-4.842946
LITU	-4.829981
UDEI	-5.106187
DEIM	-6.060430
VEEM	-5.583308
LOYM	-5.039240
TYAM	-5.516362
ITAR	-4.458370
TARY	-4.402418
ARYL	-5.247516
ATIW	-4.332076
ORBU	-4.842946
UTCI	-5.884338
TCIR	-5.157340
CHOU	-5.215332
ASBR	-4.793258
TUPF	-5.458370
UPFO	-4.999732
PFOR	-4.555280
FAMO	-4.498137
STVA	-5.458370
TVAL	-5.361460
DITP	-5.282278
ITPL	-5.458370
NWEW	-5.039240
WEWE	-4.289578
GOFJ	-5.759400
OFJU	-4.817392
FJUS	-5.157340
CYBE	-5.407217
YBEQ	-6.361460
QUEA	-5.320067
UEAT	-5.407217
EXTP	-5.884338
XTPR	-6.361460
ISGI	-4.914302
SGIF	-5.884338
SMYG	-5.759400
YGOD	-4.856310
GODF	-5.157340
ODFA	-5.516362
TTOP	-4.569068
IDEF	-4.793258
EAMP	-5.516362
NGFE	-4.899062
GFEL	-5.282278
LITW	-4.899062
NELS	-4.999732
THBU	-4.653889
LDHI	-4.748676
DWHY	-4.781676
EEKL	-5.583308
EKLE	-6.060430
KLEG	-6.361460
LRED	-5.662490
STSU	-4.621097
EBEQ	-5.759400
OHOP	-4.999732
PEFR	-5.583308
MLAW	-6.060430
AWAM	-5.583308
WAMA	-5.407217
FHON	-5.157340
CYCH	-5.884338
UBTI	-4.946486
BTIT	-5.458370
TOTR	-4.738210
AMER	-4.206124
ORFE	-4.748676
RFEI	-5.583308
LCLA	-5.516362
MTOI	-5.516362
OITB	-5.215332
TRAV	-4.379188
VAGA	-5.215332
AGAN	-4.689362
CEIM	-5.215332
MPRU	-4.914302
PRUD	-4.662490
GORN	-5.759400
AMEV	-5.215332
MEVA	-5.458370
NTTW	-5.662490
AGOE	-5.361460
GOEX	-6.361460
SSCE	-5.185368
CCUS	-4.637184
FHAV	-4.817392
ITIH	-5.247516
ARMU	-5.516362
RMUN	-5.759400
MUNG	-5.884338
UNGU	-5.247516
EDTE	-4.946486
DTEM	-5.320067
PSHA	-5.247516
KENM	-5.282278
OOFR	-5.662490
LYIC	-5.320067
NREC	-4.718007
GWOR	-4.884338
TWEA	-4.662490
EHAT	-4.727991
SISQ	-5.884338
BEPU	-5.185368
LICL	-5.361460
ICLY	-5.516362
CLYD	-5.583308
MEOR	-4.963520
TBEB	-5.060430
BEBY	-5.884338
CANF	-4.981248
EFYO	-6.361460
FYOR	-5.884338
YORE	-5.583308
OREX	-4.817392
HHON	-5.884338
CHFE	-5.215332
MHAN	-5.884338
SMOT	-4.817392
VEWH	-4.738210
SOCR	-5.458370
OCRU	-5.320067
UELL	-5.215332
HDET	-5.884338
MEAD	-4.829981
KEWH	-5.060430
UTEI	-4.946486
TOJE	-5.884338
OJEA	-6.361460
USYH	-5.884338
SYHA	-5.884338
CYLI	-5.361460
VEBO	-4.884338
RNEW	-4.999732
HMEB	-5.516362
MEBE	-4.528951
MEIR	-5.407217
RRIT	-5.282278
EVEV	-6.361460
HWES	-5.131011
TENG	-5.060430
ENGI	-4.793258
HTMR	-5.407217
SOBA	-5.759400
OBAD	-5.662490
BADA	-5.583308
ADSU	-4.727991
DSUP	-4.759400
OWCR	-4.748676
WCRE	-5.039240
MOFD	-5.759400
HMAL	-6.060430
OUSR	-4.870098
GESU	-5.282278
HINJ	-5.583308
TESR	-5.516362
SREF	-4.981248
IDOR	-5.060430
DORE	-4.914302
SBOA	-4.535385
YATN	-5.458370
CABI	-4.336154
GANU	-5.884338
GTEM	-6.060430
ONMU	-4.914302
TBED	-4.759400
EADF	-4.336154
ADFU	-4.598032
DFUL	-4.344426
ULIW	-6.060430
FONT	-5.157340
ECTR	-4.653889
CTRE	-5.247516
MICA	-4.708247
NHAR	-4.590608
YBEJ	-6.060430
EGOD	-4.727991
MAYV	-5.884338
AYVO	-5.884338
YVOU	-6.060430
GAMI	-5.361460
OOWH	-5.131011
OMCH	-5.320067
MCHI	-5.884338
ILDH	-4.981248
DHOO	-5.106187
UTHW	-4.930096
NMAT	-5.082706
TSOB	-5.131011
SOBJ	-5.082706
TALC	-5.060430
ALCA	-4.981248
LCAR	-5.131011
EMYF	-4.629066
RBEG	-5.516362
GANL	-5.884338
CLEM	-5.320067
EMRP	-6.361460
PSAP	-6.060430
CHCR	-5.662490
HCRE	-6.060430
TOBU	-4.829981
AVEU	-5.060430
VEUP	-5.039240
EUPE	-6.060430
UPEV	-5.583308
PEVE	-5.320067
DDEV	-5.157340
OTED	-4.569068
HLYE	-5.361460
CYAM	-6.060430
LFRI	-5.320067
OBEU	-5.131011
LIGA	-5.131011
IGAT	-4.474969
RSAC	-4.999732
ENIM	-4.963520
NIMM	-5.019037
SDEA	-4.452975
ATHM	-5.131011
RCYG	-5.759400
CYGA	-6.060430
YGAV	-5.131011
MAVO	-6.361460
AVOL	-5.407217
OLUN	-4.718007
LUNT	-4.613272
ARYP	-4.930096
VIDI	-5.106187
MEIA	-4.999732
DEBT	-4.781676
BTOF	-5.106187
MASO	-4.963520
FAFF	-4.981248
WSTR	-5.039240
LEIW	-5.131011
YPRI	-5.019037
IMJU	-5.458370
OUIF	-5.082706
UIFF	-6.361460
IFFR	-5.583308
OOPR	-6.060430
TYIM	-5.759400
SWON	-4.842946
LREP	-5.131011
HAMF	-5.759400
SBES	-4.653889
HASC	-4.748676
MNEA	-5.662490
RERW	-5.282278
THVI	-5.361460
HVIR	-5.759400
VIRT	-4.590608
IRTU	-4.562119
RTUE	-4.629066
TUET	-5.662490
FUSC	-5.583308
LSES	-5.215332
SESE	-4.759400
ANPR	-5.215332
CHAB	-4.946486
HIMG	-5.106187
IMGO	-5.320067
MGOO	-5.583308
NLED	-5.583308
NEYF	-5.407217
EYFR	-5.282278
YTOD	-4.781676
LAYH	-5.060430
AYHO	-4.963520
YHOS	-5.884338
OORF	-4.842946
DFIL	-4.999732
IALP	-4.946486
LPRI	-5.185368
ODEG	-6.361460
DEGE	-5.583308
LARQ	-5.884338
ARQU	-5.247516
RQUA	-5.282278
SORL	-5.583308
RLOS	-5.583308
APOW	-5.516362
ULMO	-5.361460
LMOT	-5.583308
LSOB	-5.039240
SOBR	-5.361460
OBRO	-5.407217
CHWI	-4.727991
MEBR	-5.458370
KESH	-4.856310
MAVE	-5.407217
FULG	-5.247516
ULGU	-6.060430
IMGE	-5.583308
MGEN	-5.361460
IEDU	-5.131011
OFBR	-4.662490
FBRO	-5.320067
FAGI	-5.458370
AGIR	-5.106187
SHIC	-5.516362
EITG	-5.662490
ITGI	-5.215332
FADA	-5.247516
ADAR	-4.698702
ERYV	-4.946486
RYVE	-5.215332
UDAS	-5.662490
SACH	-4.914302
ASAF	-4.590608
DEXT	-4.829981
WSHE	-4.817392
SAHA	-4.541916
AHAN	-4.680218
RLAB	-5.583308
TFIF	-5.320067
IXTE	-5.106187
XTEE	-5.131011
NDIU	-5.884338
DIUN	-5.583308
ATHH	-4.829981
YPAU	-5.516362
NYTR	-5.516362
TRIA	-4.817392
RSUB	-5.185368
ELPR	-5.516362
LPRE	-4.793258
ACYW	-5.662490
EMSG	-6.060430
MSGO	-6.060430
ISIR	-5.282278
ULYA	-5.407217
HIPW	-4.486398
IPWI	-5.185368
YSUI	-5.583308
LEYN	-6.060430
LHEI	-5.662490
YISP	-5.516362
RSIB	-5.884338
ONIF	-5.019037
FHET	-5.516362
NKSI	-4.856310
KSIT	-5.106187
ILEA	-4.348622
ANFR	-4.817392
PERO	-4.829981
TSHI	-4.379188
DEDJ	-5.407217
EDJU	-5.060430
NALH	-5.131011
LHON	-5.458370
PSAG	-5.884338
LEAL	-4.541916
ISTP	-5.759400
TYSO	-5.157340
RDSB	-5.131011
DSBR	-5.516362
AYER	-4.842946
YERS	-4.999732
SGAT	-5.320067
EDRO	-4.123414
SSWE	-4.645456
INTB	-5.282278
ERNT	-5.019037
RAVI	-4.718007
AVIT	-4.981248
IFLE	-4.829981
GEDS	-4.999732
FUNE	-5.082706
SYIK	-6.060430
YIKN	-5.407217
LMAD	-5.759400
OACA	-5.458370
STTA	-4.914302
CHCI	-5.282278
HCIR	-5.361460
AKEF	-5.039240
KEFI	-5.361460
EFIV	-5.106187
SHIL	-5.215332
NYOB	-5.583308
AREU	-4.999732
DLYM	-5.247516
LYMA	-4.407217
IAMR	-5.157340
AMRE	-5.131011
MREM	-5.516362
YOFR	-5.131011
FREG	-5.583308
HAMS	-4.662490
MSAT	-5.320067
FDEB	-5.884338
RGHL	-6.060430
GHLA	-5.320067
GIHA	-5.019037
WMRC	-6.060430
RLON	-4.718007
ONGY	-5.320067
WOFC	-5.759400
RGHA	-5.361460
YANN	-5.361460
NTMR	-5.407217
CYNO	-5.662490
OTIK	-6.361460
REXI	-5.583308
CETI	-4.884338
HWIL	-4.829981
SBEL	-4.671264
LUNI	-5.759400
WOES	-5.662490
FPOO	-5.361460
YVAI	-6.361460
ONSV	-5.662490
NSVA	-5.884338
SVAI	-5.458370
NDUS	-4.817392
DUSE	-5.458370
USEL	-4.759400
FIFH	-5.884338
DYSE	-5.361460
AKSH	-5.157340
KSHI	-5.215332
HLYB	-5.662490
HOFL	-5.282278
MSOM	-4.653889
IPIS	-5.282278
PISU	-6.361460
MISL	-5.407217
RROG	-5.662490
ROGA	-5.759400
OGAN	-5.039240
ANIB	-5.662490
OBEB	-4.870098
BEBO	-5.131011
REER	-4.999732
EERE	-4.645456
AMIH	-5.583308
NYYE	-4.999732
ELLR	-4.999732
LREM	-4.817392
ICTA	-4.981248
REPU	-4.576130
GREM	-5.106187
NDCL	-4.637184
DCLE	-4.856310
UTIR	-5.320067
TIRA	-5.759400
RABI	-4.999732
UNEP	-5.884338
ERAU	-4.963520
RNEP	-5.282278
NEPH	-4.914302
EPHE	-4.680218
HEWW	-5.884338
EWWH	-4.946486
HOCH	-5.759400
MSHO	-5.082706
STCL	-4.738210
TCLA	-4.718007
ENAV	-5.361460
LACC	-5.039240
HMUT	-5.759400
LSAT	-4.946486
RPUT	-5.583308
DGAV	-5.019037
FMRW	-5.407217
PSSS	-6.361460
SSSU	-4.930096
MTOE	-5.361460
IDWA	-5.131011
IDWE	-5.583308
DIDD	-5.407217
IDDO	-5.131011
ACEF	-4.522611
CEFU	-4.817392
HWEN	-5.583308
YHOM	-5.247516
MEFO	-4.197107
YWEN	-4.981248
NORM	-4.613272
EONC	-4.748676
IATA	-5.884338
TLYO	-4.781676
YOFL	-4.914302
EFIS	-4.162803
SHSH	-5.215332
ADWO	-5.106187
DWON	-4.856310
WONA	-5.458370
FMRA	-5.759400
RDHI	-4.930096
MERA	-4.510201
DLYF	-5.131011
YFEA	-4.914302
ROWD	-4.605585
WDED	-5.247516
ADMO	-4.999732
LDWE	-5.039240
ADPA	-4.748676
DPAS	-4.528951
ELFJ	-5.884338
LFJA	-6.060430
ERNS	-4.522611
RNSH	-5.039240
HYOF	-4.946486
EYSR	-5.583308
FAYO	-5.407217
YEND	-5.082706
DURE	-4.480646
HUNK	-5.662490
UCTO	-5.185368
AKEW	-4.999732
OTHS	-4.781676
NDEC	-4.458370
ORMN	-5.662490
RMNO	-5.361460
MNOI	-5.662490
DEAI	-5.458370
EAIN	-5.019037
DPEO	-5.282278
LEHA	-4.407217
VEPE	-5.039240
APSM	-5.215332
PSMI	-5.458370
DEAC	-4.637184
SORC	-5.247516
ORCI	-5.185368
HMAY	-5.106187
LIEN	-4.748676
UTAC	-5.060430
UALB	-5.247516
ALBL	-5.282278
LBLA	-5.247516
BLAM	-4.856310
LAME	-4.379188
IDEV	-5.082706
RUEI	-5.407217
UEIN	-5.131011
WMYD	-5.516362
EARJ	-5.407217
ARJA	-5.516362
OUGO	-4.870098
UGOT	-5.516362
ALFO	-4.629066
SSDO	-5.407217
SDOC	-5.759400
DOCL	-6.361460
TOOO	-5.361460
OOOR	-6.361460
LBEO	-5.247516
ODYL	-5.516362
DYLA	-5.759400
GHME	-5.361460
HMEO	-5.458370
MEOU	-4.793258
EOUT	-4.120910
YDOB	-5.884338
TADI	-5.019037
TITP	-5.458370
RSFA	-5.185368
MONH	-5.157340
ONHU	-5.759400
ANYV	-5.215332
NYVA	-5.884338
YVAL	-5.320067
LUEF	-5.662490
DSBE	-4.856310
IMOH	-5.662490
MOHN	-6.361460
NOIC	-5.662490
OICA	-5.247516
EYSB	-5.583308
AMSH	-5.106187
CHAH	-4.999732
HAHI	-5.320067
AHIS	-5.320067
HTNA	-5.884338
TNAM	-5.282278
MESF	-4.708247
ESFA	-4.981248
TSEV	-4.748676
UTCE	-5.516362
NYIF	-5.759400
TSOL	-4.946486
ETMR	-5.247516
ADIC	-5.082706
NKIB	-6.060430
KIBE	-5.759400
NEKN	-4.999732
OWSE	-4.698702
WSEX	-6.361460
INKB	-5.215332
NKBU	-5.583308
INTY	-4.781676
YONO	-5.407217
NEPO	-4.999732
EPOI	-4.357138
EYIF	-5.759400
VEMU	-5.361460
OSUF	-5.320067
FERW	-5.662490
AIRB	-4.884338
MEPU	-5.458370
LICT	-4.829981
RYPE	-4.981248
IRPE	-5.407217
LINV	-5.247516
GEXP	-5.131011
SFIX	-5.039240
XEDF	-5.320067
GESI	-4.842946
YASK	-5.157340
NDOI	-5.157340
LFSI	-5.458370
FSIN	-5.215332
RSEP	-5.131011
ONAV	-5.247516
TASM	-4.759400
HTOE	-5.157340
AINR	-4.914302
INRI	-5.157340
NRIS	-4.914302
ATSW	-4.605585
OKTH	-4.510201
DHUR	-4.946486
SIFE	-5.060430
FEAG	-6.060430
RTOE	-4.930096
TOES	-4.930096
APEF	-5.583308
TSCI	-5.516362
LDBA	-5.320067
YFLA	-5.157340
ONIO	-5.407217
ARDJ	-5.583308
RDJA	-5.884338
LFAH	-6.060430
FAHA	-4.930096
PPYE	-5.516362
PYEV	-5.759400
HMRW	-5.583308
CYSL	-5.662490
YSLO	-4.999732
ICIP	-4.963520
IPAT	-4.689362
BYCA	-5.407217
NYSI	-5.282278
YEAC	-5.516362
ACHL	-5.884338
IKEE	-5.215332
KEEL	-4.708247
AMHE	-5.215332
ISFY	-4.930096
SFYT	-5.884338
FYTH	-5.407217
DABA	-5.247516
TEAB	-5.759400
LEIC	-5.407217
EMYM	-5.060430
FSAI	-5.082706
INOC	-5.516362
GENG	-5.583308
AIMS	-5.407217
IMSO	-4.629066
SONU	-5.583308
NDIP	-5.247516
DIPR	-5.516362
SSMY	-4.759400
SMYS	-4.662490
FREC	-5.019037
TASD	-5.884338
HSSP	-5.884338
SSPI	-4.899062
IGHO	-5.583308
EAKU	-5.759400
AKUN	-5.884338
KUNN	-6.361460
UNNE	-4.884338
OMRC	-5.407217
LPAS	-5.131011
PASK	-6.361460
PTMR	-6.361460
EYSI	-5.157340
KITP	-5.759400
RTOJ	-5.759400
GSAM	-5.662490
NOSC	-5.759400
OSCR	-5.662490
ROMD	-5.039240
OMDR	-5.884338
MDRE	-5.759400
EBUK	-6.361460
BUKE	-6.361460
UKEE	-5.662490
KEEI	-5.884338
HOPO	-5.662490
PORL	-6.060430
RGHB	-6.060430
HBYV	-6.060430
BYVE	-5.759400
YVEN	-5.407217
NIAS	-5.247516
INDG	-5.759400
PLEC	-5.282278
LECA	-4.637184
LTEN	-5.407217
NCYA	-4.963520
GMYS	-4.781676
LHOP	-5.320067
LMYF	-5.361460
ITAK	-4.981248
SOPP	-5.215332
CITI	-5.131011
URSM	-5.185368
ESES	-4.407217
YAPR	-5.407217
HITR	-5.458370
ITRU	-4.981248
TMYC	-4.805157
SINJ	-5.131011
UTET	-4.930096
HTCA	-5.157340
TCAU	-5.247516
NYDI	-5.282278
YTAK	-4.727991
DBYW	-5.039240
SETI	-4.946486
NOHE	-5.019037
OHEL	-4.759400
LPFO	-5.884338
RMRW	-5.583308
MSHA	-5.131011
NSSP	-5.662490
ODAG	-5.361460
RYFR	-5.019037
EAIT	-5.516362
TSUG	-5.516362
NOWF	-4.447646
OWFI	-5.759400
WFIR	-6.060430
UCKH	-4.946486
CKHE	-4.708247
OMAM	-5.082706
MAMO	-5.039240
ORDP	-5.458370
RDPA	-5.458370
GTOF	-5.131011
RMAQ	-6.361460
MAQU	-6.060430
ETAB	-4.397672
BLEV	-5.282278
ASOO	-6.060430
OONR	-5.106187
SFRE	-4.781676
DVIV	-5.759400
VIVA	-5.215332
IVAC	-5.282278
VACI	-5.247516
GHMO	-5.458370
LFBY	-5.185368
FBYT	-5.407217
SEFF	-5.131011
RGAV	-5.458370
SEXC	-4.598032
TEMU	-5.662490
PLYM	-5.247516
HTNE	-5.185368
TNEV	-4.637184
LHED	-5.583308
STOQ	-5.516362
MIFT	-6.361460
TSWO	-4.930096
NAPI	-5.282278
ASUC	-5.361460
NASP	-4.946486
NOAU	-5.884338
OAUN	-6.361460
UNTN	-5.662490
NOOF	-5.662490
EWSC	-5.215332
WSCO	-5.884338
SOUG	-4.708247
HTAF	-5.215332
TAFT	-4.516362
HOER	-6.361460
OERO	-6.060430
EROS	-4.738210
ROSE	-4.268038
SESF	-5.215332
GOTB	-5.215332
OTBY	-4.999732
TBYP	-5.583308
BYPR	-5.282278
PROX	-6.060430
ROXY	-5.884338
OXYE	-6.361460
XYEV	-6.361460
RPAT	-5.106187
YSUS	-5.060430
ONTU	-5.131011
NTUE	-5.407217
DAYC	-5.131011
ADES	-4.209171
DESU	-5.407217
HAFR	-5.247516
FRID	-5.458370
IDAY	-5.185368
DMON	-4.914302
AYEN	-5.361460
DURA	-5.320067
TOKI	-5.019037
IAIL	-6.361460
AILL	-5.361460
MATN	-6.060430
AMAM	-5.583308
ECLU	-4.805157
ROFR	-5.247516
FRED	-5.039240
UBTO	-5.131011
GPRE	-4.963520
CURR	-4.361460
FMEE	-5.458370
TUNR	-5.458370
CONQ	-5.082706
UBDU	-5.247516
BDUE	-5.361460
DUED	-5.185368
UEDO	-5.516362
ARTT	-4.463833
RTTR	-6.060430
ANMI	-5.131011
TBEW	-5.060430
BEWO	-5.247516
NANI	-4.535385
TARO	-5.185368
AROS	-5.131011
ULSU	-5.583308
LSUS	-5.185368
NGPU	-5.215332
GPUR	-5.516362
LYOM	-6.060430
YOMI	-6.361460
UTEF	-5.407217
TEFA	-5.516362
HOML	-6.060430
OMLY	-5.884338
MLYD	-5.458370
IAEA	-6.361460
AEAG	-6.361460
HOTO	-4.698702
OTOL	-5.320067
NONB	-5.516362
NBUS	-5.320067
YETR	-5.247516
SSWO	-5.106187
IMAW	-5.247516
MAWA	-5.082706
WAYJ	-5.662490
AYJU	-5.407217
WIFH	-5.884338
IDAC	-5.583308
DACE	-5.759400
AING	-5.131011
GHUN	-5.106187
RDBY	-5.060430
DBYL	-5.106187
BYLY	-5.662490
BYEL	-5.361460
MSAB	-5.662490
ANIF	-4.870098
RFIR	-4.870098
ENJU	-5.282278
GOFD	-5.407217
SOSH	-5.106187
INTM	-4.680218
LECI	-5.247516
EPOL	-4.432041
HHED	-5.247516
DSAP	-5.583308
URYT	-5.106187
OWIC	-5.106187
NYSO	-4.999732
YSOR	-4.805157
LLHU	-4.999732
LHUM	-5.039240
NTEV	-5.131011
SEBL	-5.282278
EBLI	-4.999732
ITYP	-5.320067
TYPR	-5.247516
MEDF	-4.999732
GHEV	-5.320067
YEDF	-5.516362
GITC	-5.662490
OTDW	-6.361460
TDWE	-6.361460
ELLL	-5.185368
GONH	-4.899062
RSPI	-4.805157
RGRI	-4.884338
RIEF	-4.522611
IEFS	-5.185368
EFST	-5.759400
FSTO	-5.215332
EKSH	-5.583308
HEOD	-5.662490
EODD	-5.583308
OPOI	-5.185368
LARN	-5.662490
HTAR	-5.407217
RNOF	-4.930096
NSAW	-5.215332
SAWK	-5.662490
MNAP	-6.361460
NMOV	-5.458370
NGWR	-5.516362
GWRO	-5.759400
FITG	-5.884338
ITGA	-5.282278
TGAV	-5.082706
SERY	-4.474969
CESC	-5.247516
ASEF	-5.106187
SECS	-6.060430
ECST	-5.407217
CSTA	-5.185368
ASYS	-5.361460
SYSH	-5.884338
CEDN	-5.282278
DNEX	-5.516362
XTWI	-6.361460
CERA	-5.247516
ESHM	-5.516362
GOFW	-4.981248
FWIC	-5.131011
SUNI	-4.930096
LFSU	-5.019037
FSUD	-5.583308
HBYS	-5.583308
OUTK	-5.458370
AYAG	-5.157340
INIM	-5.185368
FTTO	-4.930096
TOFR	-4.718007
INDC	-5.282278
TETR	-5.407217
VENF	-4.856310
BIDT	-5.662490
HOMO	-5.407217
HMES	-5.361460
NEVI	-4.583308
VILW	-5.247516
CYAP	-5.759400
AIMH	-5.583308
TTEC	-5.759400
ELPC	-5.759400
LPCA	-6.060430
PCAU	-6.361460
NAWH	-4.805157
PERN	-5.019037
LOWH	-4.689362
RFAN	-5.282278
AMTO	-4.963520
EARU	-5.039240
ARUN	-5.458370
RUNP	-5.662490
UNPL	-4.999732
ETAM	-5.282278
EDIG	-5.039240
DINB	-4.870098
NDOP	-5.019037
IREQ	-5.583308
UALA	-4.999732
ALAM	-5.039240
AZEM	-5.106187
ZEME	-5.082706
TINB	-4.981248
GITT	-4.884338
EYST	-4.781676
GAWO	-5.407217
OLAS	-5.247516
OBRE	-4.963520
AKIT	-5.407217
LSUD	-5.759400
YFAN	-5.407217
RPUN	-5.662490
IGEH	-6.361460
LKSH	-6.060430
DESO	-4.392977
MESL	-4.708247
NTAF	-5.185368
TISY	-5.082706
URTU	-5.282278
YITA	-5.082706
KESO	-4.605585
OMEK	-5.407217
DOFR	-4.963520
FREM	-5.082706
ARKO	-4.884338
IZEO	-5.458370
ZEOF	-5.247516
PSBY	-5.884338
AYOB	-5.759400
TEBA	-5.583308
LSAR	-4.963520
REMU	-4.770395
ANPU	-5.361460
CONE	-5.583308
WWEM	-5.662490
KBYR	-6.361460
BYRU	-5.759400
YRUL	-6.361460
ULET	-5.458370
EAKA	-4.645456
AKAL	-5.884338
KALI	-5.662490
OKOD	-6.361460
KODD	-6.361460
ODDT	-6.361460
YSIL	-4.999732
YETF	-5.082706
ESOA	-4.899062
GASL	-5.407217
NTCA	-4.805157
TCAS	-4.842946
UIMA	-5.516362
NEBO	-5.361460
OTHR	-4.645456
HREP	-5.185368
HARC	-5.516362
ENAG	-4.759400
TSIM	-4.576130
SWEA	-4.397672
FANU	-5.516362
UNSO	-5.060430
NSOC	-5.060430
TACI	-5.516362
RNDI	-5.759400
IONU	-4.842946
ONUN	-5.082706
KUNL	-5.884338
WEEX	-5.662490
AZET	-5.458370
ZETH	-5.039240
LERO	-4.738210
THEÉ	-6.361460
HEÉC	-6.361460
EÉCL	-6.361460
ÉCLA	-6.361460
CLAT	-5.407217
LATO	-4.605585
ERBT	-5.884338
RBTH	-5.662490
BTHI	-5.759400
SNOV	-5.458370
TRIK	-4.416977
RIKI	-4.829981
MBLA	-4.856310
BLAN	-4.486398
TAFA	-5.039240
ULPO	-5.759400
LPOR	-5.361460
AITU	-5.662490
NTTI	-5.185368
ADGO	-4.770395
DGON	-4.770395
RSDI	-5.215332
SDID	-4.653889
ISTT	-5.019037
ETEM	-4.727991
METU	-5.662490
TUST	-5.157340
FHAU	-5.884338
AUTE	-5.884338
UTEU	-6.060430
TEUR	-5.583308
UROV	-6.361460
RESB	-4.914302
AIDN	-4.793258
TAWO	-4.899062
GHBL	-6.361460
HBLA	-5.458370
LAMI	-5.039240
WNWE	-5.361460
GTHD	-5.583308
MISB	-5.662490
SBLE	-5.157340
GFRI	-5.458370
NSOU	-4.817392
OUNL	-5.759400
CKYA	-5.583308
KYAS	-6.361460
HIPR	-5.157340
HEMP	-4.829981
PHAS	-5.320067
NAMA	-4.718007
IFED	-5.247516
EDDE	-4.504127
SIRO	-4.870098
IROU	-5.131011
ASAP	-4.498137
EDCL	-4.946486
DCLO	-4.829981
EMME	-5.516362
OMBU	-5.247516
TONP	-5.662490
PEDW	-5.247516
BOWO	-5.583308
IORC	-5.662490
RTES	-5.082706
ESYT	-5.884338
SDAN	-5.320067
SIRS	-4.727991
AIRP	-5.215332
NERD	-5.039240
ACEY	-4.914302
TENR	-5.458370
NACE	-5.082706
IZAG	-6.361460
ZAGL	-6.361460
KEPL	-5.082706
HENF	-4.598032
WINI	-5.884338
NIAP	-5.583308
IAPP	-5.060430
PEAL	-5.247516
UPTY	-5.884338
ANKM	-5.516362
NKME	-5.131011
KMEF	-6.361460
RDET	-5.185368
OUFR	-5.320067
UFRO	-5.361460
EBEW	-5.583308
HTEY	-6.361460
TEYE	-4.914302
LSOU	-5.361460
OUPB	-6.060430
UPBR	-5.583308
PBRA	-5.662490
BRAI	-4.516362
GMEI	-5.320067
BYDA	-5.247516
MSAL	-5.361460
RIKE	-4.629066
RCIB	-5.320067
CIBL	-5.082706
DSBI	-6.060430
RTLY	-4.555280
EMEF	-4.805157
OFID	-5.516362
KWEW	-6.060430
NYTW	-6.060430
YTWO	-4.748676
TWOP	-4.829981
WOPE	-5.082706
SAYF	-5.361460
SWEH	-4.817392
EESU	-5.361460
DYWI	-5.516362
XTIC	-6.361460
UOFB	-6.361460
OKSS	-5.407217
KSSA	-5.662490
KSOH	-6.361460
SOHN	-5.662490
NOIA	-5.884338
OIAM	-5.247516
EWEN	-4.463833
GSIA	-5.662490
RRYY	-5.282278
REOU	-4.914302
URDI	-5.019037
KSIN	-4.653889
MMYH	-5.361460
AYSF	-4.981248
YSFU	-6.060430
YSOC	-5.516362
IESY	-5.082706
UINS	-5.282278
CHSC	-5.583308
HSCE	-5.662490
HALO	-4.781676
ALOO	-4.718007
OKOF	-4.842946
KOFD	-5.282278
FDOU	-5.662490
UBTY	-5.662490
BTYE	-6.361460
YSSH	-5.247516
ADWA	-4.671264
CTAS	-4.999732
NLYE	-4.870098
GIRE	-5.516362
OUON	-4.930096
UONC	-5.662490
UHAR	-6.361460
UNAP	-5.407217
PEAS	-4.870098
YCAU	-5.039240
SISU	-5.247516
GCRE	-5.060430
AFIR	-5.157340
IRMV	-6.361460
RMVO	-6.361460
MVOI	-6.361460
LOWY	-5.282278
BEBL	-5.583308
WHON	-5.320067
IROP	-5.583308
FJUD	-5.361460
UDGI	-5.458370
YATF	-5.662490
ASKT	-4.884338
SKTO	-5.215332
KTOW	-5.215332
FFHE	-5.458370
RGRA	-4.884338
AMTR	-5.759400
MTRY	-5.759400
ADID	-5.407217
OTGE	-5.516362
TGET	-4.914302
NATA	-4.981248
LLIH	-4.870098
LIHE	-5.583308
UASP	-6.361460
SPUZ	-6.060430
PUZZ	-5.060430
UZZL	-4.999732
ZZLE	-4.884338
ZLEM	-5.884338
DHEG	-5.247516
RTSM	-5.361460
AYVA	-6.361460
ARYG	-5.361460
SHMI	-6.060430
TOSK	-6.060430
OSKE	-5.884338
TCHM	-5.361460
CHMY	-4.999732
DREF	-5.039240
NOCR	-5.361460
OWIM	-5.247516
WIMA	-5.458370
NSSU	-5.759400
SSUS	-4.999732
ACHS	-4.793258
CHSI	-4.963520
HSID	-4.981248
ANEQ	-5.458370
LDEG	-5.215332
EEFO	-4.999732
CYSB	-5.884338
YSBR	-6.361460
BLYP	-5.361460
ULFE	-5.662490
GSEP	-6.361460
OFCI	-5.106187
FCIV	-5.407217
VILD	-5.407217
ILDI	-4.689362
DISD	-4.999732
SDAI	-4.963520
DAIN	-4.842946
IZAI	-6.361460
ZAIH	-6.361460
AIHE	-6.361460
RGEW	-4.999732
HAMY	-5.516362
AMYO	-5.458370
MEAB	-4.946486
GMEA	-5.039240
OUAM	-5.583308
UAMO	-5.884338
CYSS	-5.662490
YSST	-5.458370
SSTE	-4.474969
STEW	-4.981248
OUHO	-4.817392
UHOW	-4.999732
SAFR	-5.060430
ENDN	-5.516362
CITC	-5.884338
ONSF	-4.590608
SUSI	-5.361460
BLYK	-5.759400
LYKI	-5.361460
UGHG	-5.361460
GHGE	-5.662490
MHAS	-5.247516
OBLA	-5.407217
HAMM	-4.412070
GHMY	-5.157340
HMYB	-5.458370
LLAV	-5.361460
LAVO	-5.458370
LUDI	-4.727991
KENH	-5.039240
LFOU	-4.856310
FOUT	-5.157340
LISA	-4.899062
WHEC	-5.458370
ITIP	-5.884338
TIPI	-6.060430
IZAF	-6.060430
ZAFO	-6.060430
RFAV	-5.019037
TESG	-5.662490
ESGU	-6.060430
LTBU	-5.458370
ILTA	-5.215332
NTAP	-5.106187
EARB	-4.793258
ARBY	-5.320067
RACC	-4.884338
GRIL	-5.759400
OUAC	-5.282278
UACC	-6.060430
MOFN	-5.884338
UHEI	-6.060430
MEDM	-4.708247
DMEH	-5.106187
LFIB	-5.884338
FIBE	-5.759400
EYTU	-5.458370
NEER	-4.115947
EMYI	-5.247516
ENTG	-5.019037
HTOH	-4.870098
NIFY	-4.914302
EMEB	-5.185368
WNWI	-4.930096
ULIG	-6.361460
LIGN	-5.019037
LICE	-4.197107
RTAK	-4.541916
OFBI	-5.060430
FBIN	-5.361460
EYJA	-5.458370
CHSW	-5.583308
HSWE	-5.282278
EETC	-5.185368
CYAG	-6.060430
AGLO	-5.185368
LOWO	-5.019037
PYEX	-6.060430
RREN	-4.442382
HAMR	-5.662490
MIES	-5.039240
LSEG	-6.361460
SEGA	-5.320067
SSIW	-5.407217
WSAI	-4.884338
ENOL	-4.793258
SSSM	-6.361460
RNTA	-5.759400
AMBU	-5.082706
OOPL	-5.759400
KOFA	-4.781676
IRDP	-6.060430
RDPE	-6.060430
ICHC	-4.452975
ASEY	-5.157340
FMYP	-4.963520
DONN	-5.407217
NNOR	-4.899062
IEDJ	-5.157340
UMRB	-6.060430
EYDO	-5.131011
ORYA	-4.621097
DISQ	-5.407217
DEDM	-4.452975
LLVO	-5.662490
LVOU	-6.361460
UCTT	-5.458370
OBIT	-5.516362
BITY	-5.884338
DHON	-5.407217
ATBY	-4.829981
ANIA	-4.793258
RDMR	-5.458370
WMRW	-5.884338
FNOH	-5.884338
OHEN	-5.759400
IMTI	-5.662490
MTIL	-5.361460
NISW	-5.583308
EMFR	-5.060430
CYMO	-6.361460
TADO	-5.361460
YSSI	-5.458370
CERI	-5.247516
TYSA	-5.407217
MLYB	-5.516362
EMYN	-5.458370
EYSD	-5.662490
RYAB	-5.185368
YABL	-6.060430
UNAC	-4.805157
THSE	-4.708247
HSEV	-5.361460
LPAR	-4.999732
HASL	-4.793258
ATFR	-4.718007
LVEN	-5.759400
OTHG	-5.516362
SIDI	-4.805157
ODIF	-4.914302
PYTH	-5.157340
HMOD	-6.060430
ICHJ	-5.516362
CHJA	-5.884338
ANEE	-5.662490
DOFB	-4.899062
NGJO	-5.361460
GJOI	-6.060430
WTOM	-5.407217
IRYA	-5.361460
NTNE	-5.106187
RLAS	-4.748676
ADSC	-5.320067
MEUP	-4.576130
EUPT	-4.870098
TEXU	-6.060430
EXUL	-5.361460
XULT	-5.361460
ULTA	-4.781676
LTAT	-5.215332
ANTD	-5.039240
YPAT	-5.157340
SSIH	-5.320067
IHAP	-5.759400
OWWO	-5.247516
WWON	-5.662490
CURW	-6.060430
FMYM	-4.963520
MYME	-4.870098
YMEE	-5.282278
WOFL	-5.884338
MMOS	-5.583308
YISM	-5.458370
PAYM	-5.361460
YMYR	-5.458370
CHIA	-4.981248
NOWG	-4.999732
WGOI	-5.884338
LEXC	-4.981248
GDON	-5.157340
EMYT	-5.282278
MYTO	-5.185368
ALIG	-4.689362
DMYA	-4.946486
MYAP	-5.185368
OGYY	-6.361460
GYYO	-6.060430
FTOM	-5.157340
IERI	-5.361460
ERIB	-5.060430
NESN	-5.458370
SNEP	-6.060430
IPWA	-4.946486
HTEL	-5.407217
HTRI	-5.458370
SSUA	-5.516362
CYWO	-5.583308
OMRA	-4.914302
MRAT	-5.759400
STNE	-4.759400
ANYN	-5.131011
NYNO	-5.361460
INSL	-5.106187
NSLI	-5.157340
SLIS	-5.759400
EDAI	-5.131011
DAIR	-5.019037
EDSP	-4.738210
GREP	-5.247516
USMY	-5.458370
RLDO	-5.185368
ENTJ	-5.247516
NTJU	-5.662490
TJUD	-5.516362
LMAT	-5.157340
COPE	-5.131011
ITME	-4.930096
EAWI	-5.039240
HEES	-4.689362
OFCE	-5.157340
FCER	-5.516362
ONYA	-5.247516
ELAI	-5.106187
LAIT	-5.458370
AITY	-5.884338
ICHR	-4.870098
HREG	-5.157340
ECLE	-4.629066
RGYF	-6.060430
FDIG	-5.662490
TAPR	-5.157340
FBEH	-5.759400
NEDY	-5.320067
ISOC	-5.131011
HLEA	-5.458370
ORMW	-5.282278
ILOO	-4.759400
KONA	-5.759400
APOI	-5.060430
OFDU	-5.247516
FDUT	-5.583308
UTYP	-6.361460
TYPA	-5.320067
NMEF	-5.361460
RNEG	-5.516362
CTSH	-5.185368
EMYC	-4.914302
NTGU	-6.361460
TGUI	-6.060430
EUSI	-5.458370
DHAB	-5.662490
BITU	-5.458370
ANAY	-5.583308
NAYO	-5.458370
LOWB	-4.856310
OWBO	-5.516362
WBOW	-6.060430
BOWH	-5.583308
ACKM	-5.082706
CKMR	-6.361460
ECEP	-4.930096
EEAG	-5.039240
YWAT	-4.856310
RYEV	-5.157340
ECHW	-5.583308
ASOL	-4.829981
EMNB	-5.884338
MNBO	-6.060430
NBOW	-5.247516
ARAW	-5.131011
RAWO	-5.247516
LTAS	-4.914302
DSAW	-4.930096
OGYH	-6.060430
GYHU	-6.361460
YHUN	-5.060430
HITV	-6.361460
ITVE	-5.215332
TVEX	-6.060430
IMEX	-5.516362
FTOS	-5.039240
EYEI	-4.805157
YEIN	-4.829981
HUNR	-5.759400
NSAL	-4.930096
EAKR	-5.884338
AKRE	-6.361460
KREP	-5.884338
NTCI	-5.662490
PTSE	-5.884338
DABU	-5.662490
ONDS	-4.914302
MASL	-5.759400
DMOV	-5.662490
HMYR	-5.516362
NPAI	-5.215332
IDME	-5.407217
ERNM	-5.039240
RNME	-4.946486
WAFA	-6.060430
RUNW	-5.247516
THIL	-5.282278
HILY	-5.662490
OLEI	-4.914302
RSUE	-4.576130
SUES	-5.583308
UESH	-5.516362
YONH	-5.039240
ONSG	-5.759400
NSGA	-6.060430
VEBI	-5.759400
RTHT	-4.662490
PSAL	-5.060430
PPYA	-4.817392
PYAS	-5.583308
YASJ	-6.361460
INID	-5.662490
HATV	-4.680218
ATVE	-4.930096
AMAR	-4.817392
UEAF	-6.361460
ELTC	-5.662490
LTCA	-5.583308
TCAP	-4.793258
BLEU	-5.039240
KEBI	-5.458370
YSTW	-5.884338
HTSS	-5.282278
SAWW	-5.157340
AWWE	-5.884338
WWER	-5.320067
STUN	-4.504127
CKYP	-6.060430
KYPE	-6.361460
PERV	-5.060430
HPLA	-5.215332
HINO	-5.039240
DDEE	-5.019037
NEPE	-5.361460
CASF	-5.884338
LYOP	-5.082706
YOPE	-4.930096
LSEB	-5.247516
GSUB	-5.662490
FFAT	-5.106187
GUEW	-5.516362
UEWH	-5.082706
LEEN	-4.645456
ELFG	-5.215332
LFGR	-5.662490
WFON	-6.060430
TDES	-4.492228
DDOI	-5.458370
MISI	-5.082706
SASJ	-6.361460
GSOG	-6.060430
LYMU	-5.247516
RRIC	-5.131011
DLAS	-4.727991
ASTL	-4.120910
TATH	-4.829981
IGNH	-5.759400
GNHE	-6.060430
GLED	-4.583308
OGOI	-5.247516
SCIR	-5.106187
EAMA	-4.469365
CHOC	-5.215332
HEET	-4.348622
ETIQ	-5.759400
TIQU	-5.060430
UETT	-5.516362
SSLI	-4.793258
IODO	-5.106187
FESH	-5.407217
NYGO	-5.583308
CASM	-6.361460
PHAN	-4.432041
IEVI	-5.039240
SORP	-5.759400
IBEH	-5.060430
NALE	-4.842946
ALES	-3.562119
SAUD	-6.060430
AUDI	-5.215332
UDIB	-5.458370
INEX	-4.541916
FOFI	-5.759400
HOSA	-5.583308
GNON	-5.458370
ALWH	-4.689362
IMIA	-5.583308
EWEO	-5.884338
WEOW	-6.060430
EOWE	-5.583308
OWEH	-5.583308
WEHI	-5.662490
MNOS	-5.662490
HPAR	-5.157340
LARC	-4.842946
GHEM	-5.516362
ARFO	-5.185368
AMSP	-5.662490
EAKL	-5.662490
AKLO	-6.060430
KLOW	-5.458370
WERW	-5.019037
UTOO	-5.215332
ENDB	-4.899062
BYSO	-4.498137
YSOD	-5.361460
SODO	-5.019037
DBLU	-5.185368
HSHA	-5.106187
DVEX	-5.516362
LPFR	-5.884338
PFRE	-6.060430
TLYG	-4.899062
YEAT	-5.458370
ADED	-4.171128
GEDG	-5.884338
EDGR	-4.759400
GNAN	-4.718007
DSTE	-4.653889
ADYG	-5.583308
DYGR	-5.884338
GTHH	-5.215332
NGYA	-5.516362
GYAW	-5.884338
AWNI	-4.999732
EPET	-5.157340
FDEL	-5.082706
SAWN	-5.185368
AWNO	-4.914302
WNOL	-5.662490
NOLI	-5.131011
KELI	-4.946486
ELIH	-5.407217
LIHO	-5.282278
IHOO	-5.407217
OFSH	-4.605585
FSHA	-4.899062
DHAM	-5.185368
DCHI	-4.899062
HICK	-4.452975
CKEN	-4.621097
HNOW	-4.914302
WBEG	-5.516362
EVIV	-4.963520
VIVE	-4.829981
ATYP	-5.759400
IGET	-5.361460
NYBY	-5.884338
YSIG	-5.039240
NTLO	-5.131011
RTOP	-4.856310
OOFO	-4.963520
OFOF	-4.946486
FOFC	-5.884338
EMSU	-5.583308
YOFE	-5.082706
FEXH	-6.361460
GANH	-5.247516
HSEY	-6.361460
EWAT	-4.007351
TANZ	-6.060430
ANZA	-5.884338
NZAS	-5.884338
ZASW	-6.361460
LREW	-6.060430
RCLO	-5.019037
YONR	-5.759400
FAHO	-5.282278
AHOP	-5.361460
OFAV	-4.930096
FHAL	-5.320067
UTEB	-5.516362
RYSP	-5.131011
SPOW	-4.930096
EBYN	-5.131011
AKAN	-5.039240
DATJ	-6.060430
EEHO	-4.842946
SEDL	-4.999732
TOBI	-5.320067
SAWT	-4.320067
AWTH	-4.268038
MMAK	-5.583308
GSIG	-5.407217
IGNS	-4.637184
GNSO	-5.039240
FDER	-5.516362
DATD	-5.282278
MPEN	-4.829981
TRAB	-5.361460
BLYG	-5.282278
LDOE	-5.759400
DOEX	-6.060430
DUSL	-5.662490
USLO	-5.185368
GHLE	-5.662490
HLET	-5.320067
OEXH	-5.458370
BITM	-6.060430
ARWA	-4.817392
HSOR	-5.583308
RSSP	-5.407217
RANX	-5.458370
ENOG	-5.583308
NOGO	-5.215332
WAPP	-5.320067
TOIF	-6.060430
OIFI	-5.516362
FISA	-5.407217
GISH	-5.106187
IRFO	-4.914302
RMUS	-4.884338
YINN	-5.157340
TDIV	-5.320067
ATIB	-5.320067
TIBL	-4.727991
FACL	-6.060430
EANH	-4.999732
NBEJ	-6.361460
VOTI	-5.583308
SICF	-6.361460
ICFO	-5.458370
CFOR	-5.662490
LYOT	-5.884338
SHHA	-5.516362
BEBE	-4.930096
STWR	-5.407217
NSER	-4.637184
ISHD	-5.282278
SHDU	-6.060430
HDUT	-6.361460
DUTI	-4.914302
ISDW	-6.060430
SDWE	-5.759400
SEDF	-4.718007
KITO	-5.320067
FLIG	-4.645456
HTIM	-4.759400
IATO	-5.458370
ORYM	-5.407217
RDSE	-4.999732
YESP	-5.157340
MHEO	-6.361460
FERM	-5.516362
ATDU	-5.516362
TDUT	-5.662490
UTYN	-5.759400
YNOR	-4.914302
DOMI	-4.899062
FTES	-5.759400
DYCO	-5.185368
BOWT	-5.516362
BYHA	-5.407217
NYSM	-6.060430
REAM	-4.084998
FESE	-5.759400
LDDU	-5.516362
LAYT	-4.671264
TORF	-5.458370
PPYD	-5.759400
PYDI	-6.060430
KITF	-5.583308
PEDH	-4.653889
FASO	-5.215332
HHEM	-5.458370
CYHO	-6.060430
SBAD	-5.583308
BADE	-5.019037
NGBR	-4.748676
GBRO	-5.131011
GLYB	-5.060430
YBYH	-5.407217
ILWI	-5.131011
OITT	-4.999732
EFOB	-5.759400
FOBJ	-5.516362
SBYD	-5.583308
NGCL	-4.781676
GCLO	-5.019037
NOAR	-5.157340
RGUI	-5.247516
GUIN	-4.999732
PONS	-4.583308
HOOF	-5.282278
NSSC	-5.884338
ORTD	-5.185368
RTDI	-5.320067
DHEN	-4.817392
RCAM	-4.781676
OMRW	-5.407217
DREJ	-5.884338
RNPA	-5.759400
ODEP	-5.185368
BYAM	-5.131011
MANŒ	-5.759400
ANŒU	-5.759400
NŒUV	-5.759400
ŒUVR	-5.662490
UVRE	-5.662490
VREO	-6.361460
IRCA	-5.060430
GEAQ	-6.361460
EAQU	-5.157340
URAF	-5.247516
SEWA	-4.569068
SGON	-4.770395
EMTI	-5.583308
MTIM	-5.407217
WHEA	-5.282278
YBYS	-5.458370
HSEX	-6.060430
EEVI	-4.718007
EPUL	-4.689362
LSED	-5.458370
SEDE	-4.598032
TATC	-5.759400
GTHR	-4.510201
WALA	-5.458370
NGUO	-5.516362
GUOR	-5.516362
UORO	-6.361460
OROV	-5.759400
GSPE	-5.039240
IREN	-4.770395
EHOS	-5.282278
IRGU	-5.884338
STSD	-5.662490
INEQ	-5.516362
SENJ	-5.662490
JOYI	-4.981248
DYAS	-5.247516
HFAT	-6.361460
DTOU	-4.770395
ALEX	-4.999732
FLOR	-5.106187
OWTI	-5.662490
WTIR	-6.361460
AMAC	-5.583308
MACC	-5.157340
BYAV	-5.583308
YAVI	-6.060430
AWNW	-5.516362
YARO	-5.407217
AKEL	-5.320067
KELE	-4.598032
FPAR	-5.106187
RLYT	-4.671264
WHAP	-5.458370
PPYH	-5.215332
PYHE	-5.583308
MBYE	-5.759400
BYEA	-5.583308
GAFA	-5.759400
ILYD	-4.856310
NYTI	-5.185368
YTIM	-4.738210
ONBI	-5.662490
ULPL	-5.662490
YOFW	-4.884338
GOTH	-4.541916
DAYF	-5.082706
USEU	-5.458370
SEUN	-4.781676
ULPE	-5.516362
NTSN	-5.247516
TSNE	-5.282278
SNEW	-4.999732
EWCA	-5.320067
WCAR	-5.361460
DWED	-5.247516
WEDD	-4.576130
ULDU	-5.215332
LDUN	-5.407217
HSOF	-4.856310
ALCE	-5.662490
TCHW	-4.738210
ITEG	-5.215332
TEGO	-4.555280
ACHW	-5.185368
SECL	-5.039240
CLIP	-5.662490
PSED	-4.946486
LDIL	-5.662490
GECH	-5.407217
RXIX	-6.361460
XIXI	-5.884338
AYOP	-5.759400
WSCE	-5.458370
RMHA	-5.662490
OSSO	-4.817392
FABS	-5.662490
CEEX	-5.106187
FFID	-5.282278
LFEV	-5.662490
YORD	-5.185368
RLYM	-5.131011
HHES	-4.759400
DSMA	-4.662490
AYIH	-5.458370
PEMA	-5.662490
DAMF	-5.884338
AIRD	-5.583308
ISOL	-4.605585
CITF	-6.361460
TEAU	-5.662490
EAUD	-5.583308
DIEN	-4.870098
ADTI	-5.361460
UTAB	-4.645456
HOFS	-5.039240
DOHD	-6.060430
YESC	-4.999732
ZYWI	-5.583308
PYIA	-6.060430
TTYI	-5.407217
YIWA	-4.842946
OUUP	-5.458370
UUPS	-6.060430
DGAT	-5.516362
KTOG	-5.320067
HCAL	-5.320067
RMAA	-6.060430
AAMD	-6.361460
AMDO	-5.759400
MDON	-5.407217
GOIB	-5.884338
OIBE	-5.759400
TGOM	-5.516362
GOMR	-6.060430
EMEH	-5.060430
ODYN	-6.060430
DYNE	-6.060430
FNON	-5.884338
PONE	-4.738210
HSSE	-5.884338
HVEX	-6.361460
EMBA	-4.629066
MBAR	-4.748676
BARR	-4.397672
RRAS	-4.999732
KSAB	-5.407217
APES	-4.999732
DLIZ	-5.407217
ZYII	-6.361460
YIIN	-6.361460
IINS	-5.458370
ISTU	-4.576130
OTOP	-5.361460
SESU	-4.842946
NINJ	-5.320067
NJUN	-5.247516
JUNC	-5.215332
ITOV	-4.884338
DASQ	-5.884338
IETL	-4.645456
ETLY	-4.562119
YASP	-5.082706
WNAG	-5.060430
EALB	-5.019037
ALBY	-5.458370
LBYI	-6.361460
BYIN	-4.963520
DDIV	-5.039240
GANB	-5.759400
NBEL	-4.930096
RMOD	-5.583308
STYS	-5.247516
OMDO	-5.458370
MDOI	-6.060430
DDST	-5.583308
UROT	-5.583308
ONSY	-5.361460
NSYO	-5.082706
NMYE	-4.842946
MYEY	-4.522611
YEYE	-4.250870
EUNW	-5.320067
ESSY	-4.590608
YDOU	-5.247516
RSEH	-4.981248
UTOD	-5.361460
EMYA	-4.930096
MYAT	-5.039240
SIEN	-5.157340
UOUT	-5.662490
MYFU	-5.361460
YFUT	-5.458370
IFEB	-4.842946
FEBU	-4.914302
AMRU	-6.361460
MRUN	-6.060430
HBYM	-6.361460
YMYF	-5.157340
ECTP	-5.361460
CTPE	-5.884338
PSIT	-5.082706
GAWI	-5.583308
SICE	-5.662490
EMNC	-5.884338
MNCO	-6.060430
GRUN	-5.583308
HBYH	-5.759400
HSON	-5.516362
ARLA	-5.215332
TOPH	-5.131011
OPHI	-5.039240
IMFA	-5.320067
MFAR	-5.583308
DMYR	-5.106187
ASYC	-5.516362
SYCI	-6.361460
KEMY	-4.842946
FMAT	-4.781676
SHSE	-5.320067
HSEC	-5.884338
ADDV	-6.361460
DDVE	-6.060430
OMYH	-4.856310
MYHA	-4.357138
IRDL	-5.320067
DLYW	-5.106187
PSIO	-6.060430
YNOB	-5.583308
GPAT	-5.583308
SSTW	-5.516362
NUNA	-5.131011
NASK	-5.131011
OOON	-5.759400
AYNI	-5.407217
YNIG	-4.637184
REIL	-5.039240
EILE	-5.106187
FTHU	-5.361460
ORDB	-4.963520
SATQ	-5.759400
LLEW	-5.884338
MRSJ	-5.407217
RSJE	-5.361460
SJEN	-5.361460
JENK	-5.407217
ENKI	-5.131011
GHSF	-5.884338
HSFO	-5.662490
SFOO	-4.999732
OOTS	-4.621097
OOLT	-5.215332
OLTH	-5.131011
INSY	-5.458370
YACL	-5.516362
RRYC	-5.516362
MYSA	-5.106187
YSAK	-6.060430
WNLE	-5.583308
EUSE	-4.469365
ULSO	-5.131011
TBRO	-4.817392
TUPH	-5.458370
UPHI	-4.817392
PHIG	-6.361460
KEAS	-4.680218
LINC	-4.884338
MEGO	-5.019037
GOAG	-5.884338
OAGO	-5.583308
ODWA	-4.842946
DWAY	-4.930096
SMYA	-5.458370
MYAD	-5.039240
CEFI	-5.516362
ANBR	-5.458370
NBRI	-5.060430
WMEB	-5.884338
RVEM	-5.247516
TREC	-4.671264
NKMU	-6.060430
KMUS	-5.583308
ANKW	-5.082706
KWIL	-5.516362
EVIT	-5.082706
USMU	-5.361460
RMYG	-5.407217
NYIT	-5.516362
YITR	-5.516362
ITRE	-4.653889
YMYV	-5.884338
MYVI	-5.082706
YVIE	-5.282278
EWSW	-5.185368
WSWE	-5.019037
WNNE	-5.458370
NNEI	-5.407217
ODWH	-4.759400
EIAS	-5.458370
GASI	-4.698702
TEAF	-5.247516
HOFY	-5.361460
RHON	-5.407217
HOHO	-5.516362
RMAY	-5.106187
AYLI	-4.829981
SFYM	-5.407217
FYMY	-5.361460
OUTR	-4.548546
SEAW	-4.613272
IFEF	-5.157340
MMIG	-5.759400
HOLY	-4.613272
OLYE	-5.759400
NMYM	-4.759400
DIFL	-5.884338
KMEI	-5.583308
RMEB	-5.407217
MYAF	-5.407217
UNEI	-5.185368
NEIA	-5.361460
LMAK	-4.999732
ATNA	-5.060430
TNAT	-5.082706
EONY	-5.247516
IAMW	-5.039240
AMWE	-5.407217
MWEL	-5.157340
LBEU	-5.583308
ORML	-5.320067
MLYS	-5.458370
TNOU	-5.759400
YLIP	-5.407217
PTHI	-4.946486
OOHA	-5.247516
TYSI	-5.157340
IEDY	-5.185368
WERL	-5.282278
TMED	-5.458370
UTFU	-5.662490
MEAC	-4.727991
PTMY	-5.247516
TMYT	-5.185368
NKSF	-5.516362
KSFO	-5.131011
EPAY	-5.131011
ROFY	-4.946486
ALSB	-5.247516
ODOO	-5.407217
DOOT	-6.060430
EMIA	-4.999732
OTNO	-5.282278
ARNR	-6.361460
RNRE	-6.361460
HAFO	-5.458370
MALW	-5.320067
LWAV	-6.361460
WAVE	-4.392977
RETL	-5.407217
EPTW	-5.019037
PTWH	-5.282278
STAP	-4.856310
LISR	-5.884338
IRDT	-5.361460
RDTI	-5.516362
NSDI	-5.131011
AVEJ	-4.981248
VEJU	-5.060430
UTOT	-5.019037
LTAR	-5.157340
SIRC	-5.361460
IRCR	-5.247516
PEIS	-5.407217
ONID	-5.282278
UCHY	-5.320067
ESOD	-5.157340
SODA	-5.516362
DARI	-4.817392
RISK	-4.899062
ISKT	-5.662490
SKTH	-4.981248
GASK	-6.060430
NMYR	-5.082706
SALY	-5.884338
PYAN	-5.019037
ONAY	-5.759400
NAYW	-5.759400
WMEI	-5.884338
ILLQ	-5.361460
LLQU	-4.999732
LQUA	-5.247516
IEDF	-4.805157
KSOS	-5.759400
INSV	-5.884338
NSVE	-5.516362
IPWO	-5.407217
PWOU	-5.407217
ALLD	-4.316137
ROFS	-4.748676
LLSP	-4.793258
LSPE	-5.019037
TYEC	-5.516362
YECO	-5.361460
CONO	-5.320067
ONOM	-4.781676
OMYA	-5.060430
MYAN	-4.829981
LPRA	-5.458370
DPAY	-5.247516
FBEL	-5.407217
YOUV	-5.131011
OUVE	-5.185368
UVER	-5.361460
RYRI	-5.320067
URHA	-4.590608
NGOT	-5.131011
URFE	-5.082706
GSWI	-5.060430
AYTA	-5.185368
RITF	-5.361460
ITFA	-5.247516
TFAL	-5.060430
LSWI	-4.999732
ELFR	-4.981248
FREP	-4.946486
HUSS	-4.793258
AVEQ	-5.516362
VEQU	-5.458370
USAD	-5.516362
IDOM	-5.759400
DOMY	-5.361460
XTON	-5.516362
VEAM	-5.215332
OWGI	-5.884338
WGIV	-5.662490
NMET	-4.870098
AMFA	-5.884338
CUSI	-6.361460
UOFC	-6.060430
FCRU	-5.516362
LTYA	-5.407217
SEIK	-5.516362
HEDC	-5.157340
EDCU	-5.458370
DCUS	-5.884338
OMOF	-4.480646
MOFY	-5.662490
CTAM	-5.884338
OENC	-4.999732
GEMY	-5.185368
MYSU	-4.914302
RUED	-5.583308
UEDE	-5.884338
EFEM	-5.407217
ALEC	-4.738210
MTHY	-5.407217
OUPU	-5.583308
UPUZ	-6.361460
YIFW	-6.361460
IFWH	-5.662490
EHIT	-5.106187
RTOY	-5.019037
MOFE	-5.884338
WTOE	-5.884338
SMYR	-5.516362
UOFI	-6.361460
BRIE	-4.748676
FLYT	-5.247516
DISU	-5.185368
PTAN	-5.019037
HLYD	-5.407217
FEMY	-5.759400
PTOY	-6.060430
WNAR	-5.407217
NMYF	-4.637184
TOFU	-4.870098
OFUR	-5.060430
IFOL	-4.946486
NSCE	-5.247516
GEMA	-5.282278
RBEM	-5.583308
YOUY	-4.637184
OUYO	-4.718007
UYOU	-4.708247
NISU	-5.215332
SUNH	-4.946486
YSOS	-5.185368
OODU	-5.060430
ODUN	-5.516362
URLO	-4.981248
RLOV	-4.829981
SIMU	-4.914302
TSER	-4.899062
RREJ	-5.884338
LCHO	-5.884338
GMYL	-5.407217
FELE	-4.829981
NTFE	-5.131011
TFEM	-5.759400
NOPR	-5.131011
HATK	-5.039240
ATKI	-5.215332
ANIW	-5.082706
NIWO	-5.320067
LDRA	-5.019037
RBEP	-6.060430
GBEL	-5.759400
MISA	-5.131011
BIDI	-5.583308
DITC	-4.914302
EAKP	-5.759400
AKPL	-5.759400
GUEY	-5.759400
UEYO	-5.247516
SARA	-5.106187
ALCR	-5.185368
UTHF	-4.999732
THFR	-4.829981
HFRO	-4.653889
MLYC	-5.320067
FAWK	-6.361460
ARDG	-5.082706
RDGA	-5.458370
ANCT	-5.282278
OTHY	-5.282278
TSMY	-5.215332
SMYP	-5.282278
ALSW	-4.930096
OTFA	-4.829981
REWD	-5.215332
EWDE	-5.759400
WDET	-5.759400
LSAS	-5.157340
TBEU	-5.157340
BEUT	-6.060430
EUTT	-5.106187
ISIV	-4.899062
EBEH	-4.653889
TBEM	-4.981248
DCOQ	-6.361460
COQU	-6.060430
UETR	-5.759400
TRYO	-5.082706
LEIL	-5.458370
XXIL	-6.060430
EFTL	-5.320067
FTLO	-5.458370
GDAW	-5.884338
DAWD	-6.060430
AWDL	-6.060430
WDLE	-6.361460
DLED	-4.738210
STIB	-4.963520
TIBU	-5.320067
IBUL	-5.407217
BULE	-5.361460
AWEL	-5.060430
WELI	-5.215332
ICKS	-4.653889
KSTE	-5.407217
TEPP	-4.856310
EPPA	-5.759400
PPAS	-6.060430
RMTE	-6.060430
MTER	-6.361460
PPYP	-5.884338
PYPR	-5.884338
RNEA	-4.781676
RERC	-5.884338
SEFE	-5.060430
CITA	-5.157340
IEWW	-5.361460
EWWI	-5.361460
TOFW	-4.463833
LDNA	-5.583308
YFLO	-5.060430
LOWF	-4.930096
RBAS	-5.662490
BASH	-5.082706
ASHF	-5.583308
SHFU	-5.759400
LMOD	-5.583308
STYA	-5.185368
ENUI	-5.361460
NUIN	-5.215332
UINE	-4.842946
LEDM	-4.426961
IMBY	-4.914302
MBYP	-6.060430
LPSA	-5.884338
PSAY	-5.759400
GSOB	-5.759400
BEBR	-5.282278
ONGF	-4.856310
GFOO	-5.662490
WITP	-6.361460
ITPA	-5.458370
UMAD	-5.407217
DAMC	-5.759400
AMCR	-5.516362
MCRI	-5.361460
DFOO	-5.247516
SHIK	-5.884338
HIKN	-5.282278
DALT	-4.963520
EWIF	-5.060430
NINM	-4.817392
HONA	-5.516362
OKSF	-5.662490
TEIF	-5.320067
LYPE	-4.653889
UITP	-5.884338
RCEH	-5.282278
GMEB	-5.759400
EIFL	-6.361460
FLIA	-6.060430
LIAB	-5.019037
MEDL	-5.060430
HMAT	-5.320067
SASG	-5.320067
DAGI	-5.458370
LASE	-5.583308
EDIW	-4.759400
LGOD	-5.458370
GODI	-5.106187
ODIR	-5.320067
DWES	-4.884338
OONS	-4.361460
THUR	-4.653889
RYOH	-5.884338
YOHM	-5.662490
OHMR	-5.759400
EDIM	-4.498137
NANU	-5.157340
NUPR	-6.060430
ROAR	-4.637184
OARY	-5.884338
ZYMA	-5.884338
EVOW	-5.759400
VOWS	-5.583308
WSSH	-5.407217
STEH	-5.583308
NGEH	-4.946486
YESF	-4.930096
KASS	-5.458370
ACAL	-4.914302
ALMU	-5.583308
LMUN	-6.361460
MUNC	-6.361460
HOFW	-5.131011
ZZYL	-6.060430
ZYLI	-6.361460
YLIZ	-5.407217
ZYDE	-6.361460
ITOD	-5.662490
DOON	-5.884338
MSAH	-6.060430
SAHO	-5.185368
OPEL	-4.884338
PELE	-4.361460
SSSP	-5.884338
KTOL	-5.458370
ZYAB	-6.060430
YABO	-4.738210
LFTE	-5.884338
IMLE	-5.662490
MLET	-5.516362
ANGT	-5.106187
ILDC	-5.215332
LDCR	-5.060430
UONA	-6.060430
CEIU	-5.884338
UANO	-5.759400
ITTR	-5.662490
RUEE	-5.361460
AGEY	-5.320067
GEYO	-5.131011
SIRV	-6.060430
IRVE	-5.320067
LWEN	-5.516362
WENO	-5.215332
SOMR	-5.662490
ETYE	-5.516362
ORIW	-4.963520
RIWI	-5.039240
NUNH	-5.884338
PYAL	-6.060430
OUEL	-5.407217
UELI	-5.215332
UDOE	-6.361460
UTSM	-5.458370
HABE	-5.185368
ABEG	-5.361460
WOSM	-6.060430
LFAV	-5.884338
REEU	-5.759400
EEUS	-5.884338
FMYU	-5.458370
MYRO	-4.946486
YBEN	-5.039240
DIDM	-5.215332
NETG	-5.884338
HAGA	-5.082706
NCOA	-5.131011
COAX	-5.884338
OAXE	-6.060430
AXED	-5.282278
BYTU	-5.583308
RNSS	-5.884338
OSEC	-4.402418
LPOS	-5.215332
EALE	-4.447646
ALEA	-4.031046
LGAI	-5.759400
GAIE	-5.516362
AIET	-5.516362
RVAR	-5.361460
NSME	-5.361460
LEWA	-4.324033
SMED	-5.282278
FTOC	-5.759400
DEWA	-4.671264
HURT	-5.082706
NNOO	-5.157340
EIMA	-4.680218
ACHP	-5.759400
CASC	-5.516362
ULEB	-5.884338
IAWH	-5.320067
HFUN	-5.884338
FUNH	-5.759400
NKHA	-5.884338
KHAS	-5.583308
OOMC	-5.247516
MCHA	-4.817392
TTEH	-5.516362
LYTI	-5.185368
DBYK	-6.060430
BYKI	-5.662490
YKIT	-5.583308
ECTC	-5.157340
CTCA	-5.759400
GONM	-5.516362
YPRA	-5.082706
OLYT	-5.662490
DYTA	-6.361460
HMEI	-4.884338
MCRU	-6.361460
LLYU	-4.793258
LYUS	-4.981248
ODYF	-5.247516
DYFE	-5.662490
ELSF	-5.407217
VESC	-5.185368
THAY	-5.407217
HAYT	-6.060430
GASU	-5.361460
CARI	-5.516362
GNOM	-4.963520
FWEW	-5.583308
YORK	-5.407217
ORKP	-5.662490
RKPR	-5.884338
KPRO	-5.516362
NWAY	-5.282278
UWHA	-5.157340
ZYIF	-6.060430
NREF	-4.930096
ETAH	-5.131011
TAHU	-5.215332
AHUS	-5.157340
OMAI	-5.361460
UWHE	-5.516362
RISD	-5.516362
SOIW	-5.662490
OIWA	-5.458370
IWAR	-6.060430
WARN	-4.805157
ARNY	-5.759400
OUIH	-5.407217
UIHA	-5.516362
OLDY	-4.899062
EASG	-5.185368
SMYW	-5.247516
RDIH	-5.458370
GTOU	-5.215332
UNDU	-4.770395
NDUT	-5.361460
ULCH	-5.247516
RENN	-5.884338
ODYP	-5.662490
DYPE	-5.662490
MNER	-6.361460
NOGR	-5.106187
GNOB	-5.516362
SSOT	-4.576130
TIED	-4.930096
HOEN	-5.407217
AIRM	-5.131011
RLSN	-6.361460
LSNO	-5.106187
LOFY	-5.247516
UHOL	-5.516362
NTOG	-4.738210
SEDQ	-5.884338
OOMJ	-5.662490
RGRO	-5.131011
UNDD	-5.157340
LECU	-5.361460
HWAL	-5.516362
NADO	-5.185368
ADOL	-5.583308
LEFU	-5.185368
FULV	-5.583308
ULVO	-6.361460
LVOI	-5.662490
TTHU	-4.842946
NOHM	-5.516362
DAMR	-6.060430
TUSB	-5.458370
INTF	-5.282278
BEIT	-4.680218
MMEH	-5.884338
EHEP	-5.060430
ILSI	-5.185368
YOFU	-5.583308
IARD	-4.999732
ARDU	-4.981248
DITR	-4.930096
STIA	-4.576130
APSN	-5.583308
PSNO	-5.361460
ROMF	-5.060430
OMFE	-5.884338
MFEE	-5.884338
GADO	-5.884338
NHON	-5.247516
RSOP	-5.458370
NGDE	-4.671264
GDEN	-6.060430
ITSV	-4.981248
TSVA	-5.282278
SVAL	-5.185368
LUEI	-5.458370
OPEC	-5.361460
PECO	-5.407217
DAMB	-5.320067
YTHU	-5.131011
HUSW	-4.963520
USWI	-4.805157
GMYP	-5.458370
GPAI	-5.320067
UTOI	-5.759400
NMYB	-5.039240
ALFM	-5.407217
UCTM	-5.583308
CTMA	-5.361460
YIFE	-5.458370
RBEO	-5.884338
TOER	-6.361460
OERR	-6.361460
RROR	-4.108607
VECE	-5.516362
IRMY	-5.516362
MYOB	-5.583308
CTHA	-5.082706
THDU	-5.884338
HDUE	-6.361460
DUEC	-6.361460
DIFM	-5.759400
MYMA	-4.727991
IHER	-5.458370
IZEI	-5.759400
ZEIL	-6.361460
USSI	-4.738210
NSSO	-4.817392
NGSN	-5.185368
GSNE	-6.060430
NDOC	-5.131011
DOCC	-4.829981
EPEE	-5.215332
PEEV	-5.759400
VISH	-5.131011
FLYE	-5.759400
BYEM	-5.662490
YEMB	-5.215332
SSME	-4.856310
TORD	-5.106187
RDEJ	-6.361460
DEJE	-5.458370
NORB	-5.082706
YTRY	-5.407217
OIDH	-5.884338
TBYS	-5.039240
YSTI	-4.492228
ULSI	-4.870098
RSPO	-4.930096
NSFE	-5.157340
SFER	-5.282278
SECI	-5.320067
FTOT	-4.842946
ROWP	-5.407217
DNOA	-5.516362
NOAB	-5.884338
OABA	-5.320067
ABAT	-5.060430
TEME	-4.562119
ETSI	-5.019037
LTHM	-6.060430
FANG	-5.019037
GRYP	-5.884338
STAF	-4.770395
LSWA	-5.215332
EIFM	-6.361460
LHEJ	-6.361460
HEJO	-4.870098
DYWE	-5.361460
RHEV	-6.361460
IFOU	-4.416977
EETM	-5.215332
ATSC	-4.718007
TSCE	-5.247516
ISEU	-5.247516
EUNP	-5.131011
DLEI	-5.215332
RAFU	-6.361460
AFUL	-5.131011
ULLD	-5.458370
EYCI	-6.361460
TOWE	-4.397672
RASW	-4.999732
ALKH	-5.884338
LKHE	-5.662490
KHEP	-5.884338
SADO	-5.106187
DUCI	-5.131011
UCIN	-5.131011
HEMC	-4.914302
EMCO	-5.282278
MCOP	-5.884338
RNAL	-4.316137
NVEL	-4.817392
TLEH	-4.884338
EHOT	-5.131011
HOTP	-5.759400
SEDP	-5.247516
DPAP	-5.282278
PAPE	-4.197107
LCOV	-5.458370
DYSF	-6.060430
YSFA	-5.516362
IRFL	-5.361460
RFLO	-4.999732
HSAW	-5.247516
GEAS	-4.653889
ERDW	-5.884338
GESJ	-6.361460
ESJA	-5.361460
FSOO	-5.458370
ERAW	-4.805157
AYTR	-5.458370
OINW	-5.759400
ERUS	-4.562119
RUSU	-5.407217
NANX	-6.060430
CHDR	-5.458370
MWIC	-6.361460
KENL	-5.407217
NAGL	-6.060430
ERUP	-4.662490
RUPS	-5.662490
IRSW	-5.131011
WNRO	-5.215332
NROO	-5.247516
SISF	-5.407217
OMCA	-5.157340
MCAR	-5.320067
EFTN	-5.662490
FTNE	-5.131011
CKAG	-4.930096
KAGA	-4.829981
STSE	-4.437180
UDWH	-5.662490
MPRI	-4.914302
NGJU	-5.131011
GJUS	-5.157340
ROSV	-5.759400
OSVE	-5.759400
EMRH	-4.946486
ADAH	-5.583308
DAHO	-5.157340
XTWA	-5.662490
LLLE	-4.793258
LLEA	-4.689362
EPTY	-5.662490
ETYM	-5.662490
OPEA	-4.562119
EFUT	-4.999732
IODT	-5.884338
ODTO	-5.060430
OYMA	-5.884338
EWEH	-4.930096
FSEP	-5.583308
DCOR	-4.999732
IDEP	-5.131011
ESEH	-5.039240
IGHF	-5.662490
GHFL	-5.662490
HFLO	-5.282278
WNEX	-5.583308
LSUR	-5.060430
NITR	-5.215332
RABS	-5.157340
ETYS	-5.282278
TYSH	-4.856310
RDIT	-4.671264
SUNL	-4.899062
CKYS	-5.759400
KYSA	-5.759400
OFFU	-4.856310
FFUT	-5.407217
RDMA	-5.185368
RSEY	-5.157340
NASF	-5.458370
LBER	-5.131011
THYE	-4.817392
HYET	-5.060430
YETG	-5.662490
ETGR	-5.516362
DONB	-4.738210
NBYT	-4.569068
EMCA	-5.407217
LRET	-5.247516
SWIN	-4.504127
RLEF	-5.215332
EFTU	-5.361460
FTUS	-5.458370
TUSY	-6.361460
SYES	-4.759400
YHEI	-5.157340
IMEC	-5.215332
ESGE	-5.407217
SGET	-5.131011
OHUR	-5.458370
NWEH	-4.999732
ISVA	-4.963520
HOTE	-4.999732
TELM	-6.361460
OWDB	-6.361460
WDBU	-6.361460
AIRI	-4.402418
RCHR	-5.662490
ISTM	-4.914302
AYAB	-5.583308
YBRI	-4.870098
EAUX	-5.759400
AUXW	-6.060430
UXWI	-6.361460
XWIL	-6.361460
ONUM	-5.516362
HOMW	-5.282278
MWES	-5.583308
LDEP	-5.759400
KNOM	-5.458370
WHYW	-5.185368
HYWI	-5.458370
KSOI	-5.458370
WNMA	-5.247516
WALL	-4.154634
RLYH	-5.060430
YHUR	-5.583308
URTS	-5.361460
TSME	-4.999732
UMRD	-6.361460
YISI	-5.215332
RESC	-4.605585
SSEA	-4.613272
INIR	-5.583308
NIRE	-4.759400
INKG	-6.361460
NKGE	-6.361460
KGEO	-6.361460
RGIA	-5.106187
GIAN	-4.870098
UALF	-5.320067
TYEL	-5.247516
YELE	-5.060430
PIRE	-4.605585
SINL	-4.805157
NLOU	-5.759400
GSTI	-5.060430
OPEW	-4.770395
PEWE	-5.458370
DTOY	-4.759400
UMYF	-5.662490
EMUN	-5.407217
MUNR	-5.884338
EMYB	-5.039240
OOTI	-4.870098
RSPA	-4.914302
ENIC	-4.748676
LESM	-4.748676
GAGI	-5.185368
AMIW	-5.662490
MIWR	-6.361460
IWRO	-5.320067
GMYD	-5.662490
ESTJ	-5.320067
ULGI	-5.759400
LGIN	-5.583308
LSEC	-5.185368
CEMY	-4.793258
OTCL	-5.516362
GHDO	-5.516362
HDOE	-5.320067
NENE	-4.946486
CTSN	-5.884338
GSFO	-5.106187
NSMO	-5.039240
OPUT	-4.793258
UTME	-4.829981
TMEO	-5.106187
NMYG	-5.247516
MYGU	-5.320067
ARDC	-4.870098
ECTY	-5.131011
CTYE	-5.662490
GLYY	-6.060430
WWOR	-5.106187
DSMI	-4.899062
WSHI	-5.157340
EOFK	-5.247516
OFKE	-5.516362
FKEE	-5.884338
OUTY	-5.019037
OUJA	-6.060430
UJAN	-6.361460
EEDJ	-6.361460
UTOG	-5.759400
RWED	-5.361460
HESB	-4.999732
OTRI	-5.082706
GHOR	-4.981248
HORG	-6.361460
ORGR	-5.247516
EANX	-5.131011
NUIT	-5.583308
UITY	-5.082706
SLYI	-4.930096
EYTE	-5.458370
LLSY	-5.759400
UHER	-5.361460
RESM	-5.060430
UONT	-5.884338
DIFW	-5.516362
FWET	-6.060430
WETH	-5.039240
ALIK	-4.914302
HTMA	-4.999732
EMEQ	-5.884338
TEEA	-5.583308
ASYB	-5.662490
SYBU	-5.884338
SUNJ	-6.060430
FWIL	-5.082706
SCAS	-4.680218
PYID	-6.361460
AKEC	-4.999732
KECO	-5.458370
ANSY	-5.759400
OWDO	-4.748676
WDON	-5.516362
TYBY	-5.407217
RETN	-5.884338
TNOL	-5.282278
GERB	-5.060430
GAMA	-5.215332
RRYE	-5.516362
RYEL	-5.247516
DIFU	-6.060430
IFUP	-6.361460
MATU	-5.282278
OUFI	-4.930096
UFIN	-5.247516
ISOB	-4.856310
QUIV	-5.106187
UIVA	-6.060430
VALE	-5.019037
EIAD	-6.060430
IADV	-5.583308
UBYA	-6.361460
INTL	-5.247516
YGRI	-5.106187
IRDI	-4.930096
TEID	-5.516362
RNSN	-5.759400
RMYC	-5.282278
RBER	-5.247516
NSIX	-5.458370
SIXM	-5.583308
IXMO	-5.662490
XMON	-5.759400
HSTH	-5.185368
ESUG	-5.516362
FCAR	-5.215332
LYOR	-5.039240
CEAY	-5.662490
NSOT	-4.963520
SOTO	-4.805157
PYEF	-6.361460
YEFF	-5.407217
ECTJ	-6.060430
CTJA	-6.060430
YLED	-5.516362
ATBI	-5.060430
TBIN	-5.320067
DANS	-5.282278
EYAG	-5.759400
EDEP	-4.793258
UCTB	-6.060430
BEWA	-4.870098
EWAI	-4.781676
WAIL	-5.458370
GLYU	-5.458370
OGOA	-5.106187
GOAW	-5.361460
OAWA	-5.131011
GSOI	-5.662490
RLAM	-5.458370
GITH	-5.039240
GTHS	-5.215332
GATL	-5.106187
OAFA	-5.458370
KECA	-4.999732
OFUL	-4.946486
ULLC	-5.215332
SSOK	-5.884338
RITK	-6.361460
ITKE	-6.060430
PSHI	-5.106187
CANE	-4.805157
NINB	-5.215332
GUSE	-5.583308
PLYR	-5.516362
RYAM	-5.458370
UTCH	-4.504127
TESK	-6.060430
SBYE	-5.583308
BYEN	-5.662490
ASSS	-5.131011
RITL	-5.458370
APEO	-4.870098
PEOU	-6.361460
LESL	-4.856310
SLYN	-5.759400
YNES	-5.361460
TOLU	-5.458370
OLUC	-5.516362
ROWH	-5.157340
FEET	-4.128464
MACO	-5.320067
HIMD	-4.781676
IMDE	-5.407217
MPTK	-6.361460
PTKN	-6.361460
DBEK	-5.662490
BEKN	-5.583308
WNLI	-4.930096
GHFE	-5.583308
GALM	-5.282278
TSEC	-4.963520
YENC	-5.106187
OFWE	-5.215332
STFL	-5.157340
TFLA	-5.082706
CASP	-5.884338
CEAW	-5.458370
AWAI	-4.999732
RTAT	-4.963520
SSLO	-5.019037
EHEE	-4.793258
PPIE	-5.060430
GHSU	-5.247516
WAIV	-5.884338
AIVE	-6.060430
ELTN	-5.458370
TNOI	-5.247516
FLEW	-4.793258
STGU	-5.884338
TGUA	-5.759400
HIPF	-5.106187
IPFR	-5.516362
PFRO	-4.759400
NWIS	-5.157340
NUAN	-5.759400
UANC	-5.759400
HOAC	-5.759400
MSOL	-5.759400
PURE	-4.914302
TEDD	-4.598032
PEED	-4.653889
OSTJ	-6.361460
STJO	-5.583308
TJOY	-5.583308
JOYF	-5.247516
OYFU	-5.407217
ULAL	-5.884338
LALA	-5.583308
LDGI	-4.899062
WEAL	-4.671264
GLYF	-5.583308
AMGA	-6.060430
MGAV	-5.759400
EDOP	-5.215332
XPED	-5.039240
PEDI	-4.426961
EDIE	-4.598032
HHEA	-4.738210
IRAP	-5.282278
RLYO	-5.131011
VERJ	-5.407217
ERJO	-4.930096
RJOY	-5.157340
JOYE	-4.999732
YEDO	-4.946486
RLSF	-6.060430
UTAY	-5.662490
TAYE	-4.817392
AROR	-5.157340
RORT	-4.793258
WOSO	-5.759400
BOYS	-4.590608
OYSW	-5.516362
TESD	-5.361460
ESDY	-6.060430
ANOL	-4.555280
NOLD	-4.361460
DMAI	-5.361460
ORAG	-4.963520
ETYW	-5.282278
ASIR	-5.215332
SIRK	-6.060430
IRKS	-5.361460
KSOM	-5.039240
LHEW	-5.215332
ROBJ	-5.106187
LEDU	-4.535385
OFSM	-5.106187
FSMA	-5.282278
LLFO	-4.432041
VERU	-4.914302
GHAP	-5.458370
SSMU	-5.458370
IRPL	-5.247516
OMWA	-4.914302
MWAN	-6.060430
OWOB	-5.759400
WOBT	-6.361460
UCKO	-5.320067
IPSH	-5.131011
LUED	-5.060430
LDBL	-5.106187
DBLA	-4.914302
BESH	-5.157340
GSMU	-6.060430
BEHU	-5.516362
URTB	-5.662490
RTBY	-5.583308
ODRO	-5.157340
ROPN	-6.361460
OPNO	-6.060430
PNOH	-6.361460
NOHI	-5.247516
FSEC	-5.361460
CREC	-5.019037
RECY	-5.082706
ECYW	-5.282278
RYDU	-5.407217
TBEK	-5.662490
BEKE	-5.361460
EKEP	-4.946486
PTWI	-5.516362
LTYF	-6.060430
TYEX	-5.458370
GABS	-5.458370
EBUR	-4.535385
BURS	-4.605585
RSTF	-4.829981
YDIR	-5.060430
ECTQ	-6.060430
CTQU	-5.884338
RNAS	-5.131011
NASR	-6.060430
OEVA	-5.662490
EVAD	-5.662490
VADE	-5.215332
GGRE	-4.946486
FDEN	-5.458370
SJOU	-5.185368
NEYT	-4.829981
SMOV	-5.157340
RNAG	-5.583308
MTOV	-6.361460
DAMH	-5.884338
RLYG	-5.361460
ENHO	-4.671264
RYCE	-5.583308
LAVA	-5.361460
DYAR	-4.914302
RNIM	-5.884338
IDBU	-5.106187
EMYG	-5.282278
ODSI	-5.131011
CTYO	-5.185368
HANR	-5.516362
ANRU	-6.060430
NRUN	-5.215332
RUNT	-4.963520
UNTH	-4.718007
ISKO	-5.516362
SKOF	-5.082706
KOFO	-5.320067
FOFF	-5.185368
SIRR	-5.407217
YOBL	-5.407217
TEPW	-5.407217
EPWI	-5.157340
ONCU	-5.282278
NCUR	-5.060430
HONY	-5.884338
URGU	-5.516362
RGUA	-5.884338
ARDR	-5.106187
RDRI	-5.185368
ISKA	-5.662490
SKAN	-5.320067
KANY	-5.583308
DBYY	-5.157340
INKE	-4.727991
NKEX	-6.060430
KEXC	-5.662490
GLYP	-4.870098
TAYQ	-6.060430
AYQU	-5.320067
SIRM	-5.282278
MYGR	-5.082706
SWAR	-4.708247
MLYE	-6.060430
DDEP	-4.842946
LASF	-5.458370
KOFY	-5.516362
ARDD	-4.963520
RDDU	-5.884338
RMYF	-5.039240
HMYA	-5.662490
MYAB	-5.458370
YABS	-5.247516
RITN	-5.516362
OWTA	-5.361460
WTAK	-5.516362
GMYC	-5.320067
EDAQ	-5.884338
DAQU	-5.407217
ICKR	-5.662490
CKRE	-5.516362
KRET	-5.884338
EPTH	-4.474969
SABI	-5.320067
HHIG	-5.282278
SOCL	-5.215332
TIFE	-4.718007
IFEN	-5.407217
FBYS	-5.662490
NEXA	-4.870098
MEAV	-5.884338
AYMI	-5.583308
NSSF	-6.060430
SSFA	-5.407217
FINL	-5.361460
TWOB	-5.039240
WOBU	-6.060430
MSEE	-4.981248
YSOG	-6.060430
RUMA	-6.361460
LPCR	-6.361460
PCRY	-6.060430
CRYI	-5.282278
ORYG	-5.759400
OAMO	-5.247516
EONR	-6.060430
SODI	-4.884338
CTAR	-5.583308
ALML	-5.082706
LMLY	-5.106187
WHYS	-4.680218
HYSH	-4.759400
IZAD	-6.361460
ZADO	-6.361460
ADOY	-6.361460
ANSG	-5.662490
NSGO	-6.060430
TSOH	-5.215332
OHAP	-5.106187
NOWR	-4.856310
OWRE	-4.759400
WREC	-4.718007
LEFI	-4.576130
IRMN	-5.407217
RMNE	-5.407217
TTEY	-6.361460
SEDV	-5.662490
HSUR	-5.039240
RIHO	-5.407217
TROM	-5.583308
YACO	-5.282278
EHOM	-4.999732
DSIT	-4.770395
IMIS	-5.082706
ANBO	-5.185368
NBOA	-4.447646
ETHQ	-6.361460
ANAW	-5.106187
NAWK	-5.662490
ARDP	-5.082706
DPAU	-5.884338
TAYM	-6.361460
NLEF	-5.320067
GTIM	-4.899062
AOFS	-5.662490
FSOU	-5.247516
OUNS	-5.106187
NSUI	-5.361460
NSSM	-6.060430
OWAC	-5.458370
WACC	-5.884338
YSFE	-5.884338
ESOP	-4.963520
SOPI	-5.247516
ONYW	-5.320067
NYWA	-4.829981
TLYL	-4.899062
RLDL	-5.361460
FEOF	-4.884338
NGPI	-5.019037
GPIC	-5.759400
PANG	-5.282278
ANGO	-4.842946
GOFA	-4.759400
DSUN	-4.842946
SUNK	-4.671264
EEMW	-5.884338
ELOT	-5.516362
ADCH	-5.185368
GONW	-5.407217
BTIN	-5.458370
ASAU	-5.516362
ZEDT	-5.039240
OANN	-5.361460
OANA	-4.999732
ANAU	-5.106187
NAUD	-5.407217
YWON	-5.247516
EDUL	-4.829981
DULO	-5.106187
IAAL	-6.060430
AALW	-6.361460
SUNG	-5.407217
VILB	-5.320067
ILBO	-5.516362
LBOI	-6.361460
SLYE	-5.583308
MEDG	-5.282278
AMHO	-5.516362
LSUC	-5.106187
RRYL	-5.516362
ZZYN	-6.060430
ZYNO	-6.060430
TANG	-4.842946
AMSG	-5.759400
GEDL	-5.282278
BEPO	-5.157340
ESYE	-4.842946
SYEL	-5.884338
MSOU	-5.759400
OUNP	-5.884338
OWPU	-5.759400
WPUT	-6.060430
IRMH	-5.884338
RMHI	-5.247516
UNTB	-5.407217
PRIO	-5.247516
IORK	-6.060430
DEND	-4.541916
TOPT	-5.060430
OPTO	-5.516362
RSBY	-5.247516
MINW	-5.282278
ILYJ	-6.060430
LYJO	-5.516362
DBYJ	-5.662490
YMAK	-4.781676
GAVA	-5.884338
KSON	-4.946486
NTCH	-5.019037
RDFR	-4.856310
ACTT	-4.793258
CHOV	-5.458370
DARA	-5.282278
PIDV	-6.060430
THLY	-4.805157
HLYT	-5.662490
BROK	-4.250870
FFTW	-6.060430
TWOI	-5.082706
WOIN	-5.247516
YDED	-5.884338
LCAU	-5.407217
MISC	-4.899062
IEFA	-4.899062
FHAD	-5.247516
ENBA	-5.060430
NBAR	-5.282278
BARO	-4.981248
SLYU	-5.662490
WOPO	-5.583308
LYDW	-6.060430
YDWE	-5.458370
WELT	-5.282278
ELTD	-5.407217
LTDU	-6.361460
TDUR	-5.282278
ROUT	-4.583308
TAWE	-5.361460
EEKE	-5.516362
EKEL	-5.583308
KELA	-5.583308
ELAP	-4.842946
LAPS	-4.759400
APSE	-4.748676
UTSC	-5.662490
NTHP	-5.884338
KTOS	-5.215332
MORL	-5.759400
UDEA	-4.727991
TSEM	-5.759400
SEMO	-4.805157
UILO	-6.060430
RITG	-5.759400
ITGR	-5.407217
MHES	-5.131011
TERJ	-5.082706
TCHB	-5.215332
BLEK	-5.516362
LEKI	-5.247516
MENV	-5.759400
ENVY	-5.516362
NVYI	-6.361460
VYIN	-6.060430
APIE	-5.060430
WSTO	-4.899062
OSPR	-5.106187
DATM	-4.914302
FTRI	-5.662490
MPHO	-5.407217
PHON	-5.458370
HONB	-6.060430
ADAU	-5.407217
URNR	-5.407217
RNRA	-6.060430
LTOS	-5.157340
PPYS	-5.247516
PYSH	-5.583308
GHMR	-5.516362
SSOU	-4.680218
RKSM	-5.583308
KSMI	-4.899062
ICHK	-5.516362
CHKE	-5.662490
HKEP	-6.060430
MMUT	-5.407217
ELTP	-5.759400
LTPE	-6.060430
ISTB	-5.662490
TEMA	-4.605585
HFON	-6.361460
WDAI	-6.361460
DAIL	-5.019037
SASB	-5.282278
WBEE	-5.458370
URNJ	-6.060430
RNJA	-6.060430
GHTR	-4.738210
KSFR	-5.583308
MMRC	-5.583308
UDEW	-5.157340
HSAB	-6.060430
ARGI	-5.157340
RGIN	-4.689362
DHEP	-4.981248
TURO	-5.320067
UROU	-5.215332
GOBT	-6.060430
IRAM	-5.583308
EVIE	-4.930096
WOFE	-5.407217
FENJ	-5.662490
DSOH	-5.131011
UNAN	-4.870098
NSSR	-6.060430
LSOV	-5.516362
GLYT	-4.999732
YTRO	-5.320067
GVIS	-5.516362
MURM	-4.930096
URMU	-4.899062
RMUR	-4.856310
MURS	-6.361460
EYGA	-5.583308
DABS	-5.215332
CTDA	-6.060430
UTBR	-5.320067
RTID	-5.662490
TLYP	-4.842946
NSED	-5.185368
EHOO	-4.963520
LINK	-4.805157
NKEE	-5.215332
WAYU	-5.361460
AYUN	-5.282278
ASOD	-5.884338
DSOD	-5.060430
TSFR	-4.899062
RECU	-4.884338
URRI	-4.492228
DEFF	-5.458370
WOUN	-4.598032
OUNF	-5.583308
UNFE	-5.185368
GSIS	-5.282278
ETYU	-6.060430
THSB	-5.361460
HSBU	-5.662490
ELTS	-5.247516
LTSH	-5.662490
TASN	-5.458370
RANH	-5.407217
EYEX	-5.516362
LORE	-5.060430
VENR	-5.361460
IREJ	-5.662490
CKSH	-5.060430
NKHE	-4.999732
LUSE	-5.247516
DITN	-5.039240
TNEE	-5.019037
ALLJ	-4.999732
ADYM	-5.157340
DYMI	-5.662490
YMIL	-5.131011
CKSW	-4.899062
KSWI	-4.999732
STPU	-5.215332
TPUN	-5.583308
ESOG	-5.215332
OGRA	-4.598032
PYHO	-5.759400
NDLU	-5.361460
GREL	-5.662490
FOFE	-6.361460
ATLU	-5.662490
TLUC	-5.361460
MESR	-4.829981
STPI	-5.215332
TPIT	-5.185368
HTHR	-4.914302
THJE	-6.060430
HJEA	-6.361460
SABH	-5.662490
ABHO	-4.748676
BHOR	-4.781676
TECA	-5.185368
TOTU	-4.856310
OTUR	-4.817392
DBIT	-5.060430
KEWA	-5.247516
EMYP	-4.999732
MYPL	-5.185368
NASB	-5.516362
REIC	-4.870098
ULMR	-6.361460
ILHO	-5.407217
AILA	-4.605585
ILAW	-6.060430
YANE	-5.082706
ESOW	-4.963520
RSIC	-5.247516
OWHY	-5.662490
FTOD	-5.516362
YSLE	-4.946486
TATN	-5.759400
IREB	-4.914302
PEWA	-5.082706
UNDL	-4.662490
LEEX	-4.930096
RTMI	-6.060430
SEOC	-5.407217
EBOA	-3.900562
TEDJ	-5.583308
EDJO	-5.320067
DJOY	-5.185368
ICTT	-5.662490
GANI	-4.842946
HRAP	-5.516362
MEPL	-5.247516
NEWF	-5.282278
EWFU	-6.060430
WFUR	-5.759400
HOMJ	-6.060430
FOFA	-5.458370
LLOT	-4.963520
DOFJ	-5.458370
PTON	-5.185368
PERR	-5.662490
SLAV	-4.805157
OSPO	-5.516362
SPOR	-4.629066
NVOL	-4.637184
VOLV	-4.555280
EUNA	-4.999732
UNAV	-5.407217
RDHA	-4.914302
YDIE	-5.282278
YORW	-5.884338
UPPR	-5.157340
IMMU	-5.185368
MMUS	-6.060430
NREM	-4.770395
RPEA	-5.516362
ACEE	-5.407217
CEEQ	-6.361460
DADA	-5.019037
WOPA	-5.458370
STOE	-4.759400
ERIR	-5.458370
RIRR	-5.884338
OUTN	-5.019037
UTNE	-4.914302
NDOV	-4.781676
SMEB	-5.884338
UALR	-5.282278
LBEF	-4.914302
GOTA	-4.999732
DEBU	-4.884338
UDOU	-5.516362
BTME	-6.060430
TMEC	-5.407217
HTLY	-4.671264
YMEM	-5.185368
NGEI	-4.805157
PEOR	-5.583308
ANKG	-5.320067
NKGO	-5.407217
KGOD	-5.361460
ODIH	-5.884338
LETI	-4.590608
GERV	-5.662490
RORO	-4.963520
YONM	-5.247516
NOHA	-5.082706
OHAR	-4.829981
RMTO	-5.060430
NEEX	-5.247516
TOOG	-5.082706
OOGO	-5.458370
URSW	-4.842946
UIFE	-5.759400
UJUS	-5.759400
UASY	-6.060430
LEXT	-5.516362
YMER	-4.999732
RMAF	-5.583308
MAFF	-5.759400
ONNA	-5.247516
NAYS	-5.583308
AIRY	-5.082706
UWIS	-5.185368
NKAL	-5.583308
KALL	-5.060430
REHU	-5.185368
FISP	-6.060430
DYIO	-6.361460
YION	-6.060430
SETY	-5.583308
TDON	-4.748676
MYRU	-5.759400
YRUN	-5.282278
NYEX	-5.361460
FMYE	-5.039240
NCRO	-5.247516
CROA	-6.060430
VILE	-4.856310
ILEG	-4.999732
EGEO	-5.082706
FUNI	-5.458370
SALG	-6.361460
FEWP	-5.131011
EWPE	-5.458370
WPEO	-5.759400
OMIR	-5.516362
LFEW	-6.361460
MIDI	-5.320067
IRMS	-5.583308
RMSM	-5.583308
MSMY	-5.662490
NBEP	-5.759400
THTW	-5.320067
HTWO	-4.963520
NEIW	-5.583308
RYVI	-5.131011
LLRU	-5.458370
LRUI	-6.060430
RUIN	-4.718007
CEEN	-5.247516
FSIT	-5.884338
TESP	-5.060430
SPRU	-5.247516
DYCH	-5.884338
FALA	-5.060430
GEFA	-5.361460
EVEF	-6.361460
DYSS	-5.662490
AYFE	-5.516362
EEMF	-5.884338
IGEY	-5.884338
OUIW	-5.215332
UIWO	-5.662490
LDTR	-5.185368
DTRY	-5.516362
DBEB	-5.039240
FITE	-5.215332
ABEL	-5.039240
REIP	-5.185368
EIPE	-5.662490
IPER	-4.842946
NKWO	-5.884338
KWOR	-5.759400
INOW	-4.605585
WDOO	-5.884338
DOOF	-5.884338
RTMY	-5.361460
DPOM	-6.060430
USNA	-5.185368
WHEI	-5.662490
LASW	-5.320067
IMCA	-5.215332
MCAN	-5.282278
VEAP	-5.039240
NDIV	-4.653889
VIDU	-4.856310
IDUA	-4.842946
NTEG	-5.282278
TEGR	-5.157340
GRIT	-5.320067
SSIM	-4.930096
GOFB	-5.247516
LBEC	-5.019037
EMHA	-5.215332
LSEY	-5.583308
NMEB	-5.247516
UNKW	-5.583308
KWEM	-5.759400
YTOF	-5.039240
CTAL	-5.516362
ELYY	-5.407217
SSOG	-5.361460
SOGU	-5.884338
OGUA	-5.662490
DCIR	-5.060430
TENN	-5.662490
UTOU	-4.884338
OWNV	-5.282278
WNVA	-5.662490
NVAN	-5.516362
SUSW	-5.759400
USWO	-5.157340
SWOM	-5.583308
ENFA	-4.899062
CYAD	-5.884338
NITD	-5.458370
OESA	-4.708247
HDES	-5.361460
NSIM	-5.407217
GNSA	-5.215332
TSCH	-5.185368
DOWR	-5.458370
OWRO	-5.082706
BEER	-5.282278
EERR	-5.106187
RORA	-4.680218
HTLE	-5.060430
LDOT	-5.458370
DDOY	-4.963520
UIMP	-6.361460
TOEI	-5.516362
OEIT	-5.662490
IFIG	-5.884338
FIGO	-6.060430
IGOO	-6.060430
OONI	-4.738210
BYSA	-5.516362
KOFP	-5.662490
OUES	-6.060430
TOPM	-5.106187
OPME	-5.407217
PMEW	-6.361460
HILS	-5.215332
ILST	-4.748676
LSTY	-6.361460
IMYE	-5.106187
MYES	-5.247516
HEYT	-4.698702
EYTR	-5.458370
ANSE	-4.569068
NSEC	-4.698702
EITY	-5.282278
NISF	-5.458370
SHMA	-4.781676
NGSB	-4.770395
GSBE	-5.131011
FWEA	-5.516362
YAGI	-5.185368
IRLW	-4.981248
RLWH	-5.215332
FMON	-4.930096
NEYG	-6.060430
EYGR	-5.458370
EATC	-4.653889
DEBE	-5.106187
EBEY	-5.157340
YDOW	-4.856310
ROMB	-4.583308
OMBE	-4.504127
WNME	-5.282278
VEOP	-5.583308
RYOB	-5.361460
TTRY	-5.458370
RTUS	-5.583308
TUSI	-5.320067
KEEV	-5.884338
DYAC	-5.662490
YACT	-5.131011
GUNN	-6.060430
DWRO	-5.759400
DMEM	-5.082706
TUNH	-5.583308
PYDO	-6.060430
EAIA	-6.361460
AIAM	-5.759400
LDFE	-5.215332
DFEE	-4.613272
MORH	-5.516362
RSLE	-4.930096
YBEU	-5.759400
HAWI	-5.320067
EYSN	-5.759400
YSNA	-5.215332
CHEL	-4.738210
EXIT	-5.320067
XITY	-5.407217
NSIE	-5.082706
HCEA	-6.060430
ETSB	-5.247516
ESTC	-4.458370
MERM	-5.282278
DHEO	-5.185368
SCRO	-4.718007
VEIF	-5.407217
IRLL	-6.060430
RLLI	-6.060430
LHAR	-5.185368
WISY	-6.060430
TRYL	-6.060430
RYLE	-4.842946
LETW	-5.320067
MBEY	-6.361460
NHEI	-4.930096
SAPL	-5.215332
TFEL	-4.759400
ULDJ	-5.282278
LDJI	-6.361460
DJIL	-6.361460
JILT	-6.361460
ILTY	-4.981248
UCRE	-6.060430
SIRB	-5.039240
IRBU	-4.770395
ANWO	-5.019037
FYME	-5.884338
YMEW	-5.759400
NESG	-5.516362
TEMO	-4.884338
LALW	-5.583308
AMSS	-5.361460
MSSO	-5.282278
SPEL	-4.856310
PELL	-4.645456
HEGL	-4.397672
TEPE	-5.282278
OWAD	-5.247516
WADD	-5.759400
RALU	-5.662490
LUNR	-5.884338
OWOP	-5.884338
CLYC	-6.361460
CANV	-5.039240
ANVA	-5.082706
NVAS	-5.019037
VASS	-5.516362
YSDI	-5.516362
ENUA	-6.060430
NUAT	-5.361460
GCIR	-5.407217
ASEU	-5.407217
ILDA	-4.289578
DURG	-5.759400
BYEV	-5.185368
LSEM	-5.662490
DEMN	-4.884338
MNED	-4.981248
EKSP	-5.662490
KSPE	-5.884338
NDSC	-4.605585
EVIA	-4.215332
VIAT	-4.227921
EBYP	-5.320067
BRID	-4.598032
AYWO	-5.215332
HSOL	-5.320067
YASB	-5.583308
GMON	-5.320067
ECHR	-5.320067
NMRG	-5.759400
MRGA	-4.829981
MANG	-5.060430
LBYN	-5.884338
DDIF	-5.458370
WOFH	-5.131011
MRSG	-4.605585
SGAR	-4.576130
SSEV	-4.884338
ARSY	-5.361460
TFAV	-5.583308
URNN	-5.759400
RNNI	-6.361460
NNIE	-5.282278
LFES	-5.884338
FESP	-5.759400
EDAV	-4.930096
ADFR	-5.215332
DFRE	-4.793258
VALW	-4.899062
UTEH	-5.884338
IBET	-5.106187
STFA	-4.999732
TFAS	-5.185368
DALE	-4.914302
YITB	-5.884338
IEVA	-5.516362
EVAN	-4.870098
TSAW	-5.019037
ITID	-5.458370
OTBL	-5.407217
TBLA	-4.842946
AMEJ	-5.662490
UEDF	-5.407217
GOTM	-5.583308
YIFS	-5.662490
YOHS	-5.759400
HSIS	-5.884338
NSSW	-5.759400
FEBY	-6.361460
RYRO	-5.131011
REIH	-4.829981
RYAR	-4.829981
YART	-5.185368
UTSO	-4.340270
TSOI	-5.157340
SMEV	-6.060430
DPOO	-5.185368
WART	-5.215332
OINM	-5.407217
VESB	-4.817392
RTSA	-4.781676
EWSH	-5.247516
THSC	-5.185368
HSCO	-5.458370
TANS	-4.805157
HAFT	-4.981248
OKEM	-5.106187
HEIA	-5.662490
IBEM	-5.884338
BEMR	-5.884338
TYGI	-5.884338
IRLF	-5.884338
RLFO	-6.060430
EWWE	-5.106187
WWEE	-5.458370
EKSA	-4.930096
TSEP	-5.884338
MSOE	-6.060430
NINI	-5.106187
RUSW	-5.407217
USWE	-4.738210
SWED	-5.039240
TSUF	-5.131011
RBYA	-5.247516
BYAC	-4.963520
DEAY	-6.361460
SVIO	-5.361460
YAFE	-5.082706
FVIO	-5.361460
SSOH	-5.282278
OHAC	-6.361460
KNEY	-5.583308
YEDS	-5.320067
TITG	-5.320067
OMAH	-4.981248
MAHA	-4.842946
LSTR	-4.645456
TPRA	-5.320067
RAYH	-5.458370
OWVI	-5.884338
WVIO	-6.361460
INGQ	-4.884338
NGQU	-4.842946
GQUI	-5.215332
WNBA	-5.516362
NBAL	-5.516362
LHEO	-5.759400
WERC	-5.583308
RSYM	-5.458370
MSIS	-5.884338
VEOH	-5.884338
EOHY	-5.583308
LTPO	-6.060430
OORJ	-5.282278
ULIZ	-6.060430
ZZYY	-5.458370
ZYYO	-5.458370
OGOB	-5.320067
GOBA	-5.282278
OBAC	-4.856310
HUSC	-5.157340
FSCE	-5.884338
IEFF	-5.361460
EFFR	-5.516362
MHOM	-5.039240
LASA	-5.215332
UIES	-5.320067
PEAD	-6.361460
TAPA	-5.039240
FTOW	-5.185368
WNAL	-5.157340
UWEL	-5.185368
WWEG	-6.361460
WEGO	-5.131011
GOOU	-5.407217
OOUT	-5.060430
LUNL	-5.884338
TODY	-5.759400
FERH	-5.583308
LONJ	-6.361460
ARAU	-5.407217
HAPL	-5.082706
RCHS	-5.019037
EETB	-5.060430
NKAM	-6.361460
KAMO	-5.516362
BLUT	-5.884338
ITSI	-4.486398
MPUR	-5.662490
PURI	-5.662490
EHEO	-5.407217
TIRS	-5.583308
ONDW	-5.106187
PCAL	-5.884338
LLDR	-4.805157
LDRO	-5.039240
ROPT	-5.320067
OPTH	-4.963520
OMSE	-5.157340
DSSU	-5.361460
OMBA	-5.157340
MBAT	-5.361460
PEDB	-5.106187
NYDA	-5.361460
RSST	-4.793258
DAWE	-5.282278
EKAT	-5.583308
TADA	-5.361460
SOCA	-4.899062
ORHO	-4.770395
ESEO	-5.131011
DSUS	-4.930096
HSWA	-5.759400
ARMC	-4.981248
RMCO	-5.662490
IMNA	-5.759400
MNAR	-6.361460
ROWL	-4.999732
WLYO	-5.583308
CTBE	-5.361460
ALPO	-4.842946
LPOW	-5.407217
RSAB	-5.282278
RADO	-5.247516
ZENY	-5.759400
AGOB	-5.583308
HWIC	-5.361460
NLIT	-4.946486
RFRE	-4.930096
MERF	-5.361460
NPEM	-6.060430
NDKN	-4.981248
YBYC	-5.884338
BYCH	-5.320067
RSEI	-4.680218
HAMC	-5.458370
FPRA	-5.583308
ITSL	-4.899062
TSLA	-5.215332
TEPO	-5.247516
SORS	-4.817392
FONB	-6.361460
ANSR	-5.516362
HENQ	-5.458370
ENQU	-5.082706
LADW	-5.583308
ADWH	-4.541916
GHEA	-4.629066
DMRF	-6.361460
MRFI	-6.361460
FITZ	-4.781676
ITZW	-4.781676
TZWI	-4.793258
ZWIL	-4.698702
AMDA	-5.759400
MDAR	-5.759400
UDIL	-6.361460
DBOY	-5.407217
OYIL	-6.060430
EMEC	-5.131011
DLYG	-5.082706
LEOP	-5.282278
EAGI	-5.082706
LLIZ	-5.583308
NGOP	-4.914302
GOPE	-4.963520
UBEO	-6.060430
RDDO	-5.320067
LVEY	-5.884338
UNEW	-5.516362
UNEH	-5.884338
TDOB	-5.884338
DOBE	-5.407217
LETY	-5.247516
NCYR	-5.662490
CYRU	-6.361460
DWEA	-4.829981
SISB	-5.516362
OENG	-4.946486
NYAL	-5.320067
RMIW	-5.884338
MIWI	-5.583308
OOHE	-5.583308
OHES	-5.282278
EINL	-4.930096
OWIB	-5.759400
WIBE	-5.884338
HAMN	-6.060430
YAMN	-6.361460
FHEB	-5.516362
MEIB	-5.516362
OTIS	-5.282278
TOHT	-5.583308
FMED	-5.662490
RISP	-5.185368
DBEV	-5.185368
OUUN	-4.999732
UUNH	-6.361460
PPYB	-5.407217
PYBU	-5.662490
WESE	-5.185368
EEEV	-5.516362
DOMW	-5.458370
ANIP	-5.516362
NIPR	-5.407217
IFIA	-5.282278
AMTE	-6.060430
MTEM	-6.060430
DORH	-5.583308
WAMI	-5.662490
AMIE	-5.884338
MIEV	-6.361460
RYIW	-5.516362
IMIW	-5.458370
OMYB	-5.320067
FINV	-5.583308
USSM	-5.583308
ILEV	-5.662490
LBEW	-5.131011
EFRA	-4.781676
WMYM	-5.662490
NYFO	-5.320067
URIW	-5.759400
DOWH	-4.748676
KTOB	-5.516362
OWIH	-5.320067
WIHO	-6.060430
RHIN	-5.320067
FADV	-5.361460
GGIV	-5.662490
EENQ	-5.516362
KUPH	-5.884338
ODEW	-6.060430
SNOG	-5.247516
WFAS	-5.662490
FARR	-5.282278
URSD	-5.361460
RFAR	-5.215332
ELLV	-6.060430
UNGR	-4.946486
NTGO	-5.131011
SKWI	-5.884338
EMEW	-4.856310
VEKE	-5.759400
EKEN	-6.060430
RDEL	-4.930096
SAWL	-5.516362
AWLI	-5.060430
RIAA	-5.516362
IAAR	-6.060430
AARE	-5.583308
MARC	-4.829981
DEDC	-4.914302
IZAY	-6.060430
ZAYO	-6.361460
IDEG	-5.157340
MSET	-5.662490
OFFF	-4.829981
FFFO	-5.247516
RKEN	-5.131011
RCHD	-5.759400
HDOO	-5.759400
ARON	-4.963520
UALE	-5.361460
ALEL	-4.708247
SASR	-5.884338
YUNR	-5.662490
OSLA	-5.759400
SLAC	-5.082706
ACOR	-4.899062
TESF	-5.247516
ESFI	-4.884338
GERN	-4.884338
BECU	-5.884338
LDDA	-5.320067
TTEE	-5.407217
NTEX	-5.157340
OTEC	-4.671264
MEDS	-4.708247
DROA	-5.407217
OADS	-4.899062
ADSW	-5.039240
DROS	-5.215332
NGSR	-5.662490
GSRA	-6.060430
WNVI	-5.884338
NVIS	-4.884338
DYWR	-6.060430
ENAF	-4.748676
AFEA	-5.019037
NCEG	-5.215332
CEGE	-6.060430
YISJ	-6.361460
ISJA	-5.157340
NAWE	-5.131011
GORH	-6.060430
RNHA	-5.407217
NLOS	-5.320067
TMYA	-5.185368
EYID	-6.060430
YIDI	-5.458370
NKCA	-5.759400
KCAR	-5.662490
YLAS	-4.999732
RIIN	-5.884338
IINQ	-5.759400
MIFO	-5.884338
RMYV	-5.884338
STWE	-4.645456
EGOI	-4.708247
ADOV	-5.320067
RWEE	-5.320067
KSPA	-5.662490
RBEB	-6.361460
RWAI	-5.759400
MEEV	-4.981248
RAFO	-5.583308
GAFR	-6.060430
AFRE	-4.946486
SHEX	-6.060430
YETM	-4.999732
LOWJ	-6.060430
FNOL	-6.060430
OTEO	-5.516362
ELTM	-5.407217
LTMY	-5.407217
PHIN	-5.247516
ERJU	-4.963520
TATM	-5.407217
TMYE	-5.082706
URIG	-5.884338
KMEO	-5.884338
MEOB	-5.458370
FIST	-5.407217
SASN	-5.407217
ASNA	-5.157340
LASY	-5.458370
MECI	-6.060430
PENA	-4.583308
RNMY	-5.407217
NMYV	-5.361460
IDIR	-5.583308
IDCO	-5.215332
DNOP	-5.215332
MALA	-4.930096
LAPO	-5.662490
TSOA	-5.157340
SOAL	-5.082706
OALT	-5.458370
DACR	-4.770395
ACRE	-4.671264
RIPI	-5.884338
GHIC	-5.458370
ELPB	-5.884338
LPBL	-6.361460
PBLA	-6.060430
GMEO	-5.407217
ACYB	-6.060430
UTIP	-5.320067
LFFA	-5.583308
FFAR	-5.583308
HWEK	-5.884338
WTHI	-4.770395
OBEQ	-5.583308
SSYE	-5.039240
ETIF	-5.131011
ELSI	-5.215332
LSIT	-5.185368
VEDL	-5.282278
LONH	-5.583308
ALFI	-5.106187
FISN	-5.516362
UTWO	-5.282278
HFEA	-5.361460
WBEC	-5.282278
TMEW	-5.131011
METL	-6.060430
AGOH	-5.583308
GOHE	-5.458370
OHEK	-6.361460
WNIA	-6.060430
AMCE	-5.583308
MCER	-5.407217
EEMB	-4.930096
CYIC	-6.361460
HARS	-5.185368
RSHL	-6.060430
SHLY	-5.157340
FDUP	-6.361460
DUPL	-5.320067
UPLI	-4.963520
SIWI	-4.999732
TOBA	-4.793258
OBAN	-5.407217
BANI	-5.131011
NKON	-5.282278
PPYY	-6.060430
PYYO	-6.060430
UNTL	-5.131011
TMEH	-5.082706
NYCE	-6.060430
NTYW	-5.583308
MEXT	-5.884338
NTSF	-5.106187
OMOU	-4.770395
RDPR	-5.759400
RAYG	-5.662490
RIAI	-5.662490
IAIA	-6.060430
ETCT	-6.361460
TCTH	-6.361460
RBED	-4.653889
BEDU	-5.282278
DUPE	-5.516362
WABS	-5.759400
YREN	-5.215332
UNKO	-5.407217
YREV	-4.770395
SAPU	-5.583308
MASW	-5.247516
APOS	-5.157340
RASB	-5.407217
SBYW	-5.320067
MSAC	-5.759400
WNAW	-5.759400
IMER	-4.946486
HTRA	-5.247516
DSUB	-4.963520
BSID	-5.407217
RERO	-4.884338
ULEN	-5.320067
UTSL	-5.282278
TSLI	-4.842946
HBEL	-5.662490
DSWA	-4.914302
WREN	-5.185368
RSIG	-5.019037
RELW	-5.583308
TCOS	-5.884338
MAFE	-5.884338
TRUG	-4.805157
RUGG	-4.548546
UGGL	-4.708247
GGLE	-4.738210
ITAW	-5.361460
TAWI	-5.407217
ULDV	-5.282278
LDVE	-5.458370
SACK	-5.282278
ADIR	-5.185368
ATPU	-5.019037
GPAS	-5.185368
DATP	-5.407217
NTDE	-4.930096
RYNA	-5.157340
YNAM	-4.963520
FEVI	-5.282278
ILBU	-4.946486
LTOW	-5.282278
LLOR	-4.829981
LORT	-5.185368
ERAV	-5.215332
IRLT	-5.361460
RLTH	-5.458370
GOBJ	-5.583308
LMYA	-5.320067
IMIC	-5.516362
IREG	-5.320067
RETM	-5.662490
RLYK	-6.060430
ATAK	-6.060430
UNGI	-4.770395
NASW	-4.999732
INIL	-5.458370
IRSC	-5.516362
HNOG	-6.361460
LKST	-5.759400
OLDD	-4.856310
DIDJ	-6.060430
DFEB	-6.060430
FEBR	-5.583308
EBRU	-5.247516
BRUA	-5.662490
RUAR	-5.662490
RCHW	-5.247516
SLYO	-5.583308
FGOI	-5.458370
UNDW	-4.510201
LASG	-6.361460
TYAB	-5.662490
DASW	-4.781676
HUNC	-5.247516
SHOM	-5.157340
WNSA	-5.157340
NSAK	-5.662490
EJOU	-5.583308
LDMO	-4.981248
RAPE	-4.870098
APEE	-5.583308
PEEP	-5.039240
PATJ	-6.060430
RWEN	-5.157340
SMOO	-4.899062
MOOT	-4.946486
STSK	-5.516362
TSKE	-5.516362
TCHS	-4.999732
ANIG	-5.106187
LANB	-6.060430
DEEV	-5.361460
NTPU	-5.157340
UITC	-5.884338
RVEH	-5.361460
FBID	-6.361460
DIEU	-5.131011
IEUW	-6.361460
EUWI	-6.361460
RYEN	-5.282278
YENJ	-5.583308
DYWO	-5.458370
LTMU	-6.361460
GLEH	-5.407217
OWTR	-5.407217
WTRA	-5.759400
OFAK	-5.759400
FAKI	-5.662490
MLES	-4.930096
IAAG	-6.361460
AAGO	-6.361460
RLBU	-6.060430
MPTY	-4.793258
PTYH	-5.884338
AMST	-4.930096
GHEC	-5.407217
DKNI	-5.884338
WORN	-4.793258
RNOU	-5.215332
ASAJ	-5.583308
AJOU	-5.361460
TBYN	-5.583308
EYDR	-5.320067
YDRO	-4.981248
DROV	-4.698702
OMRG	-6.361460
SDOO	-5.106187
TADR	-5.361460
MWIN	-5.583308
DOWW	-4.963520
OWWA	-4.671264
WWAT	-5.320067
IRAR	-5.458370
LTHF	-5.583308
ROOP	-5.060430
OOPO	-5.320067
OPOF	-4.637184
POFL	-5.759400
OYSA	-5.282278
NSAP	-5.361460
ESHY	-5.759400
SHYN	-5.884338
HYNE	-5.884338
ASJO	-5.361460
SJOY	-5.662490
BUST	-5.131011
HOPP	-5.185368
OPPI	-4.708247
IRFI	-5.082706
FDEJ	-6.361460
NUEL	-6.060430
UELO	-5.583308
OOFM	-5.516362
EYSV	-5.884338
YSVI	-6.060430
MERH	-5.282278
RTGI	-6.361460
ENUP	-4.829981
NRAL	-6.361460
AMSD	-5.884338
RONB	-4.999732
CENA	-5.407217
RAYM	-5.516362
UNTW	-5.131011
IRSB	-5.662490
EPRU	-5.759400
OESD	-5.458370
NLAS	-4.999732
TCHR	-5.361460
MASY	-5.884338
STRY	-4.884338
ETAG	-5.082706
TAGI	-5.407217
RLWI	-5.583308
NDSY	-4.870098
DSYO	-4.981248
LMEW	-4.963520
IRLM	-5.662490
RLMI	-5.884338
RLIB	-6.361460
VEIK	-6.060430
WNOH	-6.361460
UNEN	-5.458370
HEIF	-5.662490
WABL	-6.060430
TOGA	-4.870098
OGAI	-5.215332
NMYA	-4.999732
ATOC	-5.407217
GLOV	-5.185368
TOAG	-4.930096
OAGI	-5.662490
MHED	-5.516362
OORB	-4.946486
NTAM	-5.019037
SEDC	-5.082706
EDCI	-5.215332
RUMS	-5.759400
UMSW	-6.361460
MSWH	-5.131011
PLEM	-5.060430
EIFS	-5.361460
DWEH	-5.407217
OTJU	-5.662490
FYHI	-5.516362
GDEF	-5.884338
LFSE	-5.407217
LLCR	-4.946486
LCRI	-5.282278
HNOL	-5.759400
ZYTH	-5.282278
WTOT	-5.019037
OHIF	-5.759400
HIFT	-5.060430
ROWW	-5.019037
MSTU	-5.458370
RTHK	-5.759400
THKN	-5.361460
ECHS	-5.884338
HSAV	-5.662490
SAVO	-5.082706
URSS	-5.407217
LAYS	-4.718007
NYHE	-5.185368
NATO	-4.781676
RWEH	-5.215332
FARI	-4.981248
RRYU	-6.060430
RYUS	-5.759400
YUSS	-6.361460
USSA	-5.157340
ELAK	-4.637184
LAKE	-4.432041
KESN	-5.516362
OSCH	-5.884338
ATFE	-5.039240
ESHL	-5.458370
SHLI	-5.583308
HLIF	-5.060430
IGOU	-5.759400
GOUR	-4.899062
EUTO	-5.662490
DSPL	-5.185368
PLEE	-5.759400
OROC	-5.407217
ROCK	-4.388332
CKSA	-4.708247
NSOH	-5.361460
SOHW	-5.884338
OHWH	-5.215332
GWEW	-6.361460
ILLK	-5.060430
EWEW	-5.082706
NLAK	-6.060430
SMOU	-4.662490
JUMB	-6.060430
RINO	-4.856310
URIM	-5.662490
ARSC	-5.060430
RSCE	-5.516362
LWEB	-5.662490
WEBE	-5.215332
GINQ	-5.662490
TEFF	-5.282278
AYSJ	-5.361460
YSJO	-5.407217
GSOW	-5.662490
LFEA	-5.185368
GHRO	-5.516362
RDEV	-5.039240
RYEY	-5.185368
RYTU	-5.458370
IEWT	-5.082706
GOFR	-5.185368
RBOU	-5.320067
DARY	-5.106187
RNIB	-5.458370
NIBL	-5.407217
DENS	-4.562119
ENSL	-5.131011
NSLO	-5.247516
SLOP	-5.082706
OADT	-5.131011
NPAL	-5.458370
PALE	-4.621097
LAUR	-5.759400
AURE	-5.759400
RELH	-6.361460
DGEE	-6.060430
GEEV	-5.884338
GDEC	-5.583308
TEAP	-5.320067
LLGA	-5.320067
LGAT	-5.884338
GATE	-4.432041
HLED	-5.019037
ORTG	-5.458370
RTGR	-5.884338
SEAM	-4.388332
MIDS	-4.748676
IDST	-4.437180
DSTT	-5.082706
NODS	-5.884338
ODSA	-4.842946
MRSC	-4.899062
FSOA	-5.884338
SOAF	-5.282278
MALC	-6.060430
SFYH	-5.583308
HNOO	-5.039240
CETA	-5.361460
FESO	-5.759400
FREF	-5.407217
ISGL	-5.131011
SGLO	-5.320067
GLOR	-4.637184
LORY	-4.914302
LPFA	-6.361460
PFAN	-6.361460
OODP	-4.999732
ODPR	-5.516362
SIFW	-5.458370
IFWI	-6.060430
EELW	-5.282278
GSEE	-4.930096
HWON	-5.407217
SOCH	-5.157340
DOMS	-5.407217
EYEO	-4.914302
YEON	-5.407217
TTEO	-6.060430
RNAF	-5.884338
NTBL	-5.131011
TBLU	-5.361460
USHB	-6.060430
SHBU	-5.282278
ARAF	-5.320067
ICLE	-4.605585
CLEO	-4.829981
FFUR	-5.516362
BOAR	-4.045489
OARD	-4.031046
EIRJ	-5.215332
IRJO	-5.361460
RJOU	-5.131011
TROL	-4.738210
ROLL	-4.165560
DENW	-5.106187
LTIV	-5.320067
TETA	-5.884338
DCRO	-5.019037
OSSW	-5.131011
VALT	-5.039240
LTOU	-5.458370
EWWA	-5.407217
HLEF	-5.884338
FTBE	-5.282278
LDNU	-6.060430
DNUM	-5.759400
NTCL	-5.247516
TCLU	-5.361460
CLUM	-5.060430
LUMP	-5.060430
UMPB	-5.320067
MPBU	-5.759400
PBUT	-4.856310
WSWH	-4.946486
DOMC	-5.759400
LDBO	-5.247516
DBOA	-4.671264
GSAF	-6.060430
YANO	-4.914302
NOPE	-4.817392
TBOR	-5.215332
ARKN	-4.510201
RKNE	-4.452975
KNEA	-5.759400
YOPP	-5.407217
ASAH	-4.770395
ERNB	-5.361460
NBUI	-5.583308
UATE	-4.698702
ONRI	-5.516362
GGRO	-4.899062
UNDF	-4.899062
ELED	-4.748676
EMRO	-5.759400
MROU	-5.320067
ADOW	-4.486398
OWSB	-5.320067
WSBU	-5.458370
FAWH	-4.842946
IMCH	-5.583308
FSHO	-5.215332
PITW	-5.516362
LBUI	-5.884338
THGA	-5.662490
ATAI	-5.361460
TENF	-5.106187
DYLE	-5.662490
INSJ	-6.361460
NSJO	-6.060430
YESM	-5.060430
RGHO	-5.662490
SUIN	-4.981248
GSUN	-4.999732
TCHU	-5.662490
MEPO	-5.131011
NSAY	-4.999732
UDEY	-5.662490
IAIN	-5.282278
SUSD	-6.361460
USDU	-5.759400
SDUR	-4.930096
TAYH	-5.583308
ICEE	-5.407217
YWEE	-5.583308
LKHO	-6.060430
KHOM	-6.361460
PSCA	-5.361460
GESF	-5.516362
OURV	-4.698702
UEMY	-5.247516
ATEU	-5.185368
TEUP	-5.759400
PONC	-5.060430
SDEG	-5.884338
OTOA	-5.759400
OANT	-5.759400
IETT	-5.662490
IRUS	-5.060430
ALEM	-4.136150
LEMP	-5.458370
HROS	-5.759400
GSAL	-5.215332
EMID	-4.528951
DLEO	-4.770395
OOMG	-5.759400
OMGE	-5.662490
MGET	-5.759400
DYFO	-5.019037
WSEE	-5.082706
AKTH	-4.930096
ODYR	-5.759400
DYRU	-5.662490
NAVI	-4.870098
GLOU	-5.759400
METM	-5.458370
GPLA	-4.870098
HOBR	-6.060430
ATHL	-5.157340
HAGI	-5.583308
AGIT	-4.671264
IZAP	-6.361460
ZAPR	-6.361460
APRA	-5.320067
KEDQ	-5.516362
RIAW	-5.759400
EYRA	-5.516362
YRAN	-5.039240
ICHF	-4.708247
CHFR	-5.320067
LOWP	-5.185368
OWPH	-5.884338
WPHA	-6.060430
DENG	-4.870098
EPIG	-5.884338
PIGS	-5.884338
IGSW	-6.361460
UTLA	-5.039240
LAMY	-6.361460
AMYD	-6.060430
RIAQ	-6.361460
IAQU	-6.361460
LYRU	-5.215332
YRUD	-6.060430
EPCH	-5.662490
PCHA	-5.361460
FDOO	-5.247516
OORS	-4.613272
HYDO	-4.930096
INOH	-5.215332
NOHC	-5.884338
OHCH	-6.361460
FFAV	-6.060430
RGHC	-6.060430
GHCO	-5.215332
KLYA	-5.320067
OSSY	-5.247516
RWIF	-5.247516
HSHI	-5.361460
IGHD	-6.060430
GHDI	-5.583308
HDIV	-5.759400
BOWI	-5.157340
GHLO	-5.516362
SDRO	-4.914302
INSN	-5.247516
BYLE	-5.407217
HEMK	-5.759400
EMKN	-5.759400
AYIL	-5.759400
XXIX	-5.884338
NSST	-5.106187
ETET	-5.361460
ORSA	-4.402418
FLET	-5.361460
WTOA	-5.516362
PSAS	-5.247516
GUSO	-5.320067
NKTE	-6.060430
KTEA	-6.060430
TEAA	-6.060430
GATR	-5.583308
GSIR	-5.157340
MMYK	-6.060430
MYKN	-5.884338
PENB	-5.247516
SOIM	-5.082706
OIMM	-5.662490
NEDR	-4.914302
AMFR	-5.407217
ATKN	-5.185368
WEDM	-4.718007
ANTB	-4.899062
NTBR	-5.662490
YORN	-5.884338
OROS	-5.157340
GSMR	-6.060430
HROO	-5.662490
DSOS	-4.708247
OSPL	-5.583308
DADI	-4.930096
TOIL	-4.621097
HDON	-5.361460
SYMY	-6.060430
URAP	-5.185368
OMRE	-5.458370
MREQ	-5.884338
OFDR	-4.981248
FDRE	-5.516362
SINU	-5.407217
INUS	-5.215332
NUSW	-5.884338
ICHB	-4.621097
HBEC	-5.282278
PUTO	-4.899062
URCL	-5.082706
SISS	-4.981248
GSIM	-5.407217
PLYD	-5.407217
ANKP	-6.060430
NKPR	-6.361460
TDOO	-5.320067
ICKA	-4.770395
KASL	-5.884338
CHOB	-5.361460
HOBJ	-5.884338
OBEK	-5.361460
PTWA	-6.060430
RMID	-4.899062
MIDA	-4.946486
IDAB	-4.963520
FLIV	-5.247516
LEUS	-5.282278
NATR	-5.247516
EACR	-4.946486
RKEV	-5.884338
KEVE	-5.282278
RKHA	-5.516362
AWMU	-5.884338
SENU	-5.884338
GLAZ	-5.759400
LAZI	-5.106187
DORI	-5.060430
YCOS	-5.884338
YASC	-5.361460
EPST	-5.247516
IASA	-5.516362
RMWA	-5.516362
OKPE	-6.361460
KPER	-6.060430
ALME	-4.748676
LMEL	-5.759400
ILHE	-4.770395
GOFL	-5.407217
RACU	-5.361460
OUSV	-4.981248
USVI	-5.407217
SVIR	-5.759400
TUEA	-5.662490
UTTR	-5.458370
NTEC	-5.662490
NARO	-5.247516
DSET	-4.930096
NKSW	-5.282278
SSSI	-5.516362
SSIR	-4.671264
YAWE	-5.759400
EURS	-5.662490
UTJU	-5.247516
GEEN	-5.516362
YLOW	-5.282278
EATW	-4.541916
HEED	-4.510201
AIRN	-5.361460
HWAY	-4.930096
OKEL	-5.458370
ELFQ	-5.884338
LFQU	-5.884338
TEEQ	-5.884338
DLYL	-5.106187
GEWO	-5.157340
GLYM	-5.361460
EDFE	-4.718007
ORSF	-5.361460
RINF	-5.039240
IORR	-6.060430
SOAU	-6.361460
OAUT	-5.759400
MIMM	-5.759400
DEPO	-4.930096
VEJO	-5.662490
NFIG	-5.516362
NORF	-5.060430
NYLI	-5.247516
SPAL	-5.131011
DSIC	-5.884338
KLYH	-6.361460
OKEV	-5.884338
LACI	-4.718007
GAFE	-5.247516
IEWM	-6.361460
EWMR	-6.060430
INEK	-5.884338
GLYH	-5.082706
IPSD	-5.247516
PSDE	-5.407217
TLIF	-5.019037
LDFU	-5.516362
CARV	-4.981248
DALA	-5.060430
SHWA	-5.215332
OWEN	-4.914302
TOEC	-5.759400
OECH	-6.361460
CHOW	-5.185368
LAWS	-4.829981
AWSA	-5.185368
NESE	-4.613272
RTYD	-5.662490
TYDI	-5.282278
OTRY	-5.320067
RIAT	-5.320067
IATH	-4.218445
HTSP	-5.320067
ALKW	-5.247516
LKWH	-5.282278
LCOF	-6.060430
EECA	-5.884338
TROV	-5.157340
SDOM	-5.215332
TICC	-5.082706
ICCO	-5.157340
CCON	-5.583308
RNSF	-5.759400
NSFA	-5.247516
LTOL	-5.407217
GOUG	-5.759400
LAFA	-6.361460
UCTE	-4.914302
RCOW	-6.361460
COWS	-5.759400
RPOU	-5.583308
POUL	-5.759400
OULT	-5.060430
TRYE	-5.759400
YOFQ	-6.361460
FQUE	-4.999732
RYGE	-5.516362
EELP	-5.458370
TTYK	-6.060430
TYKI	-5.884338
RATD	-6.060430
REOL	-5.361460
LDER	-4.154634
RORY	-5.884338
ERKE	-5.247516
RKEP	-5.884338
SMAI	-5.282278
NNAM	-5.361460
KETU	-5.759400
TEIA	-5.884338
LADO	-5.282278
HSFA	-6.060430
YDOY	-5.185368
UPLA	-5.583308
EOHT	-5.583308
UOUR	-6.361460
SACA	-5.106187
ACAP	-5.019037
DAYD	-5.407217
RSPL	-5.583308
MDOE	-5.583308
SWEB	-5.516362
WEBB	-5.884338
EBBS	-5.884338
BBSA	-5.320067
BSAL	-5.884338
TSOG	-5.583308
SDOY	-5.215332
OUDR	-5.247516
UDRA	-5.662490
NGEB	-5.361460
DNOO	-5.039240
OOPP	-5.282278
KENY	-5.759400
FMAS	-5.407217
SMYM	-5.247516
RHAT	-4.899062
TESL	-5.282278
ESLO	-4.629066
RGOV	-6.060430
EFTY	-5.583308
FTYO	-5.282278
UWEN	-5.407217
YGOV	-5.884338
OGOV	-5.759400
RSBR	-5.662490
AGOV	-5.407217
LPSM	-6.060430
HOTA	-5.157340
OTAU	-6.060430
HOAT	-5.320067
UWIT	-5.157340
NNEG	-5.884338
MEFA	-4.914302
EVEW	-5.458370
HOFU	-5.583308
ARNN	-5.884338
RNNE	-5.583308
RWAN	-5.185368
BEID	-5.759400
EIDL	-5.759400
DLEC	-5.662490
TAYN	-6.361460
YNOD	-6.060430
UBTB	-5.361460
BTBU	-5.407217
ATAG	-4.781676
OWNY	-5.060430
WNYO	-5.282278
RENU	-5.583308
ENUO	-5.662490
NUOU	-5.247516
GEON	-4.698702
EIAL	-5.516362
GIST	-4.708247
FULH	-4.981248
ULHO	-5.320067
ETAY	-6.060430
INSD	-5.662490
UOFL	-6.361460
DYME	-5.884338
METC	-5.884338
ETCA	-5.131011
FESC	-5.759400
KMES	-5.884338
POPE	-5.583308
SMAA	-5.884338
AAMA	-6.361460
LFIV	-6.060430
VEOU	-5.185368
RYOD	-5.884338
YODD	-5.759400
UONL	-5.662490
TBEV	-5.247516
UNGY	-6.361460
ESMY	-4.738210
SMYY	-5.884338
ISFU	-5.019037
UNGT	-4.963520
YMAA	-6.361460
RDUP	-5.106187
FSOC	-5.458370
STBO	-4.963520
ORNH	-5.282278
KONS	-5.759400
HIPY	-5.662490
IPYO	-5.662490
RSOY	-6.361460
UNGA	-4.870098
HIPC	-4.981248
IPCA	-5.215332
PCAN	-5.884338
OOWN	-5.884338
NITL	-5.361460
ITLA	-5.215332
GADI	-5.516362
HSUS	-5.583308
STCR	-4.981248
TCRE	-4.856310
HDIG	-6.060430
GEIA	-6.060430
ADJO	-5.759400
DJOI	-5.320067
DTEA	-4.999732
CEDL	-5.759400
DMRA	-5.884338
NTOQ	-5.759400
HCHO	-6.361460
RLAT	-5.282278
PIDS	-5.516362
IDSC	-5.662490
YASY	-5.407217
ASUT	-5.759400
GHSB	-5.759400
HSBE	-5.407217
OHOT	-6.060430
OTOR	-5.157340
OOCO	-5.516362
OCOL	-5.247516
OLDO	-4.605585
LDOR	-5.185368
GSTA	-4.759400
EEOT	-5.759400
RSOR	-4.793258
PSAI	-4.930096
YFIS	-5.361460
DAPO	-5.458370
GIFH	-5.759400
ORYW	-4.817392
ADPL	-5.215332
KENU	-5.215332
INSG	-6.060430
NSGR	-5.662490
MSTH	-4.671264
DEMO	-4.856310
HCOS	-6.361460
FYMR	-6.361460
OONO	-5.019037
ONOB	-5.361460
RDBU	-4.963520
GMOS	-5.662490
HAHU	-5.320067
SGIG	-5.662490
EEMO	-4.963520
OWPA	-4.999732
WPAS	-5.247516
KROO	-5.884338
MONU	-5.458370
SABE	-5.106187
RSIZ	-6.361460
ZEDR	-5.884338
DROO	-4.629066
WNAP	-5.516362
NEEQ	-6.060430
TECR	-5.516362
NGEM	-4.689362
NDEB	-5.019037
EBTE	-5.185368
RGHD	-5.884338
GHDR	-5.884338
HDRO	-5.662490
EBYI	-5.361460
ERPH	-5.407217
RPHA	-5.157340
HHEN	-5.583308
TUNF	-4.999732
UNFR	-5.320067
FEDI	-5.458370
KITN	-6.060430
OGOL	-5.884338
GOLI	-5.662490
URSN	-5.458370
GESC	-5.583308
NTSL	-5.039240
IRWO	-5.320067
OITD	-5.662490
EGLI	-4.856310
GLIG	-5.185368
OITO	-5.361460
NSSJ	-6.361460
SSJO	-5.884338
OLAR	-4.829981
AGIS	-5.082706
RBYM	-5.516362
ECOT	-4.583308
TTAG	-4.437180
DORT	-5.185368
OPOO	-5.361460
TYIL	-5.759400
FDIN	-6.060430
TTWI	-5.516362
IROT	-5.759400
SESR	-6.361460
NOEV	-5.759400
OEVI	-5.583308
LTOE	-5.516362
OFYE	-4.727991
FYEA	-5.215332
PENG	-6.361460
RKWH	-5.106187
HELT	-5.247516
ELTE	-4.842946
DPAT	-5.215332
ATHW	-4.856310
TOVA	-5.583308
LUEB	-5.407217
LTBE	-5.458370
ESCU	-4.727991
HISQ	-4.884338
IETW	-5.759400
EEKP	-5.516362
EKPR	-5.884338
YATR	-6.060430
FAFE	-5.407217
IRRO	-5.082706
RROS	-5.662490
IMWE	-5.060430
BYLA	-5.458370
OONK	-5.884338
ONKN	-5.662490
WNAT	-5.019037
DGES	-4.727991
ORDL	-5.458370
RDLA	-5.759400
VEIL	-4.930096
SBOW	-4.856310
GETU	-5.407217
RKHU	-6.060430
KHUR	-6.060430
GHEH	-5.282278
HEWS	-5.458370
CLEL	-5.662490
ELOR	-4.590608
NDSR	-5.282278
DSRO	-5.516362
OMCR	-5.884338
MCRO	-5.516362
OADA	-5.039240
TANH	-5.215332
HTEX	-5.516362
CTAD	-6.060430
GIMA	-6.060430
LLRI	-4.793258
LRIG	-4.856310
SANN	-5.215332
REEG	-5.247516
EEGE	-5.282278
HIRT	-4.541916
ULYT	-5.516362
KEDJ	-5.662490
RYAP	-5.407217
HMER	-5.458370
ESIE	-5.407217
SIED	-5.407217
RDCO	-5.157340
DYAT	-5.583308
NTSP	-4.842946
SPAU	-5.320067
DMYE	-4.981248
MYEL	-5.215332
YELD	-5.759400
TRAY	-4.884338
UEDN	-6.060430
NOFU	-5.082706
NATC	-4.856310
RCHC	-5.884338
AMSM	-5.583308
MSMA	-5.106187
ADDC	-6.361460
DDCO	-6.060430
GSIT	-5.282278
YALM	-5.157340
STAW	-5.157340
EKAF	-5.583308
KAFT	-5.282278
GCHU	-5.884338
RCHT	-5.247516
EKTH	-5.157340
EORH	-5.215332
CEDU	-4.781676
HEYJ	-5.884338
EMCI	-6.361460
MCIV	-6.361460
SOAC	-5.662490
LDGE	-5.106187
ACTA	-4.963520
EWSS	-5.662490
WSSP	-5.759400
RCAU	-5.106187
NCYV	-6.361460
CYVE	-6.361460
WSEA	-5.583308
FBYH	-6.060430
YOFK	-5.884338
FKEN	-6.060430
SICT	-5.583308
RSED	-4.458370
DFLO	-4.930096
RAWT	-5.583308
FASW	-5.458370
LASO	-5.407217
KOFC	-5.516362
IPAF	-6.361460
PAFT	-5.884338
REOP	-5.185368
OTSC	-5.583308
GFIT	-5.662490
ICMA	-5.361460
CMAD	-6.060430
RAYS	-5.039240
UDIT	-5.516362
LSUB	-5.407217
UEEN	-4.781676
RABE	-5.407217
RNTI	-5.583308
OFIC	-4.999732
DSOW	-5.106187
SOWO	-5.662490
DANN	-5.516362
LTHH	-5.759400
WDOE	-5.516362
OESG	-5.884338
SGEO	-5.759400
CYMR	-6.361460
OKEW	-5.157340
IDLA	-5.516362
CELI	-5.019037
LIFS	-6.361460
LIAS	-5.320067
SESV	-6.361460
XTWR	-6.361460
RGEH	-5.361460
TTON	-4.718007
TIOF	-5.884338
TNOE	-5.884338
NOEX	-5.106187
CIST	-5.458370
ANTP	-4.963520
LDMI	-5.361460
ALTI	-4.689362
LAYR	-5.884338
AYRE	-4.727991
GSEV	-5.157340
ONSR	-5.106187
NSRO	-5.361460
NNOB	-5.407217
DYSW	-6.060430
NCOF	-5.662490
FEEW	-5.884338
EEWA	-4.680218
WACH	-5.662490
OHAL	-5.583308
DASB	-5.407217
HEWT	-5.759400
EWTI	-6.060430
WTIL	-5.759400
DAFU	-5.662490
ULLV	-6.361460
LVIE	-5.759400
AWWH	-5.215332
SETU	-5.458370
NARC	-5.131011
CHSM	-6.060430
NMEM	-5.361460
OESP	-5.662490
STUB	-3.915855
TUBB	-3.918980
UBBO	-5.106187
BBOR	-5.282278
ORNN	-5.458370
LOFO	-5.320067
YSRI	-6.361460
SRIS	-5.247516
GOPI	-6.361460
WNEL	-5.662490
OUAV	-6.060430
UAVE	-5.662490
TTYN	-5.458370
ACHY	-5.458370
KYIN	-5.884338
OFFW	-4.946486
FFWI	-5.082706
FCRE	-5.320067
YUNG	-5.884338
UKNE	-5.759400
MPOL	-5.662490
CTOO	-6.361460
OCKY	-5.157340
CKYO	-5.106187
MOFC	-5.458370
WHEB	-5.759400
GSTR	-4.698702
RYDR	-5.458370
MYEV	-5.516362
ISBA	-4.576130
SBAL	-5.106187
KHED	-5.884338
RCEA	-5.060430
MYCE	-5.884338
AINK	-5.662490
ENYT	-5.458370
CTIH	-5.884338
NYLA	-5.516362
YBEY	-5.361460
ONDM	-5.157340
TYTR	-5.662490
DOIP	-6.361460
OIPL	-6.361460
IPLA	-5.458370
LAYN	-5.583308
XTMY	-6.361460
MYFI	-4.598032
FING	-4.352859
SWAI	-4.981248
PSSA	-5.759400
LWEA	-5.185368
WEAS	-5.583308
ASKY	-4.999732
SKYO	-5.082706
HYAM	-5.759400
OURQ	-5.662490
URQU	-5.662490
DFIT	-5.583308
AMWI	-5.320067
UTAP	-5.060430
PLEP	-5.516362
LEPO	-4.981248
TCAT	-5.247516
RNSA	-5.082706
SIOF	-5.759400
SEED	-5.282278
NSDO	-5.407217
SDOT	-5.516362
EORR	-5.516362
UCET	-5.282278
NFAU	-5.759400
ULTB	-5.662490
SASC	-4.981248
IORE	-5.884338
REXE	-5.407217
LYRI	-5.082706
YEDY	-5.884338
RNOO	-4.759400
NEAD	-5.131011
GWAN	-5.884338
GWEN	-5.759400
FUSP	-6.060430
GANP	-5.662490
NEAP	-5.583308
CYMI	-5.458370
NNEW	-5.247516
RNEL	-5.215332
WCOR	-5.884338
NYSY	-5.759400
YSYM	-5.458370
MOFL	-5.516362
TASL	-5.060430
RRYH	-5.157340
MIXI	-5.884338
MENR	-5.407217
LHOM	-5.516362
GBYH	-5.583308
GTOJ	-6.060430
EONB	-4.963520
FAVI	-5.759400
NOCA	-5.282278
TITN	-5.320067
ALFF	-5.247516
LFFI	-5.662490
HEDL	-4.999732
ZEDF	-5.662490
NBYL	-5.884338
ODAL	-5.282278
MERG	-4.770395
MLAS	-5.458370
NGCU	-5.516362
GCUR	-6.060430
STOK	-4.817392
STYD	-6.060430
YSUD	-5.759400
NLYY	-5.407217
ALLQ	-5.361460
MSOS	-5.884338
IFIR	-4.981248
CTRI	-5.320067
PEWH	-5.106187
ULEF	-5.516362
OITH	-5.019037
VEUN	-5.247516
AOFE	-5.884338
MSAY	-5.361460
ENDV	-5.884338
FHEM	-5.516362
NWEM	-5.247516
WEMI	-5.320067
HTPO	-5.516362
DFAM	-5.215332
PSMR	-5.759400
MTOK	-5.759400
PORQ	-6.361460
ORQU	-4.946486
EITU	-5.131011
NYEL	-5.884338
LEPU	-5.320067
MHET	-5.759400
SELA	-4.671264
NEIB	-5.759400
IDAG	-5.583308
LTOI	-5.407217
RDIB	-6.361460
ERKI	-5.106187
ARSV	-5.458370
RSVE	-5.662490
FEYE	-5.759400
LREJ	-5.884338
EWSE	-5.583308
WSEN	-5.759400
PYIF	-5.516362
OTCE	-5.884338
EMSP	-5.884338
APRU	-6.060430
DMAT	-4.930096
NSOE	-5.662490
SYAD	-6.060430
YADI	-5.516362
ASYD	-5.759400
SYDI	-6.060430
IFTY	-4.637184
FTYM	-5.458370
SFIF	-5.583308
NEYY	-5.407217
EYYE	-5.516362
ITAV	-5.759400
TCHC	-5.185368
LEDN	-5.157340
FOFY	-5.884338
GBEY	-5.759400
LDAP	-5.157340
ARFA	-5.106187
FSMI	-5.759400
HFAN	-5.759400
EBLU	-4.629066
ATAW	-4.999732
GUNI	-5.662490
UNIM	-5.320067
MESN	-5.185368
NTJO	-5.662490
TJOU	-6.060430
NEYS	-4.963520
VEAR	-5.082706
GLOC	-5.884338
LOCA	-4.999732
CALA	-4.817392
EWSP	-5.131011
HKEN	-6.361460
UEON	-5.320067
YENS	-6.060430
ALMA	-4.510201
NCIS	-5.247516
OBYT	-5.082706
RJUS	-4.914302
HETÊ	-6.060430
ETÊT	-6.060430
ÊTES	-6.361460
ADOC	-5.039240
NGMU	-5.039240
GMUC	-5.583308
ONAC	-4.748676
UNTC	-5.215332
IZAH	-6.361460
ZAHE	-6.361460
AHEM	-5.662490
OUOR	-5.407217
UORH	-5.884338
DONU	-6.060430
EEMV	-6.060430
LFIE	-5.662490
DSPO	-4.884338
DABI	-5.759400
BILL	-4.605585
UTGE	-5.320067
KTOI	-5.407217
TWOC	-4.856310
WOCO	-5.320067
DATV	-6.361460
MCAM	-5.583308
MSTI	-5.039240
LASB	-5.516362
NTAD	-5.320067
TEGE	-5.884338
OFTN	-5.884338
HYMR	-5.884338
UTOP	-5.759400
IDSP	-5.407217
FNEC	-5.884338
TYRA	-5.361460
FCHO	-5.884338
ETYN	-5.884338
TAPL	-5.282278
DOMA	-5.361460
OMAP	-5.583308
INSK	-5.662490
NSKN	-5.583308
SKNE	-5.060430
OWNK	-5.662490
WNKN	-5.884338
TLOV	-4.963520
ZASH	-6.361460
KTOF	-5.662490
ASTG	-5.157340
TGAZ	-5.884338
GAZE	-4.590608
AZEB	-6.060430
ZEBU	-5.458370
SLAU	-4.999732
KITR	-5.759400
ITRI	-4.914302
AISI	-5.247516
NDSD	-5.662490
DSDI	-5.583308
KEWO	-5.759400
LDVA	-5.583308
SHIF	-5.082706
HIFS	-6.361460
ONDC	-5.583308
BALA	-5.019037
GESM	-5.583308
LLIL	-5.282278
LILL	-5.361460
GUPC	-5.884338
UPCH	-5.884338
RRAM	-5.662490
ARKU	-5.662490
RKUN	-5.759400
KUNE	-6.060430
OOKC	-5.247516
OKCA	-5.759400
MATF	-5.583308
HAUN	-5.082706
LDOC	-5.320067
ODDY	-6.361460
DDYE	-6.361460
ULIL	-6.361460
EORA	-4.817392
YPEN	-5.458370
FEWF	-5.458370
EWFO	-5.185368
RNBA	-5.759400
NBAC	-4.884338
LKWI	-5.458370
RHEN	-5.157340
EALN	-5.884338
ALNO	-5.215332
LNOR	-5.282278
FLIS	-6.361460
MEOD	-6.361460
ODDU	-5.662490
DDUN	-6.361460
TEDQ	-5.215332
NSAB	-5.039240
OOHI	-5.884338
DSSE	-5.361460
YITC	-5.458370
RITD	-5.662490
TEGL	-5.662490
GEDO	-4.963520
DINR	-4.946486
PERU	-5.039240
SLAS	-4.698702
NDDW	-5.662490
GONS	-5.247516
PTHA	-4.738210
SMEE	-5.282278
RCIN	-5.361460
GASM	-5.407217
DOEV	-6.060430
UGOI	-5.583308
HFAR	-5.458370
RNOI	-5.759400
VETU	-5.759400
IDTU	-6.060430
SIFD	-5.759400
CYDO	-6.060430
FFAG	-5.583308
SALH	-5.884338
ESSJ	-5.407217
SSJU	-5.662490
DIFN	-5.759400
EMSM	-5.407217
MSMO	-5.662490
WAYV	-5.884338
LDOI	-5.516362
AKFE	-6.361460
KFEE	-6.060430
LYAY	-6.361460
EINU	-5.361460
INUR	-6.060430
NURE	-6.361460
ARLC	-6.060430
RLCA	-6.060430
LCAN	-4.930096
CANK	-5.583308
ANKN	-5.247516
WSER	-5.082706
SLYW	-5.247516
VERK	-5.215332
WNOF	-4.930096
UBEE	-6.060430
ROMG	-5.247516
OMGO	-5.516362
AFAN	-5.407217
PSIC	-6.361460
VEEX	-5.060430
IPSO	-4.829981
FGRE	-4.817392
RWEI	-5.458370
RRYW	-5.082706
IKEU	-5.759400
KEUN	-5.759400
EYVE	-5.759400
DOOU	-6.060430
RHAB	-5.583308
MYRA	-5.407217
ANKO	-5.060430
EABU	-4.981248
NUNL	-5.884338
RISV	-5.759400
KLYI	-5.662490
YISU	-5.583308
SKAB	-6.060430
VEFI	-5.247516
FTYT	-5.458370
UPTA	-5.583308
PTAS	-5.282278
MFAN	-6.361460
IDII	-5.215332
DIIM	-5.662490
IIMA	-5.361460
INEY	-5.019037
INBR	-4.829981
NBRO	-4.671264
UDOW	-5.583308
ALIW	-5.516362
RNOS	-5.247516
IAMJ	-5.583308
AMJO	-6.060430
MJOI	-6.361460
EGUA	-5.320067
HIPO	-4.781676
IPOF	-4.946486
POFM	-5.583308
CYAR	-5.759400
UIND	-5.884338
FAGU	-5.759400
AGUA	-6.060430
IAND	-4.884338
NDOY	-5.215332
OESY	-5.583308
RGEG	-5.759400
GEGI	-6.060430
IMLO	-5.516362
MLOO	-5.247516
RWHY	-5.082706
NYUN	-5.407217
YUNE	-5.320067
WORO	-5.361460
GOTP	-5.884338
TYNE	-5.407217
EMIK	-6.361460
MIKN	-5.884338
NTGE	-5.157340
YSOH	-5.884338
SOHY	-5.516362
HDRI	-5.759400
NLYK	-5.361460
RODI	-4.842946
ODIG	-4.842946
IGIO	-4.738210
SEPO	-5.082706
OURJ	-5.185368
URJO	-5.407217
NEYH	-5.131011
YHIT	-5.583308
NKBI	-5.884338
KBIN	-5.662490
BEGH	-6.361460
EGHI	-5.516362
SACI	-5.215332
BEGE	-5.282278
LLYK	-5.106187
NUNP	-5.662490
BEBI	-6.060430
FONH	-5.884338
GLAT	-5.759400
DAFR	-5.082706
GNAM	-5.884338
NDIO	-5.082706
DION	-5.361460
MBEL	-5.060430
CRAP	-4.946486
ROMK	-6.060430
OMKN	-6.060430
FLAS	-4.179616
TSUM	-5.407217
MERD	-5.662490
CYGI	-6.361460
OUHI	-5.759400
UHIS	-6.060430
RTSD	-5.583308
TSDI	-5.185368
DHEU	-5.884338
MSMI	-5.759400
GHEO	-5.759400
MASK	-5.215332
GMES	-5.662490
UCTD	-6.361460
CTDO	-5.759400
UITM	-5.282278
HYWA	-5.247516
DGEY	-5.884338
USID	-5.884338
WHYU	-5.884338
HYUP	-6.060430
UEDR	-5.458370
SWEK	-5.884338
EMNH	-6.361460
MNHI	-6.060430
TANU	-5.407217
NUNN	-6.361460
MPHV	-6.361460
PHVE	-6.361460
YSAD	-5.662490
SADL	-5.157340
KENJ	-5.759400
ENJE	-5.583308
NJES	-6.060430
JEST	-4.680218
RSOJ	-6.361460
SOJU	-5.662490
TAPI	-5.320067
APIC	-5.361460
EABR	-5.157340
ESHU	-4.738210
TEXI	-5.516362
LDTW	-6.361460
HOMM	-5.884338
CHBO	-4.946486
RDOU	-4.781676
PALD	-6.361460
EMIF	-5.583308
MIFH	-5.516362
ADRU	-5.019037
DRUI	-5.662490
ATEG	-5.215332
OWLA	-5.215332
WLAS	-6.060430
VILH	-5.215332
NFLI	-4.870098
FLIC	-4.793258
AMSW	-5.361460
MSWO	-5.583308
ONEU	-4.981248
CLEW	-5.019037
NOPO	-5.106187
GEXC	-5.215332
GBEU	-6.361460
BEUR	-6.060430
IARI	-4.842946
CEGA	-5.662490
LYGO	-4.793258
RSTK	-5.516362
CTOC	-6.361460
EDBR	-4.759400
ONAH	-4.316137
DITG	-5.407217
REWS	-4.662490
YITD	-5.662490
ITDE	-5.215332
EAMR	-6.060430
AMRS	-6.060430
LDID	-5.019037
EALH	-5.458370
ALHI	-5.019037
XASP	-5.185368
ADWR	-5.361460
GINK	-6.060430
NKEN	-4.637184
NOAC	-5.320067
INTN	-5.516362
LOFP	-5.458370
YLIN	-4.999732
ERIZ	-5.662490
IZEH	-5.516362
ZEHE	-5.884338
RSTY	-5.407217
HITS	-4.528951
CLOU	-4.492228
VEYI	-5.583308
AOFU	-6.060430
RUSA	-5.060430
LMRD	-5.759400
FULB	-4.999732
ULBO	-5.458370
LBOA	-5.516362
ICTG	-6.361460
CTGA	-6.361460
ERAK	-6.060430
RAKE	-5.407217
RSSU	-5.247516
XTAN	-5.583308
LGRE	-5.039240
FBEW	-6.361460
TSBY	-5.282278
DDOS	-5.583308
DOSH	-5.583308
NGKE	-5.282278
GKEN	-6.361460
PYAB	-6.361460
YROU	-4.946486
LEFL	-4.856310
EFLU	-5.019037
AOFI	-5.458370
LEDL	-4.981248
DEAW	-4.914302
ONBA	-5.157340
NBAN	-5.458370
ERUT	-5.458370
RUTT	-5.407217
NINQ	-5.185368
GUPW	-5.407217
PWAL	-6.361460
RDAF	-5.282278
NAGI	-5.407217
TDOM	-5.407217
YIAD	-6.060430
OVEY	-5.185368
HSAS	-5.662490
KEWE	-5.320067
GADE	-5.361460
RADA	-5.282278
TACL	-4.856310
CHJU	-5.884338
HJUD	-6.060430
YSOP	-5.583308
MTHW	-6.060430
HSEE	-4.759400
EDDU	-4.981248
DDUE	-5.884338
SSUI	-5.458370
RDEE	-5.407217
ROOT	-5.039240
OOTE	-5.019037
ONSD	-5.019037
LROU	-4.793258
UBSE	-4.999732
TLAN	-4.388332
FTOA	-5.247516
HPAT	-5.759400
QUER	-5.060430
UERA	-5.458370
WBER	-5.884338
DANX	-5.282278
SEDR	-4.930096
HEEK	-4.698702
DMOD	-5.516362
TSAV	-5.039240
VOWE	-5.407217
RUNE	-5.583308
UNEQ	-5.458370
EELG	-5.884338
ELGR	-6.060430
DEIW	-5.884338
DPAI	-5.282278
PEWI	-5.157340
RTDU	-5.884338
LMEH	-5.516362
ECEW	-5.282278
ALEW	-4.271555
TURB	-4.598032
RBAN	-4.899062
BANC	-5.662490
GGLI	-4.981248
PENH	-5.407217
LHEB	-5.759400
TTAI	-4.963520
THSF	-5.458370
HSFE	-6.060430
GSDR	-5.884338
LATL	-4.914302
GIMI	-6.361460
ATCI	-5.320067
HUSR	-5.583308
EIMI	-5.320067
HSOE	-5.884338
LMET	-4.930096
NSTY	-5.458370
TYIF	-5.282278
FIWA	-5.215332
OVOC	-5.884338
VOCA	-4.842946
WIHA	-5.282278
OTMY	-5.185368
GSDE	-6.060430
TORH	-4.914302
FRUI	-5.157340
UINI	-6.060430
APSF	-5.407217
PSFO	-5.320067
URBU	-5.082706
HEEM	-4.805157
UNOM	-5.884338
EUNJ	-5.759400
DUNG	-5.215332
UACT	-5.884338
FDIV	-5.583308
ITSD	-4.781676
TSDE	-4.884338
SDER	-5.583308
EACU	-5.458370
AWWI	-5.320067
HNOS	-5.157340
NOSL	-6.060430
IRWH	-4.829981
YUNM	-5.884338
UNMO	-5.215332
NYFE	-5.282278
MORS	-4.759400
DULI	-5.407217
ULIT	-5.361460
TYCA	-5.215332
UMED	-4.671264
EDTR	-4.870098
ENYI	-5.516362
EENK	-5.082706
VILR	-5.759400
ILRE	-5.583308
GDID	-5.458370
APEN	-5.157340
SITL	-5.458370
KEIS	-5.320067
KENP	-4.899062
ENPL	-4.770395
UWAS	-5.516362
DEDY	-5.247516
ECIT	-4.793258
CHIR	-5.516362
HSAG	-5.282278
AGOF	-5.320067
MMRW	-6.060430
OSEU	-4.899062
SEUP	-4.999732
PONO	-4.899062
THAH	-4.645456
HAHE	-5.039240
AHEI	-5.583308
NEDC	-4.817392
OWSW	-4.727991
UNES	-4.781676
LPFE	-5.884338
PFEE	-5.282278
NESR	-5.662490
MPTU	-5.759400
PTUO	-5.884338
TUOU	-4.698702
SLYY	-5.884338
LYYE	-5.157340
RGYY	-6.361460
FPOV	-5.884338
POVE	-4.963520
VEPO	-5.282278
EPOV	-5.583308
RTYY	-5.039240
TYEA	-4.946486
ISDU	-5.131011
YETY	-5.282278
EPSA	-5.185368
PSAC	-5.759400
MISY	-6.060430
SOFU	-4.817392
YFAU	-6.060430
AVYI	-5.583308
PSAD	-6.361460
ENHU	-4.963520
NHUR	-5.583308
MYFO	-4.805157
GNTH	-5.247516
ESEB	-5.039240
SEBI	-5.458370
IWIT	-5.361460
RPOL	-5.583308
LICY	-5.458370
ICYC	-5.583308
ALED	-4.388332
DFLA	-4.590608
FOFM	-5.516362
MPEL	-5.131011
DBYU	-5.458370
YUNQ	-6.060430
UNQU	-5.407217
UNAL	-5.247516
LLOY	-5.583308
NBYR	-5.458370
NBYE	-6.361460
YABH	-5.759400
IASH	-5.516362
SSOD	-5.247516
HMYO	-5.407217
FGRO	-5.458370
EANG	-4.805157
GRYE	-6.361460
NTYE	-4.842946
AKWI	-5.361460
OUSU	-4.817392
USUP	-4.999732
UBEH	-5.583308
UEDY	-5.662490
VETE	-5.060430
SOBV	-4.999732
RSIM	-5.185368
GMEW	-5.884338
SHDI	-5.759400
TGRO	-5.157340
NONW	-5.361460
EBUI	-5.185368
ILTS	-5.361460
LTSO	-5.215332
MMOV	-5.583308
OVAB	-5.516362
VABL	-5.060430
NTHB	-5.759400
HBEF	-5.157340
EIFE	-4.981248
IFEL	-4.275100
OMIC	-4.829981
MICO	-5.516362
AIDQ	-5.458370
IDQU	-5.407217
GHMA	-5.583308
AMIP	-6.361460
MIPE	-6.361460
NGTA	-4.770395
GTAK	-5.361460
NUPS	-5.662490
ONTD	-5.215332
ETUM	-5.106187
WPAI	-6.060430
MACT	-5.516362
HSSO	-5.759400
NCAS	-4.793258
SLYS	-4.770395
SSAV	-4.946486
SUNP	-5.247516
UNPA	-5.185368
FYIT	-6.361460
ENYS	-6.361460
ONOV	-5.583308
GREF	-5.516362
ELHO	-5.361460
WUNE	-6.361460
AWOK	-5.082706
WOKE	-5.039240
GTHC	-5.662490
THCL	-5.361460
HCLO	-5.361460
LGEH	-6.060430
INAI	-5.516362
DEXE	-5.407217
GDIR	-5.884338
FENT	-5.458370
RKSH	-5.039240
RNPI	-5.759400
NPIK	-5.884338
PIKE	-4.829981
KERO	-5.039240
ARKP	-5.361460
RKPA	-5.759400
KPAL	-5.759400
OPAT	-5.458370
PATT	-4.856310
EKSW	-5.215332
DINK	-5.583308
INUI	-5.516362
TAGL	-5.185368
AGLI	-5.185368
GLIM	-4.680218
IMPS	-4.899062
MPSE	-4.914302
PSEO	-4.930096
HOAD	-6.361460
EPPI	-5.320067
ADTU	-5.247516
DHOL	-4.023003
HTYC	-5.583308
UDOM	-6.060430
OWTU	-5.884338
WTUR	-5.583308
FSIG	-4.884338
HNOE	-6.060430
STCU	-5.320067
TCUR	-5.039240
NENV	-5.759400
WOSH	-5.516362
RPAP	-5.247516
ERWR	-5.247516
RWRI	-5.185368
TENQ	-6.361460
ULLP	-5.082706
LLPU	-4.930096
LPUR	-5.215332
YALO	-4.946486
SDAT	-5.407217
WSBE	-5.662490
TSOD	-5.407217
UIWR	-6.361460
FBYD	-6.060430
BYDW	-5.759400
OOSO	-5.662490
RREQ	-6.361460
IDEM	-4.914302
WWIL	-5.157340
WITU	-6.361460
URJU	-5.759400
CETW	-5.759400
FAVE	-5.247516
NTNA	-5.516362
OFEQ	-5.583308
FEQU	-5.458370
LMAG	-5.583308
HTLA	-5.247516
TLAI	-5.458370
EFIA	-5.407217
FIAN	-5.282278
OFVA	-4.999732
FVAR	-5.458370
USCL	-5.060430
TYRU	-5.884338
YRUI	-5.583308
BLAS	-4.708247
FMYY	-5.759400
DFAV	-5.884338
RAYO	-5.320067
RDEP	-5.106187
TUPT	-4.899062
PTOE	-5.759400
SEXE	-5.185368
PRAV	-5.759400
WTHO	-5.106187
EKSC	-6.361460
RNOC	-5.884338
OLIB	-6.361460
IAMU	-5.662490
AMUN	-5.516362
GFEE	-5.583308
EOBE	-5.662490
BEYE	-5.157340
OGYW	-6.361460
GYWO	-6.361460
MINL	-5.759400
UIWA	-5.583308
OAGE	-5.759400
DBEU	-5.407217
TIOB	-5.884338
IOBS	-5.157340
SOWA	-5.060430
PENC	-4.946486
IARR	-5.106187
GSSC	-6.060430
CRUT	-5.157340
RUTI	-5.662490
TINY	-4.770395
INYT	-5.662490
SLED	-4.914302
ICTP	-5.884338
CTPA	-5.884338
NUNR	-5.516362
NDAI	-5.215332
TEOB	-5.759400
RTEM	-5.282278
STIG	-4.671264
TIGA	-4.689362
DDEC	-5.039240
TUSU	-5.583308
ITIB	-6.060430
GEWE	-5.282278
HILA	-4.914302
REOT	-5.361460
EPUG	-5.361460
PUGN	-5.320067
UGNA	-5.320067
CECA	-5.060430
GHST	-5.516362
DEXI	-5.516362
LFEN	-5.662490
GETB	-5.583308
GHBR	-5.759400
HBRI	-5.662490
GHOB	-6.060430
LWAN	-5.458370
YSOA	-5.361460
RAYE	-4.689362
YEDB	-5.157340
FBYY	-6.361460
NBYY	-5.662490
DSTY	-6.060430
EMLE	-5.583308
NYSH	-5.247516
IKEC	-4.999732
ESSG	-5.106187
SSGE	-6.060430
GMYO	-5.361460
DMEB	-4.899062
PPYC	-5.516362
PYCO	-5.884338
OUIA	-5.458370
UIAM	-5.662490
HIAC	-6.361460
IACT	-5.407217
ENEQ	-6.361460
WNOU	-5.157340
RCOI	-6.361460
NDET	-5.247516
ONJO	-5.583308
IMDI	-5.662490
WEAC	-5.516362
REIR	-5.361460
FPOI	-5.759400
ILSO	-4.498137
DENF	-5.282278
MEAR	-4.963520
TAGG	-4.946486
GERE	-4.727991
LDUL	-6.060430
DULT	-5.662490
HIHE	-6.060430
IHES	-5.361460
GOFY	-5.759400
EIFN	-5.516362
UTBI	-6.361460
STYW	-5.662490
NMYJ	-5.583308
MYJU	-5.407217
YJUD	-5.516362
ULTP	-6.361460
RONW	-5.157340
CTWI	-5.019037
OADO	-5.282278
OPTT	-6.060430
EALF	-5.583308
WNIK	-6.361460
WITM	-5.516362
NYET	-4.727991
ETIG	-5.131011
TIGN	-5.516362
RDDI	-5.583308
GERP	-5.407217
OGYT	-5.282278
GYTO	-5.407217
VEWO	-5.157340
RSFE	-5.407217
HGOV	-5.884338
EMNT	-6.060430
MNTH	-5.662490
HTYA	-5.361460
TYAC	-5.884338
GINJ	-5.759400
FUTE	-6.361460
TBYL	-6.361460
YLAY	-5.320067
HMYF	-5.082706
AMIG	-5.131011
MIGN	-5.662490
LREL	-5.407217
TEIC	-5.759400
SEGO	-5.215332
STNA	-5.407217
SGOD	-5.039240
MATS	-5.407217
CAMB	-5.583308
AMBR	-5.662490
MBRI	-5.583308
NFAT	-5.019037
MAGE	-4.598032
ARSS	-4.914302
VICI	-4.781676
ENDC	-5.082706
NUNG	-5.759400
DMOM	-5.759400
UPAI	-5.458370
TMEF	-5.320067
ROMU	-5.039240
OMUN	-5.157340
MUNF	-5.884338
DDSE	-6.361460
RDIE	-5.215332
LHEP	-5.759400
OKOR	-5.583308
KORD	-5.884338
ATAV	-5.458370
TAVA	-5.361460
GMIG	-5.759400
OALE	-5.759400
ALEG	-4.981248
EGAC	-6.060430
GACY	-6.060430
GSUR	-5.407217
LFAY	-6.060430
SEEV	-5.215332
AMWR	-6.361460
MWRO	-6.361460
RMME	-5.458370
GFIN	-5.157340
GORD	-5.247516
KITU	-5.407217
ECUN	-5.516362
CUNI	-6.060430
UNIA	-5.884338
NIAR	-5.060430
IARY	-5.282278
NLIE	-5.185368
IEUO	-5.662490
EUOF	-5.662490
OFST	-4.370234
FSTU	-5.185368
ELAW	-4.583308
DIMU	-5.082706
DSWO	-5.106187
CCED	-5.759400
LIKN	-5.407217
MOUG	-6.361460
DSAL	-4.999732
NUSS	-5.759400
USSE	-4.662490
OWDI	-4.671264
WDIS	-5.458370
EYOR	-5.516362
WNIB	-5.884338
FLYL	-5.759400
FIDL	-6.060430
DLEN	-5.157340
SSIP	-5.039240
SIPA	-5.060430
SIHE	-5.361460
RDLI	-5.282278
LYBA	-4.981248
BADH	-6.060430
TUNP	-5.759400
UNPR	-4.930096
UDYA	-5.361460
RDAI	-5.583308
FIWO	-5.759400
YBLA	-4.981248
YORF	-5.662490
SASV	-6.361460
SABU	-5.583308
LFAF	-5.759400
FAFT	-5.516362
IODE	-5.583308
ASDR	-4.770395
EDIK	-5.185368
DIKN	-4.856310
YOBT	-5.884338
OBTR	-5.662490
BTRU	-5.662490
WMEN	-5.361460
NACI	-5.320067
CHIW	-4.914302
GHAV	-5.884338
HIFE	-5.282278
EELN	-5.884338
ELNO	-5.884338
LNOD	-5.583308
ECYM	-6.060430
OISM	-5.458370
TENY	-5.407217
ARSM	-4.708247
SMYJ	-5.759400
YJUN	-5.759400
JUNI	-5.583308
UNIO	-4.856310
IORW	-5.583308
RSNE	-5.157340
HEWC	-6.060430
WCOL	-5.759400
LFAB	-5.516362
AGOS	-5.516362
GOSH	-5.583308
OMSC	-5.884338
MSCH	-5.361460
HOPR	-5.458370
RAMS	-5.884338
MSGA	-5.662490
HAMU	-5.884338
YBYD	-5.884338
IORA	-5.361460
MRSY	-5.759400
ONNI	-5.759400
NNIV	-6.060430
NIVA	-6.060430
DAID	-6.060430
OGEO	-5.884338
ARTR	-5.458370
ILDT	-5.282278
DDTH	-5.516362
TIOW	-5.759400
LFIJ	-6.361460
FIJO	-6.361460
IJOI	-6.060430
MUNE	-5.884338
YADA	-5.458370
WOBE	-6.060430
NAUN	-5.759400
AUNA	-6.361460
FGRI	-5.247516
GABR	-4.946486
PTOA	-5.407217
OASA	-5.282278
OWIA	-5.019037
WIAC	-6.361460
GSPR	-5.247516
NYPU	-5.662490
YPUB	-6.361460
CEXP	-5.884338
TIWR	-6.060430
GEMR	-5.759400
AMSC	-5.407217
SUNQ	-5.884338
LPSU	-5.516362
PSUP	-5.407217
FREV	-5.157340
FONM	-5.884338
NMEW	-5.247516
ULNA	-5.759400
LNAR	-5.662490
HWEH	-5.106187
YREJ	-5.407217
AMIK	-6.361460
NERU	-5.583308
FFAL	-5.019037
AYPO	-5.215332
HYAL	-5.583308
FTOK	-6.361460
DORO	-5.516362
CUTO	-5.060430
LHAS	-5.185368
NSIF	-5.282278
RABH	-5.662490
FMES	-5.884338
MYAS	-5.215332
LUEL	-5.759400
UELE	-5.320067
MECA	-4.856310
NMYC	-4.770395
MEOP	-5.583308
OFPU	-5.106187
FPUT	-5.583308
RINY	-5.583308
NGIW	-4.999732
GIWI	-5.884338
ADDG	-6.361460
DDGO	-6.361460
GODB	-5.131011
ODBL	-5.361460
DBLE	-5.106187
UFIT	-6.361460
CYIL	-6.361460
DNOE	-5.407217
YBEW	-5.320067
BEWE	-5.282278
WEAG	-6.060430
RARI	-5.039240
FEMO	-6.060430
ENOE	-5.458370
CHAJ	-5.884338
AJUS	-6.060430
MEWO	-4.963520
HHAR	-5.282278
OMIM	-5.516362
EXTS	-5.516362
XTSE	-6.060430
HTBR	-5.583308
OANG	-5.662490
YLEW	-6.060430
TPEN	-5.361460
THAU	-5.361460
HTYI	-5.884338
IFTR	-5.884338
ROWE	-4.899062
HBOR	-5.185368
OALA	-5.106187
FDEF	-5.662490
OPPR	-5.082706
GHSC	-5.884338
HSCA	-5.516362
TPAG	-6.361460
WOPU	-6.361460
WAYP	-5.320067
KINI	-5.458370
BEDS	-4.930096
TONN	-5.282278
FSOF	-5.282278
OREK	-5.583308
REKN	-5.407217
EDEQ	-5.884338
DSSO	-5.131011
ACHR	-5.215332
ADSA	-4.492228
OSSD	-6.060430
SSDU	-5.884338
SDUP	-6.361460
HEFL	-4.254250
EFLA	-4.492228
OTER	-5.131011
ERRB	-6.361460
RRBU	-6.060430
DRER	-6.060430
AMSR	-6.060430
MSRE	-5.662490
IEUS	-5.759400
EUSO	-5.583308
USOC	-5.458370
SUMA	-5.215332
UMAS	-5.759400
DSAG	-5.361460
PUTD	-5.759400
RYCI	-5.361460
ONBO	-4.432041
FATU	-5.458370
IGAC	-6.361460
OLAY	-5.247516
GEEX	-5.458370
TIAI	-5.884338
HOON	-5.019037
FENO	-5.458370
ENKN	-5.019037
LTAW	-5.884338
FINQ	-5.884338
CEVO	-6.361460
EVOI	-4.930096
MATO	-5.320067
YVIR	-5.662490
AITO	-5.106187
YORB	-5.884338
SCUE	-5.361460
CUEH	-6.361460
UEHI	-5.407217
CKSO	-4.613272
CYOR	-5.884338
FVIR	-5.516362
CASU	-5.320067
ASUA	-5.320067
ALER	-4.510201
LERR	-5.662490
RORS	-4.528951
OFAI	-4.842946
BERN	-5.157340
IALG	-5.516362
RDWH	-4.662490
RPAU	-5.247516
AUSI	-5.019037
LFFR	-5.019037
SLYR	-5.320067
GTHW	-4.930096
YBAN	-5.583308
EHAZ	-6.361460
HAZA	-5.458370
AZAR	-5.247516
ZARD	-5.320067
LIFH	-5.583308
TMRP	-6.361460
ORYS	-4.963520
UCTS	-5.884338
ADBO	-4.963520
DAVO	-5.185368
LDFA	-4.689362
HADQ	-5.516362
ONOO	-5.759400
LFBU	-4.870098
WDIF	-5.884338
GWER	-5.361460
DHAT	-4.781676
DIOC	-6.060430
IOCR	-6.060430
PATA	-5.407217
WHAV	-5.185368
YBYE	-5.884338
GLEI	-5.247516
REWF	-5.185368
EWFA	-5.759400
WFAI	-5.458370
DFAI	-4.759400
NFUR	-5.215332
SBLA	-4.727991
LSIV	-5.131011
ADLA	-5.060430
DORU	-6.060430
RUNJ	-6.361460
MOFI	-5.458370
FIRR	-6.361460
USOR	-5.131011
ALHA	-4.884338
LHAB	-5.759400
NDVA	-5.019037
DVAL	-5.458370
IMSP	-5.583308
AKSO	-5.215332
KSOA	-5.662490
MCAP	-5.247516
MSOG	-5.884338
SAVI	-5.082706
IOLA	-5.516362
GRIG	-5.247516
HIPB	-4.930096
IPBE	-5.884338
PBET	-5.583308
EWAB	-5.759400
FOFN	-5.884338
FNEI	-6.060430
ENBL	-5.019037
NBLI	-5.458370
URDH	-6.361460
VEIA	-5.583308
EIAC	-5.884338
DIWH	-5.215332
IWHO	-5.247516
TIWH	-5.215332
VEVA	-6.060430
YABI	-5.759400
DMYV	-5.583308
ORBL	-5.516362
RBLA	-5.215332
OWHU	-5.516362
WHUM	-5.884338
YYET	-4.914302
HOWJ	-6.361460
OWJU	-5.662490
WJUS	-6.060430
ADIB	-5.361460
IBEE	-5.407217
EWRE	-4.653889
UTVA	-5.583308
TVAN	-5.759400
ONAW	-5.106187
EWMY	-5.185368
WMYS	-5.131011
FTOJ	-6.060430
ONBR	-5.282278
YSEX	-5.516362
NWID	-5.516362
DELY	-5.247516
YUNS	-5.458370
NSUS	-4.999732
NOFJ	-5.458370
HFER	-5.884338
FERV	-5.407217
NERN	-5.516362
GYET	-5.407217
HHEP	-5.407217
DASC	-5.247516
ACTB	-5.884338
WMAT	-5.759400
OTHM	-5.282278
LTDE	-5.759400
GALO	-4.613272
TWOH	-4.870098
WOHO	-5.320067
OHOU	-5.361460
URSG	-5.583308
RSGI	-6.060430
GWAY	-5.215332
OSUD	-5.320067
GCHE	-5.516362
LASU	-5.759400
RUNF	-5.320067
UNFI	-5.282278
NFIT	-5.320067
LKAF	-6.361460
CTCO	-5.247516
MENL	-5.320067
EFTR	-6.060430
FTRO	-5.516362
EMHI	-5.759400
LESP	-4.645456
OLYS	-5.458370
YSCE	-5.583308
YGON	-5.662490
RNBR	-6.060430
HTBA	-5.583308
IPIM	-6.060430
PIMP	-6.060430
FSOD	-5.583308
SODU	-5.759400
ODUL	-6.060430
ULLA	-4.805157
RFUT	-5.662490
WWOU	-5.407217
DIMI	-5.082706
NUTI	-5.662490
ITEX	-5.361460
IDOB	-5.516362
ESEY	-5.215332
GOBU	-5.407217
TSOT	-4.829981
YSAR	-5.407217
NELR	-6.060430
ELRA	-6.060430
LRAL	-6.361460
ANLA	-5.106187
GSCE	-5.082706
EREK	-5.361460
REKI	-5.215332
NEOB	-5.662490
OGOH	-5.662490
NYIA	-6.060430
HOBL	-5.583308
IPFO	-5.215332
NNEX	-5.131011
XTSA	-6.361460
YWHY	-5.157340
HYAT	-6.361460
ATRA	-4.613272
IXWE	-5.458370
XWEE	-5.759400
EKSI	-5.320067
KSIE	-6.060430
SIEX	-5.320067
AYTW	-6.361460
HSIT	-6.060430
SSOB	-5.185368
UCAM	-5.516362
GSOS	-5.215332
RYMY	-4.899062
RNIL	-6.060430
NDAW	-4.842946
NOHY	-5.583308
UIFY	-5.361460
UASF	-6.060430
JUNE	-5.407217
DASD	-6.060430
SDAW	-5.759400
ROUC	-5.516362
CHEB	-6.361460
EBOX	-5.247516
BOXT	-5.759400
OXTH	-5.662490
ECOO	-5.060430
OUBO	-5.185368
UBOT	-5.583308
RGEY	-6.060430
LLKI	-5.185368
ABID	-5.320067
BIDE	-5.516362
BYOU	-5.157340
NALP	-5.157340
LANL	-6.361460
WIAL	-6.361460
EAKM	-5.361460
AKMY	-5.884338
KMYM	-6.361460
GPOS	-5.082706
PERY	-5.215332
DYIH	-5.662490
LYGU	-5.361460
MYNI	-5.215332
YNIE	-5.407217
ECEG	-6.361460
AWEN	-5.583308
NTSG	-5.884338
NGSY	-5.185368
GSYO	-5.361460
NDJO	-4.817392
DJOH	-5.662490
OHNW	-5.759400
HNWI	-6.361460
ITOC	-5.662490
NITF	-5.361460
YBED	-4.817392
HEMG	-5.583308
EMGO	-5.516362
MGOA	-5.884338
GOAL	-5.320067
OALO	-5.060430
EMYU	-5.407217
RUSO	-5.662490
USOH	-6.060430
CLEH	-5.407217
PSAM	-6.361460
SOHB	-5.884338
OHBR	-6.060430
HBRO	-5.019037
BROM	-6.361460
OMLE	-5.282278
MLEY	-6.361460
ASKR	-6.361460
SKRE	-6.361460
KRES	-5.884338
BELU	-5.884338
CKYF	-6.060430
KYFO	-5.884338
SOOC	-6.361460
KINW	-5.282278
LGEI	-5.759400
FUNP	-5.884338
SWID	-5.282278
LLFU	-5.019037
WUNJ	-6.361460
DUPB	-5.247516
TEDG	-4.914302
UDEH	-5.662490
MNOR	-5.215332
LORF	-5.583308
PYDE	-6.361460
FYET	-5.516362
AVIE	-5.039240
VIER	-5.106187
GRIN	-4.770395
EDYH	-6.060430
ILDG	-5.884338
DGID	-6.361460
GIDD	-5.884338
OMRI	-6.060430
MRIG	-5.662490
ILEL	-5.282278
YUNI	-5.247516
FCAT	-5.662490
EBEO	-5.759400
AKSP	-6.361460
KSPI	-6.361460
DIRR	-5.458370
ELYU	-4.930096
ASGU	-5.407217
LDSC	-5.019037
EMAH	-5.458370
MAHE	-5.662490
REIG	-4.528951
TIDL	-5.759400
DVAI	-5.662490
LDFL	-5.407217
DFLI	-5.407217
IRTW	-5.759400
YONJ	-6.361460
UCTC	-6.060430
CTCL	-6.361460
LLBL	-5.320067
CITN	-6.361460
OWGR	-5.361460
WGRI	-6.361460
ETEW	-5.516362
SOPR	-5.215332
SSJA	-6.060430
RUMO	-5.157340
UMOF	-5.131011
LOPM	-5.458370
PMEN	-5.282278
PYSP	-6.361460
DOMB	-5.884338
MBEE	-5.759400
NTDU	-5.884338
EKOF	-5.662490
IPAG	-5.583308
PAGA	-4.698702
FPAC	-6.361460
GGOW	-5.361460
LFOB	-5.759400
NDOA	-5.516362
DPAC	-5.320067
RTRU	-5.157340
UNKA	-5.131011
NKAF	-6.060430
KAFR	-6.361460
ESHW	-5.320067
MAGO	-5.759400
RDAG	-5.106187
EXTY	-6.060430
XTYE	-6.361460
RGHE	-5.884338
ESYA	-5.662490
OBOT	-5.662490
GSCH	-5.516362
ORBR	-4.963520
TESB	-5.106187
DEEM	-4.899062
RYIK	-6.361460
YETE	-5.039240
TIAS	-5.157340
UWEK	-6.361460
DEOU	-4.718007
DFEW	-5.884338
EWDO	-5.583308
WDOM	-6.361460
LEWE	-4.718007
RLDM	-5.407217
LDMU	-5.282278
KEHU	-5.884338
EHUN	-4.421940
RDEX	-5.583308
LYDU	-5.583308
YDUL	-6.060430
ULLT	-4.914302
TOAY	-5.884338
OAYO	-6.361460
EVEU	-6.060430
EUSG	-6.361460
IMEU	-5.662490
NEOU	-4.590608
UTOV	-5.884338
SOFV	-4.829981
EHUM	-4.645456
AYFL	-5.884338
RHUN	-5.185368
ORDV	-5.759400
RDVI	-6.060430
SITC	-5.082706
LYIR	-5.320067
YIRK	-5.884338
FEXT	-5.215332
HFEW	-5.884338
FEWC	-5.662490
GWEA	-5.361460
NEAB	-5.407217
GSWO	-5.282278
LKAB	-5.516362
TECI	-5.583308
RTSE	-5.516362
CESY	-5.320067
ACTC	-5.759400
RYAV	-5.759400
NIFL	-5.884338
OSOL	-5.082706
ESGR	-5.106187
ADAI	-5.884338
RITR	-5.407217
TCOR	-4.963520
OUEQ	-6.361460
UEQU	-6.361460
EASB	-5.082706
SWES	-4.899062
DSAF	-5.185368
IRML	-5.082706
PRAN	-4.727991
ANGP	-6.361460
GPOO	-5.884338
SMEL	-4.689362
ASKF	-5.247516
SKFO	-5.320067
UNKS	-5.215332
PARC	-5.039240
ELSP	-5.458370
LSPL	-5.583308
DYAF	-5.759400
TEPA	-5.060430
GEBY	-5.407217
KEDD	-5.131011
DENH	-4.946486
RIAF	-6.361460
IAFO	-5.884338
AFOL	-5.884338
DHIT	-5.215332
GSIL	-5.320067
CTSD	-6.060430
UWHI	-5.884338
HUTA	-5.759400
GEDR	-5.060430
OFFG	-6.060430
FFGO	-6.361460
USCR	-5.131011
IAAF	-6.361460
AAFT	-5.884338
EMSB	-5.458370
MSBU	-5.215332
EWEF	-5.516362
WEFI	-5.458370
IGHW	-5.247516
EDNI	-5.583308
DESD	-5.884338
SDRI	-5.185368
GTEA	-5.516362
CEHO	-4.963520
NGHU	-5.157340
DMRG	-5.516362
YSJA	-6.361460
TSAM	-4.842946
OROB	-5.247516
DWAI	-4.999732
RNBE	-5.458370
IFYW	-5.583308
FYWH	-5.884338
GHUR	-5.884338
RFUR	-5.320067
DWEE	-5.407217
KINM	-5.662490
OMGR	-5.884338
MGRA	-6.361460
EETF	-5.106187
INNW	-5.662490
NNWH	-5.759400
HEYQ	-5.884338
EYQU	-5.884338
KLYP	-5.662490
NSPU	-5.583308
TYBO	-5.759400
OTHK	-6.060430
THKI	-5.458370
HKIT	-5.662490
MUPS	-6.060430
GASA	-5.106187
LADA	-5.361460
DCUC	-6.361460
CUCU	-6.060430
UCUM	-6.060430
NINN	-4.981248
INNL	-6.361460
NNLA	-6.361460
LARD	-5.157340
DERU	-5.458370
DSEX	-5.458370
WEME	-5.185368
DUST	-4.680218
OPOU	-5.662490
POUT	-4.240886
SESL	-5.320067
BOUG	-5.106187
SBON	-5.282278
UYIT	-6.060430
LPUL	-5.320067
PULL	-4.293274
EEIF	-5.407217
ASUG	-5.662490
SUGL	-5.583308
UGLY	-5.185368
RNOH	-5.759400
NOHB	-6.361460
EEMU	-5.662490
CHUG	-6.361460
HUGL	-6.361460
UGLI	-5.583308
GLIE	-6.060430
HFRE	-5.282278
HSIG	-5.662490
EFTM	-5.106187
FTME	-5.282278
MPED	-4.653889
PEDN	-5.662490
ARBR	-5.458370
RBRI	-5.157340
OSOW	-5.516362
TPAP	-5.759400
PATO	-6.361460
USSC	-5.361460
LMAM	-6.060430
MMAW	-5.884338
MAWO	-5.583308
OOOF	-5.458370
OOFA	-4.981248
ULSC	-5.583308
LSCH	-5.516362
YDOF	-5.884338
CEGO	-5.516362
DAWH	-5.082706
AMPF	-5.282278
MPFU	-6.361460
PFUL	-6.361460
SOLD	-4.383736
LDIE	-5.039240
IERS	-4.842946
YBYO	-6.060430
BYON	-4.914302
OORR	-5.662490
FMIL	-5.282278
TIAA	-6.060430
NTHL	-5.884338
YBAL	-5.759400
FMER	-5.458370
GOTS	-5.583308
EWSF	-5.458370
WSFO	-5.361460
WSCA	-5.583308
TALN	-5.662490
LNEW	-5.215332
TACE	-5.361460
IKEJ	-5.583308
KEJA	-5.884338
TISJ	-5.215332
GSSA	-5.884338
ANUG	-6.060430
NUGL	-5.583308
WIAM	-5.215332
LADH	-5.516362
EISG	-5.082706
GCHI	-5.407217
HINI	-4.963520
RMYN	-5.320067
WSIT	-5.247516
NODA	-5.759400
RESF	-5.157340
OOLG	-6.361460
OLGO	-6.361460
LGON	-6.060430
FEAD	-5.884338
TFOO	-5.407217
OOLF	-5.583308
OLFO	-5.662490
TRAW	-5.215332
WSAB	-6.361460
LDAB	-5.583308
TYLI	-5.320067
ECKL	-4.817392
HCOA	-5.583308
LEOT	-5.361460
WNBR	-5.131011
HARB	-4.914302
ARBO	-4.535385
DLIB	-5.662490
RBOX	-5.662490
BOXE	-5.282278
OXES	-5.361460
XESW	-5.884338
ORKB	-5.215332
RKBA	-5.884338
KBAG	-6.361460
BAGS	-5.759400
AGSA	-5.884338
ELSA	-4.637184
NOFK	-5.583308
DIBR	-5.759400
IBRO	-5.458370
HTMY	-5.157340
MYBO	-4.671264
YBON	-5.884338
EFUN	-4.914302
FUNO	-5.884338
UNOF	-5.320067
NDBO	-4.469365
DBOX	-5.583308
BOXW	-5.583308
OXWE	-6.361460
XWEL	-6.361460
ELLN	-5.131011
WLET	-5.320067
SBEQ	-6.361460
DSNU	-5.884338
SNUG	-5.215332
NUGA	-6.361460
UGAN	-5.583308
NYFL	-6.060430
GIWA	-5.215332
OTAH	-5.516362
ACKJ	-5.662490
CKJA	-5.662490
KJAN	-6.060430
NTYL	-5.759400
TYLO	-5.759400
YLOR	-5.407217
NTYM	-5.458370
YMYA	-5.759400
USOT	-5.662490
OTOG	-4.842946
NYFU	-5.662490
YFUN	-5.516362
UNIN	-4.914302
ITLO	-5.082706
TLOR	-5.215332
LDCH	-5.215332
UABO	-5.516362
LLSD	-5.662490
LSDE	-5.407217
RMEW	-5.106187
ODPI	-5.759400
DPIE	-5.516362
FFUN	-5.583308
FUNT	-5.662490
ERSK	-5.185368
RSKI	-5.157340
MRSF	-5.157340
YEMR	-5.516362
HFRI	-5.458370
WOHA	-5.407217
HARR	-4.963520
DSOP	-5.361460
PENW	-5.157340
KWED	-6.361460
DUPC	-5.884338
RLAY	-5.185368
NWOM	-5.884338
NSCL	-5.662490
ASSF	-5.516362
ATFU	-5.282278
TFUN	-5.759400
FUNN	-5.131011
UNNO	-5.583308
OULK	-6.361460
ULKN	-5.884338
LKNE	-5.407217
ROWO	-4.914302
RGOW	-6.060430
PRAT	-5.458370
TTAN	-5.247516
WILA	-6.361460
ODID	-5.039240
HTIS	-4.805157
UCHK	-5.662490
CHKI	-5.583308
HKIN	-5.282278
KESD	-5.759400
AASS	-6.060430
NOES	-5.215332
APIN	-4.680218
AMSN	-6.060430
MSNA	-6.060430
TREJ	-6.060430
YVOL	-5.759400
CKLI	-4.884338
KLIZ	-6.361460
DVAR	-5.458370
CTSW	-4.999732
IAAC	-6.361460
AACR	-6.361460
WELF	-5.458370
LFAR	-5.247516
UBLY	-5.759400
USPL	-5.583308
OHMA	-5.583308
HEIW	-5.662490
HUSF	-4.963520
FUNA	-5.583308
ONGK	-5.662490
GKIT	-5.884338
REWU	-5.215332
EWUP	-5.185368
WUPA	-5.583308
UPAL	-5.082706
YIFK	-6.361460
IFKI	-6.361460
NWEG	-6.060430
RGEI	-5.185368
KWEB	-6.361460
VEDV	-6.361460
RWET	-6.060430
WETR	-5.516362
LDLU	-6.060430
DLUN	-5.759400
LUNC	-5.407217
UNCH	-4.548546
CHEO	-5.759400
NWEC	-5.662490
HTWE	-4.914302
HIWA	-4.770395
ODIE	-4.842946
FLAU	-5.458370
MERR	-4.781676
ERRY	-4.629066
RYAL	-5.282278
EWET	-5.215332
WETA	-5.458370
ODYM	-5.662490
RDUS	-5.516362
NMIL	-5.082706
MMEM	-5.320067
FFEM	-5.407217
RMSF	-5.407217
MSFO	-5.361460
IAHE	-5.407217
DOML	-6.060430
OMLI	-5.458370
MLIS	-5.884338
SURG	-4.946486
HSTE	-5.662490
AMAG	-4.981248
GASP	-4.899062
TSAP	-5.583308
GUEH	-5.516362
UEHE	-5.215332
MAHI	-6.060430
NNWA	-6.361460
SAWD	-6.060430
AWDI	-6.060430
WDIR	-6.361460
OFYI	-6.361460
FYIE	-6.361460
SOVA	-5.320067
OVAG	-5.759400
VAGU	-4.914302
NDEQ	-5.884338
UIVO	-6.361460
IVOC	-6.361460
RYET	-4.662490
YETD	-5.106187
XLIL	-6.361460
HSIM	-5.884338
INTJ	-6.361460
NTJA	-5.759400
BEOV	-5.282278
ENEB	-6.060430
LFMI	-5.458370
EARP	-5.361460
ESUI	-5.884338
LMUS	-5.320067
SWRO	-5.458370
EEDR	-5.583308
ASOT	-5.458370
RMEY	-6.361460
IMBL	-5.516362
AMEY	-5.282278
OUOH	-5.884338
UOHN	-6.060430
HNOB	-5.458370
NOBU	-5.185368
UBLA	-5.759400
MLYO	-6.060430
UDID	-4.884338
NEDG	-5.247516
ORPO	-4.637184
SEXI	-5.407217
MANK	-4.856310
CYSV	-6.361460
SVIN	-5.516362
VIND	-5.407217
GHGR	-6.060430
GSCA	-5.407217
YMOS	-5.131011
OFER	-5.583308
TDOS	-5.458370
DOSA	-5.516362
AKEB	-5.039240
KEBO	-5.583308
CHAQ	-5.662490
HAQU	-5.185368
QUAN	-4.963520
UANT	-5.019037
OASY	-5.583308
ILEC	-5.157340
MSOV	-5.884338
CYDE	-6.060430
ZYON	-6.361460
LLOP	-5.131011
SOOH	-5.884338
OOHN	-6.361460
HNOM	-5.583308
OMYR	-4.999732
THIK	-6.361460
LDOH	-5.583308
DOHI	-5.361460
PLEJ	-6.361460
LEJU	-5.884338
AMGR	-6.060430
MGRO	-6.060430
SMES	-5.583308
ULAM	-5.583308
RMYH	-5.282278
MEGR	-5.106187
EEDU	-5.583308
PURT	-6.060430
IUSS	-5.884338
LYAB	-4.914302
YABU	-5.583308
USIV	-5.131011
STUM	-4.817392
TUMB	-4.999732
TTYL	-5.516362
ZYWH	-5.458370
UFIR	-5.407217
ONOW	-4.946486
OTIW	-5.759400
GHIW	-5.320067
LEIM	-5.157340
SAYU	-5.884338
YUNH	-5.320067
KTOO	-5.215332
OOFW	-5.407217
TNOJ	-6.060430
NOJA	-6.361460
ASIK	-5.458370
EWIH	-5.884338
ADOH	-6.060430
DOHH	-6.060430
OHHO	-5.320067
OWIW	-5.282278
WIWA	-5.583308
WUNF	-6.060430
DOAP	-6.060430
EDCE	-5.131011
OSTN	-5.019037
KEOU	-5.060430
ETPA	-5.583308
MSOD	-5.662490
WNOP	-5.361460
NOPI	-5.082706
FIEN	-4.605585
SOVI	-5.407217
OVIO	-5.662490
ODPE	-5.361460
HTIA	-5.320067
TSIG	-4.793258
IFYT	-5.516362
FYTO	-6.361460
AYLA	-5.320067
GITB	-5.215332
LSAY	-5.458370
SERR	-5.458370
DEPU	-5.583308
LICM	-5.884338
TRUI	-5.884338
UINH	-5.458370
OWPE	-5.361460
WPER	-5.583308
PSSO	-5.583308
MDES	-5.583308
LLAY	-5.407217
GOTR	-5.759400
DWEI	-5.583308
AWIL	-4.856310
LKAG	-6.361460
GLUR	-6.060430
LURK	-4.842946
GBEH	-5.320067
HPRU	-6.361460
RBAD	-5.458370
LOSU	-5.516362
ENVA	-5.759400
LDJU	-5.320067
ENCU	-5.185368
UMBR	-5.361460
LMER	-5.247516
AMUC	-5.662490
WONB	-5.759400
GSET	-5.407217
ITSJ	-5.884338
TSJA	-6.060430
GNEV	-5.458370
ENBO	-4.805157
LUEH	-5.407217
SADB	-5.516362
DBUS	-5.185368
DYIT	-5.662490
OISL	-5.583308
EOHW	-6.060430
OHWE	-5.662490
REXT	-5.458370
PUTU	-5.247516
LMYC	-5.662490
ISIA	-5.361460
FABR	-5.082706
ZYCO	-5.759400
DSOT	-4.653889
IVEV	-5.516362
LWEL	-4.963520
LION	-4.708247
FTAB	-6.060430
EYKE	-5.884338
PASH	-5.407217
IRHO	-5.039240
NGID	-5.131011
YESY	-5.157340
UTRU	-5.662490
LLMU	-5.320067
LMUC	-5.759400
TDOT	-5.361460
OISU	-5.884338
KUPO	-4.856310
NITQ	-6.361460
WNID	-5.759400
GEIF	-5.583308
IMAK	-5.320067
LIFT	-4.562119
ASYW	-5.407217
SYWI	-5.759400
TLAW	-5.361460
LAWF	-5.583308
YCOP	-5.361460
XLII	-5.884338
LIIL	-6.060430
TSST	-4.805157
ODWE	-5.282278
GAPA	-5.019037
EDEJ	-6.060430
NDSL	-4.718007
DPUR	-5.019037
SUET	-5.320067
NTSV	-6.060430
TSVE	-5.361460
YBYK	-6.361460
SEOW	-5.662490
WNMI	-5.407217
ILYG	-5.407217
FWOE	-5.583308
WOEH	-6.060430
OEHO	-6.361460
BESM	-5.759400
IRAF	-5.583308
IRGR	-5.247516
EFSH	-6.361460
EICR	-5.516362
ICRI	-5.082706
EMYH	-4.946486
AKMI	-6.060430
KMIN	-5.884338
IAIF	-5.884338
AIFO	-6.060430
IFON	-5.320067
TGOT	-4.899062
TOHY	-5.516362
SIFO	-4.999732
PAIS	-6.060430
AISS	-5.884338
BATH	-5.039240
SETM	-5.458370
TMEU	-5.662490
EUPF	-5.320067
DDOM	-5.320067
ODAD	-5.884338
DEDK	-5.662490
FLAM	-4.583308
ATOE	-5.583308
HSAC	-6.361460
TETW	-6.060430
DIAO	-5.583308
IAON	-5.662490
TYAR	-5.131011
BEDW	-5.019037
GSLY	-6.361460
DIAF	-5.884338
IAFL	-6.361460
AFLE	-6.060430
SYCA	-6.060430
LSTT	-5.662490
UCKL	-4.698702
KLES	-4.510201
ESSK	-5.407217
TTYC	-5.759400
FATE	-4.583308
MSAS	-5.185368
CCEN	-4.946486
SKME	-5.516362
KMEA	-5.215332
LASL	-5.759400
HRIG	-5.583308
AMTW	-6.060430
MTWO	-5.583308
WARR	-4.842946
NSEF	-5.458370
TEPM	-5.516362
EPMU	-6.361460
PMUS	-5.583308
EITK	-5.583308
ITKN	-5.516362
PSEC	-6.060430
RGOS	-5.884338
DDER	-4.535385
POFS	-5.282278
NATB	-6.060430
BEGR	-5.361460
SYTI	-6.361460
DWEC	-5.215332
EORI	-4.590608
LICN	-6.060430
IASU	-6.361460
RNAY	-5.516362
SENF	-5.662490
DJUD	-5.282278
RALR	-5.019037
SENR	-5.759400
ORLI	-4.817392
ZZYB	-6.361460
ZYBU	-6.060430
CHSQ	-6.361460
HALI	-4.138743
TMES	-4.999732
ENKE	-5.458370
NKEP	-5.583308
PTAL	-5.407217
LOOF	-5.884338
FBYL	-6.060430
URIE	-4.662490
IARB	-5.884338
ALEV	-4.930096
ILSW	-4.930096
CEOU	-5.320067
ILDV	-5.583308
LDVO	-5.662490
VOLA	-6.060430
RKLY	-5.662490
KLYD	-5.361460
IASC	-5.320067
RIMU	-5.516362
FCHE	-5.282278
ECKI	-4.856310
REXU	-6.361460
EXUB	-6.060430
XUBE	-6.060430
UBER	-5.662490
FTEA	-5.662490
UITS	-5.106187
LATS	-5.516362
EDFL	-4.870098
IRTT	-5.662490
YRID	-5.884338
SAFL	-5.516362
AFLI	-5.583308
FFLI	-5.185368
NBEY	-5.662490
ONDY	-6.060430
DEMP	-5.247516
YPOR	-5.320067
HATU	-4.583308
RRAG	-5.662490
GERK	-6.060430
RKIT	-5.157340
LSOC	-5.282278
LFOL	-5.516362
IALE	-5.131011
ADSV	-6.060430
DSVA	-5.884338
INIG	-5.884338
NIGN	-5.407217
DOHM	-5.759400
AREK	-5.282278
YMYL	-5.583308
RNIF	-5.759400
IFLY	-6.361460
IADO	-5.662490
ADOE	-5.320067
ISLU	-5.407217
PREY	-4.914302
REYT	-5.583308
FLES	-4.738210
ONFL	-5.060430
UTAU	-6.060430
RIZI	-5.884338
OLOC	-5.884338
OCKH	-4.324033
RUPF	-6.361460
RVEX	-6.060430
ORAU	-5.759400
AUGM	-5.282278
UGME	-5.247516
RUNI	-5.185368
EDVO	-5.320067
OLUB	-5.884338
LUBI	-6.060430
UBIL	-5.759400
HLYH	-5.884338
VEEY	-5.583308
YEOF	-5.106187
ATGA	-5.157340
TGAY	-6.060430
GAYB	-5.662490
AYBA	-5.361460
YBAT	-5.662490
TOSC	-5.106187
OSCO	-4.842946
TUNK	-5.759400
AMPI	-5.060430
MPIT	-5.662490
PITS	-4.999732
HINB	-5.361460
USUN	-5.320067
MITY	-4.793258
EGAY	-5.215332
GAYA	-5.458370
DDAZ	-6.361460
DAZZ	-5.458370
AZZL	-5.458370
ZZLI	-5.361460
ZLIN	-5.361460
FSEA	-5.157340
SIXO	-5.320067
IXOF	-5.662490
XOFF	-5.884338
GCOP	-5.583308
OMIG	-5.131011
LTNE	-6.361460
TNEA	-4.999732
OLYC	-5.662490
DSNE	-5.583308
LYIG	-5.458370
YIGN	-5.320067
IRRA	-5.215332
IASL	-6.060430
MERP	-5.361460
ESHS	-5.458370
SHSO	-5.361460
HSOU	-5.320067
ADSI	-5.407217
HIDL	-6.361460
FRIV	-5.759400
RIVO	-5.759400
IVOL	-5.662490
VOLO	-5.884338
OUSG	-4.899062
USGA	-5.884338
OOFC	-5.662490
EEWE	-5.215332
KSAT	-5.458370
RHEL	-4.914302
ILER	-5.019037
DSAD	-5.361460
MFRE	-5.516362
NSYE	-5.407217
CYIM	-6.060430
PEHE	-5.215332
ASKB	-5.407217
SKBU	-5.516362
AGAY	-6.361460
GAYE	-5.215332
YERT	-5.662490
ISOR	-4.770395
OPEH	-5.157340
LSIB	-5.759400
HAML	-5.583308
AMLO	-5.759400
IFSC	-6.361460
FSCA	-5.516362
CEOV	-5.320067
ASOM	-5.185368
IMLI	-5.039240
DORM	-6.060430
ARMN	-5.759400
OKFO	-5.320067
HOSO	-5.019037
WMYF	-5.662490
UMEE	-5.884338
TDIR	-5.106187
FOUL	-5.060430
OULM	-5.361460
ULMI	-5.759400
BYIO	-6.361460
FCAU	-5.361460
OUII	-6.060430
UIIM	-6.361460
YADO	-5.516362
OPTE	-5.516362
DSMU	-5.458370
AWEH	-6.060430
RTEL	-5.516362
FUSU	-5.884338
HNOF	-5.759400
DPOS	-5.039240
AMUT	-5.458370
FNEV	-5.884338
TYBR	-5.361460
OKEU	-6.060430
EUPL	-6.361460
UPLY	-6.361460
DIAR	-5.320067
ISYT	-6.361460
SYTH	-5.185368
ICKI	-4.541916
CKIT	-4.946486
WEEP	-4.621097
EEPF	-5.320067
EPFR	-6.060430
ROMV	-5.662490
OMVE	-5.662490
MVEX	-6.361460
NVYM	-6.060430
VYMR	-6.361460
AHER	-5.157340
FINB	-5.157340
NBID	-5.662490
GFAR	-5.320067
REUT	-5.884338
RDIL	-5.759400
LIII	-5.759400
HSOP	-6.361460
AWNF	-5.407217
WNFR	-4.856310
NJUG	-5.662490
JUGA	-6.060430
UGAL	-5.759400
GALF	-5.662490
UTYG	-6.361460
TYGE	-5.662490
KUND	-5.320067
AGEP	-5.320067
GEPU	-5.884338
FDOM	-5.662490
KCOM	-5.361460
RFOL	-5.282278
SFON	-5.583308
SENH	-6.060430
LENJ	-5.884338
RIGN	-5.458370
RUEP	-5.516362
UEPH	-6.060430
SAHU	-5.215332
HPAI	-5.516362
SHFR	-5.106187
ALBR	-5.185368
LOBL	-6.060430
RUMW	-6.361460
UMWH	-6.060430
RENW	-5.458370
HLYR	-5.516362
YASN	-6.361460
ILSA	-4.718007
MSOI	-5.759400
SOIL	-4.793258
LJUD	-5.458370
FENL	-5.884338
OADW	-5.019037
SSVA	-6.060430
SVAR	-5.516362
DULN	-6.361460
GARO	-5.247516
EALG	-5.884338
LGLO	-5.407217
ICCI	-5.759400
CCIR	-5.759400
GHKI	-6.361460
VILM	-5.884338
ILMI	-6.060430
HDOU	-5.662490
AWAT	-5.131011
WATE	-3.801553
DACA	-5.157340
AMPU	-5.185368
MPUP	-5.884338
PUPO	-5.361460
UNDB	-4.748676
IODF	-5.662490
PESM	-6.060430
NENJ	-5.583308
HTSI	-4.829981
TYMA	-5.516362
MAYR	-4.899062
LMYE	-5.662490
URER	-4.999732
ALIZ	-5.106187
LIZE	-4.856310
ARTP	-5.407217
RTPR	-5.662490
FFBY	-5.516362
IARV	-6.361460
AYSV	-5.759400
YSVE	-5.884338
ULOR	-5.583308
LORN	-5.361460
NEWG	-5.662490
EWGO	-6.060430
WGOW	-6.060430
WNOR	-5.583308
NEWP	-5.516362
EWPA	-5.583308
WPAR	-5.759400
SOLW	-6.361460
BEDM	-5.407217
RCAL	-5.131011
RNTF	-6.361460
OOFU	-5.516362
ESUN	-4.188273
ICAF	-5.662490
CAFT	-6.361460
EKSO	-5.282278
LTHG	-6.361460
RNEV	-4.914302
REAH	-4.963520
DSUM	-5.407217
SARO	-4.899062
UALQ	-6.060430
ALQU	-5.361460
LQUE	-5.407217
UERU	-5.759400
ERUL	-5.662490
RULO	-6.361460
FJUN	-5.759400
UNEK	-6.361460
GCHR	-5.884338
EASN	-5.157340
CEAD	-5.282278
DAYU	-5.759400
SBYS	-5.106187
UELA	-5.320067
DMAL	-5.215332
USAR	-5.247516
WARO	-5.407217
DCUR	-5.082706
CURT	-4.963520
URTA	-4.999732
TMRG	-5.662490
LAFO	-5.583308
TLAT	-5.361460
NJUL	-6.361460
JULY	-5.516362
OSOF	-5.583308
DBUI	-5.884338
NTPL	-5.662490
LANW	-5.662490
OGON	-5.759400
GONO	-4.963520
UPYT	-6.060430
DAPE	-5.157340
MEYE	-4.793258
YASG	-6.361460
ECEL	-5.039240
ELEB	-5.320067
LEBR	-4.759400
BRAT	-4.914302
TLOC	-5.320067
OCKC	-5.131011
RTHD	-5.458370
HDOV	-6.361460
RBUS	-5.215332
NYID	-5.516362
EASC	-4.963520
MPUN	-5.361460
DROB	-5.215332
WPET	-6.060430
PETR	-5.407217
WDOU	-6.361460
VALB	-5.516362
DIDP	-5.458370
IDPA	-5.759400
FSIX	-5.407217
NDEI	-5.583308
HTYE	-5.060430
RBOY	-5.516362
FTUN	-5.884338
RALF	-5.320067
NENI	-5.215332
HINP	-5.282278
FSUI	-6.060430
OENH	-6.060430
HTSU	-5.019037
OADI	-4.963520
AYOX	-6.361460
YOXF	-6.361460
OXFO	-5.320067
XFOR	-5.320067
RDBL	-5.759400
EIMW	-6.361460
MWAR	-5.759400
WARW	-5.516362
ICKK	-6.060430
CKKE	-6.361460
KKEN	-6.361460
NILW	-6.361460
ILWO	-6.060430
HBIR	-6.060430
BIRM	-6.060430
TLYK	-5.516362
LAMB	-5.131011
AMBT	-5.320067
MBTO	-5.361460
BTON	-5.361460
ENEO	-4.842946
PSAF	-5.662490
PALW	-5.759400
CTRO	-4.870098
TROA	-5.247516
OADN	-6.060430
WOOU	-6.361460
EEAP	-5.759400
OOWI	-5.361460
OBUS	-5.106187
CARP	-4.492228
USER	-5.106187
LYFU	-5.361460
YFUR	-5.157340
SCET	-6.060430
ULSH	-5.282278
AKOP	-6.361460
KOPE	-6.060430
TORU	-5.019037
RUNS	-4.981248
ISKB	-6.361460
UNFA	-4.999732
RMAI	-4.981248
RPEM	-6.361460
OTAV	-5.407217
RMSB	-5.458370
MSBE	-5.361460
WREM	-5.662490
GOIL	-5.583308
GWAT	-5.019037
YWOO	-5.407217
ODSW	-5.106187
RBAT	-5.458370
NAHI	-5.320067
HFLU	-5.662490
DDRO	-4.817392
GHAB	-5.282278
ABEA	-4.914302
FULW	-4.999732
ULWO	-5.583308
LWOO	-5.583308
ODST	-4.748676
ULLF	-5.082706
POTA	-5.282278
DPOI	-4.946486
POFA	-5.131011
LEEM	-5.320067
EWOO	-4.541916
ODCE	-6.361460
DCEA	-5.282278
BYPE	-5.583308
VALL	-4.805157
LLEY	-4.680218
UPTN	-6.060430
LONR	-6.060430
ARID	-5.458370
FHIG	-5.759400
GHWO	-5.662490
DYHI	-5.516362
YHIL	-6.060430
MOFS	-5.282278
TSBA	-5.282278
BANK	-4.426961
MALN	-5.884338
HNAT	-5.361460
STET	-5.185368
EHIL	-5.019037
LCRO	-5.407217
SEAL	-4.480646
IDHA	-5.407217
YWAI	-5.320067
GELD	-6.060430
UPEL	-5.759400
PELI	-5.407217
OYIT	-5.516362
DEDR	-5.282278
CTEV	-6.361460
SCAT	-4.842946
CATT	-4.829981
YASF	-5.884338
OMST	-4.856310
GDIF	-6.060430
NTPO	-5.282278
YWIN	-5.106187
OMSW	-5.106187
MSWE	-5.185368
OFTY	-4.930096
FTYA	-5.458370
IRFU	-5.662490
RGAU	-6.361460
GAUD	-6.060430
AUDY	-6.361460
UDYN	-6.361460
DYNO	-5.759400
RUSE	-5.106187
SLYF	-5.458370
FSPL	-5.884338
SERO	-5.106187
MSIM	-6.060430
MASM	-5.361460
SMYO	-5.215332
MASV	-6.361460
SMYU	-5.662490
CKYR	-6.060430
KYRE	-6.060430
RMAS	-4.738210
SREY	-5.361460
REYN	-5.185368
YNOL	-5.157340
LDSR	-5.662490
DSRE	-5.407217
HOWR	-5.407217
WREJ	-5.884338
WNJO	-6.361460
NJOU	-6.361460
NYCI	-5.759400
WCAL	-5.583308
GSTS	-6.361460
ALOT	-5.185368
ECEH	-5.407217
UNGG	-5.320067
TUPB	-5.407217
UPBY	-4.981248
PBYH	-5.884338
WGON	-5.884338
NERL	-5.215332
ILEB	-5.157340
GOIH	-6.060430
OIHA	-5.215332
RSFI	-5.361460
LUSW	-5.662490
KEOR	-5.759400
RCYE	-5.884338
MEGE	-5.458370
NMAA	-6.060430
AAMY	-6.361460
AMYE	-5.662490
RYUP	-5.516362
YUPS	-6.361460
IRSY	-5.759400
RLAR	-5.458370
AREJ	-5.516362
HEYU	-5.407217
EYUS	-5.662490
AMSB	-5.759400
LDAY	-4.793258
XTRO	-5.583308
RAPR	-5.215332
MMYM	-5.583308
MMRG	-5.662490
KSMR	-5.759400
DSEI	-5.215332
RISY	-5.759400
SHSI	-5.884338
YHEM	-5.185368
YSDO	-5.516362
SDOW	-4.718007
OISG	-6.361460
MMRA	-5.884338
OISA	-5.131011
HIMR	-5.131011
IMRE	-5.282278
MINM	-5.185368
RSMO	-5.019037
RKEE	-5.458370
CLEF	-5.361460
RSAY	-4.946486
IRIK	-6.361460
AMIF	-5.662490
ROWU	-5.583308
OWUP	-5.106187
HALM	-5.361460
SBEM	-6.361460
AAMT	-6.361460
LBEJ	-6.060430
RONN	-6.361460
DIME	-5.019037
FFAM	-5.407217
ELTW	-5.516362
RGYO	-5.516362
GYON	-6.060430
STLA	-4.963520
WADA	-5.516362
YSWH	-5.157340
DNAM	-5.215332
UDBU	-5.662490
OTRA	-4.727991
LEAW	-5.407217
SLOB	-6.060430
LOBB	-6.361460
OBBY	-5.884338
BBYA	-6.060430
BYAB	-5.458370
OAVE	-5.458370
OOML	-5.516362
MLAT	-6.060430
DLIG	-4.946486
OWSM	-5.019037
WSMR	-6.361460
CYSD	-6.361460
UREG	-5.320067
PALB	-6.361460
ODPA	-5.583308
GSBU	-5.185368
ETHK	-6.060430
HKNE	-5.884338
ADYV	-5.884338
DYVI	-6.060430
KATS	-5.884338
CYSI	-5.759400
CRAY	-6.361460
SOMO	-5.320067
FIXT	-5.583308
LEOV	-5.320067
FETI	-5.320067
MBYM	-6.060430
LDSW	-5.282278
RDAM	-5.060430
SGUA	-5.759400
IPHO	-5.516362
PHOW	-5.583308
HOFP	-5.320067
RPAI	-5.282278
ODOR	-4.856310
ILMU	-6.361460
ODBE	-5.019037
VASO	-6.361460
YESU	-5.458370
RRAI	-5.407217
LDOO	-5.662490
LAWN	-5.060430
AWNT	-5.458370
CKTO	-4.328036
OKAG	-5.662490
TYYA	-5.458370
YYAR	-5.320067
YARD	-4.344426
OABR	-5.662490
UPTW	-6.060430
EPES	-5.131011
STBL	-5.320067
USHH	-5.583308
CTCI	-6.361460
NEMB	-5.458370
WSAW	-5.516362
IRNI	-5.662490
DKNE	-5.282278
EYLA	-5.407217
GFOU	-5.320067
EEMM	-5.759400
SOHU	-5.884338
ASEE	-5.407217
SFIG	-5.458370
GEMU	-5.458370
OVAI	-6.060430
ADPU	-5.215332
NOHW	-5.583308
CHGE	-5.583308
NROS	-5.106187
NHEP	-5.282278
NKOR	-5.759400
KORH	-6.361460
DABE	-5.320067
ULWA	-4.708247
KBYT	-5.157340
EPWA	-5.583308
LERF	-5.662490
RAFI	-5.516362
EDAP	-4.689362
EYPO	-5.662490
ENEH	-5.583308
POTO	-5.458370
BEWH	-4.981248
VILO	-5.516362
EHEF	-5.407217
ISVO	-4.870098
SVOI	-4.829981
KEEA	-5.884338
LTMO	-5.884338
DBID	-5.662490
POTS	-4.899062
OTSW	-5.157340
EESG	-6.060430
ESGA	-5.247516
EYEP	-5.884338
YEPO	-6.361460
GVIE	-6.060430
FWOO	-5.060430
DSOV	-5.458370
EAMM	-6.060430
AMMR	-5.662490
ARKB	-5.185368
RKBU	-5.247516
LESR	-5.320067
MEDC	-4.999732
RCUI	-6.060430
CUIT	-5.215332
UITW	-5.282278
CHBR	-5.131011
GWOO	-5.583308
ITSN	-4.805157
TSNA	-5.106187
RTST	-4.748676
YCRO	-5.361460
ALAI	-5.361460
LAIR	-4.870098
POTL	-5.583308
YETV	-5.759400
ETVI	-5.884338
OAGL	-6.361460
AGLE	-5.407217
GLEN	-5.215332
WWAL	-5.884338
LKAM	-5.884338
KAMI	-6.060430
HCOP	-5.884338
COPP	-4.963520
PPIC	-6.361460
PICE	-5.131011
XPLO	-5.106187
PLOR	-5.039240
ADCR	-5.039240
KERC	-5.060430
EASQ	-6.060430
SUBM	-4.963520
UBMI	-5.157340
BMIT	-5.215332
ASSL	-5.215332
RMRG	-6.060430
GHSE	-5.407217
LSTW	-6.060430
TNOG	-5.759400
LKBE	-6.060430
KBEI	-5.458370
METE	-4.829981
ALKC	-6.060430
LKCO	-6.361460
KCON	-5.320067
HAGL	-5.516362
OIMI	-5.759400
OMEU	-4.759400
SOBT	-5.759400
DDOH	-5.662490
DREV	-5.019037
REVO	-4.671264
VOLT	-5.884338
OLTE	-5.282278
NHEK	-5.884338
EHET	-4.914302
GASF	-5.516362
SUST	-4.805157
HMRG	-5.884338
PHIT	-5.407217
LDKN	-5.884338
OBLU	-5.884338
USHS	-5.662490
DGLO	-4.963520
PONF	-5.215332
NFIS	-5.215332
OFIS	-5.247516
PLYH	-5.759400
LYHI	-4.829981
HFIS	-5.662490
GTAC	-5.458370
EAMW	-5.458370
GARM	-5.039240
NARM	-5.106187
RMWI	-5.282278
OKEX	-6.060430
KEXP	-6.361460
NTMU	-5.407217
GWHY	-5.407217
HYIS	-5.320067
NITP	-5.583308
OOFS	-5.131011
RKSU	-5.583308
ONTT	-4.981248
MECU	-5.516362
HSAR	-5.361460
ADEQ	-5.106187
QUAT	-4.759400
DYFI	-5.884338
NBYO	-5.516362
VALH	-5.516362
MEDU	-4.981248
FTBA	-5.884338
TBAK	-5.320067
BAKE	-4.653889
LWEU	-6.361460
WEUN	-5.884338
WHOU	-5.082706
LLJO	-5.282278
LJOI	-5.662490
MEEA	-5.884338
MARE	-5.039240
YDRI	-5.247516
GHTJ	-5.247516
HTJU	-5.458370
NEOT	-5.583308
WMEO	-6.060430
RDOI	-5.157340
DOIA	-6.060430
OIAS	-6.361460
TLAM	-5.407217
OOGR	-5.458370
WINW	-5.458370
GACQ	-5.759400
NKRE	-6.060430
KREA	-6.361460
CEEA	-5.884338
MDEE	-5.759400
TRIP	-4.708247
RIPP	-4.598032
IPPE	-4.392977
LFAQ	-6.361460
FAQU	-5.884338
TTIR	-5.884338
RYAW	-5.759400
YAWK	-5.884338
LKBU	-6.060430
BARG	-5.583308
ARGO	-5.247516
EYTA	-5.583308
DDOV	-6.361460
UNTM	-5.361460
EDSL	-4.981248
DSLO	-4.930096
WLYA	-5.131011
RONM	-5.516362
ITDR	-5.282278
GSLO	-5.320067
EMPR	-5.407217
WSAY	-5.583308
AYCA	-5.082706
UDIH	-6.361460
ITIW	-5.185368
MSCO	-5.662490
ODBU	-5.131011
WCAM	-5.361460
TINK	-5.157340
MSOP	-5.583308
CLEY	-5.759400
TFIS	-4.856310
GASH	-4.870098
HTCH	-5.516362
ARNM	-5.516362
NMEO	-6.060430
RIRE	-5.458370
BYPO	-5.583308
AKSA	-5.361460
ODLA	-5.583308
DIDG	-5.759400
IDGI	-5.884338
PLAU	-5.516362
OUDS	-4.680218
UDSO	-5.282278
ALIB	-5.583308
RISU	-5.407217
TUEE	-6.361460
MTOU	-5.662490
NASG	-5.884338
LTYN	-6.060430
SOAM	-5.583308
AGAV	-6.361460
MOFR	-5.884338
SENV	-5.516362
NVIR	-5.361460
VIRO	-5.583308
ARSD	-5.583308
EWFR	-5.247516
WFRI	-6.060430
GPEM	-6.361460
BEOU	-5.407217
INNT	-5.516362
NNTH	-5.662490
VALA	-5.039240
ORSC	-5.082706
NNTO	-6.060430
FACA	-5.215332
AWAG	-5.516362
WAGE	-5.320067
NACU	-5.662490
RICL	-5.759400
CLED	-5.320067
ECOG	-4.856310
COGN	-4.829981
OGNI	-4.842946
GNIZ	-6.060430
NIZI	-5.458370
YGUE	-5.583308
NOSM	-5.185368
OKEJ	-6.060430
KEJO	-5.662490
EWID	-4.884338
EAON	-5.458370
RSUG	-5.759400
OWFE	-4.981248
WFEL	-5.320067
NEWL	-4.930096
EWLY	-5.282278
WLYB	-5.583308
IETS	-5.662490
DOWF	-5.759400
WFEA	-6.060430
FSAW	-6.361460
YSHY	-5.884338
SHYS	-6.361460
OOBT	-5.458370
NOSY	-5.662490
OSYL	-5.662490
ENBI	-5.516362
EYSQ	-6.361460
YSQU	-5.320067
NAFR	-5.320067
YALE	-5.458370
GWIS	-5.884338
TYBE	-5.082706
EDEX	-4.727991
IROB	-5.759400
DSEA	-4.535385
GHGU	-6.361460
HGUA	-5.884338
ASTK	-5.759400
HONH	-5.759400
ORSS	-5.215332
AILS	-4.271555
ILSH	-5.185368
DYGE	-6.361460
YFLE	-5.361460
LEWT	-5.458370
NDOH	-5.320067
NONF	-5.884338
ICEP	-5.361460
CEPL	-6.060430
PASA	-5.516362
ARIV	-5.884338
LTOJ	-6.060430
OKAP	-6.361460
KAPP	-5.516362
OKEP	-6.361460
KEPA	-5.759400
TUNT	-4.981248
VEEI	-5.759400
HTMO	-5.131011
TMON	-4.770395
METS	-5.516362
HOFN	-5.583308
OKOC	-6.060430
KOCC	-6.060430
SKHE	-5.884338
OBYA	-5.759400
LDTU	-5.407217
WANE	-5.458370
MHAU	-6.361460
EMPO	-4.870098
PORA	-4.727991
WMON	-5.407217
AGOW	-5.361460
GOWO	-6.060430
VILN	-6.361460
ILNO	-5.320067
DOPE	-4.899062
UCKS	-4.598032
MBEI	-5.320067
SDIG	-5.458370
IEDR	-5.583308
EORU	-5.662490
RUNB	-5.662490
BEND	-4.999732
NOIM	-5.458370
LTFR	-5.759400
DDRA	-4.727991
RAWD	-5.884338
AWDO	-5.662490
WDOW	-5.320067
DCEN	-5.407217
ESBO	-4.899062
SBOT	-4.748676
YEDW	-5.516362
EMAB	-5.662490
MABO	-4.817392
YOBE	-5.662490
YEDM	-5.361460
SOFK	-5.407217
LTDI	-6.060430
EADP	-5.082706
CESP	-5.282278
RYEM	-5.884338
SEDG	-5.516362
YINQ	-5.407217
ORSL	-5.215332
LEEA	-5.157340
SORH	-5.458370
RMRA	-5.759400
RSCU	-5.759400
FANX	-5.884338
SNOF	-5.320067
EUNT	-4.856310
NIZE	-5.361460
ZEDI	-5.583308
WANI	-5.185368
RINB	-5.516362
SWEI	-5.320067
MOFB	-5.662490
IDMU	-6.060430
ODAM	-5.458370
RNSW	-5.247516
ETAW	-5.157340
GDER	-5.884338
FTMA	-5.759400
YDEB	-6.060430
EBTS	-5.185368
BTSB	-6.060430
SITP	-5.060430
AYAW	-5.361460
KETW	-4.829981
WOWH	-5.282278
MNOH	-5.884338
KEAG	-4.946486
CTCR	-5.884338
MECE	-5.516362
DLIE	-5.247516
IERN	-5.884338
ONYS	-5.583308
CHYE	-5.458370
UDEG	-6.060430
ETUL	-5.759400
LDAV	-5.759400
RDOR	-5.361460
YPEC	-5.361460
WOSE	-5.458370
UTGR	-5.282278
HITC	-5.407217
LDEM	-5.407217
LOYT	-6.060430
FBRI	-5.106187
EAUN	-5.458370
NDNI	-5.185368
DNIE	-6.361460
LATP	-5.884338
TEBR	-5.039240
OGOE	-5.884338
GOEL	-6.060430
NREN	-5.516362
LVIL	-5.759400
INJE	-5.516362
NJEA	-6.060430
USYS	-5.884338
LOON	-4.805157
RSUM	-5.516362
WSOP	-6.060430
ULOA	-6.060430
LOAK	-5.157340
OAKS	-5.185368
SPAN	-4.748676
SHCH	-5.458370
HCHE	-5.407217
TNUT	-5.583308
NUTS	-5.320067
UTSW	-5.282278
TEMB	-5.157340
MSHY	-6.361460
NDPI	-4.829981
DPIT	-5.215332
DAPA	-5.039240
HPAU	-6.361460
STBR	-5.082706
MRSA	-5.884338
SLEY	-5.662490
UCES	-5.583308
ULYW	-5.884338
HTOJ	-5.884338
DIDV	-6.060430
LFCL	-5.516362
AKAW	-5.759400
KAWO	-6.060430
UTCA	-5.060430
OMTR	-5.759400
LOYI	-5.662490
DORF	-5.361460
ERAQ	-6.060430
RAQU	-5.759400
YSVO	-6.060430
ASRO	-5.361460
BREV	-5.583308
EXTV	-6.060430
XTVA	-6.361460
TCAK	-6.060430
CAKE	-5.458370
TFRU	-6.361460
RUIT	-5.106187
OWEM	-5.407217
WEMP	-6.361460
ULPY	-6.060430
LPYR	-6.060430
PYRA	-5.215332
YRAM	-5.131011
GRAP	-4.469365
PESN	-6.060430
DPEA	-5.458370
GEDE	-5.082706
CIDI	-5.583308
DORW	-5.361460
ARNI	-4.689362
DAVI	-5.215332
HWIS	-5.185368
BEPE	-5.282278
ILYK	-5.583308
PTBE	-6.060430
YEWH	-4.981248
TWAT	-4.805157
VECU	-6.060430
ORJE	-6.361460
LFMU	-5.583308
FMUC	-5.516362
THSN	-5.662490
HSNE	-6.060430
ZAAR	-6.361460
IMGA	-6.060430
TEXE	-5.516362
LFVI	-5.884338
FVIG	-6.361460
EPEL	-5.185368
PELT	-5.407217
EROV	-4.930096
OLIF	-5.060430
IFTU	-5.884338
FTUP	-5.884338
LEYK	-6.361460
HBYB	-6.361460
BYBR	-5.320067
RPSN	-6.361460
ONOC	-5.282278
NREV	-5.282278
LLBI	-5.884338
LBIN	-5.583308
LITF	-5.662490
ADCE	-5.215332
HTAD	-5.516362
OONQ	-6.060430
YVEX	-6.060430
ACHN	-5.662490
HNEA	-5.583308
RERT	-4.914302
HAMG	-6.361460
AMGE	-6.361460
MGEO	-6.361460
NAAL	-6.060430
AALS	-6.060430
HTSF	-5.884338
TGEO	-5.157340
OTJO	-5.662490
TJOI	-5.884338
URHI	-5.884338
CHTE	-5.361460
VEGE	-5.458370
NAWI	-5.361460
HALT	-5.082706
BROW	-4.392977
DIWE	-5.131011
HCOO	-5.662490
TANN	-5.361460
NOBR	-5.884338
LHAN	-4.781676
NOSE	-4.598032
TEET	-4.541916
ARPS	-5.320067
RPSH	-5.884338
PSHR	-5.884338
SHRE	-5.185368
SHLO	-5.516362
FSUF	-5.516362
UTFA	-5.247516
NWEF	-5.662490
ZEDW	-5.215332
DIPA	-5.458370
IPAR	-5.458370
EABE	-4.899062
WITB	-5.583308
YATO	-5.361460
IMEY	-5.407217
HSSI	-5.884338
NWEN	-5.039240
THTA	-5.583308
SFRU	-6.361460
LFYE	-5.884338
EALD	-5.662490
GALE	-4.671264
WOLE	-5.516362
RSFR	-4.930096
EONO	-5.458370
TELS	-5.185368
TASJ	-6.361460
ENFI	-4.914302
YSAG	-5.583308
WSAS	-5.407217
CEWR	-6.060430
ZYSO	-6.060430
ASOC	-5.039240
DSER	-5.131011
UBEA	-5.407217
SAYR	-5.662490
AANE	-6.361460
ATTW	-5.320067
BEDF	-4.829981
COTL	-4.963520
MSOW	-5.759400
SOWH	-4.899062
DESB	-5.320067
RKSN	-5.407217
KSNO	-5.215332
GBAD	-5.662490
RISS	-4.999732
MWEM	-5.884338
OFFS	-5.039240
FFSA	-5.516362
HTAB	-5.407217
LVEA	-5.516362
OFFD	-5.458370
FFDI	-6.060430
SUSR	-5.884338
ALEF	-4.432041
FTAF	-6.060430
NIMU	-5.458370
MMYP	-5.516362
VEWR	-5.407217
LFTI	-6.361460
HONF	-6.361460
YSEI	-5.516362
DMYH	-4.781676
ILDE	-4.718007
GCOH	-6.361460
COHE	-5.458370
ZYIH	-6.361460
LDWR	-5.516362
VEBA	-5.361460
BADN	-5.662490
WANX	-6.361460
TGON	-5.060430
FTBR	-5.759400
RSFG	-6.361460
SFGA	-6.361460
FGAV	-6.361460
ETNA	-5.516362
TNAG	-6.060430
YDEN	-5.131011
NNYE	-6.361460
ATWN	-6.361460
TWNE	-6.361460
RYLY	-5.759400
AATA	-6.060430
RMSE	-5.583308
FFFR	-4.981248
BINT	-4.930096
IDTR	-5.759400
CLAP	-4.899062
LAPH	-5.516362
APHA	-5.185368
PHAM	-5.583308
TNOF	-5.662490
OAHA	-4.829981
NEYC	-5.583308
YCOA	-5.215332
MEPS	-6.361460
EPSO	-5.157340
TISK	-5.759400
ISKN	-4.930096
WNAF	-5.458370
ONRO	-5.082706
ADIK	-5.759400
FCAM	-5.759400
INNS	-5.583308
NNSI	-6.361460
INBA	-4.930096
BARN	-5.361460
TFIE	-5.759400
ERNH	-5.247516
RSFB	-6.361460
SFBU	-6.361460
NYBL	-6.060430
IMMA	-5.019037
IEDP	-5.361460
RMSU	-5.583308
GNAG	-6.060430
EIGR	-5.662490
IGRI	-5.583308
NIEX	-5.759400
EDWW	-6.361460
DWWA	-6.361460
OTAM	-5.185368
DMYP	-4.770395
OORK	-6.361460
MTRU	-5.884338
ULYG	-6.361460
ESED	-4.963520
CKIS	-4.946486
KISO	-5.759400
RNIA	-5.516362
SHHO	-5.516362
IEUI	-6.060430
EUIT	-6.361460
PMYP	-5.884338
MYPE	-5.106187
ELPE	-4.946486
LPEA	-6.060430
LEIK	-5.884338
RISG	-5.583308
SUEA	-5.884338
AFES	-5.759400
FEST	-4.914302
LIMM	-5.106187
CLEC	-5.583308
DART	-4.352859
LOSI	-5.106187
ECIO	-4.793258
RPAL	-5.458370
ETUO	-5.516362
UIMU	-5.884338
ODGO	-5.131011
GODW	-4.946486
LFIW	-5.458370
UAMI	-6.361460
GOAF	-5.759400
OAFT	-5.131011
TGOY	-6.361460
GOYO	-5.759400
KNEE	-4.680218
NEES	-5.019037
MCAL	-5.759400
WNUN	-5.361460
EFAG	-6.060430
FAGL	-5.884338
GLAS	-4.541916
GETY	-5.583308
UONE	-5.759400
LNOI	-6.060430
ORDD	-5.583308
RDDA	-5.320067
NWRE	-5.407217
OMBR	-5.407217
NEYN	-5.759400
YNOC	-5.884338
INAY	-5.407217
NAYE	-5.039240
AYET	-5.106187
DVOI	-5.106187
WHOK	-5.039240
HOKN	-5.060430
OKNE	-5.282278
DIBU	-5.583308
MGRI	-6.060430
CYGR	-6.060430
BEGM	-6.361460
EGMY	-5.884338
GMYU	-6.361460
ESIM	-4.781676
FFIH	-6.361460
FIHO	-6.361460
NBED	-5.131011
NEIK	-6.361460
WISS	-5.247516
YHOR	-5.320067
ROHH	-5.662490
OHHA	-5.759400
CHWR	-5.884338
HWRE	-5.759400
EDWR	-5.131011
DWRE	-5.060430
ROWC	-5.320067
AIRG	-5.583308
IRGL	-5.884338
RGLO	-5.215332
OMYE	-5.215332
GMUS	-5.320067
MNBU	-5.884338
RBOS	-5.759400
BOSO	-4.946486
OPAL	-5.407217
BEVA	-5.282278
OSSH	-5.185368
DCOV	-5.157340
DKER	-5.131011
IEFE	-6.060430
OASE	-5.282278
OINA	-4.981248
IDIA	-4.963520
GDES	-5.282278
GMYA	-5.407217
EIAN	-5.662490
IANY	-5.884338
HUNA	-5.583308
BEEI	-6.060430
FERC	-6.361460
THVA	-5.516362
HVAI	-6.361460
EMPU	-5.662490
ARPR	-5.247516
UATP	-5.884338
AYOH	-5.407217
ESOK	-5.884338
TURG	-5.662490
SUSH	-6.060430
MEIM	-5.060430
PYTR	-6.361460
ECYA	-6.361460
ITAH	-5.407217
TAHA	-4.583308
OKWE	-5.662490
KWEN	-5.583308
SHEQ	-5.215332
WIMP	-5.662490
FCOR	-5.407217
NIFG	-6.361460
IFGR	-6.361460
HSCH	-5.884338
LTYB	-5.884338
TIFO	-5.082706
IFOT	-6.361460
RDSP	-5.215332
RCES	-5.106187
NAFI	-5.215332
EXCH	-5.131011
XCHA	-5.106187
GEDN	-5.583308
FATR	-5.458370
HODI	-4.914302
PSAU	-5.884338
GMOD	-6.060430
MGOW	-6.060430
FAMY	-5.662490
AMYM	-5.759400
MYMU	-5.583308
UCEF	-5.662490
ATWR	-5.759400
TWRE	-5.361460
MSME	-5.759400
WLYD	-5.361460
IACO	-5.583308
RVIR	-5.458370
TUEN	-6.060430
MFAL	-5.884338
SYPR	-6.060430
REYS	-5.516362
NSRA	-5.884338
SRAI	-5.583308
YFLU	-5.662490
FLUC	-5.458370
UCTU	-5.106187
FNEG	-6.060430
RLOH	-6.361460
LOHH	-6.361460
WACU	-6.361460
WFEE	-5.407217
BEUP	-5.583308
POTT	-5.106187
WFAL	-5.884338
LHEE	-5.759400
ADHU	-5.458370
NSUD	-4.914302
SFYI	-5.884338
RGYT	-6.060430
GYTH	-5.583308
OTLY	-6.361460
AONL	-5.884338
DHOR	-4.842946
RORM	-5.407217
GNOL	-5.884338
THTE	-5.215332
HTEA	-5.215332
REEB	-4.817392
EEBE	-5.247516
GACT	-5.583308
NERJ	-6.361460
RJOH	-5.361460
HNTO	-6.060430
OLDU	-5.247516
LDUS	-5.320067
DUSM	-6.060430
TSOY	-5.884338
SOYE	-5.662490
OYES	-5.157340
EPOU	-5.247516
EYUP	-5.662490
LTRU	-5.282278
THOH	-5.662490
HOHT	-5.662490
ATIK	-5.247516
RATB	-5.884338
RVEO	-5.516362
HBEE	-5.759400
LLEM	-5.407217
SOWR	-5.759400
IRFR	-5.215332
INNN	-6.060430
NNNO	-6.361460
GITO	-5.019037
OESO	-4.981248
OISB	-6.060430
LSFA	-5.759400
MSTR	-5.282278
DHEE	-5.185368
TEPF	-4.870098
EPFO	-5.131011
ISKD	-6.361460
SKDO	-6.060430
KDOY	-5.759400
KSOC	-6.060430
THBR	-5.157340
GUPF	-5.361460
KSOV	-6.060430
ELFL	-5.106187
LFLI	-5.320067
FLIZ	-6.361460
ZIES	-6.060430
MUPA	-5.407217
FITN	-5.320067
APSO	-5.247516
OABS	-5.583308
UTEP	-5.759400
DOHB	-6.060430
SUMP	-5.157340
UMPT	-4.914302
DESN	-5.662490
REEC	-4.870098
EECO	-5.157340
SLYM	-5.215332
HYAN	-5.106187
NWHY	-4.856310
EBEP	-6.060430
TEOH	-5.884338
EOHN	-5.662490
SEEB	-5.039240
EEBY	-5.320067
AWHA	-4.125931
UTHH	-5.407217
KEFO	-5.106187
GOEV	-5.884338
FBEN	-5.361460
FBYM	-5.884338
RPSM	-6.361460
ORIK	-5.583308
PMIG	-6.361460
UCEB	-6.361460
YHOL	-5.019037
OLDG	-4.963520
ODLY	-5.407217
AHAS	-5.157340
MMYF	-5.247516
OASL	-5.759400
NKAS	-5.407217
IAIS	-5.884338
RMST	-4.946486
RSSE	-5.215332
DVIR	-5.583308
TUEI	-5.458370
LYIK	-6.361460
SAYP	-5.662490
PSIA	-5.583308
UNGS	-4.781676
NTAU	-5.458370
ALFY	-6.361460
ARNA	-4.870098
NAYF	-6.060430
OPTA	-6.060430
NYOP	-6.060430
RSTQ	-6.361460
VEFL	-5.516362
EFLI	-4.963520
SUSC	-5.662490
USCE	-5.458370
SCEP	-5.361460
PTIB	-5.060430
TIBI	-5.884338
HOMD	-5.884338
OESJ	-5.884338
EVEC	-5.884338
PTTI	-6.361460
ANEK	-6.361460
MREA	-5.516362
YISW	-5.583308
WEBO	-5.131011
LALI	-5.060430
SLIE	-5.407217
CYIW	-6.060430
UDRE	-6.060430
LEGI	-4.870098
LYET	-4.981248
DUNP	-5.282278
GASW	-5.361460
OESL	-6.361460
DIAK	-6.361460
IAKN	-6.361460
AKNO	-5.247516
BEIG	-5.662490
HBOT	-5.215332
MIWA	-5.157340
UTHM	-5.662490
KORF	-6.361460
DGEP	-5.759400
LICF	-5.884338
ATUS	-4.946486
ODHA	-4.999732
DGOW	-6.060430
FOPE	-5.247516
SUEY	-6.060430
GHFR	-5.407217
OSYM	-6.060430
YONW	-5.583308
RPSS	-6.361460
RYGI	-5.884338
LINO	-5.157340
STTW	-5.215332
HOTR	-5.884338
LTYC	-6.361460
TBYI	-5.583308
MITL	-5.884338
NTFI	-5.320067
TFIX	-5.583308
GETF	-5.215332
OADR	-5.662490
NBYD	-5.583308
BYLO	-5.361460
TLEG	-4.914302
FACH	-5.247516
EPAD	-5.361460
DDOC	-5.282278
DOCK	-5.157340
OVEU	-5.516362
LFOV	-5.884338
FOVE	-5.320067
OLEB	-4.999732
BODI	-4.548546
FRIS	-5.407217
ISKS	-5.662490
SKSW	-5.583308
KSWA	-5.320067
HJUM	-6.361460
UMPE	-4.817392
PEDO	-4.629066
STYK	-6.060430
YKIS	-6.060430
KISS	-5.157340
MERU	-5.407217
IRSF	-6.361460
ARSF	-5.157340
SFIL	-4.981248
HLOS	-6.060430
EFUG	-5.082706
FUGI	-5.407217
UGIT	-5.320067
OPEE	-5.759400
SMYF	-4.805157
WNYE	-5.458370
SIWR	-6.361460
OTEY	-5.583308
UWOR	-5.759400
FETY	-4.999732
DOHE	-5.458370
OHEM	-5.039240
DMYM	-4.884338
LMYM	-5.759400
LITR	-5.662490
MMAR	-5.157340
ULOO	-5.039240
OKPA	-6.361460
ALEH	-4.397672
RTYJ	-6.060430
TYJA	-6.060430
IAOR	-5.884338
AORH	-6.361460
EMEX	-5.884338
MEXA	-6.361460
DLAM	-5.407217
GEBL	-5.759400
EBLA	-4.344426
LYOW	-5.516362
YOWI	-5.884338
GIFI	-5.759400
YMYP	-5.247516
NGOI	-5.131011
TNEG	-5.516362
RLTO	-5.884338
DOSU	-6.060430
GIFS	-6.060430
LLOO	-4.829981
YUNF	-5.361460
RRUL	-5.759400
ULED	-5.247516
YSAM	-5.884338
SAMP	-5.662490
AMPO	-5.407217
MPOO	-5.516362
ETGO	-5.516362
NDIK	-5.215332
WHEW	-4.981248
LFIG	-5.583308
FIGH	-4.817392
EKIL	-5.039240
LLTU	-5.407217
URNU	-5.320067
RNUS	-5.884338
NUSO	-5.884338
USOU	-5.361460
OTKI	-5.516362
USBR	-5.516362
RRIF	-4.805157
MADD	-5.247516
KONI	-5.215332
TASC	-5.082706
YSMO	-5.157340
AYGA	-5.759400
YGAI	-5.282278
LWEK	-6.060430
TUSG	-5.759400
USGI	-5.884338
LGOT	-5.583308
NEOH	-5.759400
WNFI	-5.458370
DYMA	-5.320067
MWAI	-6.361460
HMON	-5.516362
OBUY	-5.458370
BUYT	-5.759400
UYTH	-5.662490
EMAF	-5.458370
GSKE	-5.884338
EPMR	-6.060430
PMRB	-6.361460
OMFI	-5.662490
MFIG	-6.361460
GTEL	-5.884338
MFRI	-5.583308
FMYW	-5.131011
MYWI	-4.671264
WITS	-4.999732
GSSU	-5.458370
HSPA	-5.516362
PASM	-5.320067
ASMS	-5.884338
SMSI	-6.361460
SATM	-5.131011
BYNI	-5.131011
HOWK	-5.662490
WKIN	-5.662490
TAVO	-5.082706
OIDR	-6.060430
IDRE	-5.060430
TPRU	-6.060430
OONJ	-5.884338
OOBU	-5.458370
USIL	-5.361460
TEMT	-5.884338
FMAL	-5.583308
DBOS	-5.884338
SOMS	-5.583308
BALM	-5.157340
LMOF	-5.516362
FSIS	-6.361460
DUNH	-5.884338
AWEM	-6.060430
AYDR	-5.407217
AFEM	-5.662490
EVAB	-5.516362
TEPI	-5.131011
PINV	-6.060430
SSRU	-5.759400
SRUI	-5.583308
SSBR	-5.458370
CHGU	-6.060430
EXEL	-5.884338
FTED	-4.590608
CHOP	-5.361460
ILBE	-5.320067
URBY	-5.662490
YAVA	-5.662490
YEAG	-5.458370
SFYA	-5.884338
FYAF	-6.361460
RJOI	-6.060430
LSEQ	-6.361460
QUEL	-5.106187
RDGI	-6.361460
YNOA	-6.361460
NOAP	-5.884338
RMIA	-6.361460
OGRI	-5.458370
RSTG	-5.247516
TABR	-5.215332
SDEN	-5.407217
AMWO	-5.662490
RRYD	-5.407217
DHEK	-5.458370
GOOF	-5.759400
FFHA	-5.516362
NYHI	-5.583308
FYES	-5.458370
MDEN	-5.407217
NNYD	-5.884338
EDKN	-5.282278
ALOP	-5.407217
OUEN	-5.516362
BTIS	-5.759400
SYAL	-5.884338
AYSQ	-5.759400
LTRI	-5.407217
HONK	-6.361460
FUST	-5.583308
NYWE	-5.516362
EKSB	-5.583308
NOIB	-6.361460
FDOE	-6.361460
KSOW	-5.884338
SADA	-5.157340
EBTB	-6.361460
SEOH	-5.583308
EOHJ	-6.361460
OHJA	-5.884338
DWEB	-5.458370
DWET	-5.361460
TWEK	-6.060430
DUNJ	-6.361460
FIAB	-6.060430
IASN	-5.884338
EHEB	-5.019037
RPOC	-5.583308
POCK	-4.590608
KETB	-5.185368
TSNI	-5.759400
SNIN	-5.759400
ARHA	-5.157340
LLAU	-6.060430
MGON	-5.759400
FATY	-6.361460
AMMI	-5.157340
OTGU	-5.759400
TGUE	-5.884338
DILO	-5.282278
ILOV	-4.981248
PYWI	-5.759400
MSOT	-5.185368
TNOH	-5.583308
OFFY	-5.516362
FFYO	-5.458370
RDAT	-5.060430
YGOI	-5.131011
GIFY	-5.662490
DSIG	-5.131011
IGNM	-5.662490
GNMY	-5.759400
AWIC	-5.516362
BEIC	-6.060430
GPRA	-5.583308
OPRA	-5.458370
ATTF	-6.361460
TTFO	-6.060430
GMYE	-5.458370
MTON	-5.884338
ONIG	-4.653889
HTTE	-5.759400
WSAL	-5.407217
LWEM	-5.583308
MYCL	-5.106187
NIGE	-6.060430
LSAL	-5.060430
ATSL	-5.157340
NGOW	-5.884338
DUPG	-6.361460
UPGO	-6.361460
PGOO	-6.060430
BYEG	-5.662490
YEGI	-5.759400
LDRI	-5.019037
IACR	-5.884338
MYMY	-6.060430
WHEM	-5.662490
ORFU	-5.759400
NOHJ	-6.361460
ORYB	-5.247516
DATS	-5.106187
ULTM	-5.320067
INHY	-6.361460
NHYS	-6.361460
HYST	-5.407217
RICS	-5.320067
GHIE	-6.060430
HIEN	-5.583308
OKFR	-5.516362
NCEU	-4.946486
LOHT	-6.361460
TYUP	-5.516362
GUEI	-5.185368
UEIA	-5.884338
EMKI	-6.361460
MKIT	-6.361460
USSH	-4.946486
EMTR	-5.759400
MTRI	-5.759400
PHOV	-5.884338
SUEW	-5.884338
NTIB	-6.361460
OTOE	-5.759400
TOEP	-6.060430
OEPS	-6.060430
SOMT	-6.060430
YIFA	-5.583308
EHAC	-5.759400
OMCL	-5.759400
MCLA	-6.060430
AFAR	-4.999732
DYSR	-5.759400
NDNU	-5.884338
GNST	-5.662490
FALE	-5.215332
GLEL	-5.583308
NSAM	-5.662490
DDIL	-5.759400
ILAT	-4.629066
ORYC	-5.185368
PEDF	-4.829981
FFWH	-5.516362
DSNO	-4.781676
GKIL	-6.060430
NADU	-5.662490
ADUE	-6.361460
DUEL	-5.759400
UELM	-5.662490
ELMR	-6.060430
CEAB	-5.060430
DOMT	-5.215332
EMUP	-5.131011
MUPT	-5.407217
MSEX	-6.060430
ORIR	-5.759400
MWEN	-5.759400
EMMO	-5.407217
HOBU	-5.361460
GELO	-5.157340
EBTT	-6.060430
BTTO	-5.662490
DESM	-5.039240
FSED	-6.361460
ODYD	-5.458370
OTCR	-5.458370
FOFW	-5.884338
VENJ	-6.361460
VEGA	-5.407217
IFER	-5.082706
DCLA	-4.999732
OUTG	-5.082706
UTGA	-5.458370
PALH	-6.361460
LHOT	-5.884338
DLOD	-6.060430
SMRG	-6.060430
FDID	-5.583308
AINV	-5.185368
SOAP	-5.458370
IPTT	-6.060430
MTOF	-5.407217
TIFP	-6.060430
OFGA	-5.407217
FGAI	-6.060430
HACL	-5.583308
ACLU	-5.157340
CLUE	-4.999732
OGUI	-5.583308
IDEU	-5.361460
DEUS	-5.583308
EUSC	-6.060430
LIDA	-5.131011
SAYD	-5.361460
SFYU	-6.361460
YUSO	-6.361460
APSL	-5.759400
PSLI	-5.583308
WLIV	-5.884338
FSOS	-5.884338
DORB	-5.884338
BADW	-5.583308
GLYR	-5.157340
ATCU	-5.282278
WSMY	-5.662490
IRIF	-5.458370
EELM	-5.185368
ELMY	-5.516362
AFFL	-5.106187
HWEW	-5.583308
LYSY	-5.759400
YMPA	-4.645456
THIZ	-6.361460
HIZE	-6.361460
IZEW	-5.884338
ZEWI	-6.361460
USEP	-5.583308
MACA	-5.516362
ORTY	-4.689362
UUND	-5.157340
OAPA	-5.583308
ELAM	-4.805157
SLIC	-5.407217
RCOP	-5.662490
LTYD	-6.361460
BENA	-5.458370
BADO	-6.060430
YATS	-5.662490
WSOE	-6.361460
BEPI	-5.662490
PINO	-5.320067
ADSM	-4.899062
DSME	-4.583308
BERF	-5.516362
SEIM	-5.131011
OLEY	-5.759400
HYCH	-5.884338
ILDF	-5.361460
EAPT	-5.583308
APTH	-5.282278
EFRU	-5.516362
ETCE	-5.516362
TCET	-5.759400
CETC	-5.884338
CMRG	-6.361460
FAPL	-5.662490
GLER	-5.458370
MHEK	-6.361460
EPTU	-5.361460
PTUP	-5.320067
ENNU	-5.662490
IAIT	-5.662490
AITD	-6.361460
NYNE	-5.884338
ECYI	-6.060430
RYBY	-5.247516
YBYL	-6.060430
IASR	-6.361460
EFTG	-5.884338
FTGA	-6.060430
TGAM	-5.407217
GDEB	-5.884338
SATB	-5.185368
NHEO	-5.583308
BTSO	-5.583308
EMRG	-6.060430
LYJA	-5.759400
HHOR	-5.185368
AGAM	-5.407217
SISW	-5.157340
DAYR	-5.407217
DYIE	-5.884338
AWSE	-5.407217
ATYT	-5.884338
IRPU	-5.662490
OFIG	-5.282278
GFOL	-5.759400
MPEM	-6.361460
PYST	-6.361460
TSUN	-4.680218
AMYS	-5.185368
SSNI	-5.759400
SNIG	-4.914302
HTOU	-5.060430
ALPH	-4.914302
HICC	-6.361460
NHEJ	-6.060430
ETHV	-6.060430
HVEN	-6.060430
LWAR	-4.671264
ILHU	-6.361460
OITN	-5.662490
ZYLE	-6.060430
FEFE	-6.361460
DIAU	-6.361460
IAUS	-6.060430
ZYIB	-6.361460
YIBE	-5.458370
UNOI	-6.060430
DINY	-5.247516
APAN	-4.748676
DPOW	-5.131011
POWD	-5.215332
WDER	-4.884338
PSIM	-5.884338
LKIT	-5.407217
TTYR	-5.662490
UNSA	-4.914302
YPAP	-5.583308
APAS	-4.842946
AIDK	-6.060430
IDKI	-5.884338
DIAY	-6.361460
IAYO	-5.884338
TBOU	-5.361460
RNEF	-6.361460
RFIF	-5.662490
FTYP	-5.884338
TYPO	-5.662490
YPOU	-5.516362
NOKI	-5.884338
TYIH	-5.583308
GEBA	-5.583308
PROH	-6.060430
ROHI	-5.516362
OHIB	-6.060430
TIRO	-5.247516
NARA	-5.458370
NERK	-6.361460
OCRY	-6.060430
CRYW	-5.361460
XTTE	-6.361460
RSIW	-5.458370
WATT	-5.060430
LIXI	-5.458370
ONTW	-5.019037
ETSR	-6.060430
ETIB	-5.458370
PESY	-6.060430
WSFR	-5.458370
NSOI	-5.157340
ITOO	-4.738210
NHIL	-5.662490
WNDE	-5.185368
ONTY	-4.805157
DMAS	-4.842946
AYRA	-5.583308
ORSP	-5.157340
ECHT	-5.458370
ULEI	-5.662490
METB	-6.060430
LERW	-4.930096
IDIF	-5.583308
RMYM	-5.320067
AAMH	-6.361460
COPS	-5.759400
OPSE	-5.583308
PSEU	-6.361460
LONC	-6.060430
NACR	-5.106187
LYPU	-4.781676
DSAS	-5.039240
OCKJ	-6.060430
OLIG	-5.157340
NLAG	-6.361460
LAGG	-5.759400
PANT	-4.870098
ATHC	-5.516362
HCAM	-6.060430
EUPW	-5.320067
UTOH	-5.458370
TOHP	-6.060430
OHPA	-6.361460
HPAP	-5.759400
APAW	-5.884338
PAWH	-5.583308
MMYU	-6.060430
EWSD	-5.884338
WSDO	-5.884338
GGOO	-4.698702
SPOC	-4.981248
TITF	-5.106187
EUPR	-5.884338
UDSA	-5.516362
UTRI	-5.320067
GHTG	-4.946486
HTGR	-5.583308
AYAU	-5.884338
YAUG	-5.884338
AUGU	-5.082706
UGUS	-5.131011
USOM	-5.407217
PEDC	-5.516362
DEIH	-6.361460
UIST	-5.884338
FEON	-5.662490
NEHU	-5.039240
NUMT	-6.361460
UMTH	-5.361460
DNOH	-5.458370
LFPR	-5.884338
EGED	-5.361460
MSCI	-6.361460
BTSA	-5.516362
OHAG	-6.060430
HAGG	-5.215332
GAPR	-5.516362
YDIL	-5.759400
DILI	-4.946486
ILIG	-4.946486
ACKY	-5.361460
XPLI	-5.282278
CITL	-6.060430
ITLY	-5.662490
TMYN	-5.516362
LLAP	-4.914302
LLWR	-5.320067
LWRI	-5.407217
TCED	-5.759400
EDWG	-6.361460
DWGA	-6.361460
WGAR	-6.361460
UANS	-6.060430
MEWR	-5.361460
EITV	-5.759400
GHET	-5.516362
ANTV	-5.361460
NTVE	-5.407217
NEYM	-5.282278
EYMY	-5.662490
YMYU	-5.662490
AONS	-6.361460
DFIF	-5.282278
BTST	-5.884338
LTOR	-5.282278
NGSG	-5.662490
GSGE	-6.361460
USGO	-5.282278
SUMC	-6.361460
UMCO	-6.361460
MSAF	-5.516362
SAFO	-5.282278
IPTE	-5.884338
PTEN	-6.060430
BIDH	-5.884338
SUMT	-5.662490
UMTO	-5.516362
UEDS	-5.583308
RWEA	-4.817392
EOHL	-6.060430
OHLY	-6.361460
IAIC	-6.361460
AIFH	-6.361460
OTAR	-5.282278
DSCL	-5.884338
ARNW	-5.759400
BTSH	-6.361460
LEXA	-5.247516
MBEC	-5.157340
SIXP	-6.060430
IXPE	-6.060430
SYEA	-5.131011
GHAC	-5.583308
DGEB	-5.662490
MIFS	-6.361460
PYWH	-5.759400
TAME	-4.914302
EESM	-5.662490
OOFI	-5.662490
OFIW	-6.361460
OARI	-5.060430
IRMU	-5.662490
RMUT	-5.407217
LSTE	-5.215332
ESOQ	-6.361460
SOQU	-5.407217
UNOR	-5.458370
OWOC	-6.361460
WOCC	-6.361460
UTRA	-4.842946
EADC	-4.884338
YWET	-5.583308
ISWR	-5.019037
GTAB	-5.759400
TUPS	-5.247516
OUDM	-5.759400
UDMR	-6.060430
IASB	-5.759400
GSOO	-5.361460
JOYB	-5.583308
OYBU	-5.583308
YBUR	-5.131011
SEXU	-6.060430
ANIR	-5.082706
NIRR	-5.516362
NASV	-6.361460
OMDE	-5.282278
FIDG	-5.759400
BEDB	-4.914302
YNOF	-5.884338
CTMY	-5.247516
SISD	-5.884338
BEIK	-6.060430
ESIW	-4.999732
ARRU	-6.060430
RRUN	-5.361460
LGOM	-6.060430
GOMY	-5.759400
FRIN	-5.320067
RHIL	-5.662490
LPUT	-5.884338
NMYT	-5.282278
IAHO	-6.361460
AHOW	-5.282278
WMER	-5.662490
YWES	-5.583308
SBYL	-6.060430
RLAI	-6.060430
RENM	-5.759400
EWPR	-5.583308
WPRE	-5.361460
MSOH	-5.583308
MRSW	-5.884338
ASTJ	-5.884338
TJUN	-5.884338
HAFL	-5.884338
AFLU	-5.516362
NTWR	-6.060430
OIWI	-6.060430
EYAF	-6.060430
BEOR	-5.759400
COMU	-6.361460
DCAM	-4.930096
BRIC	-5.082706
ULTE	-5.060430
SOOB	-5.759400
OOCA	-5.662490
AMDR	-5.884338
CKIC	-5.662490
KICA	-5.583308
LSCA	-5.082706
UINM	-5.884338
NOHH	-6.060430
OHHE	-5.361460
EWSM	-5.884338
WSMI	-5.662490
AISG	-6.361460
BOWL	-4.981248
WLOF	-5.759400
FPUN	-6.060430
NCHT	-5.282278
OYEL	-5.759400
OKRE	-5.583308
KREF	-5.662490
FUGE	-5.185368
UGEI	-5.361460
DNEE	-5.247516
LHAP	-5.583308
DBEJ	-6.361460
RLIL	-5.884338
NANN	-5.320067
NNUA	-5.583308
SUMF	-5.759400
UMFO	-5.458370
FEIF	-5.884338
MHEN	-5.583308
WWIS	-5.884338
SDUT	-5.320067
RORC	-5.662490
WBEP	-6.361460
ITAI	-5.516362
OMYW	-5.282278
NCUT	-5.157340
GERC	-4.870098
RLDB	-4.963520
SBIR	-5.407217
RENB	-5.458370
TOLY	-5.759400
OLYD	-5.759400
AATL	-6.060430
SALB	-6.060430
NPAP	-5.884338
CTAP	-6.361460
ULFI	-4.842946
LFIL	-4.856310
FILT	-5.247516
ADEF	-4.999732
MBEP	-5.320067
FASB	-5.884338
TENP	-5.361460
SAYE	-5.106187
SERB	-5.884338
RBOA	-4.348622
DPOC	-5.884338
KETA	-4.621097
DSLY	-6.060430
GEXE	-6.361460
OOWA	-5.458370
IEFW	-5.458370
EFWI	-5.884338
HDIL	-5.662490
GBUS	-5.458370
OWFU	-5.282278
GRYW	-5.759400
ATOS	-5.583308
EWSQ	-6.060430
WSQU	-5.759400
KLYS	-5.516362
ASBO	-5.039240
SBOR	-5.131011
HDEC	-5.759400
OPHY	-4.856310
PHYT	-5.516362
ARMH	-5.082706
RMHO	-5.516362
MHOU	-5.759400
IRSP	-5.458370
FCIR	-5.583308
PYDA	-6.361460
YHIG	-5.361460
IGHN	-5.516362
DAMP	-4.981248
MPHT	-6.060430
PHTH	-5.759400
SSIX	-5.662490
RDSR	-5.516362
DSRA	-5.583308
RANW	-5.458370
NTNU	-6.361460
TNUP	-6.361460
PTIA	-5.157340
LSFI	-5.516362
NSNE	-5.516362
YASD	-5.759400
NSIZ	-5.662490
EHAY	-6.060430
HAYE	-5.458370
AYEP	-5.759400
YEPA	-5.759400
ARKM	-5.215332
RKMI	-5.884338
KMIG	-5.662490
EGOU	-5.759400
GOUL	-5.884338
ULDQ	-5.458370
LDQU	-5.185368
KEIF	-5.583308
FARO	-4.842946
ORPU	-5.185368
PURV	-6.060430
VISL	-6.361460
CSAR	-6.060430
ULHE	-5.407217
LKON	-5.884338
KONW	-6.060430
NYOR	-5.884338
TUSC	-5.662490
HTUN	-5.185368
RBYR	-6.060430
EAGU	-4.689362
AGUI	-5.516362
BUYC	-6.361460
UYCL	-6.361460
RHEP	-5.516362
MNOM	-5.759400
EIVA	-5.407217
IVAB	-5.458370
EGEW	-6.060430
EMVA	-6.361460
MVAL	-6.361460
LIDE	-4.689362
EVEP	-6.060430
EWCL	-5.662490
WCLO	-5.884338
RSNU	-5.662490
SNUP	-6.361460
MAFO	-5.884338
WMOS	-6.361460
CYAC	-6.060430
TSSP	-5.282278
ECYS	-6.060430
SEKN	-5.583308
SFRA	-5.215332
LTYW	-5.759400
DAGU	-5.516362
AGUL	-5.884338
GULF	-5.407217
IASM	-5.106187
WBEA	-5.662490
POFT	-4.645456
ESOJ	-6.060430
DSHR	-5.131011
HRIN	-5.157340
ABLO	-5.157340
WOFW	-5.516362
MEJE	-6.060430
TATR	-5.157340
MPHF	-6.361460
PHFO	-6.361460
YSPU	-5.516362
PURN	-5.361460
LADL	-5.320067
EXBU	-6.060430
MPHS	-6.060430
PHSH	-6.361460
WTOC	-5.516362
OTHB	-4.999732
GECO	-5.157340
OWTE	-5.583308
WTEA	-5.759400
GMUL	-6.361460
ONNU	-6.060430
NNUB	-6.361460
NUBI	-6.361460
UBIA	-6.361460
BIAL	-5.884338
WWIC	-5.884338
ONWR	-6.060430
NWRO	-5.759400
FLYR	-6.361460
ALPU	-5.215332
AITW	-5.407217
YMYW	-6.060430
OSOH	-5.583308
VALF	-5.884338
IGNC	-5.884338
GNCY	-6.361460
ALSR	-5.516362
NOWQ	-5.458370
OWQU	-5.131011
WQUA	-6.060430
DOMH	-5.458370
MHEP	-5.583308
PEAM	-6.361460
LLBO	-5.039240
LBOT	-5.458370
HBEM	-6.060430
EDYP	-6.060430
DYPA	-6.361460
YPAY	-5.361460
UBJO	-6.361460
BJOI	-6.361460
BTSI	-5.583308
TSIH	-5.759400
SIHO	-5.516362
VEDU	-4.981248
DUSH	-5.884338
SHAG	-5.185368
BEGS	-6.361460
EGST	-5.157340
TCEG	-6.361460
DDOB	-5.662490
HITL	-5.759400
RTHJ	-6.060430
NSGI	-6.361460
NUPH	-5.759400
HAPI	-5.407217
KESV	-5.884338
HOAG	-5.583308
ILDL	-4.899062
ETWR	-6.361460
TWRO	-5.884338
RLII	-5.884338
TBYD	-5.407217
WHOG	-5.407217
HOGA	-5.458370
OGAV	-5.884338
CULP	-5.282278
PRIT	-5.282278
SWRE	-5.282278
MTOR	-5.407217
DECK	-4.001624
SYLY	-6.361460
IASV	-6.361460
ASVO	-5.884338
EPPE	-4.981248
DSEM	-5.759400
OTHJ	-5.884338
HJOY	-5.407217
OYWI	-5.884338
OCOR	-5.407217
IALH	-5.247516
RGAI	-5.407217
INAU	-5.458370
NAUS	-5.583308
SYAS	-5.759400
HTOP	-5.361460
ABAS	-5.019037
ISYA	-6.361460
RDEM	-5.516362
WNLO	-5.662490
OOKN	-5.247516
OLIM	-5.662490
NEBL	-5.662490
OCAU	-5.215332
NOVA	-5.884338
OVAR	-5.759400
EMTA	-5.759400
ALKF	-5.759400
LKFA	-6.060430
ELTV	-6.060430
LTVE	-5.884338
TOEQ	-6.361460
OEQU	-5.884338
RLDN	-5.458370
LEDV	-5.320067
HSSH	-5.662490
IWEN	-4.759400
HTID	-5.458370
IMEG	-5.884338
NIWE	-5.361460
AOFB	-5.884338
ICAM	-4.645456
ODFU	-5.884338
DFUN	-6.060430
YESJ	-5.884338
HMAM	-6.361460
MMAD	-5.361460
MADO	-5.662490
ADOT	-5.759400
UTSK	-5.583308
TSKN	-5.759400
DWEO	-6.361460
WEOV	-6.361460
OKWI	-5.583308
MGOU	-6.361460
DEGL	-6.060430
ASSN	-5.759400
OFFM	-5.185368
FFMY	-5.361460
MYGL	-5.662490
YGLO	-5.361460
WFRA	-5.759400
FRAM	-4.930096
RAME	-4.793258
ENIB	-5.215332
NIBO	-6.361460
IBOW	-5.884338
EMPA	-5.884338
HANX	-5.662490
KUPT	-5.407217
RSRI	-5.407217
ERAH	-4.842946
RAHJ	-6.361460
AHJA	-6.361460
TGOL	-5.407217
GOLO	-5.884338
OLOW	-5.320067
MAMA	-5.583308
EEAT	-5.157340
IDSW	-5.759400
LENV	-6.361460
VYME	-6.361460
YMEI	-5.662490
EION	-5.662490
MAWE	-5.884338
LGOV	-6.361460
LWES	-5.458370
IAID	-6.361460
FFMU	-5.884338
OOHL	-6.060430
OHLO	-5.662490
HLOR	-5.759400
RDYE	-5.407217
APAA	-6.361460
PAAN	-5.884338
EUSW	-5.282278
WCAS	-5.458370
GETG	-6.361460
UGOA	-5.662490
GHUS	-5.884338
EBYV	-6.060430
BYVI	-5.884338
IDAF	-5.583308
UTVI	-6.361460
OELO	-6.361460
LTCE	-6.060430
ISFL	-4.842946
SFLI	-5.247516
DNEC	-5.407217
GBES	-5.407217
LDKI	-5.583308
DKIL	-5.320067
REBI	-5.407217
BIRD	-4.541916
SEPT	-5.407217
PTEM	-5.458370
ZYIN	-5.884338
UANA	-5.884338
MYWE	-5.215332
YWED	-5.407217
OUCU	-6.361460
UCUR	-6.361460
ARHO	-5.185368
CTLA	-6.060430
FFWE	-5.583308
TSTC	-6.361460
AMSL	-5.759400
MSLO	-5.407217
NOCL	-5.157340
OCKM	-5.407217
CKMY	-5.583308
KMYU	-6.361460
TUSA	-5.407217
LMON	-5.282278
GCAM	-5.458370
HAFU	-5.458370
AFUS	-5.884338
FUSS	-5.407217
OAFR	-5.759400
MILO	-5.759400
SBLU	-5.019037
OATW	-4.498137
OWEB	-6.361460
WEBR	-5.759400
BYEY	-6.361460
YEYO	-5.458370
RIDU	-6.361460
IDUN	-5.759400
OULL	-4.981248
ULLB	-5.215332
CEPU	-5.583308
OOTO	-4.981248
EAFO	-4.930096
YORS	-5.458370
TREW	-5.407217
DSOJ	-6.361460
RMYU	-5.759400
AYUP	-5.039240
MRST	-4.637184
RWEC	-5.458370
WECO	-4.817392
UTLU	-6.060430
GNEE	-5.759400
HINU	-5.662490
NUTT	-5.282278
USME	-5.407217
MEIQ	-6.060430
EIQU	-5.759400
TIPR	-5.361460
LWIC	-5.884338
ROHC	-6.361460
HBUR	-5.662490
THCU	-5.458370
HCUR	-5.458370
YWEW	-5.282278
LASK	-4.312242
UNOQ	-6.361460
NOQU	-5.583308
GRYO	-6.361460
SKEL	-4.718007
OGOC	-6.361460
GOCO	-5.884338
FITR	-5.662490
TRAP	-4.748676
LDHU	-5.320067
EIZI	-5.106187
FPAP	-5.215332
RWRO	-6.060430
MYCU	-5.282278
YCUR	-4.981248
WAPE	-6.060430
GSTY	-6.060430
UATS	-6.361460
DITU	-4.930096
FORV	-5.157340
ORVE	-5.361460
YCOG	-6.060430
COGE	-5.662490
NKNE	-5.157340
KNEC	-5.884338
HIGN	-5.516362
LMEI	-5.458370
NANH	-5.583308
RICK	-4.416977
GEMS	-5.215332
OUTJ	-5.884338
URWO	-5.185368
LETF	-5.662490
ETFA	-5.407217
RBEW	-5.583308
FIDA	-5.516362
NTEI	-6.060430
RINP	-5.407217
PSEW	-5.662490
BENC	-5.060430
IALR	-5.516362
ALRI	-5.516362
LEWR	-5.361460
NIDI	-5.282278
GRYH	-6.361460
RION	-5.131011
HINQ	-5.759400
YONY	-5.884338
MYIM	-5.039240
CITO	-5.884338
EDVI	-4.914302
HUTU	-5.282278
MSEV	-5.458370
LHOU	-4.856310
EIAR	-5.884338
SOMY	-5.282278
YRAC	-5.759400
LMRG	-6.361460
LYLY	-5.759400
AONC	-6.361460
EFTD	-5.759400
FTDE	-5.662490
TDER	-5.884338
MHEG	-6.060430
NSOP	-5.458370
LOWU	-5.407217
OWUS	-5.458370
WUST	-6.361460
MSAM	-5.884338
SAMR	-5.884338
AGOG	-6.361460
GOGO	-6.361460
GLOD	-6.060430
BRIB	-6.060430
ORRU	-4.981248
DIDK	-6.060430
IDKN	-6.361460
IAHI	-6.361460
RTOQ	-6.361460
DGOB	-6.361460
IAAB	-6.361460
AABS	-6.361460
LPOF	-5.662490
POFH	-5.157340
MHEE	-6.060430
DSCR	-4.899062
GNHI	-6.361460
SFUT	-5.759400
WHES	-5.320067
WHYH	-5.361460
HYHE	-5.215332
YHED	-5.361460
UNEB	-6.060430
TRYU	-6.060430
FIMM	-5.662490
SRED	-5.320067
GBEI	-5.583308
CYSN	-6.361460
YSNE	-6.361460
XTST	-6.361460
MHEC	-5.320067
TPON	-5.361460
OOIT	-5.458370
NCYL	-6.060430
RUEO	-5.361460
TDOH	-6.361460
EYBA	-6.361460
NORL	-5.407217
GRAI	-5.407217
NGGA	-5.157340
GGAV	-5.884338
IMGR	-6.361460
MGRE	-5.884338
ROBH	-6.361460
OBHI	-6.060430
BHIM	-5.662490
DUEB	-6.060430
LISU	-5.759400
IDAM	-5.759400
MALO	-4.981248
GHID	-5.516362
UBTW	-5.583308
BTWH	-5.884338
RVEC	-6.361460
FWEH	-5.407217
IMCR	-5.516362
MCRE	-6.060430
GATP	-5.759400
SHIB	-6.361460
HIBE	-5.516362
OUGR	-5.516362
UGRE	-5.884338
ENIK	-5.583308
HUSI	-4.727991
TWED	-5.320067
FAPI	-5.662490
WTEL	-6.060430
ESHP	-5.662490
SHPA	-5.759400
RDME	-5.320067
SBYG	-6.060430
BYGO	-5.361460
UCKF	-5.282278
CKFO	-4.781676
MESQ	-5.320067
ITEP	-5.082706
HUST	-4.793258
RTHU	-4.759400
UBEV	-6.060430
RBOL	-5.583308
BOLD	-4.770395
RRYP	-5.759400
YPRU	-5.759400
RYSL	-5.320067
YSLY	-5.884338
TSLY	-6.060430
RAYF	-6.060430
OMPI	-5.516362
MPIS	-5.583308
PISH	-5.407217
RBEQ	-6.361460
PYTI	-6.361460
RKAL	-5.516362
FPON	-5.662490
RENH	-5.662490
URSV	-6.060430
LYMG	-6.361460
YMGA	-6.361460
MGAR	-6.060430
OAFL	-6.060430
NBOR	-5.082706
EVAG	-5.282278
UNSE	-4.605585
RUEH	-5.458370
HINW	-5.131011
OAWO	-5.759400
ADYR	-5.282278
DYRE	-5.282278
MBRO	-5.884338
TREV	-5.215332
OLTF	-5.759400
NACA	-5.019037
LTOK	-5.662490
ROBL	-4.727991
OAPE	-5.759400
EYOW	-5.884338
YOWE	-5.516362
MOHH	-6.361460
EVEO	-6.060430
YSAU	-6.361460
SAUC	-5.516362
AUCY	-6.361460
UCYS	-6.361460
HMIX	-6.060430
XEDW	-5.157340
WSTE	-5.583308
ATHS	-4.583308
DIIN	-5.662490
IINT	-5.516362
ARYR	-5.247516
SHEJ	-5.884338
YDOS	-5.516362
YSGO	-5.458370
WWEA	-5.583308
UEAR	-5.759400
IALM	-5.039240
NVYY	-6.361460
VYYO	-6.361460
RMEO	-5.516362
EORE	-5.185368
RREY	-5.583308
FMEB	-5.884338
OUYE	-5.320067
UYES	-5.662490
OTTU	-6.060430
GELY	-4.698702
PSEL	-5.759400
PEDS	-5.106187
IDIW	-5.215332
WNLA	-5.583308
NTHW	-5.884338
HWEP	-5.884338
WEPA	-5.185368
HTIU	-5.884338
TIUN	-5.516362
NILA	-5.759400
UGOB	-5.884338
GOBY	-5.583308
OFKY	-6.361460
FKYM	-6.361460
KYMP	-6.361460
IDIM	-5.884338
CHIO	-5.759400
HIOU	-6.361460
CTHO	-5.662490
LMYI	-5.884338
EINK	-5.759400
OMAU	-6.060430
MAUT	-6.060430
SOPA	-5.458370
PALA	-5.082706
TWET	-5.458370
WALM	-5.516362
DUNW	-5.361460
EDSM	-5.247516
MWEA	-5.458370
TUSQ	-6.361460
USQU	-5.662490
SQUA	-4.300762
EKIS	-5.759400
TEGA	-5.884338
HBYI	-5.583308
IASD	-6.060430
LGOI	-5.759400
NUEA	-5.884338
TATW	-5.583308
HOHM	-6.361460
NOHL	-6.361460
NTKN	-4.781676
ARSP	-4.914302
PSWR	-6.060430
WMAR	-5.458370
CHTI	-5.082706
ORWR	-5.662490
MSAD	-6.060430
SMIR	-5.884338
MIRK	-6.361460
AMPR	-5.458370
MIDE	-5.583308
EFYE	-6.060430
FYEV	-5.884338
FTOP	-5.662490
UCEA	-5.583308
LAWT	-5.516362
NETV	-6.361460
ETVE	-5.583308
ALDA	-5.215332
YSIO	-5.247516
EMSS	-5.516362
RLOR	-4.999732
ORNW	-5.106187
UBET	-5.662490
NNEA	-5.106187
FHOP	-5.407217
OPEB	-5.458370
PEBY	-6.060430
NCIR	-5.215332
HOOT	-4.914302
OOTT	-5.458370
LWEE	-5.884338
EKSM	-6.060430
EFID	-6.361460
YISC	-5.361460
IPSF	-5.320067
PSFI	-5.662490
USYO	-5.106187
FHEL	-5.320067
WSIS	-6.060430
RSNI	-6.060430
HOLS	-6.361460
OLSW	-6.060430
DWEN	-5.039240
FONP	-6.361460
ESTV	-5.282278
DMEO	-4.914302
EONP	-6.361460
FDUC	-6.361460
DUCK	-5.361460
CKSJ	-6.361460
KSJU	-6.060430
TFIT	-5.185368
SAWY	-5.320067
AWYO	-5.247516
KATM	-5.407217
DUSO	-5.583308
WIAP	-6.361460
TIDR	-5.759400
RKSE	-5.759400
KSEL	-5.884338
EWAV	-4.738210
GBOL	-5.516362
SLEG	-4.727991
YHIR	-5.884338
GOWA	-5.516362
OWBR	-5.458370
WBRO	-5.662490
ONOY	-5.884338
NOYO	-5.583308
OLSE	-6.060430
DTIS	-5.662490
ETYL	-6.060430
KITH	-5.458370
VEIW	-5.516362
INRU	-5.407217
EYGO	-5.458370
YGOA	-5.583308
WIST	-4.708247
GSSO	-5.361460
IRTE	-5.157340
VALD	-5.759400
ALDR	-5.516362
ARIB	-6.060430
GICO	-5.662490
HUSP	-5.407217
WNOO	-5.458370
IBEW	-5.516362
OASU	-5.759400
ASUF	-5.662490
RERI	-5.106187
TTID	-5.884338
IRDM	-5.458370
RDMO	-5.759400
DOWE	-4.946486
JOYJ	-6.361460
OYJA	-6.361460
MMAM	-6.060430
WLAR	-6.361460
YITL	-6.361460
OKSJ	-6.361460
MRWH	-6.361460
UDMA	-6.060430
ESIV	-5.759400
SIVO	-4.999732
IVOW	-5.884338
VOWW	-6.060430
LANY	-5.215332
SBEW	-5.407217
ORYL	-4.914302
ACHF	-5.516362
YSFR	-5.662490
BYEI	-5.458370
DSOU	-4.748676
MTOJ	-5.759400
LSSH	-5.458370
WNMO	-5.662490
TIFN	-5.458370
TASR	-5.759400
NEFE	-5.361460
STEQ	-5.759400
UTEW	-5.583308
EDLU	-5.759400
DLUS	-6.060430
EUNS	-4.963520
LANX	-5.662490
USCU	-5.516362
LERT	-4.999732
UREQ	-5.759400
YUNN	-5.759400
ORKW	-5.131011
RKWI	-5.458370
HITD	-5.583308
ULBU	-5.458370
USPO	-5.131011
MIRR	-5.282278
AMYW	-6.361460
WMRA	-6.361460
IDAQ	-6.361460
WSEV	-5.759400
GATJ	-6.361460
YONN	-6.361460
DIEX	-5.361460
NPEO	-5.884338
IDSA	-5.215332
TTOQ	-5.759400
YATM	-5.458370
TMIC	-6.060430
MASB	-5.516362
UEAG	-6.060430
RIER	-5.282278
ESQT	-6.060430
SQTO	-6.060430
QTOM	-6.361460
RSDR	-5.583308
PTOO	-5.516362
ITBI	-5.759400
ACEQ	-6.060430
CEQU	-5.458370
GHPE	-5.516362
TDRE	-4.870098
SOEF	-6.361460
OEFF	-5.407217
VEKI	-5.583308
WNBI	-6.060430
ETSM	-5.361460
LSAV	-5.458370
VEYS	-5.662490
YSFO	-5.320067
HUNN	-5.458370
ADFL	-5.282278
ATYE	-4.930096
AKEJ	-6.361460
RMOM	-5.759400
ETYC	-5.759400
EEEI	-6.361460
INYE	-5.157340
HYEA	-5.458370
FERN	-5.106187
MOBS	-6.060430
RREK	-6.361460
RASG	-5.884338
ATTY	-5.583308
TTYJ	-6.361460
TNOD	-5.458370
YSKN	-6.361460
ENRO	-5.039240
TEAV	-5.884338
EBTM	-6.361460
BTMR	-6.361460
GOTY	-6.361460
NTBI	-5.458370
PTAV	-6.361460
ODTA	-6.361460
ADTE	-5.759400
TODW	-5.884338
HYIF	-6.060430
NTGR	-5.458370
OMYU	-5.516362
WHYN	-5.361460
HYNO	-5.361460
RSME	-4.817392
SMEW	-5.247516
FHEN	-5.458370
PTBY	-5.516362
HOJO	-6.361460
GISO	-5.662490
CLYS	-6.361460
LYOH	-5.884338
YOHJ	-6.361460
AKAS	-5.759400
UASE	-6.060430
LTUE	-6.361460
PYSC	-6.361460
MONP	-4.914302
ONPO	-5.106187
RSVI	-6.060430
ODTI	-5.215332
RPRU	-6.060430
RBOR	-4.870098
TOSM	-5.516362
PYHA	-5.884338
YESL	-5.361460
ALFL	-5.361460
LFLA	-5.282278
CHDU	-5.884338
HDUR	-5.662490
FLEF	-5.884338
EFTW	-5.583308
FTWH	-5.407217
ULHU	-6.361460
WSEL	-6.060430
IODW	-5.884338
DDUL	-5.884338
MUPF	-5.759400
PESB	-5.583308
THPO	-5.215332
HPOU	-5.884338
ECOF	-4.946486
FEEI	-5.516362
NFED	-5.282278
FEDE	-5.282278
ACYT	-5.407217
GLEV	-5.458370
NCYN	-5.884338
LSMO	-5.361460
USIA	-4.999732
WEWA	-5.185368
MDOW	-4.963520
YESE	-4.689362
NRAG	-5.407217
NEAM	-5.106187
SEXW	-6.361460
EXWH	-6.060430
XWHO	-5.759400
HAWE	-5.215332
OABH	-6.060430
CUPH	-6.361460
GISY	-6.060430
LCHR	-5.458370
OSCA	-5.458370
CARB	-5.361460
BORO	-5.583308
KSSH	-5.662490
LROS	-6.361460
AVIC	-5.361460
CTIM	-4.829981
RSRA	-5.759400
SRAP	-5.407217
WLOS	-6.361460
PEBU	-5.407217
EEPT	-4.671264
ELDG	-6.361460
NKEV	-6.060430
NYIE	-5.759400
YIEV	-6.060430
OATU	-5.458370
ATAH	-4.930096
AHAU	-6.060430
AUNC	-5.215332
OUPW	-6.060430
NCHC	-5.583308
ESAH	-5.060430
SAHM	-6.361460
AHMR	-6.361460
KMRS	-5.662490
GISA	-5.157340
VEDG	-5.759400
EILI	-4.999732
PYHU	-6.361460
OSUI	-5.583308
OSOY	-6.361460
FIES	-5.361460
WLEA	-5.458370
OYHI	-5.516362
ISHB	-4.884338
SHBE	-5.247516
HBEY	-6.361460
YCRU	-5.407217
UELS	-6.060430
OITE	-5.282278
WHAR	-4.870098
NIAC	-5.039240
IACK	-6.361460
EMEY	-5.361460
NLIZ	-6.060430
DELS	-5.516362
XTTI	-6.060430
CKYH	-6.361460
KYHE	-5.884338
PYAT	-5.884338
MLEA	-5.662490
ROWY	-5.662490
OWYE	-5.157340
WYES	-5.662490
EMDR	-6.361460
RANM	-5.759400
DCRY	-5.361460
ARAH	-5.516362
RAHC	-6.361460
AHCO	-5.759400
LPHE	-5.884338
SWEC	-5.215332
SAYK	-6.361460
AYKI	-5.884338
YISF	-5.662490
FUSF	-6.060430
GOOH	-5.583308
OOHH	-6.361460
ANGK	-6.361460
ICKB	-4.999732
KBEQ	-6.361460
ICKW	-4.946486
ASHM	-6.060430
NEJA	-5.759400
OGOD	-5.361460
AMRB	-6.361460
WOOB	-5.884338
GTHU	-5.131011
WINK	-5.060430
NYIM	-5.884338
TKIT	-6.060430
TTYD	-5.662490
RMAM	-5.458370
MAWH	-5.759400
OUKE	-5.759400
EEPW	-4.981248
GIDI	-5.662490
KATY	-5.884338
LYGA	-4.842946
KATE	-5.516362
HSPO	-5.361460
LFOP	-5.516362
MYDR	-5.320067
NEDQ	-5.759400
ALBI	-5.516362
IREV	-5.361460
RDAL	-5.039240
RKSW	-5.082706
OOTW	-5.759400
DAYJ	-5.759400
AYJA	-6.060430
PYBE	-5.759400
CEBI	-6.060430
SRID	-5.662490
ULEO	-6.060430
SECC	-6.361460
ECCE	-5.516362
IMBI	-5.320067
NATW	-5.458370
GETE	-5.583308
DYAW	-5.884338
ACTH	-5.320067
RSSC	-5.662490
ONOP	-5.583308
OSUS	-5.407217
OASW	-6.361460
YROS	-5.361460
DBYF	-5.185368
TOHW	-5.884338
PYEL	-6.060430
OMYM	-5.019037
NTTR	-5.884338
DYOH	-6.060430
YOHL	-6.060430
OHLI	-5.516362
TTYE	-5.662490
USMO	-5.039240
FSUS	-5.516362
BYBI	-5.662490
IRSS	-5.247516
RCLA	-5.185368
ALOV	-5.019037
BASI	-5.361460
LSIM	-5.407217
GOFN	-6.060430
MSWA	-5.583308
NETJ	-6.060430
ETJO	-6.060430
NERP	-5.583308
WREA	-5.247516
MANJ	-5.583308
RLHE	-6.361460
URDO	-5.039240
DSOG	-6.060430
ETCR	-5.759400
FWHY	-5.884338
OFSL	-5.247516
FSLE	-5.407217
HTIK	-5.759400
BEIA	-6.060430
SOAT	-5.185368
OATL	-5.060430
WLIK	-5.361460
AMLY	-6.361460
GEDV	-6.361460
WBAL	-6.361460
ILYV	-5.516362
LYVI	-4.999732
URNC	-5.759400
RNCO	-5.407217
GFRE	-5.662490
RUNL	-5.407217
PTEL	-5.884338
BLYU	-5.759400
FTOE	-5.583308
YSOU	-4.541916
IEFH	-5.247516
EFHE	-5.884338
PYSA	-5.884338
WDID	-4.981248
HMEW	-5.361460
CTSB	-5.320067
SITR	-5.185368
MSAG	-6.060430
TWEO	-6.060430
WEON	-6.060430
TIEV	-5.516362
OUUT	-6.361460
UUTT	-6.361460
VEXM	-6.060430
EXME	-6.361460
XMEI	-6.361460
UPEO	-6.361460
RDWO	-5.361460
SMOD	-5.282278
RICF	-6.361460
TLEV	-4.963520
WNGO	-5.407217
OODQ	-5.884338
ODQU	-5.759400
IESE	-5.407217
IFTF	-5.759400
FTFO	-5.583308
PSIF	-5.884338
CKIM	-5.662490
KIMA	-5.884338
CKIE	-5.884338
KIES	-5.185368
TFAM	-5.185368
KSBE	-5.106187
NEIL	-5.884338
UTAW	-5.060430
DOWB	-5.662490
OWBY	-5.320067
WBYT	-5.361460
EYPE	-5.583308
URDR	-5.662490
HEEQ	-5.039240
QUIP	-5.662490
UIPA	-6.361460
IART	-4.856310
LKAW	-6.361460
KAWA	-5.282278
HSET	-5.516362
NASL	-5.282278
PSEN	-5.759400
HNOR	-5.407217
GAGU	-6.361460
IFFL	-5.662490
FFLY	-5.662490
IEDV	-5.884338
RSYE	-5.320067
KTOA	-5.662490
LISL	-5.662490
HOIB	-6.361460
MEAP	-5.157340
GSMY	-6.361460
DYID	-6.361460
HLAR	-5.516362
WSAR	-5.662490
ULLW	-5.157340
FASK	-5.759400
IPWH	-4.946486
PWHE	-5.282278
FTMR	-6.361460
TMRA	-6.361460
WEXP	-5.884338
YPUZ	-5.583308
ZLED	-5.060430
UPSA	-5.516362
ISHK	-5.884338
SHKI	-6.060430
RLAW	-5.759400
YGOM	-6.060430
IPAB	-5.759400
LKSI	-5.884338
LBEP	-5.407217
THOB	-5.884338
DRUN	-4.645456
LEGU	-5.759400
EGUE	-5.157340
NEOP	-6.361460
VEYT	-5.884338
NOEF	-5.759400
VEYC	-6.361460
OSSM	-5.458370
FMYJ	-5.662490
MYJO	-4.914302
YJOU	-5.019037
CEMU	-5.583308
UWHY	-5.759400
HYIC	-6.361460
YICO	-5.215332
FLED	-4.671264
AYCH	-5.247516
TSSI	-5.131011
DFRA	-5.157340
HMOM	-5.884338
GOIW	-5.884338
YNEP	-5.583308
HEWM	-5.759400
NNEP	-6.361460
GHIK	-5.884338
LEII	-5.583308
EIIN	-5.759400
NTSK	-6.060430
INIW	-5.407217
FARW	-5.407217
HIPP	-4.718007
IPPR	-6.060430
EIFD	-6.060430
IFDO	-6.361460
FDOY	-6.060430
TRIO	-5.282278
VESD	-5.282278
ADAB	-5.247516
SSEQ	-6.361460
LFRA	-5.516362
ASKQ	-6.361460
SKQU	-6.361460
KQUE	-5.583308
RNEM	-6.060430
ETII	-5.516362
TIIN	-5.583308
SMYN	-5.884338
LLUR	-5.106187
ATUA	-5.583308
VEDR	-4.914302
HOIA	-6.361460
DAME	-4.930096
RNSB	-5.662490
TMEB	-5.282278
EBER	-4.963520
OASP	-5.458370
YISE	-5.407217
SSOY	-6.060430
MISO	-5.583308
RCRA	-5.320067
CRAD	-5.884338
RADL	-5.884338
SWEP	-4.899062
WEPL	-6.060430
RBIR	-5.583308
FNOI	-5.662490
UPAY	-5.884338
PAYN	-6.060430
ULOS	-6.060430
PTFR	-5.662490
MITB	-5.458370
TBYK	-6.060430
BYKN	-5.884338
RGHY	-6.361460
OTHD	-5.583308
SIFM	-5.583308
BYHO	-5.458370
HYMA	-5.516362
OTIA	-5.407217
TIAC	-5.884338
RUMP	-5.060430
UMPR	-5.759400
CTAG	-5.884338
DSLI	-4.981248
NBEM	-5.662490
AVYM	-5.759400
VYMI	-6.060430
ONGG	-5.320067
GGIR	-5.247516
RLIA	-5.662490
GDUE	-6.361460
TUSS	-5.458370
MYPU	-5.185368
MSIH	-6.361460
BROO	-5.060430
ROOK	-5.131011
PSSI	-5.407217
LSID	-5.131011
DEFR	-5.060430
VEHO	-5.060430
HEUP	-4.899062
EUPS	-5.759400
HTOQ	-6.060430
ESPH	-5.458370
SPHE	-4.805157
REEQ	-5.662490
RUEY	-5.583308
TSDO	-4.999732
MEIG	-5.407217
HEWD	-6.361460
LMEO	-5.884338
UENG	-6.060430
TOAB	-4.981248
OABE	-5.662490
CEIR	-5.361460
PWAN	-6.361460
DMYG	-5.361460
GEAT	-5.247516
MWIS	-6.361460
WITO	-5.458370
SAYL	-5.583308
GEDY	-5.131011
NKIC	-5.583308
NBEW	-5.759400
FARY	-6.060430
WMIG	-5.662490
HTAP	-5.361460
ERNY	-6.361460
NEIM	-5.662490
UNED	-5.759400
NSIH	-5.361460
ADYU	-5.759400
DYUR	-6.361460
UPBU	-5.458370
PBUS	-6.060430
WSSI	-6.060430
POLL	-5.320067
OLLU	-5.662490
LLUT	-5.583308
NGFU	-4.914302
GFUR	-5.131011
ODIM	-5.282278
EGTO	-5.320067
DCRE	-4.680218
HEWU	-6.361460
EWUN	-5.759400
GSEL	-5.516362
IRLD	-5.884338
LDOY	-5.884338
UORT	-5.583308
IGEM	-5.884338
OOBE	-5.458370
BEYT	-5.884338
ORUI	-6.060430
NORG	-5.516362
LECL	-5.185368
AIMO	-5.662490
BEVI	-5.458370
YMYM	-5.583308
HSEN	-5.516362
SISY	-5.759400
LVEV	-6.361460
OWKN	-5.583308
WKNO	-5.583308
ACTD	-5.884338
AMBI	-5.039240
MBIT	-5.060430
TRYY	-5.759400
UIHO	-6.060430
ETIS	-4.738210
PTOR	-5.215332
DUPS	-5.516362
KWHY	-5.759400
WHYL	-6.060430
HYLA	-5.759400
DGOS	-5.759400
VILF	-5.407217
ILFO	-4.999732
RROA	-5.884338
LCAL	-4.946486
LONY	-5.407217
UISU	-5.884338
ZZYE	-6.361460
ZYEL	-6.361460
OALI	-5.247516
FITL	-5.583308
FBRE	-5.247516
ALOS	-5.458370
ROFJ	-5.662490
STCE	-5.247516
CTDE	-5.662490
HTMU	-5.884338
NENU	-6.361460
LIDR	-5.884338
NWAV	-5.884338
FSON	-6.361460
ARAR	-5.516362
YUNB	-6.060430
UNBL	-5.884338
NBLE	-5.583308
NNOM	-5.407217
ELDM	-5.282278
WTOU	-5.884338
VEOB	-5.884338
EOBT	-5.884338
EYOB	-5.759400
TSCU	-5.516362
TSUD	-5.185368
RNSY	-5.759400
ADTW	-5.320067
ONYL	-5.247516
OWRU	-5.662490
WRUS	-6.060430
ENEP	-5.759400
LORO	-5.361460
OKCO	-5.458370
NKIM	-6.361460
AGAC	-5.282278
GACI	-5.215332
NGNU	-6.361460
GNUP	-6.361460
GOSS	-5.458370
EBYR	-5.583308
HUSO	-6.060430
DDAS	-5.458370
MEAU	-6.060430
SENP	-6.060430
BLYL	-5.247516
OASO	-5.583308
SLAN	-4.320067
NISB	-5.458370
IDPR	-5.662490
GEYE	-4.963520
SETE	-5.039240
NSLE	-5.039240
ILSY	-6.060430
CURB	-5.583308
TECL	-5.320067
KEIM	-6.060430
LYEY	-4.999732
EEIS	-5.106187
WLIZ	-6.361460
ZYIT	-6.060430
VEPI	-6.060430
PITC	-4.598032
LIEM	-6.361460
IEMO	-6.060430
RAYR	-6.361460
HIPL	-5.407217
PLAS	-5.060430
RERM	-5.662490
RUNH	-5.361460
DDSI	-6.060430
DSIA	-5.884338
ULYR	-6.361460
LHUS	-6.361460
HUSH	-5.082706
MDEC	-5.884338
MYAM	-5.759400
FVIC	-5.583308
HTCE	-5.759400
IANB	-5.320067
MINY	-5.458370
IANF	-5.282278
UNGO	-4.718007
NGOL	-4.914302
NCHB	-5.185368
YITY	-6.361460
SHIH	-6.060430
DLER	-4.884338
YDIV	-5.282278
NGEY	-5.039240
URDM	-6.361460
SIAB	-5.884338
IABO	-5.247516
TEWR	-5.662490
GIWO	-5.662490
UPMR	-6.361460
PMRC	-6.361460
ISIC	-5.583308
ELPG	-6.060430
LPGI	-6.361460
PGIV	-6.361460
ASIV	-5.884338
SIVA	-6.361460
LUET	-5.215332
NDHY	-6.361460
DHYP	-6.060430
SYOF	-5.884338
GITE	-5.583308
GSAP	-5.662490
VECR	-5.361460
TCRU	-5.884338
RBYW	-5.516362
FPEN	-5.583308
HHAL	-5.320067
OHEW	-5.583308
NESV	-6.361460
NMOM	-6.060430
ADBI	-5.884338
GFIV	-5.884338
YLAG	-6.361460
LKEL	-6.361460
LUPO	-4.829981
HENK	-5.458370
TBOL	-5.884338
AMAV	-6.060430
SHCR	-5.662490
ELPT	-5.131011
LPTH	-5.320067
LEDK	-6.361460
WGRA	-5.662490
WNGR	-5.759400
NLIG	-4.698702
UUNE	-6.361460
CEDY	-6.361460
KMEH	-6.060430
ADDF	-6.361460
DDFO	-6.361460
ENYB	-5.884338
EMIB	-6.361460
OOGE	-5.884338
PRIL	-5.583308
RILT	-5.884338
RYFL	-5.516362
RGON	-5.320067
LACH	-5.759400
PLYP	-5.662490
MLYA	-5.320067
MANV	-5.662490
ANVI	-5.320067
NVIO	-5.361460
OVEC	-5.759400
DOHA	-6.060430
RTFE	-5.516362
OKSH	-5.662490
CTSS	-5.407217
TSMO	-4.963520
THDW	-6.361460
HDWE	-6.361460
GEMP	-5.516362
NPEC	-5.516362
TSEF	-5.662490
PEBE	-5.516362
YIRR	-5.458370
EVOC	-5.583308
OCAB	-5.583308
TMEY	-5.759400
ANKL	-5.131011
NKLY	-5.516362
YFRA	-5.361460
USOA	-6.361460
RVEF	-6.060430
TABH	-5.759400
RELF	-6.361460
FBLA	-5.215332
IFST	-5.458370
FSTR	-4.981248
ICTL	-5.407217
BEIR	-6.060430
PEIM	-6.060430
TYIC	-5.759400
SMYE	-5.583308
NSDU	-5.662490
RDSY	-5.157340
REIW	-4.930096
AYIC	-5.516362
UINA	-5.407217
EOHD	-5.759400
OHDO	-5.407217
ITDA	-5.583308
NKBE	-5.320067
KBET	-5.458370
UONR	-6.361460
GITG	-6.060430
NYCR	-5.407217
UHAT	-6.060430
NKMY	-5.884338
KMYO	-6.060430
OPEQ	-6.361460
PEQU	-4.108607
CYIB	-6.361460
OOLB	-5.516362
OLBU	-6.361460
NADR	-5.361460
ULBI	-6.361460
NBIT	-5.759400
EUIS	-6.361460
UISC	-6.361460
WHOR	-5.247516
WSOW	-5.759400
YUNP	-5.583308
MYPH	-5.759400
YPHI	-5.282278
HYTH	-4.718007
CEGI	-5.884338
NYPH	-6.060430
PHYO	-5.583308
LLYV	-5.185368
LYVO	-5.516362
YVOI	-5.361460
FPHI	-6.361460
PHYB	-6.060430
HYBU	-5.662490
FIGN	-5.759400
HBEI	-5.247516
STAU	-5.282278
LESB	-4.653889
GHGO	-5.884338
WEDE	-5.215332
RTHC	-5.516362
OEIG	-6.060430
OWEY	-5.662490
WEYO	-5.884338
LMYP	-5.516362
TYIB	-6.361460
GNOI	-5.516362
DIFE	-4.856310
UMYC	-5.662490
DUEM	-6.060430
UBYE	-6.361460
UHET	-6.060430
FGEO	-5.884338
MDER	-5.884338
EHEQ	-6.361460
INNA	-4.718007
NNAN	-5.106187
HAPU	-5.884338
OOPA	-5.759400
NFAR	-5.247516
BUSY	-4.981248
USYT	-5.884338
IRSD	-6.361460
NIGU	-5.884338
RMSH	-5.407217
CHIB	-5.662490
VEIO	-6.361460
EIOU	-6.060430
GOIT	-5.662490
AKFR	-6.361460
WNOB	-5.662490
MORM	-5.884338
ADNA	-5.662490
WOVI	-5.884338
MITD	-6.361460
YMOD	-5.662490
OANX	-6.361460
SYIW	-6.361460
TUNJ	-6.361460
THSL	-5.247516
HSLA	-6.361460
GRYB	-5.884338
NYDO	-5.662490
YGUI	-5.185368
IORO	-5.361460
RLIX	-6.361460
ASAQ	-5.516362
OKEB	-5.583308
KEBU	-5.060430
UNMA	-5.282278
NMIR	-6.361460
ANFE	-5.247516
ILSB	-5.361460
MEKN	-5.407217
DOAW	-6.060430
ETSG	-5.759400
TSGE	-5.583308
EJOK	-5.583308
JOKI	-5.583308
SAWR	-5.583308
AWRE	-4.999732
ODME	-5.247516
UTHG	-6.361460
YSOY	-6.060430
OYET	-5.662490
WIMU	-5.759400
ZYIW	-6.060430
UTAR	-5.106187
SEDJ	-5.759400
HABR	-5.106187
YORM	-5.884338
GHOH	-6.361460
HOHL	-6.060430
OUFE	-5.247516
UFEE	-5.407217
DOOH	-6.060430
OOHY	-6.361460
NKIF	-5.884338
KIFE	-5.759400
HYIM	-6.060430
DOBI	-6.361460
GRYM	-6.060430
WBEB	-6.361460
USIW	-5.759400
ALKV	-6.361460
LKVE	-6.361460
KVER	-5.361460
TMEK	-5.662490
TDAT	-5.458370
ULGR	-5.583308
MNAS	-6.361460
FIAL	-6.361460
VEES	-5.884338
LYBI	-5.583308
SLYV	-6.361460
HMEH	-5.282278
NIOW	-6.361460
YAVO	-5.662490
ODAT	-4.946486
ARBI	-5.662490
GORS	-5.361460
BUSW	-6.361460
LWED	-5.884338
MLIZ	-6.361460
LKOU	-6.060430
KOUT	-4.541916
GATS	-5.516362
RSOE	-6.060430
FTNO	-6.361460
OOAK	-6.361460
OAKH	-6.060430
AKHA	-5.759400
MMOU	-6.361460
GWAL	-5.884338
YDOV	-6.361460
TITK	-6.361460
ITKI	-6.361460
TTYO	-6.060430
TYOW	-6.060430
RCYP	-6.361460
CYPR	-5.662490
IEWF	-5.662490
DYMR	-6.060430
LTOY	-5.516362
EPTJ	-6.361460
PTJU	-6.361460
PUTY	-5.516362
FTOI	-5.516362
EURW	-6.060430
HORV	-6.361460
RVIO	-5.583308
RSTV	-5.407217
TVEH	-6.361460
CYRI	-6.060430
YRIS	-5.282278
DEUN	-5.583308
ILEP	-5.157340
PERG	-5.884338
OTOY	-5.884338
UDOI	-5.662490
WNEC	-6.060430
YORI	-5.320067
NECL	-5.583308
HANJ	-5.759400
UHAP	-6.060430
OUDU	-5.884338
UDUN	-6.060430
DOID	-5.759400
IDOL	-4.999732
SILO	-5.282278
BYSP	-5.662490
RMSL	-5.458370
KINO	-4.946486
ITIK	-5.662490
ZYIK	-6.361460
PPYN	-5.759400
PYNO	-5.884338
ULYE	-5.583308
IORY	-6.361460
LDPL	-5.662490
NUNE	-5.458370
YMYC	-5.516362
FOFS	-6.361460
UUNA	-6.361460
MNIN	-5.516362
GTHB	-5.458370
HBYR	-5.884338
HSSU	-5.884338
DENU	-5.662490
RGYA	-5.583308
GYAL	-5.884338
UERH	-6.361460
OUIC	-5.458370
UICO	-6.060430
UMYL	-6.361460
ADVO	-5.361460
AHEH	-5.759400
FWON	-5.247516
TCHG	-6.060430
OWSD	-5.662490
WSDE	-6.060430
GIMU	-5.884338
LLRA	-5.458370
LRAN	-6.060430
RMAB	-5.759400
GOSA	-5.884338
OMIF	-5.662490
MIFA	-6.060430
WREL	-5.759400
OMAV	-5.759400
AVYW	-5.458370
VYWE	-5.884338
YWEI	-5.759400
URSQ	-6.060430
RSQU	-5.039240
IETR	-5.884338
GMAT	-5.247516
RONF	-5.516362
GITM	-5.282278
ALBA	-4.999732
LBAC	-5.662490
IRGE	-5.282278
UPSI	-6.060430
NWON	-5.247516
LFGO	-5.759400
SLOR	-5.157340
SMEO	-5.516362
INKD	-5.458370
NKDE	-5.516362
KDEA	-5.662490
UEOH	-6.060430
MYSW	-5.361460
ZYHO	-6.361460
WRIC	-5.884338
WGRE	-5.407217
TPIN	-5.662490
ATJE	-6.361460
TJEW	-6.060430
JEWE	-4.899062
WELS	-5.019037
ELSW	-5.039240
GESY	-5.759400
VEJA	-6.361460
PYSU	-6.361460
SOTA	-5.583308
LOHM	-5.884338
ZZYP	-6.361460
ZYPR	-6.361460
AYAP	-5.583308
ZYAH	-5.884338
ROHL	-6.361460
HREJ	-6.361460
SHMR	-6.361460
ADOM	-6.361460
FMIG	-5.516362
ETLU	-5.759400
IMUN	-5.458370
MUNL	-5.884338
MIAD	-6.060430
LMYT	-5.458370
LAWH	-5.516362
HLYS	-5.516362
KISH	-5.039240
LASJ	-6.060430
LXIL	-6.361460
UOFF	-5.884338
FIXO	-6.361460
IXON	-6.361460
XONT	-6.361460
HLAI	-6.361460
DLEB	-5.516362
GUNM	-5.759400
UNMY	-6.060430
UTYY	-5.884338
HSTO	-4.946486
YSBO	-5.662490
HANN	-5.247516
WBES	-5.884338
OUAD	-5.516362
UADM	-6.060430
RMYI	-5.759400
NEIR	-5.516362
UBEC	-6.060430
KTOD	-5.516362
AYSN	-5.320067
YSNO	-5.282278
OSOA	-5.361460
WNOA	-6.060430
ELDD	-5.884338
AVIR	-6.060430
TUEO	-5.282278
UASO	-6.361460
OSHY	-6.361460
SDIN	-5.361460
WHYE	-6.361460
ASIY	-6.361460
SIYO	-6.361460
IYOU	-5.215332
ELTL	-5.407217
KEDY	-5.157340
UMYR	-6.361460
LIFO	-5.361460
RTSP	-5.320067
MABR	-5.662490
ABRE	-4.999732
TEUS	-5.662490
NMEH	-5.458370
HTEV	-5.458370
MYAV	-6.060430
TIAV	-6.361460
IAVO	-6.060430
FIMI	-5.759400
URWR	-6.060430
DYLO	-5.884338
WSIW	-6.060430
OOCR	-5.884338
YEXI	-5.215332
SEGI	-5.759400
LGEY	-6.060430
LYER	-5.458370
YERR	-5.759400
LDIB	-5.516362
HITY	-6.361460
ULWE	-5.583308
LWEW	-5.516362
LGOR	-6.060430
RLDP	-5.759400
PSOT	-5.458370
DSOB	-5.131011
UCHJ	-5.583308
IERE	-5.583308
SILA	-5.583308
MMEY	-6.060430
CMRD	-6.361460
TSTY	-5.884338
TTRO	-5.320067
WHEH	-5.583308
YETC	-5.019037
TCMI	-6.361460
ELPW	-5.884338
LPWR	-6.361460
PWRI	-5.884338
OYWH	-5.458370
CYEX	-6.060430
EWSL	-5.662490
WSLE	-5.407217
ASBL	-5.157340
SBLO	-4.842946
WNOV	-5.247516
MONC	-5.215332
STJE	-6.060430
WELO	-5.407217
HRUG	-5.320067
RUGH	-6.060430
PSSV	-6.361460
SSVU	-6.361460
RTAX	-6.060430
TAXO	-6.361460
AXON	-5.759400
XONH	-5.884338
EYSG	-6.060430
BEVU	-6.361460
GARN	-5.407217
IETA	-5.185368
SHIE	-5.407217
HIEL	-5.884338
HIPM	-4.613272
IPMU	-5.583308
PMUC	-6.060430
LXII	-6.361460
NALF	-5.185368
OMOS	-5.583308
RDSV	-6.060430
DSVI	-6.060430
RSBI	-6.060430
MRSD	-6.361460
RENP	-5.884338
ASLU	-5.516362
HEDD	-4.981248
OUNU	-6.361460
OHED	-5.759400
ARAV	-5.407217
CINI	-4.981248
TONR	-5.361460
SYTE	-6.060430
DARL	-5.516362
GESP	-5.282278
ADGE	-5.361460
PIDF	-6.361460
IDFR	-5.662490
OFBA	-4.781676
FBAL	-5.407217
SBYM	-5.247516
OMIX	-6.361460
MIXM	-6.361460
XMOR	-6.361460
ZEOV	-5.759400
THPH	-6.361460
HPHI	-6.060430
NUNK	-5.759400
AONH	-6.060430
HAHO	-5.320067
OYIF	-6.060430
PYIT	-5.884338
DOIH	-5.759400
OIHO	-6.361460
URTV	-6.361460
RTVE	-6.361460
KWES	-6.060430
PONW	-4.759400
DDOO	-5.282278
CYAB	-5.884338
EFHO	-5.884338
OMYI	-5.282278
WNPR	-5.082706
EIRQ	-5.759400
IRQU	-5.583308
IRBI	-5.884338
RBIL	-5.458370
AHOM	-5.884338
GHDA	-5.759400
IMFU	-5.884338
MFUR	-5.759400
KOFG	-5.759400
YDEE	-5.185368
FVIS	-5.583308
AALM	-6.060430
FFEV	-6.060430
HPEM	-6.361460
OWGE	-5.458370
WGEO	-6.361460
DEDG	-5.247516
ANAH	-5.458370
RTIV	-5.662490
VEDK	-6.361460
YSAL	-5.215332
MLAN	-5.215332
HBYE	-6.361460
EKAR	-6.361460
KARE	-5.759400
NTGA	-5.458370
AYEI	-5.215332
SWOO	-5.215332
ODSH	-4.981248
TETE	-5.320067
MSDA	-6.361460
HOBY	-5.361460
OBYB	-6.060430
KSTA	-5.282278
KFRA	-6.060430
ERNP	-5.282278
EUSB	-5.662490
AFTG	-6.361460
FTGO	-6.060430
TGOD	-4.856310
MRSS	-5.215332
AVIL	-4.793258
LLEE	-5.662490
DSTP	-5.759400
TPET	-5.516362
BURG	-4.748676
DECT	-6.060430
CTHY	-6.361460
SIAR	-5.884338
TTAS	-5.247516
SKIS	-5.516362
KIST	-5.361460
MALR	-6.060430
DYFA	-5.759400
FPET	-5.662490
GHIF	-6.060430
OLDN	-5.019037
REEZ	-4.708247
EEZE	-4.555280
EZEP	-6.361460
ZEPL	-6.361460
LAYU	-5.247516
HBRA	-5.361460
LSME	-5.320067
EZEW	-5.662490
ZEWH	-5.759400
GION	-4.805157
AMAD	-4.884338
MADV	-6.060430
EICY	-5.583308
CYCL	-5.282278
YCLI	-5.131011
EAMS	-4.629066
VIVI	-4.981248
ITRY	-5.759400
POLE	-4.629066
MARG	-5.082706
ARGA	-5.157340
DISK	-5.759400
ISKJ	-6.361460
SKJU	-6.060430
KJUS	-5.516362
TSKI	-5.157340
SKIR	-5.082706
KIRT	-5.157340
RIZO	-4.689362
IZON	-4.689362
ZONA	-5.458370
PUTS	-5.583308
GNAV	-6.361460
AVIG	-5.215332
VIGA	-5.282278
REBA	-5.215332
EBAN	-4.605585
RACA	-5.516362
ALMS	-4.884338
LMSE	-5.759400
MSEA	-5.759400
EWAF	-5.759400
WAFT	-5.583308
NHIT	-5.662490
LEGL	-5.185368
GLOB	-4.842946
LOBE	-4.870098
ENAO	-6.361460
NAOF	-6.361460
IESU	-5.361460
FETE	-5.662490
DCEL	-5.458370
LOBS	-5.407217
SVOY	-4.930096
VOYA	-4.185368
OYAG	-4.185368
GECC	-6.361460
RICI	-5.215332
MYAR	-4.884338
NTCU	-5.583308
SLAB	-5.185368
USVO	-5.320067
OYAC	-6.361460
NHEE	-5.247516
BARK	-5.039240
RKSI	-4.899062
BOAT	-3.647969
SHOL	-4.605585
YUPH	-5.662490
EORB	-5.247516
AGNE	-5.060430
HIFA	-6.060430
IFAT	-5.458370
BEEF	-4.981248
YANU	-5.458370
GANM	-6.361460
RTGL	-6.361460
TGLO	-5.282278
ASMW	-5.759400
SMWH	-5.583308
LISE	-5.039240
DYPU	-6.361460
ULMA	-5.215332
LMAY	-5.884338
AYFI	-5.516362
IXIT	-6.060430
XITS	-6.060430
RLYY	-5.662490
HPAC	-6.361460
ACIF	-4.770395
CIFI	-4.637184
ICOC	-5.361460
COCE	-5.407217
OCEA	-4.304555
TAHI	-5.106187
EVOY	-4.748676
YMYE	-5.407217
MYED	-5.759400
ETIW	-5.082706
SEVO	-5.662490
UDYD	-6.361460
DYDA	-6.060430
DNIG	-4.486398
ILDO	-5.185368
RSDY	-6.060430
IDDE	-4.689362
NMYU	-5.458370
OEMB	-5.361460
GLIF	-5.247516
SFAD	-6.361460
FADE	-4.856310
ENIP	-5.458370
NIPE	-5.884338
EPOE	-5.458370
OETS	-5.516362
SEEF	-5.320067
APOE	-5.884338
OETA	-6.361460
ONII	-6.361460
NIIM	-6.361460
TOBT	-5.759400
CHEI	-5.662490
FHOM	-6.060430
VILY	-4.946486
LYIB	-6.361460
YIBO	-6.060430
IBOR	-5.583308
MEII	-5.759400
IINH	-5.662490
DMYT	-5.106187
NNEL	-5.215332
IERB	-5.516362
SIXY	-5.662490
IXYE	-5.662490
XYEA	-5.662490
NURI	-6.361460
GMYB	-5.361460
IPIA	-6.060430
PIAC	-6.361460
WHAL	-3.096406
NSEV	-4.981248
HSEA	-4.899062
SEAI	-4.829981
EAIV	-6.060430
AIVO	-6.060430
HIRS	-4.999732
EPIO	-5.759400
PIOF	-6.361460
ILOR	-4.194142
LORS	-4.432041
RSDU	-6.060430
EORY	-5.106187
DICI	-5.320067
CINE	-5.583308
FPHY	-6.060430
LSCI	-5.759400
HTDE	-5.516362
DACQ	-5.516362
WNIF	-5.884338
NIFE	-4.569068
DDIG	-6.060430
WDEA	-5.583308
RETD	-6.060430
DLUX	-6.060430
LUXU	-5.185368
UXUR	-5.185368
XURY	-5.759400
URYB	-5.662490
EDGL	-4.963520
LTHP	-6.361460
NGVO	-4.817392
GVOI	-5.361460
IRMB	-6.060430
RMBU	-5.516362
PESF	-5.407217
ESFL	-4.981248
SFLU	-4.899062
ULTV	-6.361460
LTVO	-6.361460
TVOY	-5.157340
DEIA	-6.361460
RUSS	-5.247516
SIAT	-5.247516
EYFL	-5.662490
YFLY	-5.583308
FLYQ	-6.361460
KLYO	-6.361460
HESN	-4.621097
IRSL	-6.060430
SHST	-5.320067
EWRA	-5.215332
WRAP	-4.829981
FURS	-5.884338
SADR	-5.407217
DYAD	-5.884338
ECKA	-4.562119
NNOE	-6.361460
OEXE	-5.361460
ISEP	-5.320067
EBLO	-4.447646
BLOO	-4.136150
LOOD	-4.203097
EEZI	-5.320067
EZIN	-5.320067
GINY	-5.516362
NOAM	-6.361460
OAMB	-6.060430
OADB	-5.082706
NSTP	-5.759400
DMYI	-5.516362
OHIR	-6.060430
BYPA	-5.131011
GIDO	-6.060430
ILUN	-5.884338
HOFJ	-5.583308
RNAH	-6.060430
NAHD	-5.884338
AHDE	-6.361460
FISU	-6.361460
PSYE	-6.361460
IFIF	-5.884338
FIFA	-6.060430
IFAI	-5.320067
AREX	-5.516362
RDOW	-5.157340
WNBL	-5.458370
IFYM	-5.583308
YMYG	-5.662490
ERRW	-6.060430
RRWA	-6.361460
GELT	-5.884338
RCHH	-5.407217
OWSL	-5.131011
WSLO	-5.662490
MBYF	-6.060430
BYFR	-5.583308
EPIS	-5.131011
PIST	-4.817392
EHIR	-6.060430
AMOC	-5.759400
MOCC	-5.759400
FYAN	-5.583308
ILIH	-5.407217
MGLO	-6.361460
EMYJ	-5.407217
YJOY	-5.516362
NDEJ	-6.361460
MMIT	-4.637184
OPAP	-5.884338
APOO	-5.247516
EDIU	-5.407217
DIUM	-5.320067
IUMF	-6.361460
GIDE	-5.516362
LDSY	-5.884338
DSYM	-5.060430
TICM	-5.106187
ICMY	-6.060430
CMYD	-6.361460
RMEG	-6.361460
OOAR	-5.662490
OOIM	-6.361460
LFED	-5.759400
FEDU	-5.583308
FEIR	-5.759400
OFVO	-5.320067
FVOY	-5.884338
GEIB	-6.361460
IBEC	-5.060430
DPOE	-6.060430
ATIP	-5.662490
TIPE	-5.662490
MTWE	-5.884338
TYEI	-5.583308
MINR	-6.060430
TYMO	-5.215332
NYSC	-5.662490
OLBO	-5.583308
LBOY	-5.282278
OYSO	-5.516362
RUET	-4.914302
MSAR	-5.662490
DMAG	-5.320067
LITK	-6.361460
SROM	-6.060430
DEOC	-5.759400
EOCE	-4.718007
GELA	-5.407217
GMER	-6.060430
SERU	-5.884338
ERUG	-5.583308
OMSM	-6.361460
YLIE	-5.361460
MADL	-5.516362
OFGL	-5.583308
FGLO	-5.884338
YORR	-5.458370
RDMY	-5.320067
YPHR	-6.060430
BYCU	-5.884338
YCUL	-6.060430
DOWM	-5.884338
RDAW	-6.060430
NEMP	-4.946486
SCIT	-5.583308
TYIE	-5.662490
YIEA	-6.361460
IEAS	-5.583308
SCIP	-5.458370
IPLI	-5.320067
PLIN	-4.653889
UTHP	-5.884338
DEMY	-4.963520
DFEM	-5.884338
EFOS	-5.583308
FOST	-5.884338
LBRU	-6.060430
BRUT	-5.157340
RUTA	-5.247516
YEXE	-5.320067
IPIH	-6.060430
PIHA	-5.516362
NIHE	-5.247516
DLIN	-4.590608
CREW	-4.089618
IMFI	-5.662490
MFIR	-5.458370
RARO	-5.759400
AROM	-5.185368
CMAN	-5.583308
HOOW	-5.884338
GRUS	-5.583308
SIAN	-4.914302
IANL	-5.458370
IZEM	-5.884338
ZEMO	-6.060430
IRLC	-5.884338
RLCO	-5.884338
ONYB	-5.583308
OSPA	-5.407217
USFR	-5.185368
IANT	-4.583308
YABA	-5.583308
ABAN	-4.504127
SRIV	-5.662490
LFBO	-5.662490
FBOU	-5.884338
NEXO	-5.458370
EXOR	-5.407217
XORA	-5.458370
TILH	-5.082706
TURK	-4.842946
URKA	-5.759400
NDAK	-6.060430
DAKI	-5.884338
GDET	-5.759400
DETR	-5.662490
ATHY	-4.829981
THYW	-4.999732
HYWH	-5.106187
RMYT	-5.407217
OILS	-4.805157
MWAV	-6.060430
MYVO	-5.320067
YVOY	-5.516362
MYEM	-5.320067
RKAT	-5.458370
ASHL	-5.516362
HLYY	-6.361460
WMES	-6.060430
UMYS	-6.060430
UACO	-5.884338
LFPL	-5.884338
LFFE	-5.662490
FFEA	-5.516362
ULWI	-5.516362
LKIL	-4.689362
LNOA	-6.361460
NOAL	-5.583308
OALB	-5.884338
LBAT	-5.215332
BATR	-5.282278
UASW	-6.060430
DWOE	-5.583308
WOEF	-5.662490
OEFU	-5.759400
EANC	-4.458370
LSMI	-5.759400
MYAL	-5.662490
ASMF	-6.361460
SMFO	-6.060430
OFOC	-5.583308
FOCE	-5.759400
RNPO	-5.759400
NPOE	-6.060430
OULW	-5.131011
ULWH	-5.215332
MPRA	-5.759400
RKMA	-5.361460
KMAN	-5.247516
DLAB	-5.458370
MARV	-4.829981
RVEL	-4.817392
HHUR	-5.884338
SEAA	-4.469365
UNVI	-5.884338
EETY	-5.884338
ERNC	-5.247516
RNCA	-5.407217
FRIC	-5.157340
ICAO	-5.884338
CAOR	-6.361460
AORA	-6.060430
CAID	-6.361460
RYOP	-5.884338
MEOC	-5.759400
ROBE	-4.899062
DJUL	-6.361460
YTHM	-6.361460
RIWR	-6.361460
ARDV	-5.884338
RDVO	-5.884338
DVOY	-5.759400
NIWH	-5.759400
EEMY	-5.157340
RSIA	-5.060430
EBOL	-5.060430
FPUR	-5.516362
RDOT	-5.516362
EFLO	-4.492228
FLOA	-4.442382
LOAT	-4.320067
HLAT	-5.759400
FSUM	-5.458370
ERNG	-6.361460
RNGA	-6.361460
CHBL	-5.583308
HBLO	-5.407217
WUSS	-6.361460
ISOA	-5.583308
OVAT	-6.361460
GWAR	-5.662490
LENU	-5.662490
AFIG	-5.361460
WOST	-5.361460
IFFG	-6.060430
FFGA	-6.060430
FGAL	-6.060430
LEAK	-4.748676
AKAR	-6.361460
EDNA	-5.019037
DNAV	-6.060430
URVO	-5.759400
RVOY	-5.407217
GEAD	-5.759400
IEUM	-6.060430
EUMY	-6.060430
RETB	-6.361460
OOLP	-6.361460
OLPE	-6.361460
DPRU	-6.060430
AYOV	-5.583308
TARS	-4.708247
DTES	-5.884338
MYTR	-4.963520
MPHW	-6.060430
PHWH	-5.759400
RRWL	-6.361460
RWLE	-6.361460
TTHS	-6.361460
HSOS	-5.282278
YJUL	-6.361460
ULYS	-5.361460
BYIC	-5.884338
YICE	-5.583308
CHCL	-5.662490
IPON	-5.131011
PONA	-4.498137
DESS	-5.157340
AROO	-5.583308
OATE	-4.899062
THIC	-4.437180
ICKF	-5.131011
KFOG	-6.060430
FOGW	-6.060430
OGWE	-6.060430
GLYL	-5.282278
MOSP	-5.215332
OSPH	-5.157340
WOOC	-5.458370
ONVA	-5.407217
COMR	-5.019037
DESG	-6.060430
GROA	-5.019037
ANED	-4.738210
NWEP	-5.884338
WEPE	-6.060430
GEFI	-5.662490
AWNB	-5.157340
BYDO	-5.583308
YDOG	-5.407217
DOGS	-5.131011
OGSP	-6.060430
ABEI	-5.320067
FGIG	-6.361460
NDGU	-5.458370
DGUI	-5.407217
EDOG	-5.106187
OGSW	-5.884338
PIDP	-6.361460
PESU	-6.060430
SUNT	-4.708247
RUNQ	-6.361460
DMIL	-4.930096
DSHU	-5.247516
RBYI	-5.759400
IPWE	-5.407217
PWEH	-6.361460
WEHO	-5.759400
GFEA	-5.583308
KTHO	-4.999732
RGEL	-4.884338
UPOF	-4.999732
HTIW	-5.215332
TIWE	-5.583308
ORSB	-5.407217
SYON	-5.516362
DGEL	-5.662490
DRIF	-5.019037
RAGM	-5.361460
AGME	-5.361460
DOGR	-6.060430
UADI	-5.884338
SELH	-5.759400
UTAE	-6.361460
TAEU	-6.060430
AEUR	-6.361460
DOND	-5.157340
SEAO	-4.946486
AONP	-6.060430
GNAC	-5.759400
SELS	-4.637184
MMEW	-5.407217
TMYV	-5.662490
MYVE	-5.320067
YVES	-5.320067
SELW	-5.215332
ELWO	-5.884338
RCEW	-5.407217
LTHT	-5.884338
AVOY	-5.215332
OLEU	-5.516362
LEUP	-4.999732
RDGO	-5.759400
GODM	-5.361460
OTHU	-5.320067
PITU	-5.759400
ITUL	-6.060430
ETYY	-6.060430
NBOU	-5.247516
SLIM	-5.185368
LIMB	-4.598032
IMBS	-4.856310
MBSW	-5.662490
BSWE	-5.361460
FROZ	-5.185368
ROZE	-5.106187
ZENA	-5.884338
SBOD	-4.805157
DYDR	-5.884338
YEMA	-5.060430
EMAC	-4.884338
ACIA	-5.662490
ECAB	-4.437180
ABIN	-4.297002
BINB	-5.407217
RHEF	-5.759400
IMBA	-5.407217
MBAC	-5.282278
YRUB	-5.759400
UBBI	-4.981248
BBIN	-4.842946
NDYA	-5.060430
WEDS	-5.157340
WEWR	-6.060430
MUPI	-6.361460
PINB	-5.407217
INBL	-5.131011
NBLA	-4.963520
LANK	-4.324033
NKET	-5.106187
BYSL	-5.884338
LOWD	-4.999732
WDEG	-6.060430
UPWH	-5.583308
PWHI	-4.914302
MWON	-6.361460
DIOF	-5.583308
MOFU	-6.361460
NCAB	-6.361460
UTYW	-5.215332
MADN	-4.930096
NIFA	-5.516362
MORD	-5.583308
PASI	-5.516362
AWEQ	-6.060430
WEQU	-5.583308
YMEL	-5.884338
OLYA	-5.407217
HEGN	-6.361460
EGNA	-5.361460
EPOF	-5.516362
POFF	-5.516362
RIDL	-5.407217
FBOD	-5.458370
FARU	-5.884338
ARUP	-5.157340
RUPO	-4.689362
GEAV	-6.361460
EHIC	-5.759400
HICL	-5.884338
STGL	-5.320067
EKON	-5.884338
UPUR	-6.060430
WEPI	-6.060430
PICK	-4.645456
UUPW	-5.884338
UPWE	-5.662490
PWES	-6.060430
WESA	-4.689362
OGSD	-5.884338
TACR	-4.914302
AMUL	-5.407217
HEDÆ	-5.185368
EDÆM	-5.157340
DÆMO	-5.060430
ÆMON	-5.060430
URCU	-5.662490
CUED	-5.662490
RILO	-4.946486
ILOU	-4.981248
GEIR	-5.583308
NUNT	-5.082706
LNEA	-5.320067
MIDN	-4.759400
IDNI	-4.759400
LERM	-5.583308
FSAF	-5.407217
WSPI	-5.884338
ECAY	-5.361460
CAYI	-6.060430
GFRA	-5.458370
BINF	-5.662490
WOBJ	-6.060430
GEOC	-6.060430
LTHB	-5.884338
SYWH	-5.516362
SCAB	-4.870098
BINY	-6.060430
RTIB	-5.884338
EEPG	-5.407217
EPGR	-5.662490
PGRI	-5.884338
FFIL	-5.884338
THSY	-5.662490
THYA	-5.131011
ECKS	-4.621097
NUEM	-5.516362
TTHM	-6.361460
YHEE	-5.282278
MYPI	-5.361460
YPIT	-5.131011
GDEG	-6.060430
REEH	-4.884338
POIG	-5.884338
OIGN	-5.516362
SOCU	-5.583308
OCUL	-5.759400
KSAL	-5.247516
CULL	-5.662490
CKAP	-5.662490
YARG	-5.662490
NTUA	-5.131011
HESY	-5.019037
ESYM	-5.106187
VEUT	-6.060430
OWGL	-5.458370
WGLA	-5.662490
DSAC	-5.516362
ANSL	-5.185368
PAYF	-5.662490
LDAC	-5.247516
TALF	-5.361460
LFOE	-6.361460
FOES	-5.516362
RRAC	-5.407217
KEAD	-5.215332
ARKG	-5.884338
RKGL	-6.060430
KGLO	-6.060430
MSPR	-5.583308
STIP	-5.759400
ICEQ	-6.361460
UIVE	-5.185368
ASIB	-5.407217
KLEF	-6.060430
AGRO	-5.247516
OANB	-6.361460
NBUR	-5.082706
GBRE	-5.215332
TIPA	-5.458370
IPAU	-5.361460
UDRU	-6.361460
KALS	-5.884338
NTOX	-6.361460
TOXI	-6.361460
OXIC	-6.060430
XICA	-6.060430
RMEL	-5.516362
ASHT	-4.492228
CUPF	-6.361460
UPFR	-5.019037
RLIP	-5.157340
GLYE	-5.320067
AROX	-6.060430
OXYS	-6.060430
XYSM	-6.060430
MOFG	-5.759400
UILC	-6.361460
ILCO	-5.583308
RKTY	-6.361460
KTYR	-6.361460
NNYO	-5.884338
IERY	-4.914302
KLYT	-5.458370
NEDV	-5.884338
EDVA	-5.407217
GIAG	-6.361460
IAGR	-6.060430
NFAS	-5.215332
LFMA	-5.407217
FMAD	-5.516362
EUPI	-5.662490
UPIF	-5.662490
PIFO	-6.361460
DOUG	-5.106187
TYNA	-6.060430
ESIO	-5.662490
ANCR	-5.082706
UTII	-6.361460
TIIH	-6.361460
DGRI	-5.131011
RYSK	-6.361460
YSKY	-6.060430
SKYT	-5.516362
OULF	-5.884338
HELM	-4.498137
ELME	-5.019037
LMED	-4.829981
TSYE	-5.516362
KEAC	-4.829981
ALOA	-5.361460
LOAR	-6.060430
OARO	-5.247516
CLEN	-5.361460
SMIE	-6.060430
MIEX	-6.361460
VINE	-4.583308
RERY	-5.884338
OTIF	-5.662490
NTUT	-5.583308
TUTO	-5.458370
EWIB	-6.361460
NTUI	-5.458370
NTAQ	-5.884338
CKBU	-4.748676
GPOW	-5.662490
ORCL	-5.458370
FACI	-5.106187
ACIL	-5.320067
SEVA	-5.407217
OULS	-4.759400
BDUI	-6.060430
DUIN	-6.060430
ICAU	-5.662490
TTHY	-4.930096
ILSS	-5.106187
DIEW	-5.662490
WONM	-5.884338
EEKF	-5.458370
EKFO	-5.662490
SERP	-5.039240
UASM	-6.060430
BEUS	-5.282278
UYET	-5.662490
AMII	-5.884338
MIIM	-6.060430
NAPT	-5.759400
APTM	-6.060430
PTMO	-6.361460
AYDI	-5.583308
USUC	-5.759400
UINC	-5.884338
WEAM	-6.361460
IEFP	-5.759400
EFPE	-6.060430
ARPO	-3.933325
IEFB	-5.759400
EFBY	-5.884338
OMCU	-5.884338
MCUR	-5.662490
OAME	-5.662490
ELIO	-5.662490
LIOR	-6.060430
RIEX	-5.884338
THYB	-5.157340
IWAI	-5.458370
AITB	-6.060430
NPEA	-5.282278
HUSY	-5.884338
INYL	-6.361460
MYHI	-5.516362
OWIR	-6.060430
WIRR	-6.361460
KSIH	-6.060430
RYNI	-4.946486
IPTW	-6.361460
NLIP	-5.884338
THYS	-4.621097
SLUS	-5.759400
ESDW	-6.361460
LYSW	-4.914302
RRAD	-5.583308
TVES	-5.407217
LONI	-5.247516
MBYB	-6.361460
YBIR	-5.759400
HAGE	-5.458370
CMYA	-6.361460
SYND	-6.060430
YNDI	-6.060430
DICS	-6.361460
LPUB	-5.662490
LICS	-5.131011
CSIT	-6.060430
IGAB	-5.583308
LICB	-6.060430
ICBU	-5.361460
CBUS	-6.060430
MEAH	-5.215332
GEIL	-5.884338
MREL	-5.884338
MAFL	-6.361460
AFLO	-5.060430
TEFE	-5.759400
GHNU	-5.759400
HNUM	-5.759400
OPOV	-6.060430
EAUF	-5.458370
AUFO	-5.516362
DUNB	-5.759400
NPOV	-6.060430
BLIV	-5.516362
IVIO	-5.583308
VION	-6.060430
OFLU	-5.407217
LUCE	-6.060430
DUNK	-5.583308
PLYG	-6.361460
ESEU	-5.361460
DEPL	-5.320067
LSEP	-5.759400
MHEL	-5.407217
EEKH	-5.320067
EKHI	-5.884338
DEOV	-5.583308
EUSS	-5.458370
USSB	-6.060430
MBEA	-5.759400
SUMO	-5.458370
NKLI	-5.157340
KLIN	-4.805157
THOL	-4.452975
YONA	-5.185368
NABE	-5.106187
ABED	-5.039240
FSIC	-5.884338
ORTB	-5.361460
RTPO	-6.060430
NMOU	-4.963520
MOUL	-4.946486
DBYV	-5.583308
BYVA	-5.662490
RNAP	-6.060430
PITT	-5.361460
REWW	-5.157340
NTHM	-6.361460
RARM	-5.131011
MSLE	-5.662490
ORPH	-5.157340
EGGA	-5.039240
GGAR	-5.082706
GART	-5.320067
TBLO	-5.131011
OWOV	-5.516362
KNEL	-5.458370
NELT	-5.320067
TBYB	-5.759400
RTSC	-5.884338
NWEE	-5.458370
GBIT	-5.662490
GSPI	-5.157340
NEVA	-4.727991
EVAA	-5.583308
VAAN	-5.662490
NBON	-5.320067
BOND	-5.215332
SUPR	-5.282278
UPRI	-5.060430
HREN	-4.999732
PSDU	-6.060430
LUEO	-5.320067
WOFG	-6.060430
PINH	-5.060430
DOTI	-5.759400
GFON	-6.060430
DADE	-4.981248
REXO	-6.361460
EXOT	-6.060430
XOTI	-6.060430
CISS	-5.247516
TEPL	-5.247516
FTAN	-4.884338
RHIT	-5.884338
GHDU	-6.361460
SPUB	-5.516362
ICFU	-6.060430
CFUN	-6.361460
TCLI	-5.407217
TALY	-5.458370
ALYA	-5.583308
ALYT	-5.583308
ILDW	-4.870098
TNAP	-6.361460
TOWT	-5.516362
DERC	-4.817392
RSSM	-6.060430
NSIW	-5.361460
DOLA	-5.407217
PTOG	-5.583308
EYFU	-6.060430
PCON	-5.583308
FPAT	-5.759400
OLIW	-6.361460
SILK	-5.282278
ILKE	-5.759400
LKEN	-5.759400
NCOR	-5.019037
FFSP	-5.662490
FSPR	-5.320067
XCUR	-5.884338
COMO	-6.060430
ADUT	-5.458370
YAPA	-5.247516
KSAP	-6.361460
RCOT	-5.407217
COTI	-6.060430
FAVA	-5.759400
ALFC	-5.320067
PENU	-5.884338
NURY	-6.060430
YINI	-5.407217
PEON	-5.759400
LANM	-5.884338
YMEV	-6.361460
MEVI	-5.361460
GBEN	-5.361460
NBYC	-5.662490
TYME	-5.583308
OFIV	-5.884338
VEHU	-5.282278
HUNG	-4.522611
YBAB	-5.884338
BABE	-5.583308
ABES	-5.662490
RDYL	-6.361460
VAGR	-6.060430
GGOL	-5.759400
ERBL	-5.131011
RBLU	-5.662490
LUEE	-5.583308
UEEY	-5.884338
ESCL	-5.185368
UDLE	-5.516362
CTSP	-5.458370
GACE	-6.060430
MANP	-5.082706
RFIX	-6.060430
XEDE	-6.060430
EDEY	-4.899062
TONU	-5.662490
ONUR	-5.884338
ANSN	-5.458370
NSNU	-6.060430
SNUR	-5.884338
NTIQ	-5.215332
QUEG	-3.956626
UEGL	-5.361460
HIAV	-6.361460
IAVI	-6.361460
VIOG	-6.361460
IOGN	-5.361460
FTOO	-5.759400
YHEB	-6.361460
FISC	-6.060430
GARS	-5.215332
RFOS	-6.361460
AGAR	-5.583308
DBRA	-5.157340
BRAM	-6.060430
MMIL	-6.060430
LLAA	-5.583308
LAAC	-6.361460
AACH	-6.060430
ANPI	-5.662490
NPIC	-5.458370
ERUB	-5.884338
RUBA	-6.361460
UBAC	-6.060430
BACR	-6.361460
DRAD	-5.282278
AMOI	-5.759400
MOIS	-5.157340
OISO	-4.981248
RRUS	-5.759400
TICG	-5.407217
ICGU	-5.759400
CGUA	-6.361460
TORP	-5.320067
CHPO	-5.019037
HPOW	-5.662490
LTWA	-5.662490
HLAV	-5.884338
VENZ	-5.759400
ENZA	-5.759400
NZAB	-6.361460
ABEC	-5.516362
AIDP	-5.247516
IDPL	-6.060430
TTYP	-5.662490
YVIC	-5.361460
DGIF	-5.884338
FTIW	-6.361460
HCHI	-5.759400
HSER	-5.884338
DBOD	-5.060430
TEAY	-6.060430
EAYE	-4.590608
EWUS	-6.361460
WUSN	-6.361460
USIE	-5.583308
HEAE	-6.361460
EAER	-5.884338
AERI	-6.060430
MAJE	-4.748676
AJES	-4.738210
SUBL	-5.060430
BLIM	-5.106187
MPES	-5.106187
ALMT	-5.407217
LMTH	-5.247516
RBUL	-5.458370
LPIN	-5.282278
GSID	-4.781676
NECU	-5.662490
HIDD	-4.946486
REGL	-5.583308
LADN	-5.458370
TSGA	-5.759400
YWEP	-6.060430
MPAG	-5.662490
PAGN	-5.884338
GNEO	-6.361460
BELR	-5.759400
ELRI	-5.662490
LRIV	-5.662490
FRAT	-5.759400
GUEF	-5.361460
UEFR	-5.361460
DEDP	-5.131011
SMYT	-5.320067
OWDA	-5.215332
WDAN	-5.583308
OAFE	-5.407217
EWIW	-6.361460
MYSC	-5.884338
OLFE	-6.060430
UTIU	-6.060430
IUNI	-6.060430
EBON	-4.645456
NRYC	-5.884338
LERV	-4.590608
EVAH	-5.884338
VAHE	-5.662490
AHEW	-5.884338
ABOY	-5.361460
BOYO	-5.759400
OYOF	-5.361460
VEND	-5.320067
CHIV	-4.999732
HIVA	-5.516362
VALR	-5.516362
ALRY	-6.060430
LRYA	-6.361460
DROM	-5.106187
ROIC	-5.516362
OICS	-5.884338
CSON	-6.060430
ACTP	-5.884338
CTPL	-6.060430
MASQ	-6.361460
RONC	-5.082706
CESV	-6.361460
HURA	-5.884338
IRBL	-5.407217
RBLO	-5.215332
YSEP	-5.247516
SEPU	-5.516362
PULC	-5.662490
ELSN	-5.583308
DAHA	-4.215332
WEFE	-5.458370
HETY	-5.215332
ORUL	-6.060430
LEOU	-5.157340
HWEE	-5.759400
WPEC	-6.361460
LOTW	-5.759400
MESV	-6.060430
SVEH	-6.060430
WINM	-5.662490
ISHP	-5.185368
SHPU	-6.060430
HPUR	-5.662490
FLAN	-4.738210
GESN	-5.458370
ECOD	-5.662490
CODE	-5.759400
FGOV	-6.361460
EPHY	-5.361460
FSOT	-5.759400
SYST	-4.829981
EVIR	-4.981248
UESO	-5.157340
ISDR	-4.829981
ASHR	-5.215332
LAMP	-4.528951
OFTV	-6.361460
FTVO	-6.361460
TVOI	-5.516362
ETGL	-5.884338
TGLA	-5.215332
SULL	-5.157340
UDYR	-6.060430
DYRO	-6.060430
WNGE	-6.060430
VALC	-5.884338
LDAU	-5.759400
FCLE	-5.106187
LOFK	-6.060430
PLOI	-5.884338
LOIT	-5.407217
DAIM	-5.759400
GAMB	-5.583308
ELEX	-6.060430
LEXQ	-6.361460
DTAI	-5.516362
HTVI	-6.060430
TOGL	-5.516362
OGLO	-5.583308
ROWR	-6.060430
WREF	-5.884338
FBES	-5.458370
YSIA	-5.759400
DSRU	-5.884338
SRUL	-5.516362
INYI	-5.407217
NRIV	-5.516362
WEPT	-4.817392
PTAW	-5.759400
JOYS	-5.407217
OYSN	-6.060430
PHYI	-5.516362
DILE	-5.407217
EBAT	-5.106187
GEDU	-5.215332
EICH	-5.759400
ELIU	-5.583308
LIUS	-5.583308
IUSA	-5.320067
GRIP	-5.039240
IPPA	-5.458370
PPAI	-6.361460
PAIO	-6.361460
AIOP	-6.361460
IOPE	-5.759400
PTST	-5.361460
ULFA	-5.516362
WLIG	-5.247516
ODAW	-5.662490
DAWN	-5.060430
AWNU	-5.458370
DBOU	-4.981248
OYIC	-6.361460
KEDC	-5.185368
IDAH	-5.215332
DAHC	-6.361460
HCOR	-5.458370
PPAM	-6.361460
PAMY	-6.361460
EARV	-5.185368
ARVI	-5.060430
STEY	-5.662490
SADT	-5.662490
HIFI	-5.884338
KMYF	-5.759400
PPAH	-6.361460
PAHA	-5.583308
PLOD	-5.583308
LODE	-5.759400
ODED	-4.930096
NSYS	-6.060430
FSCI	-5.516362
HPOS	-5.759400
CALU	-5.662490
PPAA	-5.583308
PAAS	-5.884338
AASI	-5.583308
SBYR	-5.320067
RARD	-6.060430
UINB	-5.759400
SORY	-5.458370
UMEB	-5.516362
STAV	-5.106187
AVID	-6.361460
HORA	-5.039240
ELSU	-5.282278
SUSA	-5.407217
DALB	-5.662490
TUSM	-5.759400
SMAG	-5.361460
AGNU	-5.884338
GNUS	-5.884338
SEWR	-5.884338
RESK	-5.458370
ESKN	-6.060430
OFEW	-6.060430
EWBE	-4.829981
LFIH	-5.759400
NIMB	-5.583308
MBUE	-5.759400
BUED	-5.759400
AFER	-5.407217
RNPH	-6.060430
NPHI	-5.884338
SAAC	-6.361460
AACN	-6.361460
ACNE	-6.361460
CNEW	-6.361460
NISS	-5.361460
LTLI	-5.407217
ILDP	-5.662490
LDPI	-5.458370
DPIC	-5.215332
UPSH	-5.662490
EDOC	-4.829981
DOCE	-5.407217
PHYW	-5.662490
OMIW	-5.458370
YBOY	-4.946486
STYR	-5.884338
TYRO	-5.458370
TPEA	-5.215332
ALUS	-5.282278
YUNV	-6.060430
UNVE	-5.884338
NVEI	-6.060430
DAMY	-5.759400
ATOM	-5.060430
DGAZ	-5.106187
ZEDU	-5.759400
EPHU	-6.361460
PHUM	-6.361460
LOFN	-5.884338
DRAS	-6.060430
EYAV	-6.361460
EIFO	-5.157340
OFED	-5.759400
OLSO	-5.516362
VAIW	-6.361460
AIWA	-5.884338
LFTA	-6.060430
FTAU	-6.361460
GLEW	-5.458370
LDSB	-5.516362
DSBL	-5.583308
DGEU	-5.884338
GEUN	-5.759400
RSIE	-5.759400
TDIL	-6.060430
ELIX	-4.645456
IXIR	-6.060430
XIRO	-6.060430
NOBT	-5.759400
DMYU	-5.247516
ATGL	-5.361460
DBAN	-5.185368
INVU	-5.884338
NVUL	-5.215332
VULN	-5.759400
LNER	-5.583308
ATHN	-5.662490
MYON	-5.282278
GOFG	-6.361460
OFGH	-6.060430
FGHO	-6.361460
GHOS	-4.914302
FILM	-5.320067
ILME	-5.583308
IMOS	-5.662490
IATT	-5.407217
OFSK	-5.884338
FSKI	-6.060430
RFID	-5.759400
NMYI	-5.662490
DSYS	-6.060430
TEMS	-5.361460
UNAD	-6.361460
LOUN	-4.884338
SLOU	-5.215332
LOUG	-5.516362
FMUL	-6.361460
LTIF	-5.759400
IFAR	-5.884338
GEGU	-6.361460
NARD	-5.662490
MBEH	-5.185368
FJUR	-5.884338
JURA	-5.458370
URAA	-5.884338
RAAN	-5.583308
RBUR	-5.247516
UDNE	-6.361460
OMVA	-6.361460
MVAR	-6.361460
OUSQ	-5.884338
RMLA	-5.884338
SSUE	-4.999732
SUEF	-5.884338
OAKW	-5.458370
ODAB	-5.583308
EDAZ	-6.060430
HTVA	-6.361460
HEOA	-4.963520
EOAK	-5.759400
TUMP	-5.039240
UMPW	-5.516362
MPWH	-5.516362
NWEV	-6.060430
WEVI	-5.884338
GWEF	-6.361460
WEFO	-5.039240
OCKB	-5.106187
YRED	-5.458370
HINR	-5.759400
NRIB	-5.884338
RIBB	-5.185368
IBBO	-5.662490
BBON	-5.662490
BONS	-5.884338
GSOU	-4.829981
SLAW	-5.583308
HINN	-5.157340
PHEH	-5.759400
GALV	-6.060430
ALVA	-5.247516
LVAN	-5.516362
ISMW	-5.884338
REWG	-6.060430
EWGR	-5.583308
PAAL	-6.361460
AALB	-6.361460
HEOV	-5.282278
SUEM	-5.662490
SIFN	-5.662490
DORC	-5.583308
RBEK	-6.060430
PSMO	-5.458370
HIAT	-5.884338
PMYF	-6.060430
WNNA	-5.662490
ROGE	-5.458370
GENY	-5.759400
BORT	-5.407217
EALK	-6.060430
ALKN	-5.407217
MOOD	-4.770395
OKMY	-5.282278
KMYS	-5.583308
DYAP	-6.060430
GBUI	-5.884338
ILTU	-6.060430
LTUP	-5.759400
CHSL	-5.583308
HSLI	-5.407217
IGAM	-6.060430
EWEB	-5.516362
RRUI	-5.662490
UINW	-5.583308
NILO	-5.215332
OKBA	-5.884338
KBAC	-5.583308
TMIR	-5.662490
RTMA	-5.759400
OENV	-6.361460
PMEH	-5.759400
NUNU	-5.662490
ETAU	-5.759400
INYW	-5.884338
OPOT	-5.759400
POTE	-4.829981
MUTA	-5.361460
AWSH	-5.662490
MYUT	-5.884338
YUTT	-5.662490
GOLS	-5.157340
OLST	-5.019037
TADT	-5.157340
DTIH	-6.060430
VABU	-5.884338
RCUS	-5.516362
YDAT	-5.662490
FEOC	-6.361460
ANOM	-5.320067
ETFE	-5.662490
TFEV	-6.060430
ROLH	-6.361460
OLHE	-5.884338
KBED	-6.060430
MPHE	-5.662490
PHED	-5.759400
IRDD	-5.320067
RFEV	-6.361460
GSYM	-5.884338
ATHB	-5.131011
HBED	-5.662490
BEDT	-4.708247
BENI	-5.884338
IDMY	-4.981248
WBET	-5.662490
HMYL	-5.407217
OMYY	-5.759400
MTAK	-5.583308
DTOQ	-5.361460
HTSB	-5.407217
LFCH	-6.060430
LGEA	-6.361460
GEAH	-5.884338
AWEV	-6.060430
FABE	-5.407217
EYEC	-5.282278
YECA	-5.106187
IEFC	-5.759400
EFCO	-6.361460
FISR	-6.060430
ELIP	-5.247516
CRIL	-5.759400
RILE	-5.361460
EGEI	-6.060430
OTBA	-5.583308
TBAN	-5.458370
LLDU	-6.060430
LDUT	-5.516362
HWEO	-6.361460
WEOU	-5.884338
RMWE	-5.759400
NUEO	-6.361460
UEOU	-5.759400
TSEI	-5.583308
DTWH	-5.884338
WAGA	-5.884338
NIOB	-6.060430
IOBT	-5.759400
EGES	-5.407217
SEAK	-5.759400
FMOU	-5.407217
OSOR	-5.759400
ROWB	-5.247516
MMEI	-5.458370
GTOQ	-5.884338
EEDV	-6.361460
DVEI	-5.884338
TSDU	-5.759400
ANDZ	-6.361460
NDZE	-6.361460
DZEA	-6.361460
ZEAL	-5.157340
PONU	-5.361460
GOTE	-5.884338
WSTU	-6.060430
WIDL	-6.060430
PIRA	-4.727991
NRYD	-6.060430
PLYF	-5.662490
DEBA	-5.759400
KEIR	-6.060430
IRMR	-5.884338
BECH	-5.060430
HAIN	-4.662490
RDFA	-5.759400
GSDA	-6.060430
SMEC	-5.458370
MECL	-5.131011
REWM	-5.039240
TMEL	-5.458370
OLYR	-6.060430
SIWH	-5.516362
WMUT	-5.759400
RMMY	-5.583308
MMYO	-5.458370
NCIB	-5.759400
DMYB	-5.060430
IARF	-5.662490
DMYJ	-5.583308
NEYB	-5.458370
ASIP	-5.247516
SIPR	-5.361460
PESR	-6.361460
SROS	-5.583308
GEIH	-5.759400
GMYY	-5.884338
UTHC	-5.759400
COOP	-5.106187
PEDU	-5.060430
DUPI	-4.718007
GSNO	-5.320067
GMYJ	-6.361460
IGUI	-5.759400
TEEP	-5.157340
SIPL	-5.884338
IDAV	-5.759400
LOFD	-5.407217
DOMN	-5.759400
OMNI	-5.106187
MNIP	-5.282278
NIPO	-5.320067
IPOT	-5.361460
RMEF	-5.583308
EPSF	-5.759400
RLED	-4.793258
TOMK	-6.361460
OMKR	-6.361460
MKRE	-5.458370
KREM	-5.320067
MPEP	-6.361460
PEPR	-6.060430
PHYH	-6.060430
COUT	-5.407217
TDEE	-5.247516
YIMB	-5.884338
ISSC	-4.981248
SSCI	-5.458370
RALQ	-6.060430
TBRA	-5.361460
HYIR	-6.060430
YALC	-5.884338
UHES	-5.884338
AIDR	-5.759400
SEIR	-5.583308
EDMK	-6.361460
DMKR	-6.361460
MPEW	-5.884338
KSIS	-5.407217
BURD	-5.215332
SSNA	-5.583308
MESG	-5.215332
ERTL	-6.060430
RTLA	-6.060430
ULIV	-5.516362
MBIB	-5.884338
BIBE	-6.060430
SENL	-6.361460
DSCI	-5.759400
ICAG	-6.060430
CAGE	-5.516362
FALB	-6.060430
SUSM	-5.884338
WSOS	-5.884338
ALBO	-5.039240
LBOO	-5.407217
GWEE	-6.060430
EKHE	-5.759400
KHEI	-5.884338
PONN	-5.583308
ATMW	-6.361460
TMWA	-6.060430
WALD	-5.320067
ALDM	-5.407217
HEOM	-5.662490
EOMI	-5.516362
SEAU	-5.458370
APEM	-5.884338
PEMK	-6.361460
EMKR	-6.060430
UATM	-6.361460
AGRU	-5.759400
GRUF	-5.759400
RUFF	-5.407217
UFFV	-6.060430
FFVO	-6.060430
FVOI	-5.583308
ATOO	-5.458370
OOPH	-6.060430
PSIH	-5.662490
LTSP	-6.060430
RODT	-5.662490
STSB	-5.583308
RNNA	-5.759400
HYIT	-5.185368
CHVI	-5.407217
HVIE	-6.361460
GHFU	-6.361460
HFUT	-6.361460
FUTI	-5.884338
EAMB	-5.282278
NNIH	-5.361460
NIHI	-5.247516
IHIL	-5.361460
HMYI	-5.884338
EURF	-6.361460
ELOC	-4.708247
ODEB	-6.060430
CHMK	-6.361460
HMKR	-6.361460
MPEH	-5.884338
PEHA	-5.407217
FAPU	-6.361460
APUL	-5.662490
PULP	-5.019037
ULPI	-5.019037
ITIR	-6.060430
OFMW	-6.060430
FMWA	-6.060430
OMID	-5.583308
MIDL	-6.361460
SIWE	-5.583308
CHMW	-6.361460
HMWA	-6.361460
FTYY	-5.361460
CTEX	-6.060430
FEWG	-5.662490
GREY	-4.653889
REYH	-5.185368
YHAI	-5.019037
YERE	-5.185368
STIH	-5.458370
SLEC	-5.884338
USIM	-5.361460
EBYD	-5.516362
OKAC	-6.060430
KACU	-6.361460
ORYV	-5.884338
DEAF	-5.157340
RICU	-5.884338
ICUP	-6.361460
CUPO	-5.320067
NMOD	-5.583308
RNCH	-5.583308
RNMA	-5.759400
SMUT	-5.516362
MUTE	-5.320067
SEPH	-5.884338
DABB	-6.060430
ABBL	-5.662490
PORE	-5.361460
ROSC	-5.759400
CRUC	-5.516362
RUCI	-5.516362
UCIB	-5.884338
EEDP	-5.583308
RACL	-5.082706
RHID	-5.583308
HIDI	-5.019037
ODCI	-6.060430
RWEB	-5.662490
NLIM	-5.320067
NMIM	-6.361460
MIMI	-5.759400
MICT	-6.361460
RTHQ	-5.407217
HQUA	-5.407217
QUAK	-4.946486
UAKE	-4.946486
NMOC	-5.759400
MOCK	-4.637184
WSSU	-5.884338
ROYM	-5.662490
LPAB	-5.458370
USKE	-5.060430
SKEY	-5.583308
KEYS	-5.185368
GCHO	-5.884338
HORD	-5.759400
NEPU	-5.759400
LIAC	-6.361460
IACH	-5.759400
LLPI	-5.884338
LPIO	-6.361460
PION	-5.662490
EERA	-4.930096
WWAY	-6.361460
WNPO	-5.516362
NPOW	-5.662490
DUNF	-5.247516
NICL	-5.185368
ICLO	-5.662490
TURM	-6.060430
RMOI	-5.516362
MOIL	-5.516362
OILI	-4.645456
ILIF	-5.361460
OPOW	-5.516362
UCEI	-5.662490
EESA	-4.884338
AWNS	-5.884338
WNSL	-6.060430
EPCA	-6.361460
PCAM	-5.759400
EIAW	-6.060430
DMYY	-6.361460
MYYE	-5.759400
EAMT	-5.361460
AYIP	-6.361460
YIPA	-5.759400
IPAI	-5.759400
IDMW	-6.060430
DMWA	-6.060430
SIGA	-5.407217
IGAV	-5.157340
SUSB	-5.884338
ATMK	-6.361460
TMKR	-6.361460
DEXH	-5.407217
BLEZ	-6.361460
LEZE	-6.361460
EZEA	-5.407217
EWNA	-6.361460
EEHA	-5.282278
IUSH	-6.361460
RERR	-6.361460
RRON	-5.583308
LINU	-6.060430
INUL	-6.060430
NULT	-6.361460
TSIE	-5.884338
DDEF	-5.361460
EDUE	-5.759400
APEI	-5.516362
IMUL	-5.060430
MULA	-5.106187
KSIO	-6.060430
ALSY	-5.185368
IARS	-5.320067
UDYB	-6.361460
RYBR	-5.215332
YBRA	-5.019037
ICSH	-5.458370
CSHE	-6.361460
SMAC	-5.082706
MACH	-4.829981
LSOG	-5.884338
SOGA	-5.884338
KMYL	-6.361460
INYC	-6.060430
PHYA	-5.583308
ERMB	-5.759400
RMBE	-5.662490
LEOC	-5.516362
ONIR	-5.516362
RKSS	-5.320067
KSSO	-5.215332
DCUL	-6.060430
INMK	-6.361460
NMKR	-6.361460
MPEA	-5.662490
PEAG	-6.060430
RUEW	-5.320067
UEWI	-5.662490
VEPH	-6.361460
SIOG	-5.407217
INMW	-6.361460
NMWA	-6.361460
DATR	-5.282278
RUEF	-5.157340
DOGM	-6.060430
OGMA	-6.361460
FPED	-6.060430
HOFK	-5.884338
ABST	-4.793258
BSTR	-5.082706
TFLU	-5.583308
NITG	-5.583308
LSTI	-4.946486
YLAB	-5.082706
SIAP	-5.516362
SORK	-6.060430
ORKR	-5.884338
RKRE	-5.759400
MPEO	-6.060430
PPAW	-6.361460
PAWE	-6.361460
LSTM	-6.060430
STMW	-6.361460
LTEX	-6.060430
NOVI	-5.662490
FICP	-5.583308
ICPU	-6.060430
CPUR	-6.060430
LFOO	-5.884338
UDYM	-6.060430
DYMU	-6.361460
NFAL	-4.999732
LIBL	-5.060430
YWRA	-6.060430
DMEG	-5.884338
HYAS	-5.759400
ADTM	-6.060430
DTMY	-6.060430
TMYR	-5.282278
UCIV	-6.361460
CIVE	-6.361460
ROTR	-5.185368
DPEC	-5.583308
CEIO	-6.060430
EIOF	-6.060430
IFEP	-5.458370
FEPR	-5.662490
ABOL	-5.282278
OLDQ	-5.583308
SAMY	-5.884338
EWEU	-5.884338
WEUP	-6.361460
DIFC	-6.060430
FCOW	-6.361460
COWA	-4.884338
SIOL	-6.060430
IOLO	-6.060430
OGYU	-6.361460
GYUN	-6.361460
ASMM	-6.361460
SMMY	-6.361460
UDYW	-6.060430
NIRK	-6.060430
THIB	-6.361460
MYBU	-5.282278
LDEC	-5.759400
CAYA	-5.884338
NBOD	-5.215332
LHOR	-5.458370
FASP	-5.282278
CTUP	-5.407217
ACHU	-5.320067
RCHY	-5.282278
CHYA	-5.583308
PTAC	-5.516362
WORM	-5.215332
NVAU	-6.060430
VAUL	-5.247516
HARN	-5.516362
NELH	-5.662490
XEDU	-5.407217
FDEA	-4.829981
INIP	-6.361460
NIPA	-5.759400
NALY	-5.247516
ALYS	-5.282278
TIAE	-6.361460
IAEO	-6.361460
AEOF	-6.361460
PLIF	-5.060430
MLIF	-6.361460
TILF	-6.060430
ILFR	-5.458370
INUP	-4.999732
EDIZ	-6.361460
DIZZ	-5.884338
RSOA	-4.999732
WAFF	-5.662490
EMIR	-5.247516
NCTA	-5.407217
UEIS	-5.759400
FENA	-6.060430
NAYM	-6.361460
REIB	-5.458370
ONUP	-4.930096
PONL	-5.247516
DRAP	-5.247516
UMMI	-4.829981
EPSB	-5.583308
BLIT	-5.583308
ASPN	-6.361460
SPNO	-6.361460
PNOT	-5.662490
GICS	-5.662490
ICSC	-5.583308
CSCE	-5.884338
LDPO	-5.361460
ABIA	-5.215332
BIAN	-5.185368
IANW	-5.082706
BURI	-4.946486
FEAI	-6.361460
EAID	-5.516362
MACQ	-6.361460
YUNT	-5.320067
HYIA	-5.884338
CTIW	-5.884338
UONU	-6.361460
DARD	-5.361460
EPTS	-5.407217
PTSA	-5.884338
GAPO	-6.361460
WERP	-5.247516
GHIP	-6.060430
IPOS	-5.320067
CACI	-5.583308
ACIE	-5.157340
FFIB	-6.361460
FIBR	-5.407217
IBRE	-5.320067
BRES	-5.247516
MUSC	-5.185368
FSIM	-5.583308
PLER	-5.583308
RORG	-6.060430
RGAN	-5.019037
ANIZ	-5.759400
NIZA	-5.884338
ZATI	-5.407217
LASC	-4.963520
EXAN	-5.516362
LASM	-5.458370
RDUO	-5.884338
EDIP	-5.282278
YBAF	-6.361460
BAFF	-5.407217
FFLE	-4.899062
TMYW	-5.060430
RKBE	-5.662490
NICS	-5.516362
CSIW	-6.361460
PTSW	-6.361460
RTSF	-5.583308
AGIG	-5.320067
GEAF	-5.361460
GMYM	-5.884338
KEAH	-5.247516
LBOU	-5.320067
RKWO	-5.759400
WSPE	-5.662490
RCEM	-5.662490
LDOW	-5.157340
LDCL	-5.282278
WFOU	-5.458370
WLIF	-5.662490
LEIP	-5.884338
EIPU	-5.662490
IPUR	-5.583308
URMY	-5.759400
EKHA	-5.759400
DGRO	-5.060430
HSTU	-5.320067
MEEM	-6.361460
ICLU	-5.759400
CLUN	-5.407217
LUNG	-4.458370
EXTH	-5.662490
HIAL	-5.759400
EMOO	-4.629066
MOON	-4.613272
NGAZ	-5.516362
ZEDO	-5.060430
YMID	-5.583308
TLAB	-5.759400
ELAX	-5.458370
LAXE	-5.361460
SIPU	-5.884338
OILA	-4.999732
AMPS	-4.999732
MPSO	-5.458370
CLAY	-4.999732
YLIM	-5.215332
MBSN	-6.060430
BSNO	-6.060430
WTRE	-5.759400
SWIM	-4.541916
WIMW	-6.361460
ISTL	-4.793258
TFRA	-5.215332
ICIM	-5.884338
CIMP	-6.060430
LSEU	-6.361460
SEUR	-5.884338
MULU	-6.060430
ULUS	-6.060430
LUSC	-6.361460
SCEA	-5.759400
TEIH	-5.516362
TSIC	-5.458370
ICOL	-5.583308
DBON	-5.019037
BONE	-4.240886
DOUS	-4.999732
RORR	-5.407217
DSEP	-5.516362
AGAL	-5.185368
EIKE	-6.060430
KSHO	-5.215332
HYCR	-5.458370
EYEB	-5.361460
YEBA	-6.060430
LSWE	-4.805157
SOCK	-5.060430
HLOA	-5.759400
LSTS	-6.060430
LURG	-6.361460
ULHA	-5.361460
HARV	-5.157340
NESY	-5.516362
ESYI	-5.759400
ELUX	-5.662490
XURI	-5.320067
URIA	-5.282278
NTVI	-5.407217
TVIN	-5.884338
VINT	-5.662490
IWEL	-5.516362
NINY	-5.458370
MMYE	-5.282278
TLOA	-5.759400
ROCR	-6.361460
OCRA	-5.157340
CRAS	-5.458370
YHAB	-5.884338
OVIC	-5.662490
OMBL	-5.884338
EACA	-4.793258
URBH	-5.884338
RBHI	-5.884338
BHIS	-5.884338
ISRU	-5.320067
ROYY	-6.060430
OYYO	-5.662490
HNOA	-5.884338
LOYC	-6.361460
OYCA	-5.759400
YMIX	-5.759400
UNLA	-6.060430
FNOM	-5.662490
CAFF	-5.516362
EECE	-5.039240
NSLA	-5.157340
EDCÆ	-6.361460
DCÆS	-6.361460
CÆSA	-5.759400
ÆSAR	-5.759400
SARW	-6.060430
ARWO	-5.583308
ICAW	-5.407217
CAWO	-6.361460
EMPI	-5.157340
MPIR	-5.185368
FMEX	-6.060430
MEXI	-5.662490
EXIC	-5.361460
XICO	-5.361460
COAN	-5.361460
ERUH	-6.361460
RUHA	-6.361460
LIZI	-5.407217
OKSR	-6.060430
KSRE	-5.583308
AYDU	-6.361460
YDUR	-5.458370
BLOS	-5.884338
EXPA	-4.829981
XPAN	-4.899062
AYSY	-5.884338
YSYI	-6.361460
ODEE	-5.247516
EMYW	-4.999732
ORKD	-5.759400
RKDR	-5.884338
KDRE	-6.060430
OACL	-5.458370
ACLO	-5.060430
SMWA	-6.060430
DIAP	-6.060430
OTOI	-5.583308
UNWH	-5.320067
WFEV	-6.060430
EAFS	-6.361460
AFST	-6.361460
FSTA	-4.899062
SHUN	-4.629066
ENGU	-5.662490
FACR	-5.282278
SIGR	-6.060430
CKIP	-6.361460
KIPE	-6.361460
GYOF	-5.516362
IPIE	-6.361460
PIEN	-6.060430
MYCR	-4.981248
NYIC	-5.759400
YELL	-4.548546
WEYE	-5.759400
ONVU	-5.320067
VULS	-5.282278
MBSH	-5.884338
BSHO	-5.583308
ULBE	-5.407217
GODH	-4.963520
ODHI	-5.458370
OWSK	-5.884338
WSKI	-6.060430
YCOV	-5.583308
FALU	-6.060430
USBL	-5.320067
SELU	-5.516362
RIDC	-6.361460
SSHR	-5.662490
RAIG	-4.474969
AIGH	-4.474969
HTBL	-5.662490
KLIP	-6.060430
GEAB	-5.662490
TEBO	-5.282278
ISIH	-5.361460
FOFR	-6.361460
EAMV	-6.361460
AMVA	-6.361460
MVAN	-6.361460
TFIL	-5.662490
DIRU	-5.662490
BEDC	-5.583308
BERU	-5.759400
PATL	-5.516362
GTHL	-5.662490
HLAS	-5.884338
LTIH	-6.060430
EBED	-4.590608
KAFE	-5.884338
NISL	-5.320067
ADTD	-6.361460
DTDE	-6.361460
DIEM	-5.884338
IEMB	-6.361460
ASII	-5.884338
SIIM	-5.884338
IIMP	-5.361460
TKIS	-6.060430
VIDW	-6.361460
EHUE	-5.662490
HUEO	-6.060430
IHEL	-5.583308
RPSE	-4.946486
YARM	-4.870098
SHRO	-4.946486
RMSC	-6.361460
MSCR	-5.662490
RAWL	-4.856310
DDEW	-6.060430
DEWC	-6.361460
WCOV	-6.361460
YTEE	-5.361460
IMBB	-6.361460
MBBE	-6.361460
BBEC	-5.884338
WSHU	-5.884338
ELDU	-5.458370
SJAW	-4.963520
JAWS	-4.805157
EMUT	-5.082706
MUTT	-4.829981
WRIN	-4.748676
INKL	-4.569068
NKLE	-4.629066
DRUS	-4.999732
URTY	-5.759400
CHII	-5.662490
HIIN	-5.662490
EDEM	-5.019037
LCOR	-5.282278
PSET	-5.759400
FEOH	-5.884338
AMUM	-5.759400
MUMM	-5.662490
UMMY	-5.662490
MYAG	-5.662490
ILEU	-5.662490
FMOT	-6.361460
IPAS	-4.870098
HTWR	-5.759400
YPUL	-5.185368
TSOQ	-6.060430
SANK	-4.759400
ANKT	-4.946486
UORA	-5.884338
NTDR	-5.583308
EAHE	-4.946486
AHEL	-5.320067
PIDT	-5.884338
WSOC	-6.060430
HDAW	-6.361460
DTIT	-5.884338
OCKW	-4.999732
ESIX	-5.106187
XTHH	-6.361460
HHOU	-5.662490
SYLU	-5.516362
YLUM	-5.516362
LUMA	-5.516362
NDII	-5.759400
DIIS	-5.759400
IISS	-6.361460
FISO	-6.361460
MIFE	-5.884338
OMYV	-5.662490
WIDI	-6.361460
SSSK	-5.759400
SSKY	-5.884338
SKYI	-5.662490
KYIC	-6.361460
GBYB	-6.361460
ODIL	-4.759400
ELOA	-5.082706
LOAD	-4.817392
TWEI	-5.583308
NYCL	-5.516362
GMYH	-5.247516
TPAL	-5.247516
DIHU	-5.884338
IHUR	-5.759400
HIRR	-5.583308
EPSN	-6.361460
OKAB	-5.583308
NELY	-4.805157
YROA	-5.516362
DDOT	-5.215332
KINF	-5.583308
CETU	-5.583308
WSAF	-5.884338
IMTR	-5.884338
MTRE	-6.361460
SDIL	-5.583308
EIPA	-5.662490
WHYB	-5.516362
HMYE	-5.320067
ACOA	-5.060430
SMEF	-5.884338
RIOB	-6.060430
PEDJ	-6.060430
DIPE	-5.884338
PRUN	-5.282278
RUNG	-5.106187
RFRA	-5.185368
GCLE	-5.361460
HTSM	-5.583308
NIGR	-6.361460
IGRA	-5.157340
SPED	-4.884338
LTSU	-5.884338
ENEJ	-5.884338
OYIW	-6.361460
YIWE	-5.884338
EGEC	-6.361460
GECL	-5.759400
ADTY	-6.361460
DTYO	-6.361460
LNEC	-6.060430
RYKN	-5.759400
OOKK	-6.060430
OKKE	-6.060430
KKEE	-6.060430
DUTC	-4.914302
OOLM	-5.185368
OLMA	-5.282278
VICA	-5.884338
FWAK	-6.060430
REEK	-5.131011
EKIE	-5.884338
KIEA	-6.361460
IEAT	-5.759400
EEKB	-5.458370
EKBU	-6.060430
THOV	-5.516362
FTMY	-5.662490
YIME	-6.060430
GAZI	-4.817392
GFUL	-5.407217
RKHO	-5.516362
DPAL	-5.215332
ALNI	-5.759400
HTSY	-5.884338
VEGU	-6.361460
DRIG	-4.842946
HTIH	-5.282278
PLYE	-6.060430
NEOC	-5.247516
EEBU	-5.157340
WATA	-5.759400
GTHF	-5.516362
NGNI	-5.039240
GNIG	-5.060430
THAQ	-5.361460
WESO	-5.407217
SHIV	-4.963520
HIVE	-4.738210
EFTI	-5.157340
NRYS	-5.884338
NPAU	-5.320067
MEOV	-4.999732
PTYA	-5.583308
SHID	-5.215332
USGU	-5.884338
UNEC	-6.060430
DFLE	-5.106187
DICL	-5.884338
ICLA	-5.282278
ORJO	-5.516362
JOYO	-5.082706
OYON	-5.759400
MYFL	-5.583308
ESHT	-5.583308
SHTI	-6.060430
CEIJ	-6.361460
EIJU	-6.060430
IJUM	-5.583308
RSCL	-5.583308
OUDC	-5.884338
UDCL	-6.361460
YUNU	-5.759400
OJOY	-6.060430
AWAW	-6.060430
WAWI	-6.361460
YLOU	-5.884338
TORC	-5.282278
KMEC	-6.361460
DIPU	-5.759400
IPUT	-5.361460
GLID	-4.781676
EIIM	-5.759400
FURI	-5.060430
AFIT	-5.759400
CHJO	-5.516362
USFE	-5.320067
SFEV	-6.060430
THSD	-6.060430
HSDU	-6.361460
NRYW	-5.759400
LYNU	-5.759400
YNUR	-5.884338
EIAF	-6.361460
GMYF	-5.106187
NGAJ	-5.884338
GAJO	-5.884338
OWWR	-5.583308
WWRE	-6.060430
FBYC	-5.884338
RHEK	-5.662490
ITYV	-6.060430
TYVE	-5.884338
EUNB	-5.583308
UNBO	-5.407217
IRAV	-6.060430
IMDO	-4.999732
MDOU	-6.060430
NRYH	-5.759400
TBYV	-6.361460
RDOB	-6.361460
ANYK	-5.516362
NYKI	-5.662490
LENL	-5.516362
UNGB	-5.247516
GBUD	-6.060430
BUDS	-6.361460
UDSW	-5.662490
YBOS	-5.407217
SOMM	-6.361460
MMYG	-6.361460
OMDI	-5.884338
TALP	-5.282278
IHOW	-6.060430
CKRO	-5.516362
UONO	-6.060430
TITR	-5.185368
NKCO	-6.361460
IDCL	-5.759400
HOOB	-6.060430
SYAT	-5.662490
YATY	-6.361460
OTFL	-5.884338
TFLY	-5.458370
EEAL	-5.247516
INIB	-6.060430
EARK	-5.320067
NRYA	-5.884338
PENY	-5.759400
LMOU	-5.458370
PSDA	-6.361460
VEIR	-5.884338
RYOL	-5.516362
DNUR	-5.759400
OWCL	-5.458370
WCLE	-5.458370
ALWR	-6.060430
RIEA	-5.583308
IEAG	-5.662490
IRMT	-5.583308
GGET	-6.060430
PYCH	-6.060430
SVIG	-6.060430
SKSB	-5.583308
OUDH	-5.759400
UDHI	-6.361460
RERN	-6.060430
WSIX	-6.361460
UESW	-5.583308
GNSE	-5.884338
RNST	-4.946486
UTER	-4.629066
KSUP	-5.320067
SFET	-6.060430
FETT	-5.759400
ENAI	-5.131011
RCLI	-4.930096
LERU	-5.516362
SWEY	-6.361460
WEYI	-6.060430
WCLA	-6.060430
CLAD	-5.282278
LADM	-5.759400
ACID	-5.060430
CIDH	-6.361460
AWSM	-5.662490
PMYT	-6.361460
MYTI	-5.458370
MREW	-6.361460
PPYK	-6.361460
PYKI	-6.361460
NECH	-5.361460
RITZ	-5.407217
ITZE	-5.320067
TZEN	-6.361460
ZENT	-5.662490
BLYY	-6.060430
ITZH	-6.060430
TZHE	-6.060430
ZHER	-6.060430
OMJU	-6.060430
SGIR	-5.662490
NGEP	-5.131011
GEPE	-5.759400
OFMM	-6.361460
FMMO	-6.361460
ITZT	-6.361460
TZTR	-6.361460
ZTRE	-6.361460
IERM	-6.361460
ALCL	-6.060430
SOPO	-5.407217
RSOD	-5.516362
VADO	-6.060430
IOST	-6.361460
PYMY	-5.583308
IDJU	-5.884338
PSBU	-5.407217
ASGA	-5.583308
SGAY	-5.662490
YGES	-5.884338
RPHR	-6.060430
SEOL	-5.583308
EOLO	-5.282278
OGYA	-5.759400
GYAN	-5.516362
TAUN	-5.516362
FTON	-5.458370
CEPO	-5.407217
NPOO	-5.516362
EFTC	-5.884338
FTCH	-6.060430
SAJU	-6.361460
NCAT	-5.458370
EAWH	-4.637184
ADTJ	-6.361460
DTJU	-6.361460
UNTG	-6.361460
EFHA	-5.516362
WINN	-6.060430
GMIL	-5.759400
YVAC	-6.060430
CILL	-5.516362
GCAU	-5.458370
ITZI	-6.060430
TZIN	-6.060430
ZINT	-6.361460
WATP	-6.361460
SIME	-5.516362
RMIE	-5.662490
YALS	-5.407217
EETL	-4.914302
ETLA	-5.458370
NGBL	-4.999732
GBLU	-5.759400
CURL	-4.930096
GHAI	-5.759400
WOLI	-5.458370
ROSY	-5.884338
OSYW	-6.060430
EWIV	-5.662490
ABIR	-5.361460
BIRO	-6.361460
EGOS	-5.282278
SIPC	-6.361460
IPCO	-5.320067
VATH	-5.407217
ANJO	-5.662490
OHNM	-6.361460
HNME	-6.361460
NMEL	-5.583308
MELB	-6.060430
ELBO	-5.157340
RNEE	-5.884338
EESQ	-5.884338
ESQH	-6.361460
SQHE	-6.361460
QHER	-6.361460
RUGL	-6.060430
EDMD	-6.361460
DMDU	-6.361460
MDUV	-6.361460
DUVI	-6.361460
UVIL	-5.759400
CHBA	-5.407217
HBAN	-5.759400
NKER	-4.842946
KERL	-6.060430
AUTU	-5.361460
UTUM	-5.361460
TUMN	-5.361460
UMNY	-6.361460
MNYO	-5.884338
WLOU	-6.361460
UISM	-6.361460
ANOI	-4.963520
NOIR	-6.060430
OIRH	-6.361460
NCHW	-5.407217
HWOM	-6.361460
ETAV	-6.361460
OIRB	-6.361460
RNSU	-5.458370
DEWR	-6.361460
TVIC	-5.282278
NRYF	-6.060430
ULAD	-5.884338
NZAG	-6.060430
ZAGE	-6.060430
EVAM	-5.583308
VAMA	-5.759400
HTHD	-6.361460
IEXC	-5.215332
ELIW	-6.060430
UCEC	-6.060430
CECL	-5.516362
ISIU	-6.361460
FROU	-5.516362
NTIP	-5.662490
HYEV	-5.884338
USSY	-5.884338
SSYM	-5.458370
MMYV	-6.361460
IEWH	-5.361460
IKEF	-5.082706
SLYB	-5.157340
FNOA	-6.060430
NOAV	-6.060430
OAVA	-5.884338
ENIV	-5.662490
NIVI	-5.884338
RSMW	-6.361460
MTHT	-6.361460
OMOD	-6.060430
WOFD	-6.060430
FDRA	-5.458370
IDOH	-5.884338
DCRU	-5.157340
UELD	-6.361460
HIWR	-6.361460
DSYE	-5.247516
ETDA	-6.060430
TEXH	-5.662490
LTCL	-6.060430
OKAM	-6.060430
SAWP	-5.884338
AWPL	-5.884338
WPLA	-5.662490
RAWM	-5.884338
AWMY	-5.583308
GHIL	-6.060430
OBOU	-5.884338
LYMK	-6.361460
YMKR	-6.361460
YDOC	-5.516362
DOCI	-5.759400
OCIL	-5.759400
RSHB	-6.060430
SHBL	-5.662490
BLUN	-5.215332
OMIU	-6.361460
MIUM	-5.884338
IUMS	-5.458370
UMSG	-6.361460
NDNT	-6.361460
DNTH	-5.361460
WCRI	-5.131011
HYMC	-6.361460
YMCL	-6.361460
MCLE	-5.458370
UHEH	-6.060430
IPTU	-5.516362
PTUS	-6.361460
UEAY	-6.361460
GSTE	-5.185368
FEWY	-5.282278
WYEA	-5.407217
AASF	-6.361460
GOSP	-5.662490
PELH	-6.361460
ELHA	-5.458370
WSET	-5.759400
NPUL	-5.361460
NWES	-4.999732
EAYA	-6.060430
AYAY	-5.662490
YAYC	-6.361460
NGMF	-6.361460
GMFR	-6.361460
MFRA	-5.662490
OWMC	-6.361460
WMCL	-6.361460
MEMK	-6.361460
NEUL	-6.361460
EULO	-6.060430
ULOG	-6.060430
OGYO	-5.884338
NOYI	-6.361460
RYPU	-5.583308
LDOP	-5.759400
AFIE	-4.680218
SUEN	-6.361460
EERH	-5.282278
ABIC	-6.060430
BICA	-6.361460
ANSK	-5.662490
NSKR	-6.361460
SKRI	-5.583308
KRIT	-6.361460
GESE	-5.082706
SIDL	-6.060430
MREF	-6.361460
ELTG	-6.361460
LTGR	-6.361460
WPUP	-6.361460
PUPI	-5.662490
UPIL	-5.662490
PILW	-6.361460
UNDN	-5.215332
CALK	-6.361460
OLYI	-5.884338
FEAP	-5.759400
MSUN	-5.884338
FROW	-5.662490
MESY	-5.019037
CALP	-4.899062
LPOE	-6.361460
EVAW	-5.759400
VAWA	-6.361460
FAUT	-6.361460
UMNB	-6.361460
GDEL	-6.060430
TARD	-5.361460
GIFE	-5.884338
LAYV	-6.361460
RYBI	-5.759400
YBIT	-5.759400
VECL	-5.759400
GEPL	-5.583308
UTYC	-6.361460
FMAY	-5.583308
NRYP	-6.361460
PEDE	-5.185368
ADTT	-6.361460
DTTH	-6.361460
HTBI	-5.884338
TBID	-6.361460
BIDA	-6.060430
MBUL	-5.759400
BULA	-5.282278
ALUB	-6.060430
LUBR	-6.361460
UBRI	-6.060430
BRIO	-5.247516
IRIB	-5.759400
RIBR	-6.060430
UDYH	-5.884338
DMEU	-5.407217
UTCL	-5.458370
DCRA	-4.759400
RAMP	-4.930096
PYCR	-6.060430
HOAF	-5.583308
AGOL	-5.458370
WORC	-6.361460
NESK	-5.759400
ESKY	-4.817392
SKYA	-5.157340
KYAN	-5.157340
LDSF	-5.516362
DSFI	-5.583308
HECS	-6.060430
EEDD	-5.185368
GBLO	-5.516362
NBUD	-6.361460
BUDI	-6.060430
GYEA	-5.662490
NRYR	-6.361460
MYGA	-6.060430
BICW	-6.361460
ICWR	-6.060430
CWRI	-6.361460
POEM	-5.884338
OEMS	-6.060430
ORDR	-5.106187
EWME	-5.516362
EDGA	-5.282278
DGAY	-5.583308
WNSP	-5.215332
DIBO	-6.361460
IBOU	-5.759400
FUNB	-5.759400
UNBR	-5.583308
LEDJ	-5.662490
TYCH	-5.583308
UELK	-6.361460
ELKI	-4.738210
WVIC	-6.060430
EFSA	-5.884338
FSAN	-5.157340
LLII	-6.060430
LIIN	-6.060430
IINF	-5.884338
EWOE	-5.884338
EWSB	-5.759400
YESK	-5.884338
SKIM	-6.060430
KIMS	-6.361460
OGAY	-6.361460
GAYV	-6.060430
AYVI	-5.759400
SMUR	-5.247516
MURD	-4.224739
IMYN	-6.361460
WOBR	-5.759400
KINP	-5.884338
AIST	-4.946486
DWEP	-5.662490
PROL	-4.999732
ROLO	-4.963520
KFAR	-6.361460
DYDU	-5.884338
YDUS	-5.662490
DUSK	-5.247516
USKB	-6.060430
SKBE	-5.884338
KBEF	-5.282278
YERN	-5.884338
DENQ	-6.361460
RCHF	-5.583308
MUNT	-6.361460
ILNI	-5.884338
TBOY	-5.516362
BOYH	-5.185368
OYHA	-5.361460
MPSA	-5.407217
DEWS	-6.060430
OFNI	-5.157340
FNIG	-5.361460
HALS	-5.458370
BOYW	-5.361460
NBLO	-5.082706
LTHS	-6.060430
VIDA	-5.884338
NECK	-4.738210
ECKH	-4.999732
PSEA	-5.458370
DOGO	-6.060430
OWEE	-5.759400
HURG	-6.060430
IMAR	-5.215332
EUNR	-5.215332
EPSC	-5.759400
FUNJ	-6.361460
LUNH	-5.884338
LASV	-6.060430
SVIC	-5.157340
GCOM	-4.946486
ROOD	-5.320067
FFES	-5.884338
HHAT	-5.759400
LPHO	-6.361460
HONS	-6.060430
AMAY	-5.583308
YTHC	-6.361460
HCLE	-5.662490
OYIA	-6.361460
YIAT	-6.361460
IATF	-6.361460
HMYH	-5.516362
DIMO	-6.361460
IMOT	-5.662490
OGUS	-6.361460
GUSH	-5.215332
UNOC	-6.060430
DHEY	-5.320067
DOTO	-5.157340
VACO	-6.361460
ESDU	-5.662490
LKCL	-6.361460
KCLE	-6.060430
LTSY	-5.884338
THYP	-5.282278
EPSW	-5.247516
IMBR	-6.060430
ASPH	-5.247516
SPHO	-5.759400
AMUR	-5.185368
ROYR	-6.361460
OYRA	-6.361460
YRAD	-5.884338
EEPB	-5.106187
EPBU	-5.361460
SODC	-6.361460
VORS	-5.458370
WEHU	-6.060430
CABR	-6.361460
RIOL	-5.884338
DBAD	-5.516362
YONF	-6.361460
NIDR	-6.361460
EMUL	-5.082706
TCRO	-5.215332
UTHB	-5.282278
AROV	-5.516362
NOAD	-5.884338
CEDR	-5.185368
LAUS	-5.759400
CIDA	-5.516362
OWYM	-5.583308
WYMO	-5.662490
DSGE	-5.884338
RANB	-5.759400
CKSI	-4.999732
KSID	-5.407217
ONTB	-4.817392
NCIW	-6.361460
CIWE	-6.361460
IWEP	-5.583308
ILDD	-5.884338
LLAK	-5.884338
KEHO	-5.458370
WDOY	-5.407217
DLAK	-5.884338
KEAR	-5.019037
REBL	-5.131011
OMOC	-5.884338
CKAT	-4.946486
LREN	-6.060430
PREL	-5.082706
ELIM	-4.842946
YMYB	-5.759400
GTHY	-5.583308
STHY	-5.320067
THYM	-5.185368
HYMO	-5.583308
YLAK	-6.060430
SIDR	-5.583308
RERH	-5.583308
DARO	-4.884338
RKMO	-6.361460
KMOU	-5.884338
LTST	-5.320067
DDIM	-5.583308
DIMS	-5.662490
IMSC	-5.759400
MSCE	-6.361460
AWOB	-6.361460
PHES	-5.215332
RYII	-6.361460
YIIM	-6.361460
DTHP	-5.759400
SHIW	-6.361460
YSHU	-5.516362
SKYW	-6.060430
KYWA	-5.516362
POTW	-5.106187
NMUR	-5.759400
WNIW	-5.662490
ABOA	-4.590608
AISD	-6.361460
ORTV	-5.884338
RTVO	-6.060430
HTNI	-4.738210
TNIN	-4.671264
RMAP	-5.247516
ENSW	-5.082706
ISOO	-5.282278
WLYI	-5.583308
ROPS	-5.131011
OPSB	-6.060430
NCEQ	-5.759400
EDIQ	-6.361460
DIQU	-5.583308
FICC	-5.662490
CCRA	-6.361460
CHOE	-5.583308
HOED	-5.662490
OEDF	-5.884338
SALÊ	-5.759400
ALÊV	-5.759400
LÊVE	-5.759400
ÊVET	-5.884338
EJUR	-5.583308
ALPS	-5.458370
LPSO	-6.361460
FSAV	-5.662490
VOYV	-6.361460
OYVI	-6.060430
YVIV	-5.583308
VIDF	-6.060430
IDFL	-5.215332
GDAZ	-6.361460
LLUM	-5.131011
LUMI	-5.157340
TCHY	-5.361460
CHYD	-6.361460
HYDA	-5.759400
EYER	-5.759400
NGFL	-4.914302
GFLA	-5.361460
WITZ	-5.361460
TZER	-5.320067
ZERL	-5.361460
RMHU	-6.060430
MHUN	-5.583308
HLIE	-5.516362
FCOP	-5.884338
COPÊ	-6.361460
OPÊT	-6.361460
PÊTA	-6.361460
ÊTAN	-6.361460
NEDJ	-5.583308
DJUR	-5.759400
URAW	-6.361460
HFAI	-5.662490
NTFL	-5.583308
HEMÔ	-6.361460
EMÔL	-6.361460
MÔLE	-6.361460
ÔLEA	-6.361460
IWAT	-6.060430
FULY	-5.884338
ICIW	-6.060430
CIWA	-6.060430
HAHA	-4.727991
WARI	-5.884338
SKYE	-5.516362
KYEL	-5.458370
SICL	-5.884338
THYF	-5.407217
HYFU	-6.361460
THYD	-5.759400
DIRG	-6.060430
DSIP	-5.759400
SIPE	-5.516362
MAFI	-6.060430
DACL	-5.407217
UMPO	-5.039240
MPOF	-5.282278
FTRE	-5.157340
EESN	-5.884338
XEDG	-5.884338
NAFL	-5.320067
APEP	-6.361460
PEPL	-6.060430
TSGI	-6.361460
CTMO	-5.759400
HYDÆ	-6.361460
YDÆM	-6.361460
SHUD	-4.781676
HUDD	-4.770395
HMYT	-5.759400
DMEQ	-6.361460
RFLA	-4.981248
ASHD	-6.060430
ÊVEA	-6.361460
AHIL	-5.884338
AISO	-6.060430
WSOU	-5.662490
CARN	-5.320067
TMUR	-5.320067
WETI	-5.884338
USYI	-5.662490
TOEF	-5.759400
CTPU	-6.060430
NVAM	-6.361460
VAMP	-6.361460
LETL	-5.662490
ROYA	-4.662490
OYAL	-4.621097
YDAW	-5.583308
IHAS	-5.516362
LABE	-5.583308
MIMY	-6.361460
IMYS	-5.320067
TMID	-5.185368
HTAM	-5.662490
IPIC	-5.247516
ZEDJ	-6.361460
ELIR	-5.039240
LIRI	-5.039240
IRIU	-5.215332
IUMT	-5.759400
GENA	-5.662490
DELU	-5.282278
URBT	-6.060430
GSIX	-6.361460
ADTB	-6.361460
DTBE	-6.361460
EIGA	-5.516362
IGAZ	-5.407217
ODOV	-5.884338
SANH	-5.583308
AIRK	-6.361460
FINO	-5.320067
GARB	-5.884338
ARBW	-6.060430
RBWA	-6.060430
BWAS	-4.899062
ASRU	-5.458370
EKPA	-5.759400
ALEB	-4.278674
OFPI	-5.247516
FPIT	-5.662490
RSFL	-5.662490
HEAH	-5.884338
AHIW	-5.884338
LJOY	-6.060430
MSSI	-5.759400
UCEP	-6.060430
TOCE	-5.407217
RVAI	-6.060430
MMYB	-5.759400
ALAG	-5.583308
LAGO	-5.361460
ONYC	-5.662490
CREP	-5.320067
REPT	-5.247516
PTOV	-5.583308
MERN	-6.361460
STIE	-5.458370
IENQ	-6.361460
YWRE	-5.361460
RERD	-5.884338
SUEH	-6.361460
WISA	-5.516362
EANR	-5.458370
ATJU	-5.320067
TZWH	-6.361460
ZWHO	-6.361460
DFON	-6.361460
OCAP	-5.060430
PPAL	-4.930096
GACR	-5.361460
IMEJ	-6.361460
MEJU	-5.458370
ITZP	-6.361460
TZPO	-6.361460
ZPOO	-6.361460
OORP	-5.082706
LISS	-5.215332
FFAC	-5.361460
AWEI	-5.583308
LHET	-5.662490
YSDU	-6.361460
RERJ	-6.361460
ODJU	-6.361460
SAWU	-5.884338
AWUN	-5.884338
WUNH	-6.060430
GODP	-5.583308
APAV	-6.361460
PAVI	-6.060430
MWED	-5.884338
EDOA	-5.320067
OALS	-5.131011
HDEP	-5.583308
NEIV	-6.361460
HLYM	-5.884338
LTYS	-5.759400
ECHC	-5.884338
ILTL	-5.361460
CLYI	-6.361460
EILA	-5.131011
SHYE	-5.407217
VALM	-5.662490
ORGU	-6.060430
AFEI	-5.662490
DOUP	-6.361460
GBOY	-5.884338
BOYB	-5.516362
RNAW	-5.759400
OWJO	-6.060430
WJOY	-6.361460
OYMO	-6.361460
PYAG	-6.361460
TALH	-5.320067
EPTD	-6.060430
PTDE	-6.060430
TNIE	-6.361460
RDRY	-5.884338
DRYY	-6.361460
WOFP	-5.759400
RWEP	-6.060430
WSAD	-6.361460
SADH	-6.361460
GOBL	-5.458370
SIAC	-5.583308
URTD	-6.361460
DMOC	-6.060430
YOFJ	-5.282278
DLAW	-5.516362
LAWL	-5.662490
AWLE	-5.157340
WLES	-5.516362
WBEI	-5.185368
GBAB	-6.060430
ABEF	-5.516362
BEFU	-5.458370
FINN	-5.458370
YMUR	-5.320067
AMYT	-5.884338
RORJ	-6.361460
SAGI	-5.458370
ESRA	-5.282278
LFGU	-6.060430
FGUI	-5.759400
XCUL	-6.361460
ULPA	-5.759400
LPAT	-5.884338
LMSH	-6.060430
GSEX	-5.759400
GHGA	-6.060430
HGAZ	-6.060430
XECR	-5.759400
UILY	-6.361460
ADDU	-5.662490
DIMH	-6.361460
AWUS	-6.060430
WUSB	-6.361460
KLYR	-5.583308
FSOR	-5.516362
ULAF	-5.759400
DVOC	-5.516362
CTSC	-5.583308
DUNI	-5.583308
DDEM	-5.407217
DKEP	-5.516362
AFAL	-5.407217
FALT	-5.662490
CKAM	-5.662490
KAMU	-6.060430
MURO	-6.060430
NFIL	-5.185368
URTJ	-6.361460
RTJU	-6.361460
HVAR	-5.662490
LEVO	-5.361460
ICEG	-5.759400
GODK	-5.407217
ODKN	-5.884338
TCHÊ	-6.361460
CHÊN	-6.361460
HÊNE	-6.361460
ÊNEA	-6.361460
NEAV	-5.583308
EVAO	-6.361460
VAON	-6.361460
UTNI	-5.583308
VAWE	-6.361460
ABAR	-5.185368
ARNB	-6.361460
ACOT	-5.516362
LUPT	-6.060430
EPSD	-5.759400
PSDI	-5.583308
LUMT	-6.060430
PPYV	-6.060430
PYVI	-6.060430
TIMH	-5.662490
NECI	-6.361460
SOIA	-5.458370
AMCH	-5.759400
OENE	-6.361460
RERP	-5.662490
GORI	-5.320067
HEJE	-4.870098
EJEW	-5.407217
OROO	-5.583308
PEIB	-6.361460
BEGP	-5.884338
EGPE	-5.884338
IGHM	-5.884338
EDGU	-5.759400
SALV	-5.583308
LVAT	-5.583308
LTYR	-5.759400
GHVI	-6.361460
HVIO	-5.583308
DORR	-5.320067
ISBI	-5.247516
EBEJ	-6.060430
ECOW	-5.583308
DSIW	-5.583308
NMOT	-5.662490
MLIK	-5.019037
EBAU	-6.060430
BAUB	-6.361460
AUBL	-6.361460
EFPR	-6.361460
TSIF	-5.361460
DOIE	-6.060430
OIES	-6.361460
ULAP	-5.884338
CIND	-5.662490
WEDV	-6.361460
DVIO	-5.407217
CKES	-5.320067
FWEP	-6.060430
CEIK	-6.060430
BTMU	-6.361460
SHSP	-5.516362
LARV	-5.759400
ARVO	-5.662490
IMIR	-5.884338
MIRU	-6.060430
ONYT	-5.583308
ANGS	-4.914302
RHOL	-4.282278
LDIP	-5.884338
FUNM	-6.060430
UNMI	-5.215332
GIWE	-6.060430
URTM	-6.361460
TMYL	-5.458370
TALQ	-6.361460
CERG	-6.361460
TOWU	-6.060430
WUPO	-5.157340
VEYA	-5.320067
IADD	-6.361460
ILTT	-5.282278
SOGL	-5.884338
OGLA	-5.361460
GESL	-5.516362
MNAC	-6.361460
NALU	-5.662490
ALUP	-5.583308
EDII	-5.662490
DIIT	-5.759400
NEGU	-6.361460
APEB	-5.361460
WTOP	-5.759400
HFIR	-5.320067
PONJ	-6.060430
LDEY	-5.662490
YORG	-6.060430
UILE	-5.662490
OORV	-5.884338
FTIT	-5.361460
OUVI	-5.583308
UVIC	-6.361460
ELDJ	-6.361460
EADR	-5.215332
OOHJ	-6.361460
OHJU	-5.884338
ROBM	-5.884338
OBME	-5.884338
BMEO	-5.884338
HENV	-5.662490
LSOJ	-6.060430
SOJO	-5.884338
USHM	-5.884338
EMNM	-5.884338
MNME	-5.583308
UFFO	-5.516362
FFOC	-5.884338
FOCA	-5.884338
HSOB	-6.060430
OBSR	-6.361460
BSRI	-6.361460
OUGU	-6.060430
UGUI	-6.361460
ARJU	-6.060430
LIEI	-5.583308
IEIC	-6.060430
ODLI	-5.247516
RATM	-5.759400
SIEG	-6.060430
IEGE	-5.884338
EXCO	-5.884338
LFIR	-5.320067
EDOB	-5.516362
DOBD	-6.361460
OBDU	-6.361460
BDUR	-6.361460
TCHD	-5.662490
TOIG	-6.060430
INYA	-5.458370
ISUB	-6.060430
UBSC	-5.759400
BSCR	-5.759400
LIEA	-5.320067
IEAN	-5.247516
MITR	-5.759400
ULYM	-6.060430
URBL	-5.662490
RBLE	-4.930096
TBLE	-5.516362
SMEG	-6.361460
HOHJ	-6.361460
TMOU	-5.157340
MELT	-5.247516
ONYH	-6.060430
YMYT	-5.884338
DIEY	-5.884338
IEYO	-6.060430
UMYP	-6.361460
WMYC	-6.060430
SCAF	-5.759400
UNEJ	-6.361460
NEJU	-6.060430
TPAN	-5.662490
GISP	-6.060430
GODR	-5.662490
GMEL	-6.060430
SONR	-5.157340
HODA	-5.583308
TIMW	-6.361460
ATHF	-5.247516
IDSU	-5.407217
HDEE	-5.884338
NYIG	-6.060430
OULJ	-6.060430
ULJU	-6.361460
HOIT	-5.516362
AMGU	-6.060430
MGUI	-6.361460
WERN	-5.759400
RNOJ	-6.361460
NOJU	-6.060430
HAWR	-5.583308
IEIN	-5.320067
RSUF	-5.407217
RERF	-5.583308
SOMW	-5.759400
OWEP	-5.884338
RMOO	-5.516362
TTAR	-5.516362
TARN	-5.759400
TIBO	-5.662490
SHWE	-5.583308
LFAW	-5.662490
FAWA	-5.361460
UICA	-5.662490
RYJU	-6.361460
RBIT	-5.282278
TSBO	-4.842946
SBOU	-5.247516
TYBL	-5.884338
YBLE	-5.458370
FERL	-6.361460
ROWJ	-6.361460
AIMM	-6.060430
EVOK	-6.060430
MYWR	-5.458370
HEDV	-5.759400
TIMS	-5.516362
SWOE	-5.662490
WOEA	-5.759400
OEAN	-5.516362
SYEW	-6.361460
YEWE	-5.361460
EEPU	-5.185368
PUNH	-6.361460
URAI	-5.662490
ACHV	-5.884338
HVIT	-6.060430
TALD	-5.759400
POFB	-5.884338
FBLO	-5.282278
OYEX	-6.060430
OINY	-5.759400
HBLE	-5.884338
UHEB	-6.361460
EBID	-6.060430
BIDS	-5.662490
IDSY	-6.361460
UWEE	-6.361460
PTOS	-5.583308
PESI	-5.361460
PHET	-4.914302
CSOU	-6.060430
ORNB	-5.361460
EILO	-5.215332
SSVI	-5.759400
PBYA	-5.583308
BYAQ	-6.060430
YAQU	-5.662490
CKSU	-5.157340
ODFL	-5.884338
YVEI	-5.516362
VESL	-5.407217
EPFL	-6.060430
PFLE	-6.361460
ILSP	-5.759400
EFBE	-6.361460
FBEY	-6.361460
UEIH	-5.759400
GUNL	-5.884338
ACKU	-5.361460
CKUP	-5.106187
OGAT	-5.516362
SSEI	-5.247516
OFGU	-5.516362
ILTW	-5.583308
OAHE	-5.458370
NOLA	-5.407217
PSNE	-6.060430
OYOR	-5.884338
YORC	-5.884338
ARKD	-5.407217
RKDE	-5.759400
SDED	-5.884338
ARKC	-5.247516
RKCL	-6.361460
KCLO	-5.361460
INKV	-6.060430
NKVI	-6.361460
KVIC	-6.060430
LSON	-4.718007
TADU	-6.060430
MAUG	-6.361460
MMOD	-5.039240
OADU	-5.759400
RENJ	-5.759400
FDAI	-6.060430
SIFR	-6.060430
IFRE	-5.662490
TSBI	-5.884338
SBIT	-5.516362
WICO	-5.662490
EVAV	-6.361460
VAVE	-6.361460
RYIR	-5.662490
KEIL	-6.060430
SUEI	-5.759400
FIEX	-6.361460
PTSO	-5.583308
BATO	-5.884338
FROG	-5.884338
ROGS	-6.060430
ROAK	-5.884338
OAKI	-5.662490
OPLU	-5.458370
PLUN	-4.856310
TLAK	-6.060430
HTCL	-5.407217
SEOV	-5.884338
DIBY	-6.361460
IBYM	-6.361460
MYBA	-5.320067
YBAS	-5.662490
BASE	-4.759400
TSIW	-5.759400
PTBI	-5.884338
TBIT	-5.185368
PEIH	-6.361460
ILIV	-5.320067
YSSC	-6.361460
GILO	-6.361460
NFLA	-5.019037
YHAT	-5.361460
EAPI	-4.856310
APIL	-5.185368
PILG	-5.458370
ILGR	-5.361460
LGRI	-5.361460
GRIM	-4.770395
IWHE	-5.516362
IRBA	-5.247516
FABH	-6.361460
OOKD	-5.131011
OKDE	-5.884338
KDEL	-6.361460
LWOE	-6.060430
OINN	-5.662490
HWAN	-5.884338
URFU	-5.458370
WEAN	-6.060430
NUSF	-5.884338
SDIM	-5.458370
STSM	-5.458370
ZINO	-6.361460
INOL	-5.039240
KSOR	-5.516362
RSBL	-5.662490
FEWJ	-6.060430
EWJE	-5.884338
WJEW	-6.060430
ADNU	-6.361460
CANL	-5.361460
KSOL	-6.060430
WDIN	-5.458370
EABY	-5.516362
ABYS	-5.884338
BYSS	-6.361460
YSSW	-5.884338
APSR	-5.884338
WDEE	-6.060430
KPAS	-5.662490
HOCE	-5.884338
PYAH	-6.361460
YAHW	-6.361460
AHWH	-5.662490
APEV	-6.060430
UILB	-5.884338
ILBL	-6.060430
LBLE	-5.662490
TLUR	-5.516362
URKE	-5.106187
RTEV	-5.583308
KEID	-6.361460
EIDR	-6.361460
RORL	-5.320067
OYER	-5.282278
YERH	-6.060430
HUSN	-5.759400
HIPN	-5.407217
IPNO	-5.662490
PNOR	-5.759400
RTHN	-5.662490
OMWO	-5.884338
MWOE	-6.361460
WOET	-5.215332
OETH	-5.361460
DEER	-5.407217
EERD	-5.884338
RDRA	-5.458370
DRAG	-4.510201
RAGG	-4.671264
AGGI	-5.106187
TSFA	-5.247516
MBST	-5.320067
BSTO	-5.039240
RODD	-5.759400
DENB	-4.930096
NBRA	-5.106187
BRAK	-6.361460
OGAZ	-5.407217
AZEU	-5.662490
ZEUP	-5.759400
ADPI	-5.662490
TATY	-5.583308
ATOV	-5.247516
WHIR	-4.981248
HIRL	-4.981248
LWIN	-5.247516
EKBY	-6.060430
KBYB	-6.361460
ISUD	-5.759400
MYEP	-6.361460
YEPH	-6.361460
PHEM	-5.458370
SEHU	-5.759400
UNIX	-5.662490
NIXI	-6.060430
IXIH	-6.361460
XIHA	-6.361460
OYHO	-5.583308
YHOO	-5.583308
ECKB	-5.131011
ESIP	-5.662490
CKIA	-5.407217
KIAF	-6.361460
MULE	-5.662490
TLIA	-5.884338
FAUG	-6.060430
EPOC	-5.282278
POCH	-5.884338
OCHF	-6.361460
HIDA	-5.759400
LMYW	-5.884338
YWOE	-5.516362
YLIG	-4.748676
IPLU	-6.060430
FARV	-6.361460
FAPO	-5.583308
YASO	-5.662490
SOMN	-5.662490
HTYT	-5.583308
DRUL	-6.060430
FICG	-5.884338
CGUI	-6.361460
FPIN	-6.361460
PINY	-5.662490
INYM	-5.884338
SARV	-6.361460
EESF	-5.759400
SAUG	-5.583308
YALP	-5.662490
LPSW	-6.060430
NGPY	-6.361460
GPYR	-6.361460
GSIP	-6.361460
OFPÉ	-6.361460
FPÉL	-6.361460
PÉLI	-6.361460
ÉLIS	-6.361460
SSIE	-6.060430
IERW	-5.583308
NIXT	-6.060430
XTHI	-5.759400
RVOX	-6.060430
VOXT	-6.361460
XTHR	-6.361460
WNOM	-5.884338
RERU	-5.215332
ERUI	-5.320067
DFER	-5.884338
NSEG	-6.060430
SEGL	-6.060430
GLAC	-5.282278
CIER	-5.215332
ADIH	-5.884338
ERUM	-5.215332
RUMB	-5.407217
SMOK	-4.426961
MOKE	-4.583308
NCTH	-6.060430
CRAI	-6.361460
GAIG	-6.361460
AIGU	-6.361460
USDÔ	-6.361460
SDÔM	-6.361460
DÔME	-6.361460
ÔMEO	-6.361460
YATI	-5.516362
GLOS	-5.282278
GNIS	-4.930096
FDAY	-5.247516
FBOY	-6.060430
NALN	-5.516362
EEPN	-5.759400
EPNO	-5.884338
PNOM	-6.361460
FFET	-5.884338
PURR	-5.759400
HIAR	-6.361460
NIXE	-6.361460
IXEX	-6.361460
XEXH	-6.361460
UEBO	-5.516362
LIDL	-6.060430
RVEW	-5.759400
CHPU	-5.516362
ISYW	-6.361460
SYWA	-6.060430
MELU	-5.583308
ELUL	-6.361460
LULL	-5.458370
ALUL	-5.884338
LABY	-5.458370
ABYT	-5.516362
BYTO	-5.282278
NIPL	-6.060430
ADUP	-5.131011
PILL	-4.842946
EPCR	-6.060430
PCRE	-6.361460
AYRO	-5.516362
ROAM	-6.361460
WPAC	-5.759400
OBAR	-5.583308
ICAD	-5.458370
UPTS	-6.060430
PTSI	-6.060430
FVAS	-6.060430
ICYW	-6.060430
EDPI	-5.157340
DPIN	-5.884338
EMNS	-5.759400
MNSI	-5.884338
IALN	-5.516362
BRAW	-5.247516
GWAV	-5.247516
CRAC	-4.680218
GREV	-5.884338
CCUM	-5.247516
CUMU	-5.247516
AWSW	-6.060430
WSWA	-5.759400
NONR	-6.361460
YSLU	-5.884338
SLUM	-5.215332
LUMB	-4.914302
EDSN	-5.361460
GPIN	-5.884338
PINN	-5.282278
NNAC	-5.106187
EAGL	-5.215332
UDST	-5.215332
GIAW	-6.361460
GFLE	-5.583308
HSLE	-5.662490
RKME	-5.662490
KMEL	-6.060430
SPOU	-4.271555
ICKM	-5.247516
CKMI	-5.458370
HIDT	-6.060430
HTYF	-5.458370
DSST	-5.106187
ISTY	-5.282278
STYV	-6.060430
OUDY	-5.884338
YMUL	-5.884338
TANV	-6.060430
ANVE	-5.583308
RTIR	-6.060430
RMOV	-5.458370
NGGL	-4.884338
GGLA	-5.039240
IERH	-5.884338
MEEC	-6.060430
EECS	-6.361460
OARF	-6.060430
DMAJ	-5.662490
CINN	-6.060430
MNIS	-5.583308
FEID	-6.060430
TAGU	-5.884338
ROYT	-5.320067
PITO	-5.759400
SCUT	-4.718007
EESL	-5.884338
LIEB	-5.662490
IEBR	-6.361460
EJUT	-6.060430
JUTT	-5.884338
GROC	-5.662490
ANSV	-5.759400
UASC	-6.060430
BYRA	-5.458370
YRAV	-6.060430
OFSN	-5.320067
FSNO	-5.458370
YROL	-5.039240
OLLF	-5.884338
OUDV	-5.662490
UDVO	-5.759400
NCUS	-5.662490
AWDE	-6.361460
LORL	-5.662490
ORLU	-6.361460
RLUX	-6.361460
SOMB	-5.516362
MBRE	-5.215332
ATHV	-6.060430
HVAS	-5.583308
STSW	-4.930096
CKWR	-6.060430
KWRE	-6.361460
RMCL	-6.060430
MCLO	-5.759400
RKSK	-5.759400
KSKY	-6.060430
RUTE	-5.247516
GSIF	-5.662490
EAMH	-5.884338
POIS	-4.621097
EPWE	-5.759400
PWER	-5.884338
YWEF	-6.361460
EELC	-5.282278
NLAU	-5.516362
HORW	-5.516362
WOEO	-5.759400
OEOR	-6.361460
EITJ	-6.361460
LISF	-5.759400
EERB	-5.320067
TMUT	-5.884338
TCOV	-5.583308
GMOU	-5.516362
YABR	-5.759400
EZED	-5.662490
SURF	-4.653889
BYRI	-5.407217
YRIF	-6.361460
FTST	-5.407217
KDEE	-5.662490
WIDT	-5.662490
DTHB	-6.361460
RROC	-6.361460
OCKF	-5.516362
ODMO	-5.458370
ITRO	-5.247516
NAWF	-5.759400
LMAJ	-5.884338
TYIR	-5.884338
OCKG	-6.361460
KGAZ	-5.884338
TUPE	-5.662490
EAOR	-5.759400
AORR	-6.361460
SEAE	-5.516362
TSHU	-5.458370
RICY	-6.361460
ICYA	-5.884338
DGLI	-5.320067
GPEA	-6.060430
AKSS	-6.060430
HTOV	-5.282278
UDSM	-6.060430
ULNO	-5.361460
YIEX	-5.662490
DYEW	-5.884338
RNAR	-5.458370
WBED	-5.082706
CREV	-5.662490
RMYE	-5.516362
LTAF	-5.884338
LDGA	-5.282278
PECA	-5.884338
HTTR	-5.583308
DABH	-5.583308
HRAG	-5.458370
ENCL	-5.106187
NCLO	-5.019037
HLYU	-5.759400
LYUG	-6.361460
YUGL	-6.361460
SRAG	-5.458370
OFUT	-5.583308
FUTT	-5.759400
ELMH	-6.060430
LMHI	-6.361460
MPTD	-6.361460
TDEV	-5.215332
LIEX	-6.060430
UFEA	-5.884338
FIER	-4.583308
RCEV	-6.361460
RMWR	-6.361460
MWRE	-6.361460
TRAM	-5.157340
PLEY	-5.516362
TODU	-5.583308
ODUS	-5.759400
DOHT	-5.884338
IMSW	-6.060430
BOLI	-5.157340
NHAT	-5.320067
HOAM	-6.060430
OAMM	-6.361460
LLIV	-5.247516
GSYE	-5.662490
DSPU	-5.884338
HOUA	-4.899062
BYTI	-6.060430
YTIE	-5.884338
LUBL	-6.060430
FUSY	-6.361460
WDAR	-5.759400
FEDO	-5.662490
LLGL	-5.320067
LGLU	-6.361460
GLUT	-5.759400
EMAW	-5.759400
LITB	-5.247516
DSAB	-5.662490
URCR	-5.662490
YRAG	-5.516362
UTBO	-5.320067
IMIM	-5.407217
RHEE	-5.215332
YELU	-6.060430
LMIE	-6.361460
FEAL	-5.759400
HOUH	-5.082706
UHAS	-5.215332
HYSE	-4.870098
PPLE	-4.727991
INOP	-5.407217
EEIA	-5.884338
HOUW	-4.999732
WILT	-5.247516
LSOP	-5.662490
HYPA	-5.662490
HOUO	-5.458370
OUOW	-5.662490
UOWE	-5.759400
EOHF	-6.060430
OHFR	-5.884338
HFRA	-5.884338
PLEU	-6.060430
THYJ	-6.060430
HYJU	-6.060430
HYCL	-6.060430
TDUE	-6.060430
DUER	-6.060430
REIO	-6.361460
HYAD	-5.884338
AMRA	-5.884338
GELW	-5.516362
HOUD	-5.185368
UDRI	-5.884338
OMJO	-5.583308
MJOY	-6.060430
EEBL	-5.157340
ISSF	-5.884338
AMIR	-5.361460
ODMI	-5.516362
NBEV	-6.361460
RTUO	-5.662490
NIMO	-5.458370
HEEW	-5.458370
LNOE	-6.361460
EYEU	-5.361460
YEUP	-5.361460
HOIM	-6.060430
THYG	-5.884338
HYGO	-6.060430
OULG	-5.759400
ULGL	-6.060430
HORM	-5.516362
NIGA	-5.662490
ECAV	-5.516362
CAVE	-5.131011
TGRU	-6.361460
RUDG	-5.759400
AKSK	-6.361460
KSKI	-5.516362
SKIE	-5.247516
IHAI	-6.060430
HAIL	-4.637184
AILF	-5.019037
INDK	-6.361460
WOFM	-5.407217
HOAB	-6.060430
HITO	-5.516362
TSRA	-5.407217
AGEL	-5.361460
GELE	-4.914302
RVEB	-6.361460
AWSB	-6.361460
WSBL	-6.361460
FMUR	-5.516362
EOHP	-6.060430
OHPR	-6.361460
NALJ	-5.884338
ALJU	-6.060430
DAUT	-5.583308
HORC	-5.884338
ORCU	-5.361460
LINW	-5.361460
HTCU	-5.759400
HICU	-6.361460
AMJU	-5.759400
UORN	-6.361460
HIFL	-5.884338
IFLU	-6.361460
FLUN	-5.157340
UNGF	-5.106187
KEFR	-5.407217
UABH	-6.361460
HOUC	-4.963520
NSTL	-5.884338
EHUT	-5.583308
ENSB	-5.361460
OWYP	-6.361460
WYPR	-6.361460
RLDY	-5.583308
UITR	-6.361460
ERIQ	-6.361460
RIQU	-6.361460
UITF	-5.583308
AHAR	-4.698702
RMLE	-5.185368
EDYR	-6.361460
IWEI	-6.361460
SARG	-5.583308
ADUS	-5.583308
LYUR	-5.759400
DIEA	-5.361460
WECR	-5.884338
FEXU	-6.361460
AVYH	-5.458370
VYHE	-6.060430
MYOD	-5.884338
YODI	-5.884338
ERAO	-6.060430
RAOF	-5.884338
IODA	-5.583308
LTIP	-5.458370
TIPL	-5.361460
SAWF	-5.361460
AWFE	-6.060430
EESI	-5.082706
RLIG	-5.247516
OSHU	-5.759400
HUTM	-6.060430
DTRO	-5.282278
BYOP	-6.060430
TPOU	-6.060430
DINU	-5.361460
DOPA	-6.060430
OPAQ	-6.361460
PAQU	-6.361460
QUEB	-5.516362
OTEI	-5.282278
DTAN	-5.884338
ILAY	-5.019037
LAYB	-5.157340
GUEU	-6.361460
UEUN	-6.361460
MMYN	-5.884338
YDOR	-5.759400
BERR	-4.946486
HIFO	-5.884338
SLAK	-5.662490
NIAW	-5.516362
LTCO	-5.759400
EDEW	-6.060430
CHIK	-5.884338
NVAD	-5.458370
RMRI	-6.361460
MRIS	-6.060430
THAK	-5.516362
FBER	-6.060430
DAHU	-5.583308
AHUG	-5.185368
HUGE	-4.671264
UGEC	-5.759400
CLOA	-5.247516
ICOV	-5.759400
CTID	-5.884338
DESV	-6.361460
TMOO	-5.407217
IFIX	-5.662490
XEDM	-5.759400
HTPA	-5.407217
RBOF	-5.759400
BOFN	-6.361460
RIGR	-5.884338
OLIA	-5.662490
LIAG	-5.662490
GEIW	-6.060430
HTFR	-5.282278
FOFL	-6.060430
OKEF	-5.320067
MMEF	-6.361460
MSID	-5.407217
ERBF	-6.060430
RBFR	-6.361460
BFRO	-5.662490
RIFO	-5.320067
PARR	-5.662490
OWUT	-6.361460
WUTT	-6.361460
RSHN	-6.361460
CKBI	-5.759400
KBIR	-6.361460
THRU	-4.653889
HRUS	-4.653889
DAFI	-5.361460
GBEG	-6.060430
BUTQ	-5.361460
UTQU	-5.247516
ACRY	-5.185368
CRYO	-5.039240
TEEF	-6.060430
IEXA	-5.516362
OMYJ	-6.060430
ODIQ	-6.361460
TBUR	-5.060430
RNIW	-6.361460
LWAT	-5.157340
WETW	-5.884338
DRIE	-5.106187
SBRA	-5.019037
EATQ	-5.759400
HTDR	-5.583308
TDRY	-5.884338
DRYI	-5.884338
HDRY	-6.060430
DRYW	-6.060430
WETB	-6.361460
ETBR	-5.662490
KILA	-6.361460
IUNC	-5.884338
EZEQ	-6.361460
ZEQU	-6.361460
KLYF	-5.662490
EIOB	-5.884338
FBRA	-5.361460
ENUT	-5.759400
OTSM	-6.361460
TSMU	-5.516362
WACO	-6.361460
ORNS	-4.999732
SUAG	-6.060430
WWAN	-6.060430
MIGR	-5.407217
YLAM	-6.060430
WTOR	-5.583308
ITIG	-5.516362
DWRA	-5.516362
FUPI	-5.884338
UCKA	-4.680218
CKAC	-5.361460
KACR	-5.884338
UNIP	-6.060430
WHAD	-5.185368
MPSU	-5.759400
PSUB	-5.884338
NFOO	-5.583308
THIP	-5.884338
HIPE	-5.106187
LHUT	-6.361460
HUTO	-5.884338
ILTF	-5.884338
ERDT	-5.884338
WSIG	-6.060430
TYFI	-5.082706
NITN	-5.458370
HRIE	-4.930096
RIEK	-4.930096
IEKE	-5.320067
EKED	-5.215332
HUTR	-6.361460
DEBI	-5.884338
EBIL	-4.884338
MHAR	-5.884338
HUTH	-5.884338
SDRY	-5.662490
DRYA	-5.759400
ANDÆ	-6.361460
NDÆM	-6.361460
ONIU	-6.060430
NIUM	-5.884338
IUMA	-5.320067
UMAP	-6.361460
REMN	-5.759400
MNAN	-5.282278
ERDS	-5.131011
MILK	-4.829981
ILKA	-5.407217
UEIL	-6.060430
LAYD	-5.458370
NEBR	-5.458370
TILA	-4.829981
WMIR	-6.361460
HUTS	-5.884338
EVEG	-5.759400
SEIE	-6.060430
EIEN	-5.583308
NSHR	-5.361460
MEFL	-5.516362
TILG	-6.060430
YBRU	-5.884338
BRUI	-5.583308
RUIS	-4.671264
WEAP	-4.884338
APON	-4.817392
SIES	-5.131011
WHOV	-6.060430
VELQ	-6.361460
GAWR	-6.060430
VELH	-5.884338
UGEW	-6.361460
TUPR	-5.458370
OWOO	-5.884338
FLOO	-4.416977
LOOR	-4.613272
KSIF	-6.060430
LUMF	-6.060430
UMFR	-6.361460
DLAY	-5.082706
BARI	-5.082706
DICR	-5.662490
ICRE	-5.157340
MYKE	-6.060430
YKEN	-6.361460
KENN	-5.516362
TVIE	-5.662490
EADJ	-5.884338
ADJA	-5.884338
DJAC	-5.215332
JACE	-5.884338
TCOT	-6.361460
YAPI	-6.361460
APIG	-6.060430
IGST	-6.361460
FWAT	-4.842946
DWOO	-4.999732
HTIE	-5.157340
IENJ	-5.516362
RMEH	-5.662490
MYDW	-6.060430
AWIR	-5.759400
WIRE	-5.215332
LOAF	-5.458370
OAFO	-5.759400
AFOF	-5.884338
FCOA	-6.060430
HIPU	-5.320067
PURL	-6.361460
RLOI	-6.361460
LOIN	-5.662490
ACUP	-5.516362
CUPW	-6.361460
NKMO	-6.060430
KMOR	-5.407217
EPTP	-5.759400
PTPE	-6.060430
YDRY	-5.884338
VELU	-5.884338
ELUN	-5.282278
TILS	-5.458370
GBRA	-5.662490
DANK	-5.662490
NKEA	-6.361460
PAIL	-5.759400
YHOV	-5.320067
RLWA	-5.759400
LUEP	-5.516362
NJAC	-5.759400
JACK	-4.583308
YGAR	-5.884338
ARBH	-6.060430
RBHE	-6.361460
BHER	-5.884338
KEDP	-5.516362
TSAD	-5.247516
YFIL	-5.282278
HMIL	-5.662490
CEUT	-6.361460
FMEL	-5.884338
OLYH	-6.060430
OLSI	-5.458370
GIFO	-5.884338
YBAR	-5.320067
ANLE	-5.361460
FADR	-5.407217
DSSW	-5.583308
SILV	-4.930096
ILVE	-4.930096
RLEN	-5.662490
ULAI	-6.060430
EDDR	-5.106187
EWTE	-5.361460
KNON	-6.060430
SOBB	-5.458370
OBBE	-4.981248
BBED	-4.856310
DAUD	-6.361460
ORKK	-6.060430
RKKN	-6.060430
KKNE	-6.361460
OMHU	-5.662490
HORF	-6.060430
DOWU	-5.662490
WUNA	-6.060430
RLME	-6.361460
LPED	-5.039240
EFUE	-6.060430
FUEL	-5.583308
ANOO	-6.060430
NOOK	-5.662490
DAPI	-5.185368
DIGG	-5.516362
IGGI	-4.759400
DPUL	-5.106187
GUPR	-6.060430
NPEN	-5.662490
UTHN	-5.458370
WOEX	-5.884338
NTCR	-5.215332
STSY	-5.320067
SADN	-5.516362
OLSD	-6.361460
LSDI	-6.060430
LDSN	-5.759400
DSNI	-5.884338
GHTQ	-5.662490
HTQU	-5.662490
FTAP	-6.060430
EIEX	-6.060430
FWOR	-5.583308
RILA	-5.458370
RAWB	-5.583308
AWBU	-5.361460
OTSL	-5.458370
UCKM	-5.106187
CKME	-5.082706
KMEW	-5.516362
SVIL	-5.759400
AINQ	-5.458370
UTHD	-5.662490
SLEI	-5.759400
DDUT	-5.458370
PISA	-5.361460
WNOC	-6.361460
IANI	-5.361460
HYWE	-5.884338
SEGE	-5.458370
RYLU	-6.060430
YLUX	-6.361460
SVIA	-6.361460
VIAN	-5.282278
ACHD	-5.583308
NIGM	-5.759400
IGMA	-5.583308
CACO	-6.361460
SPOV	-6.361460
ILKO	-6.060430
COWW	-6.361460
EYPL	-5.884338
LAPA	-5.662490
ISII	-6.361460
SIIN	-5.759400
IABS	-6.361460
HBER	-6.361460
ESNU	-5.361460
SNUT	-6.060430
CHIG	-5.458370
HIGA	-5.583308
HTIO	-6.361460
CHIQ	-6.361460
HIQU	-6.060430
FIRI	-6.060430
GSUF	-6.060430
TPIL	-5.516362
PILE	-4.793258
UTHJ	-6.361460
HOAL	-4.981248
LSOE	-6.361460
SEIO	-6.361460
FSTI	-5.583308
AGOD	-5.247516
GODL	-5.282278
KESC	-5.516362
HITB	-5.361460
SBAF	-6.060430
PTIM	-6.060430
RONU	-6.361460
NCIA	-5.458370
EYUT	-6.361460
HVIS	-6.060430
LEOB	-5.320067
YCLU	-5.583308
UEBY	-5.759400
UNRA	-5.759400
NRAV	-5.759400
BYGR	-5.759400
ELID	-5.215332
IARO	-5.759400
AROB	-5.759400
ILKB	-5.884338
LKBR	-6.060430
KBRE	-6.361460
LNAM	-5.759400
AGAT	-4.946486
THAA	-5.407217
HAAN	-5.458370
IXBR	-6.361460
XBRO	-6.361460
HTIF	-5.458370
NILE	-5.407217
PRIA	-5.662490
PYIS	-6.060430
DISY	-6.361460
ISYM	-5.884338
OYSI	-5.215332
WFEW	-5.884338
EWHU	-5.884338
RSHM	-6.361460
DRUD	-6.060430
DEGA	-5.583308
GAIT	-5.516362
YENH	-6.060430
OCAS	-5.320067
WEDP	-6.060430
OWIP	-5.759400
WIPE	-5.759400
IPEA	-5.157340
PEAW	-5.884338
UNPE	-6.060430
UTIG	-5.884338
TIGE	-5.039240
EXHO	-5.884338
XHOR	-5.884338
LIXH	-5.662490
XHEW	-6.060430
ULHI	-6.361460
LIXC	-5.759400
XCAR	-6.060430
TEFL	-5.516362
TPEE	-6.060430
EPED	-5.320067
OWYG	-6.361460
WYGR	-6.361460
ILKH	-6.060430
KHOU	-6.060430
AYIB	-5.583308
RNUN	-5.884338
TILD	-5.662490
DPUZ	-6.060430
GNSF	-6.060430
HHEU	-5.759400
GNSI	-5.759400
NSII	-6.361460
HIAP	-6.060430
MYWH	-5.320067
HIEA	-6.060430
PTUN	-6.060430
CHKN	-5.884338
YFIG	-5.884338
YCOT	-5.759400
IVIE	-5.884338
IEWE	-5.247516
CKUN	-5.516362
KUNA	-6.361460
LEFF	-5.458370
SUNB	-5.361460
OWVA	-5.583308
WVAN	-6.060430
CKEA	-6.060430
LIXW	-5.320067
IXWA	-5.583308
XWAS	-5.516362
SIAF	-5.884338
SCOA	-5.106187
NEWK	-6.361460
EWKI	-6.361460
GUPI	-4.981248
DDAI	-5.759400
UTAH	-5.019037
HWIN	-5.583308
INDQ	-6.361460
ORMD	-5.662490
RMDU	-6.361460
GIAT	-6.060430
SISL	-5.282278
YMOO	-5.247516
TARL	-5.884338
DFUE	-6.361460
UELF	-5.759400
RYIC	-5.759400
YICL	-6.361460
BYFE	-5.884338
IXIA	-6.361460
XIAF	-6.361460
NSUT	-6.060430
WWHY	-5.407217
WHYF	-5.662490
HYFE	-6.060430
LIXA	-5.407217
IXAP	-5.884338
XAPP	-6.060430
ASOS	-6.361460
OSAD	-6.060430
SHWR	-6.060430
LEBL	-5.282278
LIXF	-6.361460
IXFL	-6.361460
XFLI	-6.361460
TILB	-5.884338
ILBY	-6.060430
LBYM	-6.361460
XHIL	-5.662490
MYOR	-5.583308
HMYV	-5.884338
OFTM	-6.060430
FTMU	-6.361460
COFT	-5.759400
ETIP	-5.583308
ASIU	-5.157340
LAPD	-6.361460
PDOG	-6.361460
DOGY	-6.060430
OGYE	-5.884338
ERUD	-5.407217
ANBL	-5.320067
RTHM	-5.458370
NHID	-5.759400
NCAV	-5.884338
FCUL	-5.884338
OBUD	-6.060430
BUDF	-6.361460
UDFO	-6.361460
PYEA	-6.361460
HFIT	-5.884338
EAKD	-5.884338
AKDA	-6.361460
KDAM	-6.361460
UILA	-6.060430
EGIL	-5.516362
GILD	-5.583308
JOYC	-5.759400
OYCH	-5.884338
WHAS	-5.407217
GADV	-5.884338
OWBL	-5.759400
WBLO	-6.060430
ULFL	-5.884338
LFLO	-5.157340
DSCE	-5.662490
IODI	-5.320067
ODIC	-4.899062
GUIT	-5.662490
TARA	-5.131011
RENL	-5.884338
OLYB	-5.884338
LIXR	-5.884338
IXRE	-5.759400
XREP	-6.361460
SICW	-6.060430
ICWH	-5.039240
CWHE	-5.662490
KACC	-5.759400
SAGU	-6.361460
KSUI	-5.884338
CKBL	-5.407217
KBLA	-5.662490
ACKV	-5.458370
CKVE	-5.516362
KVEI	-5.884338
ILAG	-5.759400
HAAS	-6.060430
AASK	-6.060430
XHER	-6.361460
RDFE	-5.759400
XCAM	-6.361460
WUPH	-5.583308
ICBE	-5.662490
CBEA	-6.060430
EKTI	-6.361460
KTIN	-5.884338
YPIN	-6.060430
PINK	-5.583308
NKFE	-6.361460
KFEL	-5.583308
LIXS	-5.759400
IXSE	-6.060430
XSEE	-6.060430
DRAV	-6.060430
ROWV	-6.060430
OFEC	-6.060430
FECS	-6.060430
TICJ	-6.060430
ICJO	-6.361460
CJOY	-6.361460
EKFL	-6.361460
KFLU	-5.884338
FLUS	-5.185368
SWIP	-6.361460
WIPI	-6.060430
FEWT	-5.458370
IXWH	-5.583308
HOKI	-5.759400
OKIS	-5.583308
GERU	-5.458370
GNSW	-6.060430
STSF	-5.662490
FULU	-6.060430
ULUN	-6.060430
GERR	-5.516362
IANR	-5.407217
LIXK	-6.361460
IXKI	-6.361460
XKIS	-6.361460
AIDG	-5.884338
IDGO	-5.759400
ODNI	-5.215332
SAFI	-4.738210
FIEH	-6.060430
IEHE	-5.583308
TUPM	-6.361460
UPMU	-6.060430
TUTT	-5.407217
XWEN	-6.361460
TARP	-5.407217
MEAI	-5.884338
CEFL	-5.662490
HCAD	-6.361460
OAGA	-5.407217
HAWH	-5.019037
OATF	-5.157340
LEAI	-5.516362
THAE	-6.060430
HAEN	-6.060430
AEND	-6.361460
OSAF	-5.662490
FIEA	-5.759400
ATJO	-5.320067
FSAD	-6.361460
FIEW	-5.458370
HSIB	-6.060430
DSUT	-6.361460
CKGR	-5.407217
KGRO	-5.516362
RBAG	-5.320067
BAGE	-5.884338
RSSW	-5.662490
FPAL	-6.060430
HTSC	-5.662490
TSCL	-5.759400
NOCT	-5.583308
OCTU	-5.884338
ALRA	-5.759400
LRAM	-6.060430
EMEP	-5.583308
TVIL	-5.759400
AYBO	-5.583308
YBOA	-5.106187
ATII	-5.884338
TIIM	-6.361460
OODV	-5.407217
ODVE	-5.583308
XINS	-6.361460
SVOL	-5.662490
VOLN	-6.361460
OLNE	-5.407217
YSRU	-6.060430
FEMP	-5.759400
XINR	-6.361460
KHES	-5.185368
RNAU	-6.060430
NAUT	-5.247516
RKIO	-6.361460
KIOB	-6.361460
ORYK	-6.060430
RSGO	-5.320067
SGOV	-5.662490
SLOT	-6.060430
OTHF	-5.583308
USGE	-5.662490
WARS	-5.583308
ULVI	-6.060430
LVIR	-5.662490
YROM	-6.060430
TYEM	-5.662490
LRYC	-6.361460
YCHR	-5.458370
GSIH	-5.662490
ISPH	-5.282278
FIEO	-6.361460
IEOV	-6.361460
GEFE	-5.516362
OVIR	-6.060430
DBAS	-5.516362
VILP	-5.361460
ILPR	-5.884338
EBAS	-4.759400
EABJ	-6.361460
ABJE	-5.759400
DMOL	-6.060430
MOLE	-5.157340
ORMF	-5.516362
RMFO	-5.361460
OMUR	-5.458370
WHYT	-4.870098
DGOV	-5.759400
RDDE	-5.583308
DLOA	-5.458370
IXBE	-6.361460
XBES	-6.361460
ESYS	-5.884338
NDSQ	-5.407217
DSQU	-5.131011
LIDP	-5.884338
IDPO	-5.662490
DPOV	-5.759400
ANKD	-5.458370
KDES	-5.884338
FILE	-4.870098
GESB	-5.407217
YRAR	-5.759400
AGAB	-5.583308
ABON	-5.215332
NFEW	-6.060430
IOFM	-6.361460
TIPO	-5.759400
AGIL	-5.884338
GILE	-5.884338
SERD	-6.361460
DIET	-5.282278
LOTU	-6.060430
GEOH	-6.361460
NORK	-6.060430
EISK	-6.060430
LICH	-5.662490
CKIW	-5.583308
KIWI	-5.759400
HIOB	-6.361460
GARA	-5.320067
XWER	-6.060430
PYWR	-6.361460
YIHE	-5.759400
EXES	-6.060430
XESA	-5.884338
NEDK	-5.884338
BIND	-5.215332
LBON	-5.583308
ADBL	-5.458370
INDV	-6.361460
DVAC	-5.884338
HOCL	-6.361460
NMES	-5.361460
CHVA	-5.583308
RSOI	-5.247516
OILO	-5.185368
EMCH	-6.060430
CEYH	-6.361460
FFLU	-5.662490
LSHI	-4.946486
LEDP	-5.320067
ICHV	-5.583308
TUER	-6.060430
IEHA	-5.884338
ARNH	-6.361460
EOBN	-6.361460
OBNO	-5.884338
BNOX	-6.361460
NOXI	-6.361460
OXIO	-6.361460
EGOV	-5.662490
IEAR	-5.662490
FLAG	-4.914302
RISW	-5.759400
IXHA	-5.759400
XHAD	-5.759400
OLLA	-4.605585
EMNV	-6.060430
MNVO	-6.060430
NVOW	-5.759400
VOWT	-6.361460
WTOD	-6.060430
YFRU	-6.361460
UITL	-5.759400
HLIG	-5.884338
EMUH	-6.361460
MUHA	-6.060430
UHAM	-6.060430
DANW	-5.884338
OLOA	-5.884338
CEFE	-5.662490
LIXV	-6.361460
IXVI	-6.361460
XVIS	-6.361460
ADEK	-5.759400
DEKN	-5.759400
RKAM	-6.060430
KAMA	-5.759400
THEZ	-5.583308
HEZE	-5.884338
RERB	-5.583308
RBYP	-5.759400
FREW	-6.361460
XREJ	-6.361460
PTYE	-6.361460
OBYH	-6.060430
POWN	-5.759400
YREW	-5.884338
DHAZ	-6.361460
URKQ	-6.361460
RKQU	-5.759400
KQUI	-5.662490
OAPL	-5.884338
TYFE	-4.842946
NCHS	-5.320067
GMYR	-5.662490
EHOV	-5.884338
LIXO	-6.361460
IXOR	-6.060430
MTOY	-5.583308
BSEI	-6.060430
URKS	-5.157340
RKSR	-5.884338
RLSP	-6.361460
HOBO	-5.759400
MSPU	-6.361460
WRED	-5.884338
DTAU	-5.884338
FMUH	-6.361460
MADT	-5.516362
DYDI	-5.662490
HOSI	-5.759400
OSIC	-6.361460
SIAA	-5.759400
MMUR	-6.060430
LSUI	-6.361460
OULN	-5.759400
GACH	-5.759400
URKW	-6.060430
UESF	-5.884338
HOAI	-5.884338
OAID	-5.516362
TBYQ	-6.361460
BYQU	-5.884338
OFAJ	-5.583308
FAJO	-6.060430
IXCO	-5.884338
ONTC	-5.759400
NTCE	-5.884338
TCEN	-5.458370
CENI	-6.361460
OLEG	-5.516362
LEGH	-4.870098
EGHO	-5.215332
HORN	-4.516362
AITA	-5.282278
SHDO	-5.662490
HDOM	-6.361460
URKR	-5.884338
KREN	-6.361460
XREM	-6.361460
NEAI	-5.662490
AROT	-5.662490
IXIF	-6.361460
XIFH	-6.361460
ARLU	-5.884338
RLUK	-6.361460
LUKE	-4.708247
UKEW	-6.361460
ARMF	-5.361460
RNEC	-5.458370
YENR	-6.361460
LOTO	-5.247516
CEYA	-5.662490
EWSR	-5.662490
WSRE	-5.516362
EEAI	-6.361460
MHEQ	-6.361460
URKT	-5.884338
XCOU	-6.060430
IANH	-5.282278
FUPT	-5.662490
HABY	-5.884338
EXIL	-5.458370
XILE	-5.458370
EMFE	-5.884338
MFEL	-6.060430
IXSO	-6.060430
XSOO	-6.361460
USTU	-5.185368
URKF	-6.361460
RKFO	-5.361460
FOPP	-5.759400
NOND	-5.361460
ALYW	-6.060430
XAPI	-6.361460
TOAI	-5.516362
MEED	-6.060430
TUEH	-5.884338
IANN	-5.884338
WINF	-5.759400
DLEG	-5.320067
TRAG	-4.829981
YREI	-5.583308
NNIC	-5.662490
DIVU	-5.662490
IVUL	-5.759400
NCHG	-5.759400
SELT	-5.361460
VEYH	-6.361460
HCIT	-6.361460
WATH	-5.662490
RLEI	-6.060430
KEYW	-5.583308
OMEJ	-5.583308
FLEG	-5.759400
KEYA	-5.759400
ATOW	-5.361460
WNAB	-5.516362
CEYW	-6.060430
LSAF	-5.583308
IENU	-6.361460
DUTT	-5.662490
POTF	-5.662490
YILE	-5.759400
NCIT	-5.458370
SYSC	-6.361460
HTDU	-5.884338
NPOR	-5.407217
EAUC	-6.060430
AUCO	-6.361460
SIEA	-6.060430
VELF	-5.662490
FPLU	-5.884338
PLUT	-5.662490
TARC	-5.082706
RESG	-5.662490
EWIM	-6.361460
OECS	-6.361460
UNKM	-6.361460
TDEJ	-6.361460
HLOF	-6.361460
FTYS	-5.458370
NBOS	-6.060430
SUIC	-5.458370
UICI	-5.458370
DEWE	-5.247516
IINC	-5.884338
RIAP	-6.060430
LARY	-5.247516
EGIG	-5.282278
TICW	-5.082706
CWHA	-5.583308
IWHA	-5.157340
NTEF	-6.060430
UTPL	-5.662490
TPLU	-5.407217
HTAU	-6.361460
DSPH	-6.361460
SEDK	-6.361460
TYRI	-5.884338
YRIV	-5.759400
DLAR	-5.320067
BLAG	-5.884338
KDEV	-6.361460
IRSG	-6.060430
CRIN	-5.458370
UERI	-5.583308
RMSR	-5.662490
GSIW	-5.759400
LAWG	-6.361460
AWGI	-6.060430
SNUM	-5.583308
NUMA	-5.884338
LONA	-5.458370
LYCU	-5.131011
CURG	-6.361460
RGUS	-5.583308
GUSI	-6.361460
OROM	-6.361460
OMUL	-6.361460
SEUS	-5.185368
RIAR	-5.759400
IARC	-5.458370
MHOL	-5.583308
ORGL	-5.884338
RVOL	-5.662490
NOMN	-6.361460
NGIO	-6.060430
GIOF	-6.361460
KMET	-5.516362
FGOD	-5.019037
GODA	-5.106187
IREK	-6.361460
IORN	-6.060430
RGAL	-5.884338
FENV	-6.361460
NVYR	-6.361460
VYRO	-5.884338
DNEG	-5.662490
CIPH	-5.662490
IPHE	-5.019037
TEPY	-6.361460
COCC	-6.361460
GISR	-6.060430
ARSR	-5.583308
NISG	-6.060430
FEIE	-6.361460
OUTU	-4.759400
NPIT	-5.407217
LURI	-5.320067
AFIL	-5.759400
HYTY	-6.361460
WDEV	-5.884338
RDOO	-5.247516
IPIR	-6.060430
TEIP	-6.361460
EIPO	-6.060430
ILAF	-5.583308
NTYR	-5.884338
ULTU	-4.914302
LTUO	-5.185368
TAWR	-6.060430
SICH	-6.060430
TITV	-5.759400
ITVA	-6.060430
ILIM	-6.361460
DEIE	-6.361460
RGOA	-5.884338
GMYG	-6.361460
LICC	-5.759400
ESBR	-5.247516
LADR	-5.884338
EAMN	-6.361460
MNOE	-6.361460
MSSU	-6.361460
IMAU	-5.884338
UMNP	-6.361460
MNPA	-6.060430
AKAP	-6.060430
OONY	-5.662490
EFDE	-6.361460
OYSD	-5.884338
OKSD	-6.060430
KSDI	-6.060430
TLIM	-5.583308
YAMB	-5.662490
LFUT	-6.060430
DOLD	-4.727991
LHID	-6.361460
EMYV	-5.759400
RSHH	-6.361460
GTER	-5.282278
CEYI	-6.060430
YMYY	-6.361460
MTHS	-5.884338
LIXD	-6.060430
IXDE	-6.361460
XDEP	-6.361460
HLAY	-5.106187
BSOR	-5.157340
RTBE	-5.247516
ICKT	-4.856310
GFAI	-5.759400
MBSF	-6.361460
BSFA	-5.884338
NIRO	-5.320067
IROS	-5.759400
LMYR	-5.516362
AIRR	-5.662490
GEIK	-6.060430
KNOC	-4.930096
NOCK	-4.914302
INIE	-5.759400
DIIA	-6.060430
LDGR	-5.247516
FMYK	-6.060430
DHOS	-5.516362
UFRE	-6.361460
NCHN	-5.884338
BYAF	-5.458370
YAFR	-6.060430
NCHF	-5.884338
URIH	-5.884338
YGER	-6.361460
MIGO	-5.583308
IGOH	-6.361460
GOHA	-5.361460
AMFU	-6.361460
MFUL	-5.583308
YOBV	-5.662490
YADE	-5.407217
NYOV	-6.361460
OINJ	-5.759400
PSMA	-5.516362
UEPL	-5.759400
OAHU	-5.583308
EELF	-5.583308
UMYB	-6.361460
GMAY	-5.583308
AYIK	-6.361460
UDAT	-6.361460
NICR	-5.759400
EEKD	-5.884338
EKDO	-6.361460
KDON	-6.060430
ALGR	-5.516362
GODE	-6.361460
IXSA	-6.060430
XSAF	-6.361460
AENT	-6.361460
FIEU	-6.361460
IEUN	-5.662490
IXDA	-6.060430
XDAR	-6.361460
FURY	-5.157340
KMEV	-6.361460
KICO	-5.884338
MLIM	-6.060430
IMBF	-6.361460
MBFR	-6.361460
MBAS	-6.361460
BAST	-5.247516
TELO	-5.458370
SHIQ	-6.361460
LTUM	-5.884338
LTES	-5.583308
VELC	-6.361460
ELCH	-5.884338
IDIL	-5.583308
FEXI	-5.516362
GEIC	-5.884338
EGLU	-5.884338
RSHR	-6.361460
IEKS	-5.516362
RYIG	-6.361460
YIGA	-6.361460
ILSD	-5.662490
ROYI	-5.583308
IFTN	-5.361460
HTIP	-5.884338
SWAV	-5.458370
EETV	-6.361460
ETVO	-6.060430
IRDB	-6.060430
HFIE	-5.884338
FUNS	-5.662490
UNSY	-6.060430
NSYM	-6.060430
AVOC	-5.247516
ALUX	-5.884338
AMPG	-6.060430
MPGR	-6.361460
PGRA	-6.361460
KIMP	-6.060430
MPOT	-5.458370
IADS	-6.361460
EELK	-4.738210
WARA	-5.662490
UNRO	-5.516362
YIHI	-6.361460
IHID	-6.361460
HIDM	-6.361460
ICKU	-5.320067
RWOO	-5.320067
REAI	-5.884338
LPBE	-6.060430
PBEL	-6.060430
CEYT	-5.759400
MYER	-6.060430
OAPR	-5.662490
MYBL	-6.060430
YBLO	-5.320067
LIXT	-6.060430
XTEA	-6.361460
GMEF	-5.759400
TIAW	-5.884338
ADYN	-5.759400
DYNI	-6.361460
HTIC	-6.060430
TICR	-5.662490
YHID	-5.407217
FFOO	-5.361460
SUNM	-5.407217
NSEP	-5.215332
GVIO	-6.060430
TGES	-6.060430
EUNU	-5.458370
CESD	-5.583308
THSR	-6.060430
HSRE	-6.060430
UCEO	-5.759400
URGA	-5.884338
XWEC	-6.361460
ULCI	-6.361460
YWIF	-4.870098
IXTR	-6.060430
CEYM	-6.361460
ROLT	-6.060430
AMIB	-6.361460
IBEN	-5.583308
HTSV	-6.361460
AGUS	-5.884338
GHUM	-5.458370
DIPL	-6.060430
MBUS	-5.583308
IGEO	-5.662490
UNKT	-5.516362
DLOI	-5.759400
TYAV	-6.060430
EDAK	-6.361460
EDRY	-5.583308
DRYB	-6.060430
HFUR	-6.060430
ZONT	-4.963520
OONN	-5.583308
ORBW	-6.361460
HHID	-6.361460
IWAV	-6.361460
UDSC	-5.884338
BUSH	-5.247516
KLYE	-5.759400
YENV	-6.060430
HCLU	-5.884338
DLIC	-5.884338
LICK	-5.282278
TNOA	-5.662490
NOAS	-5.884338
ONIQ	-6.361460
EPSI	-5.247516
PSIR	-6.361460
UCRO	-6.060430
HOMC	-5.662490
LDIA	-5.458370
FEAM	-6.060430
FIEG	-6.361460
GEOG	-5.884338
EOGR	-5.884338
RAPH	-4.535385
HYHA	-5.361460
VAAS	-6.361460
LFIK	-6.361460
FIKN	-5.884338
UNWA	-4.645456
DEID	-5.884338
LEHU	-5.039240
UCCO	-5.583308
YCLA	-5.185368
AIMF	-5.884338
IVAI	-6.361460
GSIE	-6.361460
UMNW	-6.060430
MNWH	-5.884338
ENIQ	-6.060430
ICTW	-5.884338
CAYE	-5.884338
SSRA	-6.060430
OWPO	-5.458370
WPOU	-6.060430
ROHE	-5.884338
TECU	-5.583308
OGAL	-6.361460
NGEE	-5.361460
RTSN	-5.662490
DIPO	-5.662490
MAPO	-5.662490
APOF	-5.215332
DWID	-5.458370
OOKG	-5.516362
OKGR	-6.361460
KGRE	-6.060430
EPWO	-6.060430
PWOO	-6.361460
TYDA	-5.759400
PYSO	-6.361460
OFTT	-4.899062
FTTE	-6.361460
NRAI	-5.583308
UMID	-6.361460
HBES	-5.759400
JOYU	-6.361460
OYUP	-6.361460
ILIC	-5.662490
ASSK	-6.361460
PIDR	-6.060430
IDRI	-5.662490
EESB	-6.060430
WBUD	-6.361460
BUDD	-6.060430
UDDI	-5.361460
HSPR	-5.407217
FACY	-6.361460
ACYP	-6.361460
HIDW	-6.361460
LCAM	-5.516362
RANF	-5.583308
LIPP	-4.645456
ARUS	-5.157340
CWHO	-5.759400
RLFR	-6.361460
EAIM	-6.361460
AGUN	-5.662490
EDSW	-5.106187
WWRI	-5.759400
SHRA	-5.662490
NDGN	-6.060430
DGNA	-5.884338
INIV	-5.884338
NIVO	-5.583308
LHAT	-6.361460
KSIL	-5.759400
REAU	-5.247516
EAUG	-5.662490
SOBY	-5.407217
YDAI	-6.060430
YVOW	-5.884338
OWSR	-5.583308
WSRO	-6.060430
KSMY	-5.516362
SUNO	-5.458370
EZES	-5.106187
ZESO	-5.407217
ILSN	-5.759400
OWDR	-5.361460
WDRE	-6.060430
HSFR	-6.361460
VAIT	-6.361460
OAHI	-6.361460
AHID	-5.458370
OUNH	-5.759400
RAAT	-6.361460
AATT	-5.884338
SENW	-6.361460
EIMB	-5.583308
AHOR	-4.946486
ZEHI	-5.759400
SPEO	-5.662490
BOYA	-5.361460
OYAS	-6.060430
LLSC	-5.185368
MIDR	-5.759400
TMEG	-5.583308
EGOH	-5.361460
ANOG	-6.361460
BOYY	-6.361460
EGOM	-6.060430
ASYN	-6.361460
DICH	-5.583308
ISMF	-5.884338
SMFR	-6.060430
LPUN	-5.662490
EPME	-5.516362
PMEF	-5.884338
HETS	-5.215332
HCAR	-5.458370
RTIG	-6.060430
TIGR	-5.516362
HEXU	-6.361460
SHTR	-5.662490
MPHC	-6.361460
PHCL	-6.361460
HCLA	-6.060430
DSIE	-6.361460
MYIS	-6.060430
ROYH	-5.759400
APOR	-4.653889
YMAL	-5.458370
UWON	-5.407217
GEIO	-6.060430
DHID	-5.320067
CEIE	-6.361460
UNGN	-5.662490
OSEJ	-5.583308
SEJO	-5.407217
OYIM	-6.361460
KEFA	-5.884338
ATHR	-5.320067
OTIB	-6.060430
LSUF	-5.759400
ROBB	-5.019037
YLAW	-5.759400
EFIB	-5.884338
YSIH	-5.759400
IHAU	-6.361460
ABUR	-5.458370
FYWE	-6.361460
LFWO	-5.759400
FWOU	-5.759400
ENYH	-6.060430
LEXE	-5.662490
RMYB	-5.407217
ADKI	-5.516362
RTAC	-6.060430
WNEY	-5.516362
LICR	-5.583308
MMAL	-5.759400
MPHR	-6.361460
PHRE	-5.157340
SMEY	-6.361460
OYMY	-5.884338
MNSM	-6.361460
MLIV	-5.884338
FITU	-6.060430
LEBA	-5.131011
BMIS	-5.884338
FABJ	-5.884338
CTSL	-6.060430
UMYA	-6.361460
YARC	-5.131011
OISW	-6.060430
ILID	-6.361460
LLCU	-5.320067
LCUR	-5.516362
NISD	-6.060430
SIFA	-4.963520
MAHU	-6.060430
KEIW	-6.361460
OLEK	-6.060430
FBLI	-5.884338
UISR	-6.361460
UEWE	-5.884338
ELOH	-6.361460
PPYL	-6.361460
PYLE	-6.361460
CAMY	-6.361460
AMYF	-5.759400
AMBA	-5.759400
MBAN	-5.583308
EKID	-6.361460
KIDT	-6.361460
OGLU	-6.060430
LUTM	-6.361460
FDRI	-5.516362
LRIP	-5.884338
RIPE	-5.247516
IPEN	-6.060430
UISP	-6.060430
FPOW	-5.583308
TYPI	-5.458370
SEEC	-5.407217
IZET	-5.185368
LBEY	-6.060430
ILPA	-5.759400
GUET	-5.361460
AGOY	-5.884338
UBYT	-6.361460
WIWI	-5.759400
LLFL	-5.131011
LOWQ	-6.060430
WQUI	-5.320067
MYDY	-6.361460
YDYI	-6.361460
GMOM	-5.662490
OTCU	-5.884338
KERH	-5.583308
GEEF	-5.884338
OTSY	-6.361460
HHOL	-5.247516
TOWY	-6.060430
WNAD	-5.662490
URTR	-5.131011
MPHB	-6.060430
PHBY	-6.361460
HBYA	-5.583308
OTIE	-5.759400
NOAF	-6.361460
IABH	-5.759400
OMPU	-5.320067
GFAC	-5.157340
OCOP	-5.458370
GPAU	-6.361460
RESD	-6.060430
MNOA	-5.884338
UESK	-5.884338
KYOF	-6.361460
RNSM	-6.361460
UGRA	-6.361460
YERW	-5.662490
HUNU	-5.759400
UNUT	-6.361460
NLYQ	-5.759400
KLYL	-6.060430
DULA	-5.247516
ZONW	-5.884338
AVYA	-5.583308
VYAN	-5.662490
EPSS	-5.759400
PSSL	-6.361460
ETFI	-5.361460
SIAD	-6.060430
FWAY	-5.157340
UDSP	-6.060430
RKPI	-6.060430
KPIN	-5.884338
DOHS	-5.759400
OHST	-5.662490
IFYE	-5.247516
FYER	-5.759400
YMEC	-6.060430
SNOU	-5.516362
WILI	-5.361460
RYBL	-5.516362
ADUL	-5.407217
ULLU	-5.458370
LLUG	-6.361460
LUGL	-6.361460
IROC	-6.361460
UMEM	-5.884338
XITO	-6.361460
KNOR	-5.884338
EVAE	-6.361460
VAEV	-6.361460
AEVE	-5.884338
YHAG	-6.060430
AGGA	-5.583308
DNOQ	-6.361460
AKIF	-6.361460
BANA	-5.884338
IFNE	-5.884338
OYCO	-5.759400
MYET	-5.157340
OSAV	-5.320067
FECH	-6.060430
RKIF	-5.759400
DFIE	-5.407217
SHPH	-6.361460
FOBT	-5.759400
OMTA	-5.662490
OLYW	-5.884338
NBYF	-6.361460
BYFI	-5.759400
GBLA	-5.282278
DEIP	-6.361460
IPPL	-5.019037
MFAI	-6.060430
NIME	-5.320067
RMYR	-5.516362
VOWI	-5.884338
WITR	-5.884338
UTDR	-5.759400
TREB	-5.407217
YONU	-5.662490
SEXO	-5.884338
XORD	-6.060430
RDIU	-6.060430
TIEO	-6.361460
NCYY	-6.060430
NAYY	-6.060430
AYOC	-5.884338
FILO	-5.759400
TORG	-5.583308
RUSB	-5.759400
GAHO	-5.884338
AHOL	-5.082706
UOBJ	-6.361460
WNUS	-6.060430
YILI	-6.361460
EMNP	-5.884338
MNPR	-6.060430
AKOR	-6.060430
KORI	-6.060430
STIV	-5.039240
DBOW	-4.981248
FAUN	-6.361460
AUNI	-5.516362
GCOR	-5.884338
YLOA	-5.662490
LCAP	-5.361460
FHID	-5.662490
LILO	-5.458370
KLYB	-5.662490
ONDF	-5.458370
SDIC	-5.759400
RAGU	-5.662490
LEIU	-6.361460
EIUR	-6.361460
IURG	-5.884338
FTAK	-5.884338
HAJO	-5.884338
IODC	-6.361460
NALK	-6.361460
OENS	-5.884338
LDJO	-5.583308
DEIC	-6.361460
KYET	-5.282278
ULYI	-5.759400
NAYH	-6.060430
YHEN	-5.583308
NRYM	-6.361460
YFOE	-5.884338
FOEI	-6.060430
OEIF	-6.361460
SKOR	-6.060430
RDIP	-6.361460
NENF	-6.060430
RMYJ	-6.060430
GHAU	-6.060430
HFIL	-6.361460
CKSE	-5.106187
KSEX	-6.060430
WMEW	-5.884338
HTGO	-5.407217
IODD	-6.060430
WMEA	-5.884338
TIAG	-6.361460
YMYJ	-6.361460
SCED	-5.884338
OBID	-6.060430
BIDM	-6.361460
HMEF	-5.759400
DUNO	-6.060430
UNOB	-5.215332
RNEO	-5.759400
UPYM	-6.361460
PYME	-6.361460
UESI	-5.583308
NUSH	-6.060430
TRIS	-5.082706
NEWD	-5.759400
YHEP	-5.759400
OWIE	-5.884338
WIEN	-6.361460
DBYG	-5.516362
BYGL	-5.884338
EGOL	-4.914302
UNRI	-5.082706
HHAU	-5.759400
YACU	-5.759400
ROTT	-5.361460
DAMW	-5.583308
IPPI	-4.598032
OWYI	-6.361460
WYIS	-6.361460
YISL	-5.361460
WNSW	-5.884338
ANNH	-6.361460
NNHE	-6.060430
FTHF	-6.361460
AINZ	-6.060430
INZT	-6.361460
NZTH	-6.361460
ZTHE	-6.361460
WMAI	-6.060430
INZB	-6.361460
NZBE	-6.361460
ZBEC	-6.361460
LLSN	-5.583308
AWMA	-5.884338
NYRU	-6.361460
BYBL	-6.060430
CKWO	-5.361460
KWOO	-5.583308
RLYV	-6.060430
LYVA	-5.282278
RIEG	-6.361460
IEGA	-6.361460
POTY	-6.060430
UVIE	-5.215332
IEWR	-6.060430
EWRU	-6.361460
WRUG	-6.361460
LLSR	-5.759400
LSRU	-6.361460
GTRE	-6.060430
ARKR	-5.458370
RKRH	-6.361460
KRHI	-6.361460
GVIN	-6.361460
GBAN	-6.060430
GRIV	-6.361460
DPOP	-5.884338
SWEG	-5.516362
WEGL	-5.662490
SSBL	-5.662490
KYIS	-5.759400
YHEF	-6.361460
IRYL	-6.361460
MTAS	-5.884338
VEVI	-5.583308
RIWH	-6.361460
YEBY	-6.060430
RGAY	-6.361460
YATE	-5.407217
AOFW	-5.884338
SDAS	-5.516362
IRDY	-6.361460
MIDT	-5.019037
FLAV	-5.583308
PAYS	-5.407217
DEVA	-5.662490
EVAU	-5.516362
VAUD	-6.361460
AUDB	-6.361460
TRYV	-6.361460
KATT	-4.708247
FLAB	-5.884338
ATVI	-5.247516
NOHS	-5.884338
OHSU	-6.361460
OPIL	-5.458370
TRYC	-5.884338
WITD	-5.759400
SOEM	-6.060430
OEMI	-6.060430
YPOE	-6.060430
CIMA	-6.361460
CHUS	-5.516362
XTER	-4.842946
GCAT	-6.060430
LROC	-6.361460
OWDF	-6.060430
WDFR	-6.361460
YEWO	-6.060430
NABB	-6.361460
BEYA	-5.884338
WEXI	-6.060430
NCIF	-5.884338
CIFU	-5.516362
ORYN	-5.884338
WROU	-5.361460
LESY	-5.282278
PYFR	-6.361460
NRYB	-5.282278
LOGN	-5.583308
OGNE	-5.583308
IDUS	-6.060430
TROT	-5.884338
ECEM	-5.282278
CEMB	-5.516362
CLIF	-5.320067
LIFF	-5.361460
IFFS	-5.247516
FFSO	-5.361460
LATB	-5.759400
TFER	-5.759400
AWTI	-5.884338
LBUR	-5.157340
URYF	-6.060430
WOOL	-5.361460
OLWI	-5.759400
WICH	-5.407217
PAUL	-4.999732
AULS	-5.662490
DCIT	-5.759400
TYCL	-6.060430
HTGI	-5.662490
OATR	-5.458370
ORYP	-5.583308
USYU	-6.361460
GJOY	-6.060430
ACKD	-5.407217
CKDE	-5.583308
IERP	-5.583308
HHEO	-5.884338
SOPU	-6.060430
IGNW	-5.516362
GNWA	-6.361460
OFEU	-5.583308
FEUR	-5.583308
ONIZ	-5.320067
DDEJ	-6.361460
TDEB	-6.060430
BARH	-6.361460
ESNA	-4.914302
NYCA	-5.215332
NIOF	-6.361460
WALS	-5.516362
ALSN	-5.662490
LSNE	-5.759400
EWCR	-5.662490
OITC	-5.583308
MAPE	-6.361460
RATG	-6.060430
DUSI	-5.215332
UCEU	-6.060430
CEUS	-5.884338
HIAB	-6.361460
OVIE	-5.361460
EWAG	-5.662490
FOCT	-6.361460
WFEB	-6.361460
EXPI	-5.361460
XPIR	-5.361460
TOED	-5.583308
OEDI	-5.759400
OROX	-6.361460
ROXF	-6.361460
ECUM	-5.884338
KESR	-5.662490
FJUL	-5.884338
LYIP	-6.060430
IPAC	-5.662490
DUPM	-5.662490
LSIH	-5.884338
FSCO	-5.247516
DWEQ	-6.361460
EERS	-4.357138
COAK	-6.361460
AKST	-5.516362
FGAM	-6.060430
EERW	-5.247516
LNOV	-6.361460
TOOX	-6.060430
OOXF	-6.060430
ALFB	-5.407217
ATEK	-6.361460
TEKI	-6.361460
FALK	-6.361460
ALKL	-6.361460
LKLA	-6.361460
KLAN	-5.361460
TGOR	-5.884338
QUEE	-3.819880
FELD	-6.361460
DERD	-5.583308
DADW	-5.215332
TMAG	-6.060430
FEXQ	-6.361460
SMAJ	-5.583308
MBOS	-6.361460
DTRE	-5.320067
EMBI	-6.361460
HBYT	-5.157340
YENN	-6.361460
NNUI	-5.884338
LINN	-5.361460
BOLT	-4.870098
BITW	-5.407217
CTAC	-5.185368
FWRE	-5.884338
ATOX	-6.361460
TOXF	-6.060430
DRAM	-5.185368
TOID	-5.516362
GEPO	-5.458370
SWEV	-5.759400
TOMB	-5.157340
OMBO	-5.458370
MBOF	-5.662490
BOFT	-5.458370
AMPD	-6.060430
MPDE	-6.361460
PDEN	-6.060430
RIOT	-5.215332
IOTF	-6.060430
FLIB	-6.361460
FSAC	-5.759400
DLOF	-5.884338
TYSP	-5.759400
FWEL	-5.458370
FTOX	-6.361460
XTPL	-6.361460
YWEV	-6.361460
SCAV	-5.884338
VOXA	-6.361460
OXAN	-5.458370
LJOU	-6.361460
NCYM	-6.060430
ETLI	-5.082706
KYST	-6.060430
OHEF	-5.759400
KESF	-5.361460
RNOV	-5.662490
ELYV	-5.516362
FCUM	-6.361460
URSC	-5.759400
LONF	-5.884338
WNEG	-6.060430
AKHI	-6.060430
HFEV	-6.361460
ISSN	-5.516362
BYMU	-6.060430
YERI	-5.662490
AWND	-6.361460
WNAH	-5.662490
NAHO	-5.320067
RSEU	-5.247516
MEIV	-5.884338
TCIT	-5.516362
ASOX	-6.361460
SOXF	-6.361460
TSRO	-5.583308
ICCA	-5.884338
TSTB	-6.361460
UPAR	-6.060430
DUSB	-5.759400
OMOO	-6.060430
MAGU	-6.361460
IDIE	-5.516362
JOYY	-6.361460
SBEO	-6.060430
NDEZ	-6.060430
DEZV	-6.361460
EZVO	-6.361460
ZVOU	-6.361460
RNIH	-5.884338
WNTE	-6.361460
TCHP	-5.215332
HMYW	-5.516362
EORK	-5.884338
KWHO	-5.106187
GHSI	-5.583308
OILW	-5.407217
ILWA	-5.131011
EGAU	-5.662490
GAUN	-5.361460
CRAG	-5.516362
AGGY	-5.247516
GGYL	-6.361460
GYLI	-6.361460
MBSG	-6.361460
BSGA	-6.361460
CHLU	-6.060430
HLUX	-6.361460
HWAT	-5.106187
SIHI	-5.759400
IHIR	-6.060430
HESQ	-4.999732
LIDN	-5.662490
IDNE	-5.247516
FFIT	-5.458370
SIOR	-6.361460
OKPO	-5.884338
KPOS	-6.361460
BENU	-6.060430
MBED	-5.320067
SILI	-5.458370
DUNM	-5.759400
NMOL	-5.662490
OLAB	-5.662490
EYRO	-5.282278
HVIN	-6.361460
RLAK	-5.884338
RTUM	-6.361460
LTIS	-5.662490
EGIA	-5.516362
DIRK	-6.361460
ITOI	-6.361460
HYPR	-5.884338
GEDD	-5.458370
CFRE	-6.060430
RENZ	-5.458370
ENZY	-5.583308
NZYH	-6.361460
DBLI	-5.282278
WIWE	-6.060430
LIGR	-6.361460
WRES	-5.320067
DNER	-5.583308
USEV	-5.516362
IWOR	-5.884338
MULO	-5.759400
FTOQ	-6.060430
RMIX	-5.583308
HOBS	-5.662490
SOMC	-5.884338
EAIH	-6.361460
AIHA	-5.884338
WDOI	-6.060430
KEIG	-6.060430
MPAC	-5.407217
PACT	-5.407217
OALR	-6.361460
SHPR	-5.583308
VEEU	-6.361460
EEUR	-6.361460
LDYE	-5.247516
LSWO	-5.759400
OPAG	-6.060430
IRIG	-5.759400
KSEN	-5.884338
ATSB	-4.884338
TFUT	-6.060430
RPES	-6.060430
CEPE	-5.407217
ANRA	-5.361460
NRAC	-5.583308
RTFA	-6.361460
UPIS	-5.759400
SAWB	-5.884338
AWBY	-6.361460
TAGH	-6.060430
AGHA	-5.131011
EGAZ	-5.516362
HIDH	-6.060430
SHDE	-5.884338
WILE	-6.361460
DLOC	-5.060430
GOPP	-6.361460
RMYW	-5.759400
DOWG	-6.060430
OWGA	-5.583308
WGAZ	-6.060430
IETM	-6.060430
EWFI	-6.060430
WFIS	-5.884338
GVES	-5.361460
PECK	-5.019037
ZEWA	-5.884338
TILM	-5.662490
ADDL	-5.106187
DDLI	-5.215332
OFOA	-5.884338
FOAR	-6.361460
YDOO	-5.247516
IFSO	-5.320067
OFTL	-5.106187
FTLY	-4.662490
OFOO	-5.662490
LTAP	-5.662490
HODW	-6.060430
UINV	-5.583308
POTP	-6.361460
FTSW	-6.060430
UICR	-6.361460
WISL	-5.759400
LTMA	-5.884338
ULAB	-5.516362
DOBR	-6.060430
LFEQ	-6.361460
SSSL	-6.060430
VEIB	-5.759400
IBEF	-5.662490
FUNW	-5.759400
USOW	-6.361460
MYIR	-6.060430
IRMM	-6.060430
NCOO	-5.282278
OLBL	-6.060430
LBLO	-5.407217
SETL	-5.759400
HADÆ	-6.361460
ADÆM	-6.060430
AMFI	-6.361460
SBOS	-5.884338
ORNM	-5.583308
OLTW	-6.060430
IGRO	-5.759400
DIEB	-6.361460
IEBU	-6.060430
UMYT	-6.361460
MYTY	-6.361460
YTYR	-6.361460
AMFE	-6.060430
MFEA	-6.361460
FASN	-5.662490
SNAK	-5.157340
NAKE	-4.963520
NOMM	-6.361460
UINF	-5.759400
ICTD	-6.361460
VILC	-5.759400
ILCE	-6.361460
LCEA	-6.361460
MNOC	-5.884338
OCOW	-5.662490
LIGO	-5.884338
IGOB	-6.060430
UONY	-5.759400
DVIL	-5.759400
USIG	-5.884338
ZEDH	-5.320067
OWYS	-5.759400
WYSW	-6.361460
SIBU	-5.884338
IBUR	-5.759400
XTVI	-6.361460
CTDI	-6.060430
RSOB	-5.884338
LYSN	-5.458370
HSST	-6.060430
PTHS	-5.320067
IRIL	-6.060430
RIDS	-5.458370
SNAY	-5.662490
NAYA	-6.060430
YAWI	-5.884338
TBAR	-5.516362
RENR	-6.060430
NROC	-5.583308
CKWE	-5.361460
KWEA	-5.759400
MIMO	-6.361460
SPOF	-5.516362
FADÆ	-6.361460
LFCR	-5.407217
SLEL	-6.060430
LITL	-6.060430
EPSL	-5.662490
PSLE	-5.458370
EPIH	-5.884338
ANKR	-5.516362
KEIA	-5.884338
EIAG	-6.361460
IFIB	-6.060430
ATHK	-5.884338
NELL	-5.060430
EAMY	-5.247516
ANOA	-5.106187
NCAK	-6.361460
WAFI	-5.884338
AFIS	-5.157340
GBOA	-5.060430
KETI	-4.817392
NYLO	-5.131011
YSYE	-6.060430
TPAC	-5.759400
KUPM	-6.060430
SEUT	-6.361460
SILS	-5.662490
AYBR	-5.320067
KISU	-5.884338
ISUM	-6.361460
UNLO	-5.282278
NLOC	-5.185368
YEDL	-5.884338
ANGL	-4.629066
NGIP	-6.361460
GIPA	-6.361460
BASK	-5.157340
MUPD	-6.361460
TUSN	-5.583308
GSSI	-5.884338
IFAF	-5.759400
ILMH	-6.361460
LMHA	-6.361460
SAWC	-5.884338
AWCL	-6.060430
AOFR	-6.060430
DEWO	-5.361460
TROC	-5.662490
DIBA	-5.019037
IBAN	-4.981248
SKIF	-5.407217
KIFF	-5.759400
WBOA	-6.060430
HSHU	-6.361460
GANX	-6.060430
NYEN	-5.884338
ICKC	-5.039240
CKCL	-5.247516
OKAD	-6.060430
KADV	-5.884338
EAIL	-6.361460
EGUR	-6.060430
GURG	-5.516362
URGL	-5.106187
RGLI	-4.829981
SKYB	-5.662490
KYBE	-5.884338
EZET	-5.662490
RUDD	-5.583308
CTPO	-5.884338
OATC	-5.361460
UDSH	-5.516362
ITSK	-5.662490
ELCU	-5.884338
LCUT	-5.516362
MURL	-6.361460
URLU	-5.662490
RLUL	-6.361460
DYMO	-6.060430
FIFO	-6.361460
COAS	-4.629066
FIAG	-6.361460
SLEN	-5.039240
ELAL	-5.884338
ARVA	-5.583308
DBUF	-6.060430
FABU	-5.361460
BYCL	-6.060430
ATFL	-5.282278
TFLE	-5.282278
LEWB	-5.583308
DYFU	-5.884338
ALAL	-5.458370
LLEF	-5.516362
APLU	-5.583308
KERS	-4.397672
AVYS	-5.583308
VYSW	-6.361460
LTSI	-5.516362
WALI	-5.407217
SBYF	-5.516362
FERU	-5.759400
FWAR	-5.185368
ARMJ	-6.060430
RMJO	-6.361460
OYTO	-5.516362
ARSG	-6.060430
RSGU	-6.361460
TEER	-4.629066
DROC	-5.516362
KYAP	-6.060430
SAWV	-6.361460
AWVE	-6.361460
WVES	-6.361460
DHAI	-4.999732
AILD	-5.759400
LDIR	-5.320067
RYIP	-5.884338
YIPE	-6.361460
OYAT	-5.884338
NFIX	-5.516362
HGES	-6.361460
AHOA	-6.060430
HTOY	-5.759400
RSIP	-5.884338
SORU	-5.662490
ORUD	-6.361460
LSOD	-5.516362
GRYC	-6.361460
NHOS	-5.185368
GUEC	-6.361460
WDRA	-5.884338
INNB	-6.361460
NNBU	-6.361460
MURI	-5.884338
WDAS	-6.060430
GTAP	-6.361460
OMRK	-6.361460
MRKI	-5.247516
RKIR	-5.247516
KIRW	-5.247516
SMRK	-5.884338
ITOG	-5.884338
RYAY	-6.060430
YAYS	-5.884338
SIRF	-5.583308
EEEN	-5.759400
FOLK	-5.215332
OLKS	-5.662490
LKSM	-6.361460
DMUR	-5.215332
WDIT	-5.583308
TNOP	-5.759400
NOPH	-6.060430
CALD	-5.185368
LDEB	-6.060430
ELMM	-6.060430
LMME	-6.361460
HOAP	-5.662490
ZENM	-5.884338
LAWD	-5.884338
AWDA	-6.361460
NIEL	-5.583308
IELN	-6.060430
ELNU	-5.884338
LNUG	-6.060430
NUGE	-5.884338
UGEN	-5.662490
ONGN	-5.039240
EYAC	-5.759400
RKNI	-5.282278
EKAB	-6.361460
WOMI	-5.516362
LATH	-5.282278
DROW	-4.842946
BEAH	-5.458370
NYVI	-5.759400
YVIO	-5.361460
CKMA	-5.131011
KMAR	-5.884338
ENEY	-5.361460
WANU	-6.361460
LEAU	-5.583308
UGUR	-6.060430
GURY	-6.361460
AWAB	-5.759400
WSTA	-5.157340
ITPU	-5.583308
TPUS	-5.662490
DRUB	-5.320067
IELW	-5.662490
ELWE	-5.583308
OTFR	-5.215332
PSEM	-6.361460
EMRK	-6.060430
WINO	-5.884338
YSUG	-5.759400
PBEI	-6.060430
UCKB	-5.060430
ECOI	-4.946486
ULNI	-6.361460
YETP	-5.759400
RORN	-5.662490
EAMF	-5.583308
IGAS	-5.759400
NRYO	-5.884338
FETW	-6.361460
WOIH	-6.361460
MSAW	-5.884338
INYB	-5.884338
OUCL	-5.516362
UCLE	-5.583308
LSIO	-5.662490
AFEV	-5.583308
ULIC	-5.247516
MOFJ	-6.361460
GMYN	-6.361460
TMYG	-5.583308
HSNA	-6.060430
NYBR	-5.759400
XTAP	-6.060430
REYF	-5.884338
CAYO	-6.060430
BOFW	-6.060430
WHEE	-4.748676
MADR	-5.662490
NAWR	-6.361460
BYGA	-6.361460
YGAO	-6.361460
GAOL	-5.759400
AOLE	-6.361460
URNK	-6.060430
RNKE	-5.884338
NKEY	-4.999732
SBOL	-5.320067
OLTS	-5.215332
TUSO	-5.247516
FADU	-5.759400
AHIR	-6.361460
EDNU	-5.884338
BADQ	-6.361460
UDEL	-5.759400
UTSY	-5.884338
FEEB	-5.361460
CEIB	-6.060430
UEIF	-5.759400
OTDR	-5.361460
UMUR	-6.361460
RIFA	-5.583308
LGOH	-6.060430
ATSN	-5.247516
MSEN	-6.361460
AFEC	-6.361460
IFEV	-5.320067
SONJ	-5.884338
RYED	-6.060430
YEDG	-6.361460
LTLA	-6.060430
CTIG	-6.361460
EWFE	-5.662490
UTUT	-6.060430
FBRU	-6.361460
FAMU	-5.662490
ANGM	-5.884338
TMRK	-6.361460
EMEK	-6.361460
DAPH	-6.361460
ANUR	-5.662490
EKSL	-5.884338
VIDL	-5.759400
EKDE	-6.361460
DMRK	-5.884338
NGIK	-5.884338
GIKN	-5.884338
GEAM	-5.884338
SHOS	-5.320067
HMUR	-6.361460
RMRK	-6.060430
VANE	-5.583308
OUIK	-6.060430
UIKN	-6.060430
NYOH	-6.361460
YOHT	-5.759400
OHTA	-6.060430
WINR	-5.884338
PREG	-5.361460
IWHI	-5.516362
HMYN	-5.662490
MYNU	-6.060430
NMEG	-6.361460
KHAP	-5.759400
GSOV	-5.458370
LITO	-5.662490
YMRK	-6.361460
ESSQ	-5.516362
SSQU	-5.247516
EMEG	-6.060430
MEGH	-6.361460
EGHA	-5.131011
WMEM	-6.060430
DSDR	-5.662490
NOHV	-6.361460
OHVE	-5.884338
HROB	-5.361460
OBBI	-5.185368
HTYW	-5.662490
URYM	-5.759400
TSRU	-6.060430
SSIZ	-5.247516
ZESA	-6.060430
PSEI	-5.516362
VELN	-6.361460
ELNE	-5.662490
GPUB	-6.361460
CLYA	-6.361460
URTT	-5.884338
URYR	-6.060430
NEUP	-5.282278
GAYO	-6.060430
WOEY	-6.361460
NRYL	-6.361460
RKOR	-5.458370
KORB	-6.060430
ORBS	-5.884338
RBSN	-6.361460
BSNE	-6.060430
LIDS	-5.320067
KLAS	-5.884338
VAWH	-6.361460
OONV	-6.361460
PGRO	-5.759400
MMES	-6.060430
HMEL	-5.662490
GMAL	-5.759400
IDRH	-6.361460
DRHO	-6.060430
PORI	-5.884338
YSMS	-6.361460
TSIO	-6.361460
ILOA	-6.361460
VIGI	-5.282278
IGIL	-5.282278
GILA	-5.320067
UTYR	-6.361460
HFIN	-5.662490
GAIM	-6.361460
AIMP	-5.884338
EMOC	-5.361460
DFEV	-6.060430
SIUR	-6.361460
IETU	-5.516362
ETUD	-5.516362
OKOU	-4.748676
RDAV	-6.361460
SELB	-5.458370
HAVR	-6.361460
AVRE	-6.361460
VRED	-6.060430
SMID	-5.215332
CKLO	-5.247516
KLOO	-5.361460
SHJO	-6.361460
SEEG	-6.060430
LEWM	-6.361460
WMEF	-5.884338
EMYQ	-6.060430
MYQU	-5.662490
IETH	-5.039240
DTIR	-6.361460
ASMT	-6.060430
NUMF	-6.361460
SDRU	-5.759400
DRUG	-4.999732
RUGO	-5.884338
UGON	-6.060430
FEOP	-6.361460
MYUS	-6.361460
YUSU	-6.060430
PTPR	-6.060430
EPDI	-5.884338
PDID	-5.759400
BYAK	-5.884338
NDSG	-5.215332
DSGR	-5.320067
MITG	-5.884338
RMEP	-6.361460
UDYS	-6.060430
DYSK	-6.361460
KYAB	-6.361460
RUCE	-6.060430
UCEW	-6.361460
USFU	-6.060430
MEAK	-6.361460
ALMF	-5.884338
LMFO	-6.060430
SBYI	-5.662490
TAXE	-5.759400
HODS	-5.282278
EDYT	-5.759400
EKAM	-6.361460
YIAB	-6.361460
ANOH	-5.407217
NOHN	-6.361460
BRET	-5.583308
ICNA	-5.662490
CNAT	-6.060430
LMEC	-6.361460
ISMB	-5.759400
SMBU	-5.759400
LABH	-6.060430
RLDD	-5.662490
WMYU	-6.361460
RYIE	-6.361460
RACH	-5.157340
WMEH	-6.060430
LTPR	-5.884338
IDEJ	-6.361460
DEJU	-6.361460
OORU	-5.759400
PPYJ	-6.361460
PYJU	-6.361460
IMUR	-6.060430
GMYI	-5.884338
MYIL	-5.884338
EIAV	-6.361460
KEFE	-5.759400
DUNN	-5.662490
ORSY	-5.884338
RETY	-5.759400
RNOE	-6.361460
WOEU	-6.060430
OEUP	-6.361460
YMAC	-5.884338
ODDR	-5.662490
ROPB	-6.060430
OPBY	-6.060430
PBYD	-6.060430
BYDR	-5.759400
ALMM	-6.060430
LMMI	-6.060430
NCOH	-5.662490
EICU	-6.060430
EFTP	-6.060430
FTPA	-6.060430
UINL	-6.361460
NSEY	-5.019037
SEEP	-5.583308
LEAY	-5.759400
RBYO	-5.662490
IGHU	-5.082706
HUPO	-4.946486
HMYU	-6.361460
SMYQ	-6.361460
BTSS	-6.060430
NEWR	-5.662490
WSDU	-6.361460
WEGR	-6.361460
EWOL	-5.759400
WOLD	-5.516362
TASB	-5.458370
UBYO	-5.884338
UMNS	-5.583308
MNSO	-5.759400
PYFL	-6.361460
EYOP	-6.060430
MYAI	-6.361460
YAIR	-5.458370
IRYD	-6.060430
IWEE	-5.884338
FLEB	-5.884338
FIWH	-6.361460
SAHV	-6.361460
AHVI	-6.361460
HVIC	-6.361460
UOBE	-5.884338
BEYM	-5.884338
UPTM	-6.060430
TYDO	-5.458370
FISE	-5.662490
LNEE	-5.662490
YTHT	-6.060430
OYEV	-5.884338
HIFH	-6.060430
VANQ	-6.060430
DADR	-5.516362
NNIL	-6.060430
EMEU	-5.662490
GSST	-5.458370
RMBA	-6.060430
PEYE	-5.583308
ULME	-5.662490
DVOW	-6.361460
UCEE	-6.361460
CEEI	-5.884338
RYSD	-6.361460
DIWR	-5.662490
OYIS	-5.583308
DOIC	-5.884338
OICO	-5.759400
URSF	-5.458370
NUSB	-5.759400
SIMO	-4.727991
RLWE	-6.361460
AWAC	-6.361460
WENJ	-5.884338
YEDD	-6.060430
RNTW	-5.884338
PORS	-5.516362
AHIT	-5.247516
EFSO	-6.060430
KTHU	-5.583308
WHOY	-5.662490
HOYE	-5.759400
DMUT	-5.320067
TOMN	-5.662490
USPU	-5.583308
IFFO	-5.361460
YFIE	-5.516362
SIFP	-5.884338
FMAG	-5.759400
GICP	-6.361460
ICPO	-5.662490
CPOW	-6.361460
RERV	-6.060430
MCOW	-6.361460
CFEE	-6.060430
GSBY	-5.759400
FHIL	-6.361460
DNIC	-6.060430
CIDC	-6.361460
TUNM	-5.759400
RETP	-5.759400
PASW	-5.662490
CORA	-5.282278
IANG	-5.282278
MOBE	-6.361460
OVIL	-5.884338
NZAA	-6.361460
DPIS	-5.759400
TOLS	-5.458370
DAGG	-4.770395
SGAI	-5.759400
ELUS	-5.247516
URBM	-6.361460
RBMY	-6.361460
BMYP	-6.361460
ALMH	-6.361460
LMHE	-6.361460
DAPR	-5.516362
ILPE	-6.060430
RVAD	-5.458370
YBYW	-6.060430
RNUP	-5.458370
LEMB	-6.060430
HOTB	-5.361460
SRAY	-5.884338
YSBY	-5.759400
NOPY	-5.884338
OPYW	-6.361460
AWMO	-5.884338
TALÈ	-6.361460
ALÈG	-6.361460
LÈGR	-6.361460
ÈGRE	-6.361460
OEMU	-6.361460
HTYJ	-6.060430
TYJU	-6.060430
YJUR	-6.361460
URAO	-6.361460
RAOP	-6.361460
AOPP	-6.361460
AHIF	-6.361460
MAYY	-5.759400
OYBE	-6.060430
IFAL	-5.583308
ELYJ	-6.060430
WEMO	-5.759400
ESRI	-5.458370
CREN	-6.361460
WIMM	-4.805157
YPEB	-6.361460
TLIE	-5.458370
NKLO	-6.060430
LPSH	-6.060430
AMPH	-5.407217
TREO	-5.082706
RNBO	-5.583308
FTAI	-6.361460
TRUF	-6.361460
UFFL	-4.963520
TWAF	-6.361460
FFLO	-5.583308
DHAY	-6.060430
ANKB	-5.662490
KBEN	-5.884338
ASPM	-6.361460
SPME	-6.361460
PMEA	-5.759400
DCLI	-5.407217
SEIG	-5.583308
CKOU	-5.583308
WROS	-5.759400
UDSS	-5.759400
VULT	-5.458370
RRAY	-5.361460
LBUS	-5.407217
YAHE	-5.516362
VYST	-5.884338
ALMD	-6.361460
LMDU	-6.361460
APIS	-5.361460
TOLW	-5.884338
TSHR	-5.662490
ROHP	-6.361460
OHPE	-5.759400
HPEA	-5.759400
ACEP	-5.458370
AFEB	-6.060430
ULVE	-5.759400
ULIP	-5.884338
LIPA	-5.157340
DANH	-5.884338
BATW	-6.361460
IMOM	-5.884338
UTHR	-5.516362
MSDR	-6.361460
DFIB	-6.361460
BREW	-5.247516
ODTR	-6.361460
DTIN	-5.583308
BSTH	-5.407217
MIHE	-5.759400
FCOV	-5.884338
ODLE	-5.516362
RMFL	-5.884338
MFLU	-5.884338
LBIE	-6.361460
BIER	-6.060430
GSCL	-5.884338
MEIE	-6.060430
EIES	-6.361460
KIMI	-6.361460
EPIR	-5.516362
PIRU	-6.361460
ASPW	-6.361460
SPWA	-6.361460
TOIS	-5.516362
LHUN	-5.884338
NWIN	-5.082706
OJEE	-6.361460
JEER	-5.759400
SHFI	-5.884338
GAPI	-5.282278
TOLF	-5.884338
OLFR	-6.361460
SOMF	-5.662490
GPLU	-5.884338
TOLB	-6.361460
OLBR	-6.361460
OMIP	-6.060430
MIPO	-6.361460
IPOI	-5.759400
DWEF	-5.516362
THBO	-5.039240
HBOA	-5.407217
SNET	-6.361460
PBYM	-6.060430
IESG	-5.361460
DVIN	-5.583308
UNKE	-5.131011
REXH	-5.884338
ILMC	-6.361460
LMCO	-6.060430
MCOV	-6.060430
MYSK	-5.662490
YSKI	-5.583308
IFBY	-5.407217
FBYI	-6.060430
NCTC	-6.361460
TCRA	-5.407217
IHUN	-6.361460
HTSR	-6.060430
SRAM	-5.282278
CTSR	-6.060430
DEAM	-5.282278
VAWI	-6.361460
TIHI	-5.662490
OROW	-5.884338
OARM	-5.884338
EOAR	-4.884338
DSGA	-5.884338
IFIL	-5.583308
AWSC	-5.884338
SHPL	-6.361460
HTLO	-5.407217
TLOW	-5.282278
ADSN	-5.759400
MMEE	-6.361460
RACM	-6.361460
ACME	-6.361460
CMEA	-6.060430
DATG	-6.361460
VAMY	-6.060430
UNKU	-5.458370
LEOL	-5.282278
NVAC	-6.361460
GFEW	-6.361460
SCLI	-5.247516
GSMO	-5.407217
SBED	-5.019037
OTIL	-5.884338
DIDR	-5.516362
AMTT	-6.361460
MTTH	-6.361460
NTVA	-5.759400
OLYF	-6.060430
IGAI	-5.759400
YCEL	-6.060430
NLIB	-6.060430
ENAU	-5.407217
SSGI	-6.060430
SIAW	-5.884338
LEDÆ	-6.361460
GRAG	-5.759400
ASPT	-5.759400
SPTO	-6.060430
AKAG	-5.884338
OACR	-5.458370
YERO	-5.662490
RADR	-6.060430
ODMY	-5.662490
LMIH	-6.361460
RTAR	-5.082706
OSEQ	-5.759400
FLYB	-5.662490
EUNM	-5.247516
EFWA	-5.759400
YNAR	-5.320067
MIAC	-6.060430
EIZU	-6.060430
IZUR	-6.060430
ZURE	-5.407217
UTOE	-6.361460
WNAU	-6.060430
ALFK	-6.060430
LFKI	-6.060430
TISG	-5.516362
RYAI	-6.361460
YAID	-6.361460
UITB	-5.759400
BITC	-6.361460
TCAV	-6.060430
REYB	-5.759400
FERP	-6.060430
EUPY	-5.759400
UPYO	-5.320067
OMOM	-6.361460
UNSP	-5.106187
AKAB	-5.082706
TDEM	-5.458370
LFEI	-6.361460
NZYI	-6.361460
RTYR	-5.884338
TYRS	-6.361460
YRSO	-6.361460
VANM	-6.060430
NMAG	-5.320067
ROIS	-5.759400
IUMM	-6.361460
OWIG	-6.060430
WIGN	-6.361460
HOUI	-5.759400
OMCE	-5.662490
MCEA	-6.361460
YIBR	-6.060430
LVOL	-6.060430
YBYF	-5.583308
BYFU	-6.060430
IUMO	-6.060430
UITG	-6.361460
ITGE	-5.583308
EVAF	-6.361460
VAFO	-6.361460
LIPR	-6.361460
WMYW	-6.361460
FEIH	-5.884338
TPOR	-5.516362
MBSU	-6.060430
BSUP	-5.884338
NDYP	-6.361460
DYPL	-6.361460
NGEK	-6.361460
GEKE	-5.583308
URSR	-6.060430
OMBW	-6.060430
MBWH	-6.060430
BWHI	-5.516362
OANU	-5.407217
ASFE	-5.320067
EFWH	-6.060430
KLYG	-6.060430
MIMU	-5.884338
DKIS	-6.060430
GLIP	-6.060430
PSEX	-5.884338
HONW	-6.361460
EELB	-5.131011
ELBY	-5.884338
LBYT	-5.662490
LISW	-5.884338
HEEO	-5.407217
ICTF	-6.060430
ORKL	-5.884338
KLET	-5.106187
SHMO	-5.458370
IMFE	-6.060430
YADJ	-5.759400
AWEW	-6.060430
WEWH	-5.516362
IESP	-5.361460
CHOK	-5.282278
HOKE	-5.407217
SREE	-5.662490
HMOC	-6.361460
NZYA	-6.060430
LELU	-6.060430
ASPS	-5.662490
SPSU	-6.361460
PSUD	-5.884338
ISGH	-5.662490
SGHA	-6.361460
ASKG	-6.060430
SKGU	-6.361460
KGUI	-6.361460
TVAI	-5.759400
LUEM	-5.884338
RBYN	-5.759400
KSEA	-5.759400
IPBU	-5.320067
FTAR	-5.458370
AALT	-6.060430
DIEL	-6.361460
IELE	-6.060430
SHUG	-5.458370
UGES	-5.458370
ONYU	-6.361460
XTRI	-5.759400
ANKU	-6.060430
NVOK	-5.458370
DRYT	-6.361460
UDWO	-6.361460
DIMT	-5.759400
SKYS	-5.662490
KYSH	-5.884338
EWDR	-5.516362
WDRO	-5.662490
OPST	-5.516362
FLYC	-5.759400
DIGE	-5.215332
ORIB	-5.759400
DUTE	-6.361460
ILSF	-5.407217
RCOO	-5.282278
STEJ	-6.060430
TEJO	-6.060430
OYOB	-6.361460
MSLU	-6.361460
SLUL	-6.361460
ATGU	-5.884338
THSV	-6.361460
HSVO	-6.361460
ELDC	-5.884338
ATOI	-5.662490
JOYR	-6.361460
OYRE	-6.361460
EMHO	-5.583308
YHAU	-5.583308
SKEN	-6.060430
MIPU	-6.361460
RCUT	-5.361460
EGIB	-6.060430
ETEF	-6.060430
UFOL	-5.759400
UEND	-5.759400
GDEV	-5.884338
DOIV	-6.361460
OIVO	-6.060430
VOWV	-6.361460
WVEN	-5.884338
HNEV	-5.583308
PMYS	-5.583308
RCHU	-5.884338
ORIP	-6.060430
TECS	-6.361460
LLIJ	-6.060430
LIJO	-6.361460
HOEV	-5.185368
LEPI	-5.215332
RHOV	-5.884338
RDYV	-6.361460
DYVE	-5.884338
IRHI	-5.458370
HICE	-5.884338
FMAI	-6.361460
PHOF	-6.060430
FTWA	-5.516362
NWRA	-5.884338
RAPY	-6.361460
APYO	-5.884338
ONAJ	-6.361460
NAJO	-6.060430
NVIG	-6.060430
ZONO	-6.361460
UESE	-5.361460
HCOV	-5.583308
EANF	-5.247516
LTDO	-5.884338
ULLH	-5.320067
RYSG	-6.361460
SGIB	-5.884338
DDOG	-5.583308
OGSA	-5.662490
WSWI	-5.583308
WGAI	-6.060430
HSOT	-5.282278
AMLE	-5.583308
REII	-6.060430
ICMO	-5.458370
CMON	-6.361460
HAGU	-5.884338
GUNA	-5.516362
NYPI	-5.583308
YPIS	-5.884338
LSPU	-5.884338
ICAP	-5.884338
CAPP	-5.759400
RAWW	-5.884338
USDR	-5.583308
OGSH	-5.662490
UCKV	-6.361460
CKVI	-6.060430
KVIL	-6.361460
ZENB	-6.060430
DSTC	-6.060430
GEND	-5.185368
UNNY	-5.060430
YTID	-5.759400
DHOV	-5.662490
GEIP	-6.361460
ZENO	-5.407217
GAPL	-5.884338
FAJU	-6.060430
ARTC	-5.407217
RTCO	-5.583308
DGUE	-5.759400
NWRU	-6.361460
WRUN	-5.583308
REYA	-5.407217
UNKB	-5.759400
OILG	-6.361460
ILGA	-6.361460
RKSP	-5.458370
ECKU	-6.060430
USKY	-5.407217
SKYP	-6.060430
KYPL	-6.361460
OHWI	-6.361460
NGGU	-5.407217
GGUS	-6.361460
USHD	-5.884338
MTEA	-6.361460
YWIP	-6.361460
IPED	-5.662490
GDRO	-5.759400
OPSU	-6.361460
ILGI	-6.361460
OGSO	-5.884338
EMAP	-5.583308
MAPL	-5.759400
CKCO	-5.039240
GCRA	-5.583308
RAGS	-5.320067
AGSI	-5.884338
GSII	-6.060430
IIND	-6.361460
EYIB	-6.361460
FOEM	-6.361460
OEMY	-6.361460
SROL	-5.215332
REOM	-5.884338
CIPR	-5.662490
AROA	-5.583308
HTYS	-5.662490
PLIT	-5.106187
ATUM	-5.759400
FTDR	-6.060430
SDIE	-5.583308
DIMY	-5.884338
SELR	-6.361460
LRID	-5.884338
HTIQ	-6.361460
YEDP	-5.884338
CTOA	-6.060430
MYIC	-6.060430
AFTI	-5.458370
ERCY	-5.247516
YVIG	-5.884338
UNFU	-5.662490
DOHW	-6.361460
EORM	-5.516362
DOSW	-6.361460
RKCR	-6.060430
KCRI	-5.516362
RMFU	-6.060430
LHOV	-5.884338
ONAU	-5.884338
FICS	-5.516362
CSTO	-5.759400
OWCU	-5.662490
WCUR	-5.759400
CURD	-5.759400
URDL	-5.662490
HSUD	-5.884338
NUEH	-6.060430
ETPI	-5.458370
NGUT	-5.662490
GUTT	-5.458370
UILV	-6.361460
ILVO	-6.361460
VOLC	-5.583308
OLCA	-5.458370
OBUR	-5.131011
UTHY	-5.662490
IPBR	-6.361460
PBRO	-6.361460
MLOS	-6.060430
SSCU	-5.458370
ITYL	-5.759400
MUTI	-5.157340
OULH	-5.583308
NKUP	-5.458370
KUPB	-6.060430
PBYT	-5.247516
IUMH	-6.060430
UMHE	-5.884338
MHEB	-5.884338
NCYB	-5.361460
HOVI	-5.884338
TEWO	-5.361460
THGI	-6.060430
NDAQ	-5.662490
CINC	-5.662490
NRUI	-6.361460
ELHI	-5.583308
HEIB	-6.361460
ACOO	-5.361460
OOLN	-5.662490
OWAW	-5.516362
WAWA	-5.884338
RKIH	-6.060430
SSAO	-6.361460
SAON	-6.361460
EERN	-5.662490
MELO	-4.999732
SVIV	-5.884338
VIDY	-6.361460
IDYE	-5.320067
WICA	-5.583308
RODH	-5.884338
WEXU	-6.361460
WBUR	-6.060430
SIMB	-6.361460
GHHO	-5.583308
NKOH	-6.361460
KOHM	-6.361460
FDEG	-6.361460
CYRA	-6.361460
RTAH	-5.662490
RAFR	-5.662490
MIWO	-5.583308
UWAL	-6.060430
EAWR	-5.759400
WTIE	-6.361460
WOUR	-5.884338
MODI	-5.060430
CANJ	-6.060430
ANJU	-5.458370
RABR	-5.759400
CHSY	-5.884338
FRAU	-5.458370
RAUD	-5.759400
AUDO	-6.361460
UDOR	-5.884338
HHAB	-6.361460
GNFR	-5.759400
EUTI	-6.361460
MIGA	-6.361460
IEMY	-6.060430
RDIW	-5.759400
BYMO	-5.407217
FNOE	-6.361460
BRAV	-4.781676
PESD	-5.884338
EIFW	-5.662490
MADS	-5.407217
AITM	-6.060430
RNYE	-6.060430
PEOH	-6.361460
RENY	-6.060430
TEGU	-5.662490
HHEV	-6.361460
SMEH	-5.583308
RNAV	-5.884338
ULAU	-6.060430
GURI	-6.361460
RGIE	-5.583308
EMOL	-5.458370
LLVA	-6.060430
GCRU	-5.662490
LGLI	-5.884338
KSAG	-5.884338
BSHA	-5.282278
EYFE	-5.583308
BEOP	-5.759400
ESHD	-6.060430
SHDA	-5.759400
HDAN	-6.060430
ADIY	-6.361460
DIYE	-6.361460
IYET	-6.361460
IFSE	-6.060430
SETF	-5.019037
LDII	-6.361460
IINJ	-6.361460
RCEE	-5.884338
EKSF	-6.361460
KSFL	-6.361460
IGND	-6.361460
GNDI	-6.361460
SAGL	-5.884338
SITG	-5.583308
ITGL	-5.583308
RNSE	-5.106187
OBRA	-5.458370
EHAI	-5.019037
WBEH	-5.662490
ICTR	-6.060430
USHR	-6.361460
NKAW	-5.759400
RMFI	-5.884338
SCOW	-5.583308
OHBE	-6.361460
UFFA	-5.039240
TIGM	-6.060430
GMAO	-6.060430
MAOF	-6.361460
AOFD	-6.361460
FOUG	-5.583308
EFOE	-5.759400
FOEH	-6.060430
OEHE	-5.759400
MODU	-6.060430
FLOF	-6.060430
FTYD	-6.060430
EMFA	-5.884338
KINL	-5.759400
TEIK	-6.060430
MENU	-5.662490
BYID	-6.361460
PSSE	-5.759400
ESBL	-5.320067
YCOW	-6.060430
CKIG	-6.060430
KIGN	-6.060430
REPH	-6.361460
MRET	-6.060430
MWAF	-6.361460
UIWI	-6.060430
DSSP	-5.759400
RILB	-6.060430
ZESP	-6.060430
ANGF	-5.282278
FTUM	-5.884338
OUSJ	-5.407217
USJO	-5.759400
OYBR	-6.060430
EMLO	-5.583308
MLOU	-6.361460
SDOZ	-6.060430
DOZI	-6.361460
OZIN	-5.884338
MUNW	-6.060430
RNDO	-5.662490
NDOS	-5.583308
OSOI	-5.407217
OIFY	-5.759400
AYGI	-5.361460
HSUF	-6.361460
HSAY	-5.662490
LLBA	-5.215332
PTBU	-5.662490
GMEC	-6.060430
LFJU	-6.361460
UCTN	-6.361460
DOIF	-6.060430
ITBL	-5.583308
SICR	-5.662490
ARAM	-5.361460
RYUR	-6.361460
EWIR	-5.884338
DEXQ	-6.361460
DOIK	-6.060430
OIKN	-5.516362
TUEY	-6.361460
UEYE	-5.662490
LBAL	-5.759400
AYES	-4.963520
UMYJ	-6.361460
NKRI	-6.060430
KRIG	-6.060430
URBS	-5.759400
RBSM	-6.361460
BSME	-6.361460
MSFA	-6.361460
FBEE	-5.361460
HEXH	-6.361460
EBLY	-5.884338
IPSM	-5.407217
UTIJ	-6.060430
TIJO	-6.361460
IJOU	-5.884338
EZEB	-5.759400
ZEBL	-5.884338
OWSF	-5.157340
WSFA	-6.060430
HOND	-5.884338
CKSC	-5.662490
KSCA	-5.662490
ANVO	-5.662490
NVOI	-5.662490
THOA	-5.361460
BINW	-5.407217
IEIM	-6.361460
INEG	-5.320067
TDIZ	-6.361460
ULCA	-5.361460
PHEI	-5.884338
HEIE	-6.361460
IMHU	-6.361460
TTEX	-6.361460
EXTU	-5.884338
MMYW	-5.759400
IDIB	-5.458370
GISW	-6.060430
EIWH	-6.361460
HOIR	-6.361460
OIRR	-6.361460
HEEB	-5.407217
DSUG	-5.407217
FOBE	-5.884338
EDYI	-5.407217
GREQ	-6.361460
WSUS	-6.060430
SOSC	-5.662490
ISUG	-5.884338
ADUR	-6.361460
CALV	-5.247516
ALVE	-5.282278
UEDP	-6.060430
PSEH	-5.884338
HPOR	-5.583308
CTOM	-6.361460
YTOV	-6.361460
ALIR	-5.662490
RTBR	-5.884338
EIPI	-6.060430
AIRU	-5.320067
IRUP	-5.320067
WNEN	-6.060430
NVYA	-6.361460
BEYY	-5.884338
DNAY	-5.662490
IOTI	-5.662490
ODUR	-5.759400
GNBE	-6.361460
FELO	-5.458370
NIAG	-5.884338
SREK	-6.361460
NEOV	-5.583308
WATO	-6.060430
OAPI	-6.060430
FBUI	-6.361460
LLHY	-6.361460
LHYP	-6.361460
OTPI	-5.884338
UBYW	-6.361460
EEKN	-6.361460
AYIE	-6.361460
TVIR	-5.759400
UEHA	-5.407217
THYI	-5.407217
IEIA	-6.361460
ROBR	-6.361460
BRIU	-6.361460
UMSH	-5.884338
RMWO	-5.884338
FUNF	-6.060430
LNOG	-6.361460
NOGU	-6.361460
IEFN	-6.361460
EFNO	-6.361460
NIRU	-6.361460
UNOV	-5.516362
HSUB	-5.759400
GELB	-5.884338
ELBE	-5.407217
VEAK	-6.361460
HHEG	-5.759400
SUMU	-6.060430
UMUP	-5.884338
CRAV	-5.407217
HODR	-6.060430
NTUM	-5.884338
TUME	-5.662490
UMEL	-6.361460
OSOU	-5.320067
MACU	-5.662490
ESPU	-5.185368
DKIC	-5.759400
KICK	-4.884338
WMYB	-5.884338
ODBO	-5.516362
DBOI	-5.583308
BOIL	-4.981248
AMAW	-5.516362
MAWR	-6.361460
ECIM	-5.039240
CIME	-5.247516
LHAU	-5.884338
IEFM	-4.981248
EFMY	-6.361460
BESL	-5.662490
AFTW	-5.247516
LPIL	-5.884338
NYCU	-6.060430
TUNQ	-6.361460
FUSB	-5.884338
USBO	-5.282278
WARB	-5.759400
ARBL	-4.946486
RBLI	-5.759400
IENO	-5.884338
BYCR	-5.884338
LILE	-5.884338
DSTS	-4.899062
EEKM	-5.662490
EKMY	-5.884338
KMYE	-6.361460
USEG	-5.884338
ODEU	-6.361460
DSTN	-5.583308
TCEA	-5.884338
CEGR	-6.060430
ELBL	-5.884338
KLEI	-5.662490
HSAD	-6.060430
MNEN	-6.361460
DEXU	-6.361460
LLSL	-5.082706
LSLE	-5.516362
PINP	-5.884338
LHES	-5.131011
LAYC	-5.458370
AYCL	-5.759400
RLOC	-4.336154
KHOL	-4.336154
HOLM	-3.693074
OLME	-3.693074
CONA	-5.662490
DOYL	-5.884338
OYLE	-5.884338
KISF	-6.060430
YITG	-5.884338
RREU	-6.060430
GLIC	-5.282278
KORO	-5.884338
ATWW	-5.662490
TWWW	-5.516362
WWWG	-5.407217
WWGU	-5.407217
WGUT	-5.407217
RGOR	-5.361460
OKTI	-6.361460
KTIT	-6.361460
ESAU	-5.662490
YLER	-6.361460
OKMO	-5.759400
KMOS	-5.884338
YUPD	-6.361460
PDAT	-5.583308
DOCT	-4.629066
NCOD	-6.361460
CODI	-5.884338
GUTF	-6.361460
UTFP	-6.361460
TFPR	-6.361460
ERGV	-6.060430
RGVO	-6.060430
GVOL	-5.662490
DJOS	-6.361460
JOSE	-6.060430
DEZS	-6.361460
EZST	-6.361460
ZSTA	-6.361460
YLEC	-6.361460
LINB	-5.759400
NBOH	-5.662490
BOHE	-5.157340
MIAI	-5.662490
IAII	-6.361460
AIIT	-6.060430
IITH	-5.082706
UEII	-6.361460
EIII	-5.759400
IIIA	-6.060430
TYIV	-6.060430
YIVT	-6.361460
IVTH	-5.759400
VTHE	-5.458370
EBOS	-5.157340
BOSC	-5.157340
MBEV	-5.516362
RYVT	-6.361460
YVTH	-6.361460
GEPI	-5.407217
EPIP	-4.817392
PIPS	-4.981248
SVIT	-5.884338
DLIP	-5.361460
LIPV	-6.361460
IPVI	-6.060430
PVII	-6.361460
VIIT	-6.060430
UECA	-5.516362
RBUN	-5.247516
BUNC	-5.157340
EVII	-6.060430
IIIT	-5.516362
NDIX	-6.361460
DIXT	-6.361460
UMBX	-6.361460
MBXT	-6.361460
BXTH	-6.361460
BACH	-5.082706
LORX	-6.361460
ORXI	-6.361460
RXIT	-6.361460
RYLC	-5.884338
YLCO	-5.884338
CORO	-4.621097
NETX	-6.361460
ETXI	-6.361460
TXII	-6.060430
XIIT	-6.060430
BEEC	-5.157340
ITOS	-5.583308
HEEC	-5.759400
EECL	-5.884338
XITW	-6.361460
NYEM	-5.884338
ONAK	-6.361460
NAKI	-5.662490
EABH	-6.060430
OLDP	-5.082706
GMAC	-5.884338
AGIB	-6.060430
EERT	-4.930096
EILF	-6.361460
ENSM	-5.516362
WADO	-5.884338
UBTU	-6.060430
BTUP	-6.060430
LTSG	-6.361460
ACRA	-5.019037
IGHP	-5.516362
GHPO	-6.361460
FDUB	-6.361460
DUBI	-5.583308
UBIO	-5.662490
BIOU	-5.583308
ETEH	-6.060430
EUPA	-5.185368
EBOH	-6.361460
MIAN	-5.458370
OULR	-5.884338
NBAK	-5.662490
DBOO	-5.215332
MWEE	-6.361460
EKBE	-6.361460
NCOC	-5.662490
COCA	-5.583308
OCAI	-5.884338
CAIN	-5.458370
EDRU	-5.060430
RUGA	-5.516362
WNKE	-6.361460
OMTI	-5.662490
TOTI	-5.458370
UEAC	-6.060430
EATK	-5.583308
TRIN	-4.930096
COMA	-6.361460
SSIK	-5.884338
TIET	-5.458370
OMAJ	-6.060430
TOCI	-5.884338
OCIV	-5.759400
HBAK	-6.361460
WOOI	-5.884338
SILH	-6.361460
HOUE	-5.884338
OUET	-6.060430
IFTL	-4.829981
BITH	-5.583308
RKAG	-5.884338
RUGC	-6.361460
UGCR	-6.361460
HOTU	-5.361460
WACR	-5.884338
FCIG	-6.060430
CIGA	-4.963520
IGAR	-4.946486
AGAS	-5.458370
ASOG	-5.884338
WEDL	-5.662490
NKWA	-5.131011
KWAT	-4.999732
LFPO	-5.884338
FPOU	-6.361460
DSSI	-5.361460
FLEM	-6.361460
WETL	-6.361460
LUMS	-5.185368
UMSY	-5.320067
MSYA	-6.060430
RLMY	-6.361460
EWCE	-6.361460
WCEN	-6.361460
ARYJ	-5.516362
CHUC	-5.282278
HUCK	-5.282278
GNER	-5.583308
FTSH	-5.662490
HOEJ	-6.361460
OEJU	-6.361460
IXAL	-6.361460
XALM	-6.361460
LELC	-6.060430
CUTS	-5.458370
YSCR	-5.516362
PEDR	-5.320067
DMUD	-6.060430
MUDF	-6.361460
UDFR	-5.759400
NVIL	-5.282278
BOOT	-4.727991
IFAG	-6.361460
MSSM	-6.361460
MELL	-4.781676
OFIO	-6.361460
FIOD	-6.361460
FNIT	-6.361460
FSIL	-5.458370
ABUL	-5.247516
BULG	-6.060430
LGEO	-6.361460
OPHA	-5.662490
HOSC	-6.060430
FDED	-6.060430
GALW	-6.060430
MBAF	-6.361460
ACIG	-5.583308
NISC	-5.282278
DUPF	-5.458370
ESOY	-5.759400
OWIK	-5.759400
WIKN	-5.759400
LEMS	-5.282278
OCHR	-5.662490
EWOV	-5.458370
CKPI	-5.759400
NKTI	-6.060430
OTEP	-5.662490
UUPO	-6.361460
EROY	-5.082706
YALH	-6.060430
UWEH	-5.759400
TOTW	-5.247516
ISTF	-5.662490
TFAC	-5.185368
UMAB	-5.759400
IFFP	-5.759400
FFPE	-5.884338
LHOL	-5.157340
GEEW	-6.361460
LGAP	-6.361460
GEGW	-6.361460
EGWI	-5.662490
LLTW	-5.583308
LTWO	-5.759400
KERN	-6.361460
RNOD	-5.759400
ONOG	-5.583308
GRAM	-5.019037
RAMR	-6.361460
HEGW	-6.361460
LLTS	-6.361460
EGER	-5.082706
ACUS	-5.662490
COPO	-6.361460
POFC	-5.516362
PAPI	-5.884338
HEEG	-5.458370
EEGL	-6.361460
USGL	-5.583308
TALG	-5.583308
ALGA	-5.320067
LGAZ	-5.662490
ZETT	-5.516362
OKDO	-5.516362
KDOW	-5.247516
AVYB	-5.407217
VYBR	-5.759400
WNVO	-5.759400
UMEF	-5.759400
OWEG	-5.884338
NITZ	-6.361460
EEGR	-5.759400
GRIA	-6.361460
LSBA	-5.884338
BADR	-6.361460
TSNU	-5.884338
SHAH	-5.759400
AHAM	-5.282278
AMYB	-6.361460
UPAG	-5.282278
PAGR	-6.060430
OUDF	-5.884338
SCIG	-5.884338
ERBS	-6.060430
RBSI	-6.060430
BSIT	-5.516362
SGER	-6.361460
IANP	-5.458370
RPSO	-6.361460
PSOU	-5.759400
LSAG	-5.884338
URBF	-6.361460
RBFO	-6.361460
BFOL	-6.361460
ARPP	-5.759400
RPPU	-6.361460
PPUL	-5.884338
IRBY	-5.662490
UEDG	-5.884338
FTYG	-5.583308
TYGU	-5.583308
RGOH	-5.884338
BITD	-6.060430
TDOC	-5.407217
BOSW	-6.361460
CLIE	-4.829981
TARM	-5.215332
RDOC	-5.884338
EUSY	-6.060430
EPWH	-5.759400
TAPC	-6.361460
APCO	-6.361460
PCOM	-5.361460
SIXF	-5.458370
IXFE	-5.583308
XFEE	-5.583308
DLIM	-5.583308
MBSO	-5.583308
BSOF	-4.981248
FAHE	-5.361460
ASAK	-6.060430
BADT	-5.884338
VYBA	-6.361460
TRAK	-6.361460
RAKH	-6.060430
EPBL	-5.884338
PBLU	-6.060430
UECL	-6.060430
THFL	-5.407217
ECKW	-5.039240
ROOC	-6.361460
OOCH	-5.662490
OCHW	-6.361460
GBER	-6.060430
RYLB	-6.361460
YLBO	-6.361460
TOPS	-4.914302
OPSW	-5.662490
FURC	-6.060430
FBAR	-5.583308
ICOP	-6.060430
COPU	-6.361460
PULE	-5.583308
SSUG	-5.759400
BRIM	-5.082706
EUPP	-4.884338
EKBO	-5.884338
KBON	-5.247516
KVIZ	-6.361460
VIZA	-6.361460
IZAR	-5.516362
LRAI	-5.884338
NPUS	-5.662490
ACYY	-6.361460
PHAR	-5.583308
RSHV	-6.361460
SHVO	-6.361460
HVOI	-6.361460
KEDG	-5.662490
SIFU	-6.361460
EDRW	-5.884338
DRWA	-5.583308
ELPM	-5.282278
LPME	-5.282278
PMEI	-5.759400
UNTV	-6.060430
TVON	-6.060430
VONK	-6.060430
ONKR	-6.060430
KRAM	-6.060430
ABOH	-6.060430
ANIU	-6.060430
NIUN	-6.361460
WRIS	-4.946486
EBYB	-5.662490
ECYF	-6.060430
HWEI	-6.060430
NEUR	-5.662490
YIPR	-6.060430
NDIY	-5.759400
DIYO	-5.361460
ASKC	-5.662490
SKCO	-5.759400
GEVI	-5.407217
HOEM	-6.060430
LOYS	-5.458370
OYSM	-6.060430
DRYL	-5.884338
YLYT	-6.361460
MSTE	-5.361460
FBOH	-5.458370
SOAW	-5.516362
UIDL	-6.361460
GFIG	-5.407217
NNOD	-5.662490
UBTD	-5.884338
BTDE	-6.060430
INEU	-5.583308
PEHO	-5.082706
WLYR	-5.320067
YREO	-5.884338
ICCL	-5.759400
CCLI	-6.361460
RMAJ	-5.106187
SKFR	-6.060430
HURL	-5.215332
STYH	-5.884338
WILH	-6.361460
ELMG	-6.060430
LMGO	-6.361460
MGOT	-5.884338
OTTS	-5.282278
TTSR	-6.060430
SREI	-5.759400
SIGI	-6.060430
IGIS	-6.361460
DVON	-6.361460
VONO	-6.361460
DDUK	-6.060430
DUKE	-5.157340
UKEO	-5.516362
FCAS	-5.662490
FELS	-6.361460
CANU	-5.516362
HBUS	-5.583308
UTPU	-5.458370
NCOG	-5.884338
PRAG	-6.361460
RAYC	-5.407217
GODU	-5.759400
THYV	-5.759400
HYVI	-6.361460
AWIM	-6.361460
BTFA	-6.361460
OUKI	-6.060430
UKIN	-5.884338
RUPI	-5.884338
DEXD	-6.361460
XDOC	-6.361460
FDOC	-5.884338
APHS	-5.516362
PHSC	-6.361460
RBIO	-5.884338
BIOG	-5.662490
IOGR	-5.583308
HYSA	-5.361460
AHEB	-5.884338
WRAB	-6.361460
ABBI	-5.320067
BBIA	-6.361460
AFFC	-6.361460
FFCO	-5.759400
APHU	-6.361460
PHUP	-6.361460
UMBO	-5.662490
MBOR	-6.060430
NEWJ	-6.361460
WJER	-6.361460
JERS	-6.361460
SEYI	-5.884338
TRAL	-4.759400
HUML	-6.361460
UMLA	-6.361460
ALAH	-6.060430
LAHU	-6.060430
HUMP	-4.698702
NNAI	-6.361460
NAIM	-6.060430
AWYE	-5.215332
OMOP	-6.060430
MOPE	-5.759400
RSBA	-5.215332
ACKP	-5.361460
GALP	-6.060430
LPAP	-6.361460
KMAI	-6.060430
MAIL	-5.458370
POOH	-5.583308
OOHP	-6.060430
OHPO	-6.060430
HPOO	-5.458370
OOHF	-6.361460
OHFO	-6.060430
YPHO	-5.282278
PHOT	-4.914302
APHB	-5.759400
PHBO	-6.361460
EPHO	-5.082706
PHOH	-6.361460
HOHD	-6.361460
BADY	-6.361460
STYM	-6.060430
DETW	-5.884338
PAYR	-6.361460
ERLU	-5.458370
RLUG	-6.361460
LUGG	-5.458370
UGGA	-6.060430
GGAG	-5.759400
DTWI	-5.185368
YLAI	-5.458370
APHT	-5.662490
PHTO	-5.884338
SOIH	-5.759400
NVON	-6.361460
VONS	-5.884338
NSAX	-6.361460
SAXE	-5.516362
AXEM	-6.060430
XEME	-6.361460
GENS	-6.060430
AVIA	-5.759400
VIAY	-6.060430
MAYK	-5.884338
AYKN	-6.060430
CTPR	-5.583308
FSTE	-4.963520
HYBE	-5.458370
CLYP	-6.361460
HAYA	-5.884338
ANGH	-5.759400
AMMT	-6.361460
MMTH	-6.361460
ROPY	-5.884338
OPYO	-5.157340
WWEP	-6.361460
RTEB	-5.215332
TEBL	-5.759400
YITE	-5.759400
TPHO	-6.361460
OKAH	-6.060430
KAHE	-6.060430
AVYC	-5.583308
VYCH	-5.662490
BAGF	-6.361460
AGFR	-5.884338
OAKA	-5.759400
EEHU	-5.320067
IBBL	-5.759400
OTEB	-5.583308
EMOI	-5.458370
YLOD	-5.157340
NUES	-5.361460
OHNS	-5.407217
HNSW	-5.884338
PHAC	-6.361460
YALB	-5.458370
AMRO	-6.361460
MROL	-6.361460
EEOC	-5.662490
UIIA	-6.361460
IIAT	-6.361460
OCKP	-5.759400
BEIW	-6.060430
IRYF	-5.759400
WOCR	-5.662490
ISKE	-4.899062
ISSY	-5.320067
SSYS	-5.516362
MOFW	-5.662490
KSUB	-6.060430
ODSB	-5.583308
DSBY	-5.516362
LKEM	-6.361460
KEMP	-5.884338
SKER	-5.157340
DSAM	-5.215332
NODH	-5.759400
DHEV	-6.060430
WEED	-5.215332
LEGS	-4.576130
EGSI	-5.516362
AINU	-5.082706
IEBA	-6.361460
KLIM	-5.884338
ITSQ	-5.583308
TSQU	-5.131011
NNYI	-5.884338
WIEM	-6.361460
IEMP	-6.361460
GORW	-5.662490
LERQ	-6.361460
UELW	-5.884338
RUNU	-5.759400
ULSY	-6.361460
LSYM	-5.583308
ONRY	-5.407217
SEYM	-5.247516
WISO	-6.060430
ABIJ	-6.361460
BIJO	-6.361460
JOUV	-6.361460
TBUI	-5.662490
SCHU	-5.662490
CHUB	-6.361460
HUBB	-5.884338
UBBL	-4.914302
BBLO	-5.759400
BLOC	-4.884338
LFUR	-5.039240
GWIN	-5.282278
IEWB	-5.458370
MEWS	-5.884338
CHRU	-5.759400
UNSD	-5.759400
HEOS	-5.759400
EOST	-5.662490
RSAH	-5.662490
NRUB	-6.060430
LFTW	-6.060430
HAGT	-6.060430
AGTO	-5.884338
BACC	-5.131011
CCOA	-5.458370
EBIO	-6.361460
APHI	-5.019037
PHIE	-5.662490
ADSD	-5.884338
DSDO	-5.516362
VESQ	-6.060430
TSDR	-5.516362
ARPF	-5.516362
RPFO	-6.060430
DOMG	-6.060430
MGOE	-6.361460
AMRG	-6.361460
FREY	-5.662490
CABM	-5.583308
ABMA	-5.361460
BMAN	-5.516362
MSER	-6.361460
NKOV	-6.060430
MPAI	-5.516362
PAIG	-5.759400
AIGN	-5.662490
ALAW	-6.060430
LAWY	-5.247516
WYER	-5.282278
SUEO	-5.662490
KATB	-6.361460
IRYI	-5.884338
MFOL	-5.884338
UCLO	-6.361460
YIAN	-5.759400
ENAH	-5.185368
MCAB	-6.060430
CABD	-6.361460
ABDR	-5.884338
BDRO	-5.884338
PTOB	-5.583308
RKAQ	-6.361460
KAQU	-6.361460
UILI	-6.060430
DBRU	-5.759400
BRUS	-5.320067
HOOP	-5.082706
HGLI	-5.662490
OOMP	-5.662490
WNTA	-5.662490
DWAV	-5.583308
WAVI	-5.361460
FLUR	-5.759400
LURR	-5.458370
CABH	-6.060430
ABHE	-5.583308
BHEP	-6.060430
FSTM	-5.884338
OADH	-5.759400
EAIF	-6.060430
AIFY	-6.060430
TIEU	-6.361460
TAGS	-5.884338
AGSO	-5.884338
EBUC	-5.215332
BUCK	-3.988548
ADNT	-5.884338
DNTP	-6.361460
TPUL	-5.361460
UPBE	-5.361460
PBEF	-5.583308
DIEF	-6.060430
ICAJ	-6.361460
CAJO	-6.060430
AJOH	-6.361460
HNSH	-6.361460
STBA	-5.247516
LDRU	-5.157340
DAUW	-5.884338
AUWH	-5.884338
CABC	-6.361460
ABCA	-5.583308
BCAM	-6.060430
HABB	-4.963520
ABBY	-5.458370
BBYF	-6.361460
TIJU	-6.060430
YCAB	-5.662490
CABB	-5.884338
BBYD	-6.361460
NKIE	-6.361460
KIEV	-6.361460
CABA	-5.060430
AUWI	-6.060430
RPLI	-5.583308
INAK	-6.361460
NAKN	-6.361460
EAIS	-5.247516
AISL	-5.759400
TARF	-6.361460
LFDR	-5.662490
FMUM	-6.361460
MUMB	-5.282278
DVOU	-6.361460
POFI	-5.759400
RLIC	-6.361460
MYLU	-6.060430
EDTU	-5.157340
ICME	-5.759400
KATF	-6.060430
EEFA	-5.361460
DAGL	-5.884338
AMLI	-5.884338
ONTM	-5.458370
RAYI	-5.516362
UNOW	-5.361460
LEIE	-5.884338
EIEA	-6.060430
ENEU	-6.060430
NEUT	-5.583308
EUTR	-5.583308
LUNP	-6.060430
DOWY	-6.060430
IRAI	-6.361460
TIGI	-6.060430
ECRY	-4.963520
WMEE	-6.060430
GCIG	-6.361460
DROL	-5.215332
YPLU	-5.759400
PLUM	-4.946486
KETF	-5.361460
KISC	-6.361460
RCRY	-5.583308
NUPB	-5.884338
PBYQ	-6.361460
NNEU	-6.361460
EETP	-5.662490
INKP	-6.060430
NKPE	-6.060430
WROL	-6.361460
ROLE	-6.361460
KHAT	-6.060430
SBAG	-5.516362
BAGG	-5.516362
GGYT	-6.361460
GYTR	-6.361460
SERS	-4.870098
TETI	-5.516362
TIEH	-6.060430
IEHI	-6.060430
CSMI	-6.361460
FPEE	-6.361460
PEER	-5.082706
SMRJ	-5.884338
OHNH	-5.458370
HNHA	-6.060430
VEEQ	-6.361460
SCOS	-5.407217
XWHE	-5.583308
NUEI	-5.759400
USKA	-6.060430
MPSW	-5.662490
UCCI	-6.361460
CCIN	-6.361460
NCTD	-6.361460
IETN	-5.759400
BBIL	-6.060430
BILY	-6.060430
MOKI	-4.999732
SCIS	-5.759400
ORSG	-5.662490
WOGU	-6.060430
RSEG	-5.884338
HCIG	-6.361460
HSYO	-6.060430
SEER	-5.458370
FROI	-5.516362
PHBE	-6.060430
LEED	-5.320067
APHW	-5.759400
TSIZ	-5.662490
ZETO	-5.884338
SYCO	-5.759400
NSDR	-6.060430
GISC	-5.662490
WOAT	-6.060430
KNEI	-6.361460
ETIV	-6.060430
WNGU	-5.759400
DESR	-5.884338
RGLE	-5.884338
EDPS	-6.361460
DPSH	-6.361460
SHAW	-4.899062
OKIW	-6.361460
CURV	-5.185368
OAFI	-5.583308
ACOP	-5.361460
LBOW	-5.282278
RLOA	-5.884338
RCEQ	-6.361460
RELB	-5.458370
ELBR	-6.060430
YHOT	-5.662490
KSAV	-5.884338
RFIS	-5.282278
OWDT	-5.884338
WDTO	-6.361460
RHEG	-5.759400
CRYA	-5.361460
ODRU	-5.884338
SCUF	-5.662490
CUFF	-5.458370
UTTA	-5.282278
TOPW	-5.759400
RBFI	-6.361460
BFIG	-6.361460
RALV	-5.407217
ALVO	-5.583308
CESN	-5.407217
OHOS	-5.759400
ABRA	-4.981248
DNTB	-5.516362
GANG	-5.106187
OOAH	-6.361460
OAHH	-6.361460
AHHE	-5.662490
YWEB	-6.361460
MARM	-5.759400
AYPL	-5.583308
EMNL	-5.247516
MNLY	-5.282278
LLOB	-5.361460
MPSH	-5.282278
COUC	-5.583308
AWBA	-5.759400
MYUL	-5.884338
YULS	-6.060430
TUPU	-6.060430
UPUP	-6.060430
MMOT	-5.185368
AMAI	-5.884338
IDRU	-5.884338
EWOP	-5.407217
IMRA	-6.060430
MRAI	-6.361460
TOSS	-4.583308
YROC	-5.583308
WDOF	-5.662490
IDSJ	-6.361460
DSJO	-6.060430
LSHR	-5.759400
IEKO	-6.060430
FSMO	-5.662490
KECU	-5.662490
FRUS	-5.884338
WDIM	-5.884338
OFUP	-5.759400
FUPR	-6.361460
OARH	-5.884338
TILW	-5.458370
OADY	-6.361460
DITV	-5.583308
PHIK	-6.361460
NGIG	-5.516362
GIGU	-6.060430
PALM	-4.817392
WNCL	-6.361460
SOIC	-5.583308
ELPY	-5.458370
LPYO	-5.759400
UESM	-5.662490
GRAB	-6.060430
ABSA	-5.157340
BSAT	-6.361460
RBAB	-5.583308
BABY	-5.282278
ABYA	-5.884338
NUNM	-5.884338
RJEW	-5.662490
WELB	-6.361460
LBOX	-5.884338
BOXN	-6.060430
OXNO	-6.060430
XNOW	-6.060430
SLID	-4.708247
GPAN	-5.583308
NELJ	-6.361460
ELJU	-6.361460
ULLS	-4.708247
KETR	-5.583308
AYRU	-6.361460
WIAS	-5.759400
UCAR	-5.662490
RUSN	-5.884338
ARFI	-5.361460
TWIR	-6.361460
DBAK	-6.060430
ETSF	-5.215332
EKEY	-5.039240
LIMY	-6.060430
ANUL	-5.884338
NULS	-6.060430
BYIV	-6.361460
YIVE	-6.060430
ATVO	-5.662490
DIML	-5.060430
IMLY	-5.039240
MLYL	-5.583308
WIWO	-5.884338
EDEU	-5.884338
DEUC	-6.361460
EUCE	-6.361460
ENII	-6.060430
NIII	-6.361460
IISL	-6.361460
DCOF	-6.060430
MIAR	-6.361460
IARU	-5.884338
IEDG	-5.458370
CABN	-6.361460
ABNO	-5.131011
BNOM	-6.060430
MISW	-6.361460
FYMA	-6.361460
FFON	-5.516362
FONC	-5.516362
HLAW	-6.060430
NOYA	-5.884338
AMOO	-5.884338
WUPI	-6.361460
NELD	-5.884338
ODUP	-5.106187
DUSW	-5.662490
SARD	-6.361460
MMRH	-5.884338
MRHO	-4.370234
AZEI	-6.060430
ZEIN	-6.060430
OSSF	-5.583308
GHOA	-6.361460
EPUS	-5.185368
RFLI	-5.516362
ESRU	-5.516362
KASM	-6.060430
LSLI	-5.157340
GSHU	-5.759400
DPLU	-5.458370
PHWA	-6.361460
GDRE	-5.583308
SESQ	-6.361460
QTOB	-6.361460
FTTI	-5.583308
ITOP	-5.759400
UMON	-5.884338
NMEY	-5.884338
ACTR	-6.060430
UMEI	-5.759400
HITG	-6.361460
WEDY	-6.060430
UGOO	-5.516362
PTYW	-5.884338
DAML	-5.361460
YABE	-6.060430
DIKE	-6.060430
AFEG	-6.361460
FEGU	-6.361460
EAPH	-5.759400
ULYY	-6.361460
ONNÉ	-6.361460
NNÉE	-6.361460
NÉEA	-6.361460
ÉEAD	-6.361460
MIAW	-6.361460
SEPI	-5.320067
HOWQ	-5.759400
YLEV	-5.516362
TYSB	-6.060430
UPRA	-5.516362
NREW	-5.884338
SRIN	-5.662490
ALDS	-6.060430
UEEV	-5.662490
APHH	-6.060430
PHHE	-6.361460
GHEB	-5.759400
WAGR	-6.060430
MIAA	-6.060430
BYAW	-5.157340
RPHO	-5.662490
ANII	-6.361460
NIIT	-6.361460
UMNO	-5.458370
MNOF	-5.458370
UTFL	-5.516362
RIDF	-6.060430
IDFA	-6.361460
DELD	-6.361460
NHOL	-4.899062
SPUL	-4.999732
DMEY	-5.759400
TABE	-5.407217
WILS	-5.019037
LCAS	-5.157340
STUS	-5.458370
ABOB	-6.361460
BOBO	-6.361460
OBOF	-5.884338
BOFG	-6.361460
KLIT	-5.583308
TLEQ	-5.884338
RTIP	-5.458370
TIPS	-5.458370
LMOO	-5.884338
DSIK	-6.060430
SBIZ	-6.361460
BIZA	-5.759400
ZARR	-5.662490
HUMD	-6.361460
UMDR	-6.361460
MDRU	-6.361460
DRUM	-5.458370
RUMR	-6.361460
UMRO	-6.060430
UTOC	-5.361460
YSUT	-5.583308
SUTH	-5.320067
NYEF	-5.884338
UUNT	-6.361460
AKSD	-6.060430
KSDO	-5.516362
DACK	-6.060430
WMRJ	-6.060430
MRJA	-5.282278
RJAB	-5.516362
JABE	-5.407217
ABEZ	-5.407217
BEZW	-5.407217
EZWI	-5.407217
LARW	-5.106187
UNIQ	-5.516362
LERC	-5.884338
DDRW	-5.759400
IARN	-6.361460
IEFU	-6.060430
CEDD	-5.583308
COLU	-5.039240
LUMN	-5.082706
MNWI	-6.361460
NEEI	-5.884338
KAGO	-5.662490
OTGA	-5.662490
YMYI	-6.060430
ONPL	-5.082706
EPOM	-5.884338
GGYG	-6.060430
GYGR	-6.361460
CKTR	-5.662490
KTRO	-6.060430
FROC	-5.106187
KCOA	-5.407217
UNBU	-5.516362
RABW	-6.060430
ABWA	-5.106187
BWAI	-6.361460
WAIS	-4.999732
BRAS	-5.407217
SSYA	-6.060430
ERTC	-5.884338
FRAY	-5.662490
AFAD	-5.759400
RCOA	-5.282278
AWRI	-5.759400
DVEL	-5.516362
VELV	-5.458370
VETC	-6.361460
NSAV	-5.247516
BLAZ	-5.082706
GRED	-5.662490
CKEY	-5.759400
DMYQ	-6.361460
SSNU	-5.662490
SNUF	-5.157340
NUFF	-5.157340
UFFT	-5.583308
INAA	-5.884338
UCEN	-6.361460
TMRH	-5.106187
SGOS	-5.884338
PELF	-5.884338
ASIZ	-6.361460
IZEL	-6.361460
ZELA	-6.361460
NRYI	-6.060430
YASR	-6.060430
CTRU	-6.361460
AHOF	-6.060430
TCUF	-6.361460
UFFS	-5.361460
HINY	-5.759400
INYF	-6.361460
TCHN	-6.060430
BOWW	-5.583308
DESK	-5.361460
ESKW	-5.884338
SKWE	-5.759400
OOED	-5.361460
NAIH	-6.361460
FTAT	-5.458370
KISQ	-6.361460
NGOM	-6.361460
GOMN	-6.361460
MNEI	-6.060430
OTUM	-6.060430
ICOY	-6.361460
COYO	-6.361460
IPWR	-5.516362
PWRE	-5.516362
CKIF	-5.884338
KIFI	-5.759400
KRED	-6.060430
UMNH	-6.361460
MNHE	-6.361460
TEEZ	-6.361460
EZEK	-5.759400
ZEKI	-5.759400
EKIA	-6.060430
KIAH	-6.060430
IAHH	-5.884338
AHHO	-5.759400
HOPK	-6.060430
OPKI	-6.060430
PKIN	-5.320067
BANO	-6.361460
ENNS	-6.361460
NNSY	-6.361460
NSYL	-6.060430
SYLV	-6.361460
YLVA	-6.361460
NIAU	-6.361460
WANO	-5.662490
RVAC	-5.884338
CYOP	-6.361460
UNCA	-5.320067
ANRO	-5.019037
UEPO	-5.662490
PESC	-5.759400
URTF	-6.060430
RTFL	-6.361460
FLEE	-4.689362
LEET	-4.759400
NIEJ	-6.060430
IEJA	-5.759400
EJAC	-5.247516
JACU	-5.361460
RIGG	-4.621097
IGGL	-5.458370
GHSP	-6.060430
ISNT	-5.662490
SNTI	-6.060430
RILJ	-6.361460
ILJU	-6.060430
DJAB	-6.361460
NMOP	-6.361460
MOPP	-6.361460
LPAW	-6.361460
PAWN	-5.458370
TCOB	-6.060430
COBU	-5.407217
URGS	-5.458370
RGSQ	-5.458370
GSQU	-5.361460
NGIU	-6.361460
GIUS	-6.361460
IUSE	-5.458370
PTWO	-5.516362
WOAS	-5.884338
OWIO	-6.060430
WION	-6.361460
VEAJ	-6.060430
EAJO	-6.361460
AJOB	-6.060430
JOBT	-5.884338
OBTO	-6.361460
BTOP	-5.884338
FWAG	-5.884338
AULD	-5.458370
LOYÉ	-6.060430
OYÉW	-6.361460
YÉWH	-6.361460
ÉWHO	-6.361460
ULLM	-5.131011
KETP	-5.215332
TOHH	-5.759400
SFAU	-5.662490
OOSA	-5.884338
HYSN	-6.060430
SNAP	-4.884338
BBIT	-5.407217
LOPH	-6.361460
RKER	-5.320067
OUIP	-6.361460
UIPR	-6.361460
UMEY	-6.060430
MAWI	-5.583308
ERYQ	-5.131011
RYQU	-5.060430
WEKE	-5.884338
OFOV	-5.662490
PAYO	-5.662490
RDEB	-6.361460
UTUS	-5.320067
ICEJ	-6.361460
YSIW	-5.516362
HOGE	-6.361460
RIBA	-5.662490
IBAL	-4.817392
IDNT	-4.680218
DNTK	-5.516362
HYIW	-5.759400
HIAS	-6.361460
OHME	-6.361460
NDYT	-5.759400
DYTE	-6.060430
AVAC	-5.583308
UEWA	-5.583308
ONAI	-5.361460
ATSY	-5.884338
HYFO	-5.884338
SYBE	-5.884338
PAYA	-5.662490
PLYN	-5.759400
ODTU	-6.060430
RISL	-5.458370
LBRI	-5.516362
WIFY	-5.516362
KINB	-5.884338
WHUN	-5.884338
ACTG	-6.060430
CTGE	-6.060430
RYFU	-5.583308
DRIC	-5.583308
METV	-6.361460
SOIJ	-6.361460
OIJU	-6.361460
IJUS	-5.759400
HTAW	-5.361460
SUPA	-5.282278
HRED	-5.407217
OLKA	-5.884338
URTL	-5.662490
RTLO	-5.662490
ACOS	-5.662490
WLEM	-6.361460
GEBR	-5.759400
CKIR	-6.060430
KIRI	-6.361460
EALV	-6.361460
ALVI	-5.157340
LVIV	-6.361460
PIND	-5.458370
WHED	-5.884338
LHEG	-5.884338
AMUP	-5.759400
KDEJ	-6.361460
WEDG	-5.516362
UGEP	-5.516362
PINC	-5.320067
FSNU	-5.884338
UFFP	-6.361460
FFPR	-5.884338
NUEY	-5.884338
NRED	-5.662490
EMGE	-6.060430
NCYD	-6.060430
TEPB	-5.662490
EPBA	-6.060430
DCOC	-5.516362
COCK	-4.930096
ELTQ	-6.361460
LTQU	-6.361460
EPLU	-4.963520
RDWR	-6.361460
DWRU	-6.361460
NOBV	-6.060430
DTUG	-5.759400
TUGG	-5.583308
ILIY	-6.060430
LIYE	-6.361460
IYEL	-6.060430
YWIG	-6.060430
WIGS	-6.060430
IGSA	-6.060430
FCOB	-6.060430
COBB	-5.516362
OBBL	-5.407217
SWAX	-6.060430
WAXW	-6.361460
AXWH	-6.361460
XWHI	-5.759400
LTRO	-5.583308
MRDU	-5.583308
RDUN	-5.458370
AMMY	-5.458370
TBYO	-5.662490
UAMA	-6.361460
OUAF	-5.884338
UAFA	-6.361460
IDGR	-5.759400
ABAC	-5.215332
LORM	-5.458370
SMRH	-5.458370
TALB	-5.215332
FHAI	-5.516362
EWDU	-6.361460
WDUT	-5.662490
DIOH	-5.884338
IOHN	-6.361460
OHNE	-6.060430
IDVI	-6.060430
OKAF	-5.583308
WONO	-5.759400
WAPA	-6.060430
PAYD	-6.060430
TMEV	-6.060430
ESIK	-5.662490
ATTU	-5.320067
KISP	-5.884338
LISV	-5.759400
UBUD	-6.361460
BUDG	-5.583308
INOE	-6.361460
OSSN	-6.361460
YORY	-6.361460
NCYC	-5.516362
CLOP	-5.583308
LOPÆ	-5.583308
OPÆD	-5.583308
PÆDI	-5.583308
ÆDIA	-5.583308
IABR	-6.060430
STVO	-5.458370
TVOL	-5.884338
NINK	-5.884338
KPEN	-6.361460
GPAP	-5.320067
OWCE	-5.884338
WCER	-6.060430
DOIW	-6.060430
NLOW	-5.516362
TSAG	-5.407217
HOAX	-6.361460
OAXO	-6.361460
AXOR	-6.361460
XORF	-6.361460
AUDT	-6.361460
ICAV	-6.361460
CAVI	-5.516362
EERM	-5.361460
RMEU	-6.060430
EUPB	-5.884338
WSOI	-5.759400
SOIB	-6.361460
OIBO	-6.060430
FINK	-5.884338
LPEN	-5.759400
OLSC	-5.759400
PPAP	-6.361460
RPOP	-6.361460
TIGO	-5.759400
IGOT	-5.082706
GOTF	-5.458370
FFUP	-5.583308
ERAA	-6.361460
PINF	-5.583308
KHEB	-6.361460
YMRH	-5.407217
KSWO	-6.060430
WOBY	-6.361460
OBYD	-4.421940
TABB	-5.516362
ABBO	-6.060430
BBOT	-6.060430
BOTS	-6.361460
ICAA	-5.662490
CAAN	-6.060430
HTGE	-6.361460
HEBS	-6.361460
EBSB	-6.361460
BSBE	-5.662490
HELF	-5.361460
RKAS	-5.458370
RDBO	-5.157340
UPAP	-5.516362
ERUE	-5.884338
UEFU	-5.516362
TWEB	-5.662490
NGOE	-5.407217
LDNT	-4.963520
DNTM	-5.759400
ISIF	-5.361460
NYAB	-5.884338
UFOU	-5.458370
CESR	-6.060430
ITFI	-5.282278
HBOD	-5.759400
HOMR	-6.361460
SOHS	-6.060430
MOHA	-5.884338
IDTE	-5.662490
FFMR	-6.361460
FMRH	-5.759400
NIGO	-5.583308
ANUF	-5.458370
NUFA	-5.458370
UFAC	-5.458370
IALK	-5.884338
NEEC	-6.060430
CAPS	-4.884338
UDOT	-5.662490
OSAX	-5.662490
AXEC	-5.583308
XECO	-5.583308
ECOB	-5.516362
HMRH	-5.516362
OLKW	-5.759400
HYIH	-5.759400
EKAS	-6.361460
KASF	-5.884338
UTEK	-6.361460
TEKN	-6.361460
IVEJ	-6.060430
EMTW	-6.060430
TWOQ	-5.884338
WOQU	-5.884338
NTHT	-5.884338
NOIH	-5.759400
ZENW	-6.060430
OUPI	-5.583308
UPIC	-6.060430
ACTY	-5.884338
ILTV	-6.361460
OHAI	-5.884338
CIDU	-6.361460
AGIP	-6.060430
GIPS	-5.458370
IPSY	-6.361460
PSYH	-6.361460
HUMS	-5.759400
UMSA	-5.759400
UOHY	-6.361460
TUSW	-5.361460
EBIZ	-6.361460
IFYB	-6.060430
FYBU	-6.361460
OSMO	-5.320067
PIPE	-4.474969
IPEP	-5.884338
EESD	-5.759400
HAWK	-4.899062
AWKL	-6.361460
WKLI	-6.361460
KLIK	-5.247516
KCLA	-6.060430
LAYP	-5.458370
AYPI	-5.759400
YPIP	-5.516362
IPET	-5.662490
SPIP	-4.914302
AYIO	-6.361460
YIOB	-6.060430
FGER	-6.060430
SALD	-6.060430
OKUS	-5.884338
KUST	-6.060430
APOK	-6.060430
POKY	-5.759400
OKYL	-5.662490
KYLI	-5.282278
BBYG	-6.361460
NGYT	-6.060430
GYTW	-6.361460
OASM	-5.361460
FWEE	-5.884338
EDYG	-6.361460
WCLU	-6.361460
FFAD	-6.361460
ELBU	-4.981248
RDFI	-5.361460
EEGI	-5.759400
GILT	-5.884338
LTBA	-6.361460
HJAB	-6.361460
GBRI	-5.516362
NPUC	-6.361460
PUCK	-6.361460
UCKE	-4.136150
DLID	-6.060430
WLYU	-5.759400
YUPT	-5.884338
GKEE	-5.361460
EPAW	-5.662490
PEDV	-6.361460
CKTW	-5.662490
KTWO	-5.662490
HSMA	-5.759400
ACLA	-5.282278
DIMR	-6.060430
IMRW	-6.361460
UINQ	-6.361460
LKWE	-6.060430
YWEK	-6.361460
FSAX	-6.361460
IEBE	-5.884338
HWEF	-6.361460
SWET	-5.320067
WETU	-5.884338
DSAX	-6.060430
TRAF	-5.516362
RCEF	-5.759400
OOTP	-5.320067
EFAD	-5.583308
TAGN	-6.060430
AGNA	-5.458370
NTSQ	-6.361460
USTQ	-6.060430
KEJU	-6.361460
AHOB	-6.060430
HOBB	-5.662490
BBYO	-5.759400
BYOF	-5.884338
ACTK	-6.060430
CTKN	-6.060430
HOPT	-6.060430
URGB	-6.361460
RGBR	-6.361460
SUBU	-5.583308
UBUR	-5.516362
BURB	-5.583308
BANB	-6.060430
ANBA	-5.583308
TAUR	-5.662490
AURA	-6.361460
NDMC	-6.361460
DMCF	-6.361460
MCFA	-6.361460
CFAR	-6.361460
GDEP	-5.583308
EPOT	-5.185368
USRI	-5.662490
WDOC	-5.759400
RWEV	-6.361460
FCOF	-6.060430
FTOV	-6.361460
IOLI	-5.662490
VEXU	-6.361460
EXUS	-6.361460
XUSW	-6.361460
CONU	-6.361460
UMSM	-5.884338
ICMU	-5.884338
CMUS	-5.884338
NOOR	-5.662490
LSWR	-6.361460
SWRA	-5.759400
YWAV	-5.516362
CWHI	-5.516362
UIDD	-6.361460
IDDR	-5.884338
SLEU	-6.361460
LEUT	-6.361460
EUTH	-6.361460
SSKE	-5.320067
EDUA	-6.361460
CTNE	-5.759400
STUT	-6.060430
OETI	-5.458370
SOTR	-5.361460
ULYF	-6.361460
MIDH	-5.884338
KASK	-6.060430
KANC	-6.060430
OENW	-6.361460
CATS	-5.884338
BTDO	-6.361460
WEEM	-5.759400
PITB	-5.884338
LPTO	-5.583308
RSOK	-6.361460
GROT	-5.583308
TESQ	-5.407217
IDRO	-5.583308
DIGO	-5.583308
IGOA	-6.060430
GOAR	-5.247516
EWEG	-5.458370
HFAC	-5.516362
DPAW	-5.884338
HTPL	-5.884338
EPGA	-6.060430
PGAM	-6.361460
OPUZ	-6.361460
ZLEI	-6.361460
GHOX	-6.361460
HOXF	-6.361460
OBAK	-5.583308
ETTW	-5.662490
CESF	-5.215332
SPET	-5.583308
NSAD	-5.662490
SADF	-5.884338
INYH	-5.884338
THAO	-6.361460
HAOU	-6.361460
AOUR	-5.884338
PEAJ	-5.759400
EAJA	-5.583308
AJAC	-5.407217
VYHU	-6.361460
CROP	-5.320067
ROPF	-6.060430
OPFR	-6.361460
OMRM	-6.361460
MRME	-5.320067
IDJO	-5.662490
DJON	-5.215332
DOGT	-5.759400
OGTO	-5.884338
WNIH	-6.060430
GOOS	-4.842946
DMRM	-5.662490
TLOF	-6.060430
FTIL	-6.060430
GSOJ	-6.361460
CBUT	-5.583308
HOLT	-6.060430
OLTO	-5.516362
OMRJ	-6.361460
ORAH	-5.247516
RAHI	-6.361460
UMRM	-6.361460
UJON	-6.060430
LAYY	-5.884338
NDSJ	-5.759400
SJOH	-5.583308
OHNC	-5.516362
HNCL	-5.583308
EFSM	-6.361460
UNGJ	-6.361460
GJOH	-6.060430
AROY	-5.583308
YALD	-6.060430
ALDU	-5.759400
LDUK	-6.361460
UKEA	-6.361460
TOET	-6.060430
OETO	-5.215332
NDOX	-6.361460
DOXF	-6.361460
SCUN	-5.583308
HWEM	-6.060430
RNWE	-5.185368
LCRA	-5.583308
OBUI	-6.060430
XTIV	-6.361460
ETEY	-5.759400
HTIV	-6.060430
HMRJ	-6.060430
WOWI	-5.884338
MWAT	-5.884338
GDRI	-5.662490
YBAC	-4.946486
ABHU	-6.361460
BHUM	-6.361460
HUMM	-5.320067
ABYR	-5.458370
YRIN	-5.407217
FGAS	-6.361460
NKDI	-5.662490
KDIR	-5.884338
EJON	-5.516362
BADF	-5.759400
ECIL	-5.583308
LDOG	-5.662490
DOGA	-5.759400
BSTE	-5.320067
FHEG	-5.884338
CLAW	-5.662490
GHFA	-5.759400
RCAB	-5.759400
CABS	-6.060430
ABSW	-5.583308
FMRM	-6.361460
EMRM	-5.759400
DUSD	-6.060430
USDO	-5.157340
RKEA	-6.361460
HSME	-6.060430
UGEV	-6.060430
GEVA	-6.060430
SPIL	-4.930096
HCRA	-5.759400
XESY	-6.361460
RYVU	-6.361460
YVUL	-6.361460
LAGS	-5.662490
AGSW	-6.060430
HLIN	-5.583308
HYDE	-5.759400
DYIM	-6.361460
HTIB	-5.662490
MNMR	-6.361460
CKSB	-5.131011
WSEC	-6.060430
EUSH	-5.884338
EPSU	-5.662490
YDOT	-5.759400
RASN	-5.884338
BTYO	-5.759400
NKSM	-5.884338
SMRM	-6.361460
SCEL	-5.320067
HGOL	-5.662490
PTMI	-6.361460
NPAC	-5.583308
NSNA	-5.185368
DFOI	-6.361460
FOIL	-5.019037
FBUL	-5.884338
GLEB	-5.583308
MISG	-5.458370
RKLA	-5.583308
RKIA	-6.361460
KIAM	-5.583308
TIEC	-6.060430
IECA	-5.884338
ARRÉ	-6.361460
RRÉE	-6.361460
RÉEY	-6.361460
ÉEYO	-6.361460
URRU	-6.060430
RRUB	-6.361460
EMCL	-5.583308
WNIP	-6.361460
RCOC	-5.884338
HICR	-6.361460
CROU	-5.516362
HOTT	-5.215332
HOTM	-5.884338
NKAI	-6.060430
KAIR	-5.884338
EUSM	-6.361460
IFFF	-6.060430
OACU	-5.759400
EBUL	-4.662490
BULK	-4.662490
ULKY	-5.320067
LKYJ	-6.361460
KYJO	-6.361460
YJON	-5.662490
OKOV	-5.516362
TALU	-5.884338
ALUR	-5.759400
RKUP	-5.407217
MEAY	-5.884338
ASHS	-5.884338
REAO	-5.884338
AOFL	-6.361460
ELUR	-5.247516
TASQ	-5.759400
EGAP	-5.884338
GHOL	-5.282278
ANCU	-5.583308
CUTB	-5.516362
SHFA	-5.583308
KEDK	-5.662490
EDKE	-5.884338
HAUL	-4.930096
AULI	-4.842946
KOFV	-5.516362
LCLE	-5.759400
EBAG	-5.407217
AGSG	-6.361460
GSGR	-6.060430
OTTJ	-6.361460
TTJU	-6.361460
UMPA	-5.131011
HIEJ	-6.361460
IEJU	-6.361460
RDIV	-5.458370
SJON	-5.185368
SCLU	-5.407217
CLUT	-5.106187
LUTC	-5.106187
IRTS	-5.157340
HTFL	-5.583308
ROPC	-6.361460
OPCA	-6.060430
NSWR	-5.884338
TOLC	-6.361460
OLCL	-6.060430
LCLI	-5.884338
NEFL	-5.662490
USEJ	-5.884338
EJOH	-5.759400
YPAL	-5.516362
RBIE	-5.884338
BIES	-5.361460
RFIL	-6.060430
THYH	-5.157340
DCUF	-6.361460
FFSC	-6.361460
FSCL	-6.361460
UADD	-6.060430
NIGG	-6.361460
IGGE	-4.946486
CHUP	-5.458370
HUPS	-6.060430
CABT	-5.884338
ABTO	-5.082706
BTOC	-6.361460
GHNE	-5.583308
GBOW	-5.583308
SWEF	-5.320067
KCAN	-5.662490
UORR	-6.361460
NKRO	-5.884338
KROB	-6.361460
MAMP	-6.361460
RAGL	-5.884338
ISKY	-5.884338
ODAI	-5.884338
TPAW	-5.884338
BTSU	-6.361460
EKWA	-6.361460
EROG	-5.320067
ROGU	-5.759400
EKFR	-6.361460
UGUE	-5.759400
REVU	-6.060430
FVAN	-6.361460
DCLU	-5.583308
OOLE	-5.407217
OKMA	-6.361460
GSAV	-5.583308
SRUN	-5.106187
GATU	-5.662490
RBUI	-6.060430
GOTW	-5.662490
UBYB	-6.361460
KIWA	-5.662490
KIRM	-6.361460
RNWR	-6.060430
BURR	-5.884338
GPOI	-5.662490
KABU	-6.361460
LEMW	-5.458370
UDRO	-5.884338
EYCL	-5.516362
NELB	-5.759400
LYIE	-5.516362
NFEI	-6.361460
FEIG	-5.407217
KRIN	-6.361460
NUIH	-6.361460
UIHE	-6.361460
LITC	-5.583308
GINU	-5.662490
PMET	-6.060430
EDLH	-6.361460
DLHO	-6.361460
MMEC	-6.361460
IENL	-6.361460
ENLŒ	-6.361460
NLŒU	-6.361460
LŒUV	-6.361460
VREC	-6.361460
LAUB	-6.361460
AUBE	-6.361460
RTWR	-6.361460
DIII	-6.060430
ARFE	-5.157340
DFLY	-5.884338
FLYO	-5.759400
WHAN	-5.516362
ITYG	-5.458370
DPEE	-5.407217
UEER	-4.680218
OSSP	-5.884338
SSPU	-5.884338
UTRÉ	-6.060430
TRÉR	-6.361460
RÉRE	-6.361460
ÉRES	-6.361460
LFIC	-6.060430
BALD	-5.458370
RTSR	-6.361460
ISMP	-6.361460
SMPU	-6.361460
MPUS	-5.516362
RFAS	-5.407217
CACE	-6.361460
CEFF	-6.361460
IDPE	-5.247516
APSU	-6.361460
OUNN	-5.884338
KMYH	-5.516362
CANQ	-5.884338
DBIZ	-6.060430
RREB	-6.361460
TUSP	-6.060430
CSIS	-6.361460
CRUD	-6.060430
LPOI	-5.082706
GUPE	-6.361460
WISN	-6.060430
UFFD	-6.361460
FFDO	-5.884338
FFBO	-5.583308
FBOX	-5.759400
BOXO	-5.583308
OXOF	-5.583308
XOFO	-6.361460
DGOL	-5.320067
PLEL	-5.662490
LPCO	-6.361460
TAHS	-6.060430
AHSA	-5.361460
SOUV	-6.361460
UVEN	-6.060430
NIRF	-6.361460
LERP	-5.884338
LVEB	-5.884338
KANA	-5.884338
APTT	-5.458370
EBIG	-5.247516
BIGG	-5.583308
MARS	-5.215332
EDBL	-4.999732
SGAZ	-5.407217
ULLN	-5.662490
LNEU	-6.361460
AVYF	-5.759400
VYFU	-6.361460
FURB	-6.361460
RGEC	-5.361460
GECU	-5.884338
NABR	-5.407217
ACOQ	-6.361460
TTIS	-5.361460
HDUC	-6.361460
EVON	-6.361460
PANO	-5.759400
OPLY	-6.060430
GFAS	-5.583308
RBOD	-5.759400
DYOS	-6.361460
YOSC	-6.060430
OSCI	-5.662490
SCIL	-5.759400
SFID	-5.759400
ARPC	-5.759400
RPCL	-6.361460
PCLA	-5.884338
CLAN	-5.131011
OMSB	-5.583308
REOS	-6.361460
EOSC	-6.361460
DECŒ	-6.361460
ECŒU	-6.361460
CŒUR	-6.361460
ŒURS	-6.361460
LWIR	-6.060430
DORG	-5.884338
LVEO	-5.516362
CKFI	-5.282278
KFIG	-6.060430
EAFU	-5.407217
INYP	-6.060430
PILO	-4.817392
ILOT	-4.842946
LOTB	-5.662490
ESYF	-6.361460
MDOY	-5.884338
CHTY	-6.361460
HTYP	-5.759400
YPEW	-5.157340
LISI	-5.361460
OADG	-5.583308
UVEH	-6.361460
OKIF	-5.458370
KIFN	-6.361460
LTME	-5.516362
MRSE	-6.361460
EIMN	-6.060430
WNRI	-5.583308
KEBY	-6.361460
HOSM	-4.963520
OSME	-4.946486
KCAM	-5.759400
TVAC	-6.361460
VACU	-5.759400
ACUO	-6.060430
CUOU	-5.282278
IDBA	-5.884338
BANG	-5.759400
ARMD	-5.662490
RMDO	-5.583308
NDIJ	-6.361460
DIJU	-6.361460
EPFA	-5.039240
PFAT	-5.039240
DSFU	-5.884338
SFUN	-5.662490
ASNT	-5.282278
SNTB	-5.884338
TOTT	-5.583308
NHAM	-5.516362
IDYB	-6.060430
MRHA	-5.361460
RDYT	-6.361460
SNTN	-6.361460
NAUC	-6.361460
AUCK	-6.361460
NEWZ	-5.458370
EWZE	-5.458370
WZEA	-5.458370
KPAY	-6.361460
WSOL	-5.662490
OUEA	-6.060430
UNOD	-6.361460
BTTR	-6.060430
TONV	-5.884338
NEYJ	-6.060430
EYJU	-6.060430
NKDR	-6.361460
KDRA	-5.662490
YQUA	-5.458370
DOPR	-5.884338
TIEA	-6.361460
GSME	-5.662490
MFIF	-5.884338
ELFK	-6.060430
LUSN	-6.361460
ELAF	-5.662490
LAFL	-5.759400
ISSS	-4.914302
SSUT	-5.662490
RJAC	-5.458370
EGAS	-5.060430
KDID	-5.458370
SHUS	-5.106187
GETQ	-6.361460
ETQU	-5.662490
OLTR	-5.759400
KWER	-5.516362
PLUS	-5.583308
RDYW	-5.759400
EIME	-5.662490
LOHW	-6.060430
KIFW	-5.884338
LKSB	-6.361460
GELC	-5.884338
WFAT	-6.361460
DNTL	-6.060430
CLEB	-5.516362
SIUS	-5.516362
WNCI	-6.361460
OKHO	-5.759400
KHOS	-6.361460
HIER	-5.320067
ETPO	-5.759400
FEDB	-6.361460
SOIO	-6.060430
OIOF	-6.361460
IOFF	-6.060430
TOTY	-6.361460
OTYP	-6.060430
MMEB	-6.060430
ETYP	-5.157340
ANAX	-6.060430
NAXI	-6.361460
AXIO	-6.361460
XIOM	-6.361460
IOMO	-6.361460
GELH	-6.361460
SHYM	-5.759400
ICUO	-5.407217
USVE	-5.662490
NSYA	-6.361460
SWOL	-6.060430
ECHH	-5.884338
EAKJ	-6.361460
AKJU	-6.361460
ELCA	-5.215332
RRYB	-5.662490
NFON	-6.361460
EKIB	-6.361460
DNTQ	-6.361460
DNTW	-5.759400
OIWR	-6.361460
DEAU	-5.759400
UXWH	-6.361460
NCHU	-5.407217
TSTS	-5.662490
GSCR	-5.884338
PANC	-6.060430
TELH	-6.361460
LHOS	-6.060430
FUSH	-5.662490
TWEG	-5.662490
LERD	-5.662490
PWEW	-6.361460
GOTD	-5.884338
BOXA	-5.583308
NIFS	-5.759400
LKFO	-6.361460
FHOS	-6.060430
PAWI	-6.060430
RMUF	-6.361460
OSOB	-5.759400
SOBH	-6.361460
OBHE	-5.884338
BHEA	-5.884338
GELV	-6.361460
ELVA	-6.361460
SCHR	-5.407217
NOLY	-6.361460
LMRA	-6.361460
LSAD	-5.759400
ADIU	-5.884338
MARB	-4.999732
EBUN	-5.662490
EGSS	-5.516362
PWAR	-4.899062
DOIL	-5.583308
OILY	-5.516362
IPEW	-5.361460
LORA	-4.963520
KBLU	-5.759400
UDWR	-6.361460
UORI	-6.361460
YISR	-5.884338
TRIT	-6.060430
XINA	-6.361460
EHAG	-6.060430
GUEL	-5.407217
ROLD	-4.899062
WODE	-6.060430
EALU	-5.662490
UMBN	-6.060430
MBNA	-6.361460
BNAI	-6.361460
TLAC	-6.361460
OUGA	-5.458370
UGAT	-5.759400
IBEI	-5.662490
KBEA	-6.361460
ADSS	-5.185368
SSEW	-6.361460
SEWN	-6.361460
EWNU	-6.361460
CKJE	-6.361460
KJET	-6.361460
JETO	-5.662490
WNRA	-5.759400
REYI	-5.759400
DNTO	-5.884338
NAVU	-6.361460
AVUL	-5.884338
GARC	-5.361460
ASYG	-6.060430
SYGO	-6.060430
DCHU	-5.583308
LLYY	-5.662490
HITU	-5.759400
VEAQ	-5.759400
EYEF	-5.662490
YEFO	-5.407217
ILSM	-5.516362
LSMY	-5.884338
NEEO	-6.361460
USHU	-5.247516
SHUP	-5.759400
NDTY	-6.060430
DTYP	-6.060430
YPEL	-5.662490
UMBI	-5.759400
ENEZ	-6.060430
NEZA	-6.361460
EZAT	-6.361460
ZATE	-6.361460
SEIV	-6.361460
LYOD	-6.361460
ODDO	-5.583308
OECA	-5.884338
WOLO	-5.884338
FTHN	-6.361460
DYOT	-6.361460
HODD	-6.361460
ODDB	-6.361460
DDBO	-6.361460
TDED	-6.060430
HTGL	-5.884338
THGL	-5.458370
DDIP	-5.759400
DIPP	-5.407217
PITM	-6.060430
KWOU	-5.516362
LIPT	-5.662490
VEFT	-6.361460
FTSE	-5.884338
ONBL	-6.361460
KHAI	-5.662490
USHY	-5.759400
SHYB	-6.361460
HYBL	-5.516362
LKBL	-6.361460
KWAI	-6.361460
OATG	-5.583308
WNGA	-6.060430
CSID	-6.060430
OTSK	-6.361460
DYBR	-6.060430
NGCC	-6.361460
GCCT	-6.361460
CCTH	-6.361460
LDOS	-5.516362
OCLU	-5.884338
EQUO	-4.099009
QUOT	-5.516362
UOTE	-5.516362
BALZ	-6.361460
ALZA	-6.361460
LZAC	-6.361460
ZACO	-6.361460
STYP	-5.662490
TOMT	-5.458370
PTLE	-6.060430
RVAG	-5.884338
WISI	-5.759400
DOUN	-6.060430
IXOC	-5.759400
XOCL	-5.759400
AYPU	-6.060430
RGYI	-6.060430
GYIN	-6.060430
LIDG	-6.060430
SYDE	-6.060430
PHBU	-6.060430
WEIR	-6.361460
ELIL	-6.361460
LPUF	-5.759400
TILC	-6.060430
ILCL	-5.884338
HEDÉ	-6.361460
EDÉN	-6.361460
DÉNO	-6.361460
ÉNOU	-6.361460
RMCU	-6.361460
TTUB	-5.759400
TUBE	-5.361460
PUNG	-6.361460
OFHY	-5.759400
FHYD	-5.884338
HYDR	-5.157340
ROCH	-6.060430
OCHL	-6.361460
CIDT	-6.361460
USOL	-5.583308
EBIS	-5.662490
BISU	-6.060430
ISUL	-5.884338
SULP	-5.583308
ULPH	-5.516362
LPHA	-5.407217
BARY	-5.759400
YTAN	-5.884338
YICR	-6.361460
ALTT	-6.361460
NYMY	-6.060430
OLAW	-5.662490
RDAH	-5.662490
VYFO	-5.884338
OOTF	-5.458370
RMRJ	-6.361460
RJAM	-5.662490
URDY	-6.060430
RDYM	-6.361460
KINN	-5.884338
EYEY	-5.516362
OTAQ	-5.884338
WSID	-5.759400
CKYE	-5.458370
KYES	-5.583308
CITW	-6.361460
LMRW	-6.060430
NKGA	-6.361460
KGAV	-6.361460
LLYQ	-5.884338
EMWR	-6.361460
MWRI	-6.361460
RSGE	-5.583308
ESLU	-5.361460
SLUR	-5.583308
ICSB	-5.759400
CSBU	-5.884338
KOFW	-5.516362
PHSO	-5.759400
LLTY	-6.060430
YMAG	-5.759400
NKSP	-6.361460
KSPR	-5.583308
ALKM	-6.060430
LKMR	-6.361460
KEYI	-5.583308
NKTU	-6.060430
KTUR	-5.662490
APOH	-6.361460
POHI	-6.060430
TDOR	-6.361460
SUAV	-6.060430
OOTR	-5.662490
LEAQ	-6.361460
ATSR	-5.759400
TSRI	-5.662490
HAGH	-6.361460
FMOI	-5.884338
TAMM	-5.759400
TMEJ	-6.060430
ICTM	-6.060430
IGOW	-6.060430
GOWR	-5.884338
THUD	-5.884338
STUC	-5.282278
TUCK	-4.185368
OACE	-5.516362
SHYW	-6.060430
FFOT	-6.361460
LYAJ	-6.060430
YAJO	-6.060430
GOIF	-6.361460
OIFA	-6.060430
OMTU	-6.060430
MTUR	-5.662490
DYSM	-6.060430
GJAM	-5.759400
KWIS	-6.361460
SOBO	-5.884338
RHEB	-5.583308
TLYV	-5.759400
EERU	-5.759400
SOOR	-5.884338
ARPY	-6.361460
RPYO	-6.361460
ULAY	-6.361460
SAUL	-5.247516
GALC	-5.884338
LAWC	-5.884338
AWCA	-5.407217
EDPU	-5.458370
YAWH	-5.131011
WHIP	-5.039240
PACR	-6.361460
BYJO	-5.759400
YJOV	-5.759400
JOVE	-5.320067
OHET	-5.884338
OKTW	-6.060430
WOSW	-6.060430
VYHA	-5.759400
WWEC	-5.583308
NKRU	-5.662490
KRUN	-6.060430
LRIS	-5.583308
ELMU	-5.583308
HHIN	-5.884338
NTYP	-5.407217
GETC	-6.060430
IRMF	-5.884338
IELI	-5.662490
ICDE	-5.361460
CDEF	-6.361460
OYÉJ	-6.361460
YÉJA	-6.361460
ÉJAM	-6.361460
ANKV	-6.060430
NKVO	-6.060430
KVOI	-6.060430
VOIL	-6.361460
OILÀ	-6.361460
ILÀT	-6.361460
LÀTO	-6.361460
ÀTOU	-6.361460
IGER	-5.157340
RCUB	-6.060430
CUBA	-5.759400
UBAN	-5.662490
SOSN	-6.060430
OSNA	-5.516362
OMAW	-5.407217
NHAF	-6.361460
AFIZ	-6.361460
FIZA	-6.361460
ZASI	-6.361460
LDIV	-5.884338
DIVT	-6.361460
GMYW	-6.361460
IDBR	-5.407217
NWIR	-6.361460
HBOS	-6.060430
EDYS	-5.884338
CTLE	-5.759400
ORKF	-5.361460
EUNG	-5.662490
GOIM	-6.060430
OIMU	-5.759400
KATO	-5.884338
NAFG	-6.361460
AFGH	-6.060430
FGHA	-5.884338
DYTR	-6.060430
CABW	-6.060430
ABWI	-5.361460
BWIT	-5.320067
LGAU	-6.060430
TFIG	-5.662490
NGAU	-5.759400
YLOC	-5.583308
EBIA	-6.361460
BIAS	-5.884338
RUMM	-5.759400
MMAG	-5.583308
ICBA	-6.060430
CBAL	-6.361460
KHAV	-5.884338
APAP	-5.662490
EMSF	-5.884338
MSFR	-5.759400
ADOX	-6.361460
DOXI	-6.361460
DSBO	-5.516362
ICTN	-6.361460
AMRJ	-6.361460
HNTU	-6.060430
LIAA	-5.759400
MRCH	-6.060430
ESMC	-5.662490
SMCC	-5.583308
MCCA	-4.738210
CCAR	-4.748676
EXAU	-6.361460
XAUS	-6.361460
OASN	-5.759400
OMCC	-5.884338
CTEQ	-6.361460
ERMC	-5.884338
RMCC	-5.407217
DWIV	-5.884338
EMCC	-6.060430
HYSW	-6.060430
FSPO	-5.884338
ODMC	-6.361460
DMCC	-6.361460
THYK	-5.759400
HYKE	-5.884338
PTTW	-6.361460
RLTU	-6.361460
FDOZ	-6.060430
STMC	-6.361460
TMCC	-5.884338
HYLE	-5.884338
EYAB	-6.361460
CKAL	-5.157340
MHAT	-6.060430
MEKE	-5.583308
LOYO	-5.759400
FMRT	-6.361460
MRTU	-5.662490
TMRM	-5.884338
MRMC	-5.458370
GMRM	-6.060430
NMRJ	-6.361460
GUNU	-6.060430
UNUN	-6.060430
WOMC	-6.060430
KLYW	-6.060430
EDSR	-6.361460
DGEK	-5.662490
GFLO	-5.583308
GAVI	-6.361460
HYSQ	-6.361460
HYCA	-5.759400
SGUN	-5.759400
GUNO	-6.361460
ESHB	-5.583308
DYST	-5.215332
NSGU	-6.060430
ODYU	-5.884338
DYUN	-5.884338
ULMU	-5.759400
LMUR	-5.662490
DAMN	-4.963520
AMNI	-5.884338
GCAS	-5.583308
LITD	-5.662490
ICKY	-5.516362
INTV	-6.361460
OKSE	-5.884338
RKOU	-5.662490
RPUZ	-6.361460
GWES	-5.662490
DOFQ	-6.060430
YDIG	-5.884338
IGES	-5.320067
OOBV	-6.361460
ROBV	-6.361460
OMRL	-6.361460
MRLE	-5.662490
AMBO	-5.039240
MBOA	-5.884338
GORE	-5.320067
WISU	-6.060430
RMRL	-6.361460
GISL	-5.361460
WEGE	-5.583308
FTSI	-5.662490
LYSL	-5.131011
HEJA	-4.884338
EJAW	-4.999732
JAWI	-5.407217
LTIO	-6.361460
YQUO	-5.759400
MYMÉ	-6.361460
YMÉT	-6.361460
MÉTI	-6.361460
ÉTIE	-6.361460
RSJU	-5.884338
SJUR	-6.060430
ICYT	-6.060430
NKAC	-6.361460
IALD	-5.320067
NDYW	-6.060430
RKAP	-6.060430
HYMI	-6.060430
SBUN	-5.884338
PYOF	-5.458370
CALH	-5.361460
GTUR	-5.407217
YMRJ	-6.361460
WSIH	-5.884338
BRIS	-5.039240
ERDM	-6.361460
HJOH	-6.060430
HNCO	-6.361460
NCOB	-5.884338
OBBT	-6.361460
BBTH	-5.106187
ALKR	-5.884338
LKRA	-6.361460
KRAP	-5.884338
KMYG	-6.361460
YGUN	-5.884338
OLIH	-6.060430
RDAC	-5.407217
FCOO	-5.884338
COOE	-5.516362
OOEE	-5.516362
OEEW	-5.884338
AUSU	-6.361460
LSIG	-5.282278
OOLH	-5.662490
HLYW	-5.516362
GUNG	-6.361460
RMIH	-6.060430
UTCR	-5.583308
TCRY	-5.583308
CRYB	-5.759400
UNBA	-5.884338
OMRT	-6.361460
TAPO	-5.320067
APOP	-5.458370
EMUM	-5.583308
YEDN	-5.759400
IRIO	-5.516362
NALQ	-6.060430
EDYW	-6.060430
ERIU	-6.060430
RIUN	-5.759400
VENK	-5.759400
OWAJ	-6.361460
WAJU	-6.361460
AJUR	-6.361460
HARO	-5.458370
SIRU	-5.662490
UEIM	-6.060430
GLAY	-5.583308
LPYE	-5.884338
PYES	-5.884338
SIGL	-5.759400
IGLA	-5.282278
UMNT	-5.884338
NGMC	-5.407217
GMCC	-5.407217
RKSV	-5.884338
KSVE	-5.884338
CUSH	-5.583308
FHEE	-6.060430
EEVO	-5.884338
SOOU	-5.662490
TRÉA	-6.361460
RÉAS	-6.361460
ÉASA	-6.361460
SADY	-6.361460
OTHN	-5.884338
RARC	-6.060430
WELU	-6.060430
UDVA	-6.361460
ADGL	-5.759400
DGLE	-6.060430
SALE	-5.082706
ANFU	-5.662490
WNDU	-6.060430
RLEG	-5.361460
LEGG	-5.361460
ICSU	-5.662490
CSUR	-6.361460
USIH	-6.361460
TEAI	-5.884338
EAIK	-6.361460
AIKN	-6.361460
TICN	-5.662490
PPYU	-6.060430
PYUN	-6.060430
LYAQ	-6.060430
RICP	-6.060430
ICPR	-5.247516
CPRE	-5.458370
NTYN	-6.361460
KYIH	-6.361460
HNEE	-6.361460
FAIS	-6.361460
AISV	-6.361460
BTAL	-6.361460
APIK	-5.759400
GHIR	-6.361460
DYDO	-5.516362
PSPA	-5.759400
NKFL	-6.060430
ANSQ	-5.759400
NSQU	-5.320067
USOI	-5.884338
SOIK	-5.884338
DNTD	-5.662490
RTUP	-5.759400
KKNO	-6.361460
RTAF	-5.516362
TAFL	-5.583308
AFLY	-5.583308
URDT	-6.060430
LOOP	-5.361460
OPHO	-6.060430
PHOL	-6.060430
FLAW	-5.759400
PESL	-5.759400
OHIK	-6.361460
HTJA	-6.361460
NUSJ	-6.361460
USJA	-5.662490
SJAM	-5.884338
LHEN	-5.884338
CHAU	-5.759400
ITAQ	-6.361460
USHP	-6.361460
RDPO	-5.458370
DRWI	-6.361460
WSSA	-6.361460
SNER	-5.759400
RIAH	-5.884338
AHAI	-5.759400
NESQ	-6.060430
DMRT	-6.361460
WNOD	-6.361460
EJAM	-5.884338
OMRH	-6.060430
TGOH	-5.884338
RDAD	-6.060430
DISV	-6.060430
UPHO	-5.884338
PHOP	-6.060430
TUSD	-6.060430
SDOS	-5.759400
TELW	-5.759400
OFAA	-5.884338
FAAN	-5.759400
OWBA	-5.516362
PUNY	-6.361460
UNYP	-6.361460
YPLO	-6.060430
GROP	-5.282278
FUPE	-6.361460
YMED	-5.662490
EKLY	-5.884338
OCCI	-6.361460
CCIP	-6.361460
VYBL	-6.361460
POTU	-6.361460
ADCL	-5.583308
UMAM	-5.884338
NDYI	-5.884338
ICUD	-6.361460
CUDG	-6.060430
GELL	-6.060430
REYC	-5.583308
CKTU	-5.884338
ZENP	-6.361460
ESHF	-5.361460
NLOD	-5.884338
EPSV	-6.361460
PSVE	-6.361460
GOOV	-5.458370
CHNI	-5.282278
HNIC	-5.282278
NFAG	-6.361460
FAGG	-5.884338
ONGJ	-5.884338
GJOU	-6.361460
EYIH	-6.361460
NGAY	-5.282278
RAHT	-5.759400
AHTH	-5.060430
WISM	-5.759400
DIOT	-5.583308
IOTD	-6.361460
BARM	-5.884338
EGIS	-5.185368
NZYO	-6.361460
ZYOF	-6.361460
SUPI	-5.458370
SGOA	-5.583308
GOAD	-5.759400
DWIF	-5.583308
RMUD	-6.060430
MUDA	-6.060430
UDAD	-6.361460
KYAR	-5.884338
TIEB	-6.361460
TAHW	-6.060430
HOIW	-6.361460
OIWO	-6.060430
CRYC	-5.884338
YCOO	-5.361460
OEEB	-5.884338
UCIA	-6.060430
KEBR	-5.759400
OCKL	-5.662490
TMRT	-6.361460
IXTY	-5.106187
XTYB	-6.361460
FEAB	-6.060430
OFMC	-6.361460
FMCC	-6.060430
DDAG	-5.361460
MREN	-6.361460
DYAB	-5.759400
ISMC	-6.361460
OISP	-5.759400
YCOC	-5.662490
YACA	-5.516362
LELS	-5.662490
EWEK	-6.060430
ATMC	-6.361460
IORM	-5.884338
OMMC	-6.060430
MMCC	-5.884338
NFOG	-6.361460
FOGS	-5.884338
RMUP	-5.759400
FTYE	-5.759400
OOFE	-6.060430
FEDW	-5.583308
LOTC	-5.516362
REYW	-5.759400
AVYU	-6.361460
VYUP	-6.361460
OBOS	-6.361460
OLSH	-5.759400
DLOG	-5.759400
GICI	-5.583308
FBAK	-5.759400
YGLI	-5.458370
RSBO	-5.407217
PCOR	-5.884338
EWYN	-6.361460
WYNE	-6.361460
TRIL	-5.320067
RILS	-4.781676
ARKF	-5.320067
RKFE	-6.060430
LINR	-6.361460
OBYW	-6.361460
SDAM	-6.060430
AMPM	-5.759400
MPMA	-6.060430
PMAR	-6.060430
RSHY	-5.884338
SHYG	-6.361460
HYGR	-6.060430
THUP	-5.407217
TOPD	-5.516362
OPDE	-5.884338
PDEA	-6.060430
DOWL	-5.884338
GIRT	-5.516362
YMRT	-6.361460
DJUT	-6.361460
RSDW	-6.361460
ODSG	-5.759400
REWV	-6.361460
EWVE	-6.060430
WBEL	-6.361460
BELT	-5.361460
SODD	-5.884338
YPAC	-5.516362
OSSB	-5.282278
OMOI	-6.361460
RANR	-5.759400
NROU	-5.039240
ADOG	-5.320067
DOGW	-5.759400
OGWH	-5.884338
PASC	-5.884338
ARAK	-6.060430
OHTU	-6.060430
HTUT	-6.060430
UTTU	-5.320067
TTUT	-5.583308
EFTF	-5.759400
RDTW	-6.060430
AMOL	-5.884338
SOHH	-6.060430
WSIM	-5.662490
FBUF	-5.884338
LOAN	-5.583308
XORE	-6.361460
WOUT	-5.082706
EWTA	-6.361460
WTAL	-6.361460
HYSF	-6.060430
YSOT	-5.215332
DLYV	-5.884338
AHAW	-4.963520
TIPT	-6.060430
TOOQ	-6.361460
OOQU	-6.060430
OAKN	-6.060430
NUPA	-5.407217
KUNT	-6.060430
CKSG	-5.884338
KSGA	-6.060430
PWHA	-5.407217
ENSN	-5.320067
HAJA	-5.884338
AJAG	-6.361460
JAGG	-5.884338
MOSS	-5.282278
RLUN	-5.458370
LEGW	-5.131011
EGWE	-5.662490
KSMO	-5.884338
NCIG	-5.759400
GARH	-6.060430
PENK	-5.884338
NKNI	-5.884338
KNIF	-4.817392
PTIC	-5.407217
SHJU	-6.361460
HJUR	-6.361460
URYN	-6.361460
YNOU	-6.060430
MLYY	-5.884338
ORKY	-5.583308
RKYO	-5.662490
IBEB	-6.361460
MAPR	-5.516362
GOAB	-5.458370
GSGO	-5.759400
YEIS	-5.662490
FTLE	-6.060430
RHOT	-6.060430
LUEY	-6.060430
XPOU	-6.060430
UCKU	-5.884338
CKUS	-6.060430
KUSB	-6.060430
RCHM	-5.516362
LADS	-4.981248
OEET	-6.361460
LOBV	-6.361460
OEEI	-6.361460
LYAU	-6.361460
YAUS	-6.060430
NCRY	-6.361460
HYEX	-5.884338
MATB	-5.759400
TBOS	-5.884338
OLWA	-6.361460
LIAW	-5.884338
KAFO	-6.060430
IWIR	-6.060430
MAPW	-6.361460
APWH	-5.583308
RATQ	-6.361460
ANUT	-5.320067
WOSY	-6.361460
ULIE	-5.759400
REYG	-6.060430
GUEN	-5.759400
UENE	-5.516362
MBAL	-5.282278
OAKC	-6.361460
AKCE	-6.361460
KCER	-6.361460
OOLC	-5.516362
MORB	-5.583308
DERQ	-6.060430
DIGA	-5.662490
TIMB	-5.157340
UGAI	-6.361460
HLYJ	-6.361460
OTSB	-5.884338
SLAM	-5.131011
NCTT	-6.060430
PUTL	-6.361460
LFST	-5.320067
GARW	-6.060430
FPIP	-5.884338
IPEC	-6.060430
ECIG	-5.583308
DCIG	-6.361460
CCOH	-6.060430
COHA	-6.060430
MPAM	-6.361460
PAMO	-5.583308
EROL	-4.856310
NROT	-6.060430
EHEU	-5.759400
TIPH	-6.361460
OTBI	-5.759400
CUTW	-5.662490
ADCU	-5.662490
WLIM	-6.361460
IMPI	-5.247516
GGYF	-6.361460
GYFE	-6.361460
MBSS	-6.361460
BSSH	-5.884338
DOFU	-5.759400
FUNU	-6.060430
RDGR	-5.759400
GRIZ	-5.361460
RIZZ	-5.320067
IZZL	-5.320067
YEBR	-5.662490
OWSC	-5.516362
RIPO	-5.361460
DCHR	-5.662490
NICD	-6.060430
CDIS	-5.884338
TUPY	-6.060430
LKIF	-6.361460
OKRA	-6.361460
UTMC	-6.361460
MIGI	-6.361460
UMYW	-6.060430
ZESI	-5.759400
NTIU	-6.361460
FFHO	-6.361460
MADY	-5.884338
AGAO	-6.060430
AOLH	-6.361460
OLHO	-6.361460
LJOT	-6.361460
JOTD	-6.361460
HYIP	-6.361460
TSAQ	-6.361460
ZESS	-6.060430
ANMC	-6.060430
NMCC	-5.759400
ODKE	-5.583308
RIPH	-5.759400
ASAY	-5.516362
NHOT	-5.516362
GIGO	-6.060430
NOLU	-6.361460
YROB	-5.759400
XOFU	-6.060430
GSBL	-6.361460
KJAC	-6.060430
TGAN	-6.361460
ONVO	-5.759400
NVOY	-5.662490
VOYC	-6.361460
PTIE	-5.662490
VOLL	-6.060430
SWAG	-5.884338
WAGI	-6.060430
GIPU	-6.361460
TOLT	-6.060430
GOND	-5.759400
HYME	-5.583308
GSUS	-5.458370
TOAQ	-5.759400
OAQU	-5.759400
FEIB	-6.361460
EIBO	-6.361460
ABAB	-5.458370
ABYH	-6.361460
WEEH	-6.361460
EWLE	-5.583308
ENMC	-6.361460
RIPU	-5.884338
IPUP	-5.662490
CKOR	-5.407217
KORA	-5.407217
KSAY	-6.361460
FUSM	-6.060430
GOFU	-5.662490
WABI	-6.361460
NHAI	-5.407217
YELB	-5.884338
WITG	-5.884338
WUPF	-6.361460
AWIW	-6.060430
OUTQ	-5.884338
KMIX	-6.060430
HMIN	-5.662490
RMMC	-6.361460
OLMI	-6.060430
LMID	-5.884338
MIDW	-5.185368
IMTA	-5.583308
SLUT	-6.361460
LUTF	-6.361460
OTSN	-6.361460
YADY	-6.361460
GHCL	-5.884338
FLIM	-5.662490
MBIK	-6.361460
BIKN	-6.060430
RLBO	-6.361460
UEID	-6.060430
TYRD	-6.361460
YRDO	-6.361460
SCRY	-5.458370
IPRA	-5.759400
ONIP	-6.060430
RAYN	-5.884338
WOFY	-6.361460
LTHN	-6.361460
IFMC	-6.361460
IERF	-5.884338
SGIA	-6.361460
WLYF	-5.662490
MGOD	-5.583308
ELPU	-5.583308
LPUS	-5.583308
PUSS	-6.060430
OESF	-5.583308
FBAX	-6.361460
BAXT	-6.361460
AXTE	-6.361460
GODG	-5.583308
DGOE	-5.759400
MESJ	-5.884338
ELOL	-6.361460
STVT	-6.361460
TVTH	-6.361460
NIGL	-6.060430
MFAC	-5.884338
NOEA	-5.662490
DYGA	-6.060430
IARQ	-6.060430
EBAF	-6.060430
ALSK	-5.458370
ELOG	-5.106187
HSIF	-6.361460
DOLC	-6.361460
OLCH	-6.361460
EURM	-6.361460
DALU	-5.662490
CLUB	-5.185368
UBIN	-5.759400
WERV	-5.458370
RVAU	-6.060430
FAFU	-6.060430
AFUR	-5.662490
SHBA	-5.884338
BARQ	-5.759400
GRIC	-5.759400
OFUF	-6.361460
FUFF	-6.361460
FFAA	-6.361460
NUPM	-6.060430
UINO	-5.361460
OCTI	-5.759400
LGAL	-6.060430
NALV	-5.884338
LVIO	-5.884338
HSHR	-6.361460
IEKA	-6.361460
BARS	-5.583308
ACAG	-6.060430
ORMG	-6.060430
RMGR	-6.361460
BEDL	-6.060430
EIAT	-6.060430
FCLA	-5.759400
RKRU	-5.759400
KRUS	-5.458370
LLSF	-5.407217
AWAV	-5.759400
SADW	-6.060430
IDIG	-5.516362
DIGL	-5.884338
PATM	-6.060430
ACLI	-5.759400
FSOI	-5.516362
CRON	-5.759400
MPAW	-5.884338
PAWA	-5.458370
RIML	-5.583308
NGUM	-5.884338
GUMB	-6.361460
BREL	-5.583308
GSHI	-4.899062
MANX	-5.131011
VYLI	-6.060430
GYHE	-6.361460
IDRA	-5.759400
SGOL	-5.320067
DENP	-5.320067
ENPI	-5.131011
NPIN	-5.759400
NEZT	-6.361460
EZTO	-6.361460
ZTOH	-6.361460
NUGC	-6.060430
UGCH	-6.060430
NDUM	-6.361460
DUMB	-5.157340
DRYP	-6.060430
MHOR	-6.060430
HALK	-5.759400
LKMI	-6.361460
EEUP	-6.060430
SYIH	-6.361460
UMRH	-5.759400
MMAJ	-6.361460
JORP	-6.060430
PREN	-5.884338
RGAS	-5.516362
TANK	-6.060430
KERV	-6.361460
LUBS	-6.060430
BSCA	-5.662490
LAHO	-6.361460
GATC	-6.361460
RAWY	-6.060430
UFIL	-6.060430
RDSQ	-6.361460
RUPA	-5.583308
WETF	-5.884338
LAZE	-5.516362
ZEMY	-6.361460
HNOP	-5.516362
HAWB	-6.361460
SAHE	-5.458370
OSON	-5.583308
CLEE	-5.662490
RJOS	-6.361460
EPHM	-6.361460
PHMY	-6.361460
FBIC	-6.361460
BICY	-6.060430
TEEO	-6.060430
HAWU	-6.361460
WUNB	-6.361460
IREU	-5.759400
CAWH	-6.060430
WARH	-6.060430
NLEE	-6.060430
TOEU	-6.361460
OEUR	-6.361460
SUSS	-6.361460
SEXN	-6.361460
EXNE	-6.361460
XNEA	-6.361460
GROE	-6.060430
ICYI	-6.361460
NFIE	-5.516362
CKTE	-5.583308
KTEM	-6.361460
BTIF	-6.361460
EEFI	-5.361460
OSOC	-5.884338
KAFA	-6.361460
RHEU	-5.759400
VACY	-6.361460
MALU	-6.060430
ALUM	-6.060430
UPAM	-5.662490
OYSC	-6.361460
YSCU	-6.361460
KEYH	-5.662490
DBUN	-5.583308
SBIL	-5.185368
TUPP	-5.759400
PPON	-5.759400
TEIB	-6.361460
MMYL	-5.884338
LIPH	-6.060430
UTTY	-6.060430
NDKK	-6.361460
DKKK	-6.361460
KKKH	-6.361460
KKHE	-6.361460
GMEP	-6.060430
WSCR	-5.759400
FLAP	-5.458370
LAPJ	-6.060430
APJU	-6.361460
EGUM	-5.884338
GUMT	-6.361460
TERK	-5.407217
DPIP	-5.247516
OLDR	-5.106187
TYKE	-6.361460
YKEY	-6.361460
CINO	-6.361460
LBRA	-5.282278
SSBO	-5.458370
SBOX	-5.583308
BOXL	-5.884338
OXLI	-5.884338
XLIK	-6.361460
ASHB	-5.583308
SHBO	-5.662490
HBOX	-5.884338
BOXI	-5.516362
OXIN	-5.583308
XINT	-5.662490
ECKM	-5.884338
KMAT	-6.361460
AMLA	-5.361460
YERA	-5.407217
TEPU	-5.662490
EPUP	-5.282278
PUPT	-5.662490
CKFL	-6.060430
FLUF	-5.759400
LUFF	-5.282278
FFYA	-6.060430
FYAS	-6.361460
BOXS	-6.060430
OXST	-6.361460
XSTO	-5.884338
PTYB	-6.060430
XINO	-6.361460
LEKW	-6.361460
PEIW	-6.060430
UJOH	-6.361460
HNSA	-6.361460
MYIA	-6.361460
WOED	-6.060430
OEDG	-6.060430
AKEK	-6.060430
KEKI	-6.060430
EMRF	-5.884338
MRFO	-5.583308
ISIG	-6.060430
RASD	-6.361460
UEFE	-5.884338
REWL	-5.759400
FDRU	-5.884338
PLIK	-5.320067
HEEP	-5.157340
HOTF	-5.407217
SHTU	-6.361460
HTUM	-6.361460
BRAZ	-5.583308
RAZE	-5.215332
AZEN	-6.060430
DAYG	-5.662490
AYGL	-6.361460
HMOI	-6.361460
WRAI	-6.361460
OABU	-5.662490
KWEF	-6.361460
NSCU	-5.458370
SCUM	-6.060430
CUMM	-6.361460
EETD	-5.662490
NECC	-6.361460
KSLA	-5.662490
AYND	-6.361460
YNDT	-6.361460
RAYP	-6.060430
SLOC	-5.282278
PWEF	-6.361460
BELW	-6.361460
OFKK	-6.361460
FKKK	-6.361460
KKKR	-6.361460
KKRE	-6.361460
IPTS	-6.060430
HAWF	-6.060430
CSAV	-6.361460
CASO	-6.361460
HPOL	-5.320067
ICSF	-6.361460
CSFO	-6.361460
PETB	-5.516362
ETBA	-5.282278
TBAG	-5.583308
BAGP	-6.361460
AGPO	-6.361460
GPOL	-5.662490
HUSU	-6.060430
RPCR	-5.884338
DBUL	-5.247516
RYSC	-5.583308
HNHE	-6.361460
ISKK	-6.060430
SKKK	-6.060430
KKKS	-6.361460
KKSA	-6.361460
OOHS	-6.060430
ACIV	-5.759400
TOMF	-5.759400
MFOO	-6.060430
MDUN	-5.759400
DEEI	-5.884338
HSUN	-5.884338
OIFO	-6.060430
BIDY	-6.361460
JORF	-6.361460
EEBO	-5.131011
OMDA	-5.884338
MDAN	-6.060430
RORU	-5.759400
ORUP	-5.516362
RAMF	-6.361460
ALKP	-5.884338
LKPI	-6.060430
KPIT	-5.884338
EDSK	-5.282278
DSKU	-5.583308
SKUL	-4.817392
KULL	-4.842946
LIHU	-6.361460
NFEN	-6.361460
IGHC	-5.516362
GHCE	-5.884338
OULP	-5.759400
LPLO	-6.361460
NWOV	-6.060430
HYID	-6.060430
CRUM	-5.583308
UMPL	-5.185368
ERND	-5.458370
AGEK	-6.060430
GEKK	-6.361460
EKKK	-6.060430
KKKA	-6.060430
KKAN	-6.060430
RRAB	-6.361460
TUTC	-6.361460
NORY	-5.516362
RGYC	-6.361460
GYCA	-6.361460
CEAH	-5.884338
EAHB	-6.060430
AHBU	-5.516362
SRAV	-6.361460
EUSN	-6.060430
PUST	-6.060430
OATP	-5.361460
TPOC	-5.884338
SIOB	-6.060430
LUNB	-6.060430
URIF	-6.060430
PSFL	-5.884338
PEDD	-5.157340
PSUS	-5.583308
APAG	-5.662490
GISU	-5.516362
CALN	-5.516362
STHH	-6.361460
HHUD	-6.361460
HUDS	-5.583308
MEOL	-5.247516
PSON	-5.247516
ONMC	-6.361460
CCAU	-6.060430
CAUL	-5.407217
AULE	-5.185368
WAIN	-5.215332
THMC	-6.361460
HMCC	-6.361460
DTHJ	-6.361460
DTHV	-6.361460
NNOA	-5.583308
USSW	-5.884338
OXWH	-5.759400
BEDY	-5.662490
OXOU	-6.361460
XOUT	-6.060430
LASD	-5.884338
KOFR	-6.361460
LAWB	-5.884338
WEBT	-6.060430
BTOW	-6.060430
WEAV	-5.019037
YWOV	-6.361460
ENSY	-5.583308
OPUN	-6.060430
ANRI	-5.662490
OATY	-5.583308
UADV	-5.884338
LOOI	-6.060430
OITR	-5.884338
ORKU	-5.407217
UATH	-6.361460
LARH	-5.662490
NSPL	-5.583308
MAMI	-5.759400
TSBL	-5.458370
NUSL	-6.361460
HAWS	-5.458370
TOSB	-6.361460
OSBU	-6.060430
UIAS	-5.884338
ENOQ	-6.060430
PYFA	-6.060430
MITN	-5.884338
PTOI	-5.884338
LTSW	-5.884338
SCUV	-5.884338
CUVI	-5.282278
MALB	-5.884338
EEED	-6.361460
HIPD	-5.215332
IPDE	-5.884338
PDEF	-6.361460
DOCU	-5.884338
OCUM	-5.884338
CUME	-5.884338
CSWE	-5.884338
DATZ	-6.361460
ATZE	-6.361460
ZERO	-5.884338
ROIR	-6.361460
BERB	-5.516362
BOTA	-6.361460
GEOL	-5.458370
OGYP	-6.361460
GYPR	-6.361460
DASR	-5.759400
EMUD	-6.060430
MUDS	-6.361460
NFIF	-5.583308
RYEC	-6.361460
YECC	-6.361460
ICSE	-5.458370
CSEN	-6.361460
QUEV	-6.060430
UEVI	-6.361460
YERB	-6.060430
OXER	-6.361460
XERS	-6.361460
RBYC	-6.060430
CCOT	-6.361460
COTH	-5.759400
TEMW	-5.884338
ELUM	-5.884338
ERKO	-6.361460
GCLI	-5.884338
NGHY	-5.884338
GHYP	-6.060430
CAAS	-6.361460
TBYC	-5.759400
MPON	-5.361460
DEEA	-6.361460
IRDF	-5.884338
IPEX	-6.060430
PEXC	-6.060430
EKSE	-6.060430
VELB	-5.884338
PITL	-5.759400
GNWH	-6.060430
EKSR	-6.361460
DLYU	-5.884338
HYIU	-6.361460
YIUR	-6.361460
LAYG	-6.361460
HAWC	-6.361460
FVIT	-5.884338
EEKK	-6.361460
KKKC	-6.361460
KKCE	-6.361460
KCEA	-6.361460
BADG	-5.662490
HEKU	-6.361460
EKUK	-6.361460
KUKL	-6.060430
UKLU	-6.060430
KLUX	-6.060430
LUXK	-6.060430
UXKL	-6.060430
XKLA	-6.060430
NEEH	-6.361460
LYKU	-6.361460
YKUK	-6.361460
GIAA	-6.361460
IDAI	-6.060430
DAIT	-6.361460
OVOT	-6.361460
IGOF	-6.060430
FOAK	-6.361460
OAKL	-6.361460
AKLE	-6.361460
LONS	-5.407217
OROR	-5.583308
HTEI	-6.060430
YABJ	-6.361460
ABJU	-6.060430
BJUR	-6.361460
DUSU	-6.060430
SOSY	-6.361460
OSYS	-5.759400
CITS	-5.884338
PONR	-5.320067
SLAY	-5.282278
CAWI	-5.884338
NDCT	-6.361460
DCTH	-6.361460
TYSW	-5.884338
ATAA	-6.060430
TAAN	-6.060430
NDBC	-6.361460
DBCL	-6.361460
BCLE	-6.361460
DORL	-5.583308
ATCW	-6.361460
TCWA	-6.361460
CWAS	-5.884338
ORCW	-6.361460
RCWE	-6.361460
NKDO	-6.060430
KDOC	-6.361460
RKPL	-6.060430
DIMV	-6.060430
MVEI	-6.361460
EILW	-6.060430
EEAV	-5.759400
USYD	-5.884338
SYDA	-6.060430
ITYJ	-6.060430
GUPY	-6.361460
RCOF	-5.361460
UNOP	-6.361460
YEOV	-6.361460
SCUP	-5.583308
PIFE	-6.060430
EDYN	-6.361460
LOOB	-5.884338
OOBR	-5.884338
HEHD	-6.361460
EHDI	-6.060430
CRYF	-5.583308
CUET	-6.361460
DYEX	-5.759400
GNOD	-5.759400
DIFG	-6.361460
IFGO	-6.060430
SGAN	-6.060430
OWCH	-5.320067
WCHE	-5.662490
ECOY	-5.884338
COYE	-5.884338
KMEN	-5.759400
CTLI	-5.759400
BTWA	-5.884338
PUNT	-5.884338
EBTH	-6.361460
FLIE	-5.407217
GPAL	-5.884338
ECEF	-6.361460
OAFH	-6.361460
AFHE	-6.361460
ITVO	-6.361460
TVOR	-6.361460
GITD	-5.662490
GRYI	-6.060430
UPBO	-5.516362
PBOA	-5.458370
UEEZ	-5.131011
OKFI	-6.060430
KFIV	-6.361460
APHE	-5.361460
RJOT	-6.361460
JOTH	-5.583308
AINJ	-5.884338
NJAM	-5.884338
OUNB	-6.060430
AVAN	-5.282278
VANN	-5.583308
NNAH	-5.662490
NAHG	-6.060430
AHGE	-6.361460
HAWD	-6.361460
HDAT	-6.060430
ERLL	-5.884338
RLLO	-6.361460
LOYD	-6.361460
OYDS	-6.361460
YDSR	-6.361460
EERO	-5.157340
SIXS	-5.759400
IXSH	-6.060430
XSHI	-6.060430
NNAG	-6.361460
XASI	-6.060430
NKIW	-6.361460
TARW	-5.458370
TARH	-6.060430
EKIW	-6.060430
KIWE	-6.060430
ERTD	-6.060430
RTDO	-6.060430
KEND	-5.583308
SLEO	-5.407217
FWIG	-6.361460
WIGH	-5.516362
OHIH	-6.060430
NNSA	-6.361460
NSIK	-6.060430
EEAW	-5.662490
NLOA	-5.458370
CARG	-5.583308
RGOB	-5.884338
NAHT	-5.185368
RAFL	-5.662490
FJOH	-5.884338
HAWW	-6.060430
NAHB	-5.583308
RSLS	-6.361460
SLSC	-6.361460
LIPI	-5.662490
HITN	-5.361460
TNEY	-5.458370
EYBR	-5.759400
IASW	-6.060430
NEYD	-6.060430
EYDD	-6.361460
YDDP	-6.361460
DDPR	-6.361460
FSTG	-5.884338
DDIC	-6.060430
OPIU	-5.157340
PIUM	-5.247516
BITG	-6.361460
EGEF	-6.361460
DDEQ	-6.361460
CEYS	-5.759400
CCOW	-6.060430
COWI	-6.361460
NUMI	-6.060430
MEEF	-6.361460
HYEL	-5.759400
STYF	-6.361460
INTP	-5.759400
TPUP	-5.884338
PILS	-5.884338
LHUD	-6.361460
FELA	-6.361460
RKDO	-5.884338
RLAP	-5.662490
WLYC	-5.759400
WHUR	-6.060430
LEUM	-6.361460
EUMO	-5.759400
ORFL	-5.407217
RFLE	-5.361460
DYCL	-5.884338
RKCO	-5.458370
KCOL	-5.759400
UFFW	-5.884338
ROLS	-5.884338
FESN	-6.361460
LPWH	-6.060430
PWHY	-6.361460
FEPU	-6.361460
SKAT	-6.361460
DMEK	-6.361460
MEKA	-6.361460
HOYO	-6.060430
EFCA	-5.884338
NOIW	-6.060430
OLCO	-5.759400
IUMD	-5.516362
UMDE	-5.516362
SORG	-5.884338
KTWI	-5.884338
REGS	-6.361460
EGSO	-5.361460
KSBR	-5.759400
FGOL	-5.516362
DOHO	-5.662490
HEAY	-6.361460
IDWO	-5.884338
PLUC	-5.320067
ERUF	-6.060430
FFIA	-6.060430
CORT	-5.583308
EYSM	-6.060430
NEIP	-6.361460
EERY	-5.583308
GEER	-6.060430
EYLU	-6.361460
YLUR	-5.516362
LOPS	-6.060430
OPSH	-6.060430
PSHO	-5.247516
PAPP	-6.361460
PFLI	-6.060430
OABL	-6.361460
KGAP	-6.361460
APLI	-5.759400
ACAV	-5.759400
PSWO	-5.759400
FAFL	-6.060430
MPAB	-6.361460
LATC	-5.884338
LOWR	-5.282278
WROO	-6.361460
VYWI	-5.759400
PTHR	-5.407217
CPOS	-6.060430
ENTK	-5.884338
KLAC	-5.759400
CKLU	-5.662490
KLUS	-6.361460
KSHA	-5.082706
WBRI	-5.759400
NWAX	-5.884338
WAXE	-5.884338
OWLS	-5.082706
WLSO	-5.884338
LPIP	-6.361460
IPES	-5.106187
YTAI	-5.759400
HMUM	-6.361460
RAZI	-5.583308
AZIE	-5.884338
ZIER	-5.884338
COAL	-5.157340
JAWR	-6.361460
WMAL	-6.060430
ALAY	-5.458370
APIP	-5.583308
IPEF	-5.662490
RUGB	-6.361460
UGBE	-5.759400
BECK	-5.516362
EMRI	-5.662490
AMOV	-5.583308
MMYR	-5.759400
NKEM	-6.361460
KISI	-5.759400
ATDY	-5.516362
TDYO	-6.060430
HAPF	-6.361460
APFO	-5.759400
SOBI	-5.884338
LEKE	-5.884338
UVEG	-6.361460
TMIX	-6.060430
RPIP	-5.131011
DNTF	-6.060430
TENK	-5.884338
ENKA	-6.361460
LEKA	-6.361460
TEGI	-6.361460
UACA	-6.361460
CABY	-6.060430
ABYE	-6.060430
OWEW	-6.060430
OFFC	-5.759400
URIC	-5.884338
UPEF	-6.361460
PEFY	-6.361460
EFYI	-5.884338
GFUM	-6.361460
FUME	-5.583308
NPLU	-5.759400
LKPA	-6.361460
DSFE	-5.662490
ELLQ	-5.884338
RIGL	-6.361460
MPIP	-5.759400
EERL	-5.361460
KSOT	-5.516362
IHIS	-5.884338
ADOD	-6.361460
DODD	-6.060430
SOTT	-5.884338
CABO	-6.060430
IMPT	-6.361460
PUTF	-5.759400
ABMY	-6.060430
BMYM	-6.361460
YSBI	-6.060430
IMDR	-5.583308
MDRI	-5.884338
PITF	-5.583308
SHUF	-5.759400
HUFF	-5.583308
OCOC	-6.361460
YMYN	-6.060430
SOTS	-6.361460
WNPU	-6.361460
CARW	-5.458370
HORU	-5.516362
UNSI	-5.884338
RAPD	-5.759400
PDOO	-5.884338
FPAU	-6.060430
ULSW	-5.458370
HARF	-5.215332
ARFW	-5.759400
RFWH	-6.060430
RAPS	-5.185368
DOGC	-5.407217
OGCA	-5.516362
RTDA	-6.060430
TDAS	-5.583308
WOGO	-6.060430
FYEL	-5.662490
UIFI	-5.884338
EOHA	-5.884338
STYC	-6.060430
DARS	-5.662490
BEDD	-5.407217
IRYW	-6.361460
RLEE	-6.060430
LEEI	-5.884338
ULLK	-5.759400
TLYJ	-6.060430
YJUM	-5.662490
UMPU	-5.662490
PUPH	-6.361460
HTJO	-5.884338
HNWE	-6.361460
BALU	-6.060430
MURK	-5.884338
URKY	-5.884338
RKYR	-6.361460
KYRI	-6.361460
GSLU	-6.361460
SLUG	-5.759400
UGGI	-5.215332
GGIS	-5.407217
RDUL	-6.361460
AVYR	-5.884338
VYRE	-6.361460
SADU	-5.662490
LWRA	-6.060430
WRAC	-6.361460
WOTW	-6.361460
MLYH	-6.060430
IMCU	-5.759400
NEWQ	-6.361460
EWQU	-6.060430
WQUE	-5.458370
OTAX	-6.361460
TAXH	-6.361460
AXHI	-6.361460
KINU	-6.060430
BANV	-6.361460
FSHR	-6.060430
NPON	-5.759400
OGOU	-5.516362
GOUP	-5.516362
UWAT	-5.458370
LISD	-6.060430
RGEV	-5.884338
DSVE	-5.884338
YLEB	-6.361460
WOCH	-5.884338
DHUS	-5.759400
OSWH	-6.060430
NWEI	-5.884338
YMRN	-6.361460
MRNE	-5.407217
WOIM	-6.361460
ABOX	-5.884338
XOFB	-6.361460
CKSN	-5.516362
DAYV	-5.759400
LUEW	-5.458370
ABER	-5.583308
LUPI	-6.060430
NYIS	-5.662490
FUPP	-6.060430
SSTC	-5.407217
RPAC	-5.583308
GHSW	-5.884338
HOTD	-6.060430
WLYG	-5.662490
ANEJ	-6.361460
UCKC	-5.583308
KBYS	-5.759400
CKFE	-5.583308
KFEM	-6.361460
KTIE	-6.361460
IECO	-5.759400
CARS	-5.361460
GDOU	-5.884338
YSWO	-5.516362
CRYS	-5.247516
LIDF	-5.759400
SCAD	-5.516362
NSBR	-6.060430
TOYW	-6.060430
RIPW	-5.884338
WTID	-6.361460
FMRN	-5.884338
XITC	-6.361460
LGAV	-6.060430
BYSW	-6.361460
FHUG	-5.759400
HBOO	-5.407217
BOON	-5.185368
CARM	-6.361460
HOGO	-5.759400
WAXV	-6.361460
AXVE	-6.361460
XVES	-6.361460
SLAP	-5.282278
SYLE	-5.884338
CAPW	-5.884338
PABU	-6.060430
OGCH	-6.361460
ROFV	-6.361460
RKHI	-5.361460
AFFW	-6.060430
LKSW	-5.884338
IMPB	-6.361460
LLNU	-5.884338
LNUR	-6.060430
NURT	-5.662490
MBIS	-6.361460
BISO	-5.662490
RBYE	-5.884338
BBYT	-5.759400
BART	-5.583308
MEBL	-5.884338
RTSL	-5.361460
CUTN	-6.060430
NMRN	-6.361460
EEBB	-6.361460
EBBI	-6.361460
GTID	-5.884338
ESHC	-5.583308
SHCL	-5.884338
MUDB	-6.361460
UDBA	-6.361460
HPEN	-6.060430
EDDY	-5.320067
DDYB	-6.060430
SUCK	-5.131011
KHEH	-5.583308
FETR	-6.361460
YUPA	-5.759400
GARY	-6.060430
FSAL	-5.759400
ATSS	-4.930096
THUG	-6.060430
AGGL	-5.759400
FUSJ	-6.361460
USJU	-6.060430
WOSC	-6.060430
LEES	-5.320067
RTDR	-5.884338
NMID	-5.583308
XPAS	-6.361460
MPSI	-6.060430
UBTC	-5.884338
BTCA	-5.884338
MBAK	-6.361460
HOAW	-6.361460
OAWE	-5.884338
UNOU	-6.060430
SUPT	-5.082706
VELD	-5.759400
BLON	-5.583308
NDEW	-6.060430
GCLA	-6.361460
SOIE	-6.361460
OIEW	-6.361460
FFYP	-6.361460
FYPI	-6.361460
KCHI	-6.361460
HIFF	-5.759400
FONA	-6.060430
STSS	-5.361460
DYSL	-6.361460
GQUE	-5.106187
EWSN	-6.361460
NOBA	-5.759400
TVIT	-5.662490
KYCH	-5.884338
OGYI	-5.662490
GYIS	-5.884338
WOPL	-5.583308
DAMD	-6.060430
KLYN	-6.060430
HONM	-5.884338
ODSM	-5.215332
LIPO	-5.759400
POFP	-5.884338
GMUR	-5.759400
DSWR	-5.759400
ISIP	-6.361460
KINK	-5.884338
ETIK	-6.060430
UGEE	-5.884338
FYWA	-6.361460
CILU	-6.060430
ILUP	-5.458370
KOCT	-6.361460
OCTA	-5.215332
CTAV	-5.215332
AVOS	-6.060430
VOSI	-6.060430
OSIZ	-6.060430
IZEN	-5.320067
KHUM	-6.060430
UMBH	-6.060430
MBHA	-5.884338
BHAA	-6.361460
GUMM	-6.361460
CHEW	-5.361460
YATG	-6.361460
UDSL	-6.060430
RYOW	-6.361460
WNWR	-6.060430
SOKE	-5.884338
ILCA	-5.458370
CUTH	-5.516362
OOMR	-5.884338
OMRU	-6.361460
MRUS	-6.060430
GPIE	-5.759400
RKSB	-5.361460
UNOA	-6.361460
UHEM	-6.361460
CRYY	-6.361460
IRSQ	-6.361460
TIEI	-6.361460
IEID	-6.361460
FSWA	-5.884338
IUMN	-6.060430
UMNE	-6.060430
MNEV	-5.583308
EKWI	-6.361460
IEWU	-6.060430
WUNT	-6.361460
GPIL	-6.060430
DIVA	-6.361460
VANU	-6.361460
FCRO	-5.759400
XOFM	-6.060430
MLIG	-5.516362
BRIA	-6.361460
IARP	-5.583308
ARPI	-5.458370
IPEB	-6.060430
XEDV	-6.060430
MSIL	-5.884338
ETAQ	-6.361460
OWAK	-5.662490
OHAZ	-6.060430
HAZE	-5.662490
HAGW	-6.361460
AGWH	-5.458370
USNI	-5.662490
YESG	-5.458370
SGAM	-5.662490
OYSL	-5.583308
APOU	-6.060430
PEID	-6.060430
EKIC	-5.361460
TJOK	-5.884338
BAGC	-5.884338
AGCO	-5.884338
RAPW	-6.060430
APWI	-5.759400
NVEG	-6.361460
OPOL	-5.157340
LISB	-5.516362
FVIL	-6.060430
PICO	-6.361460
OKSL	-5.320067
KSLE	-5.759400
PWEL	-5.407217
RPLY	-5.516362
BRAD	-5.131011
RADS	-5.185368
IRAH	-6.361460
RAHB	-5.884338
AHBR	-6.060430
ROGG	-6.361460
OUBR	-5.662490
UBRA	-6.060430
UGEL	-5.662490
ELEP	-4.842946
OIHE	-6.060430
TYSC	-5.759400
ASHH	-5.407217
KASA	-5.759400
NBAT	-5.458370
KIFY	-6.060430
BAGN	-6.060430
AGNO	-6.060430
GEOP	-6.361460
HTUS	-6.060430
OAWH	-5.131011
KAPA	-5.884338
THPU	-6.060430
HPUT	-5.884338
EPBR	-6.060430
PBRE	-6.060430
IRTP	-6.361460
VEUG	-6.361460
EUGL	-5.759400
LSNA	-5.884338
EWLO	-6.060430
WLOW	-6.060430
SNTH	-6.361460
BAGA	-5.320067
NTAV	-5.884338
PONG	-5.458370
EHEY	-6.361460
AFUN	-5.583308
MCUT	-6.060430
CUTA	-5.282278
ESNT	-5.662490
SNTL	-6.361460
TCEL	-5.884338
LSDO	-5.583308
LFTU	-6.060430
PSLU	-6.361460
RJUG	-6.361460
JUGM	-6.361460
UGMO	-6.361460
GMOI	-6.361460
ENRU	-5.320067
ITTW	-5.884338
ICEV	-6.060430
CEVI	-6.060430
EVIG	-5.516362
OMRN	-6.361460
PEEL	-5.407217
RKFR	-5.759400
EEGO	-5.662490
INTG	-5.884338
LIPW	-5.759400
THSK	-6.361460
HSKI	-5.884338
EPYB	-6.361460
LOWG	-5.662490
HMRN	-6.361460
OHCO	-6.060430
ECAK	-5.884338
MMRN	-6.361460
IMKI	-5.884338
MKIN	-5.884338
OIDP	-6.361460
IDPU	-6.361460
CEAU	-6.361460
UIDO	-5.759400
NTAY	-6.361460
ONRA	-5.759400
NMYY	-6.060430
DIVO	-5.662490
EURT	-5.759400
OBAS	-6.060430
TSIP	-6.361460
CARA	-5.361460
TYOS	-6.361460
YOST	-6.060430
GARF	-6.361460
SDIW	-6.361460
IBAC	-6.060430
DAWR	-6.361460
HTSG	-6.060430
RAHO	-5.516362
EBTW	-6.361460
BTWE	-6.361460
BYSM	-5.884338
CAPO	-6.060430
DOLL	-5.320067
WUPR	-6.361460
GPIT	-6.060430
MYGH	-6.361460
YGHA	-6.361460
WDEN	-6.361460
CHIU	-5.884338
HIUS	-5.884338
OLOD	-5.884338
LIDB	-5.662490
YMEF	-6.361460
SUMS	-5.662490
UMSO	-5.662490
TEEW	-6.060430
IESV	-6.060430
KAHO	-6.361460
IFEK	-6.361460
FEKN	-6.361460
WUPM	-6.361460
PMYA	-6.361460
OCOV	-5.759400
YPIG	-6.060430
PIGM	-6.361460
IGME	-6.060430
DWIG	-6.361460
WIGE	-6.060430
IGEV	-6.361460
WREO	-6.361460
GBYM	-6.060430
BAGI	-5.759400
SIHU	-6.361460
SMRN	-6.361460
IRIW	-5.884338
ACEK	-6.361460
CEKN	-5.884338
AWLT	-6.060430
WLTE	-6.361460
HTFI	-5.516362
LORC	-5.516362
OHUS	-5.884338
HSWH	-5.458370
EPSM	-5.884338
UPIW	-6.060430
PIWI	-6.060430
TVII	-6.361460
NAPU	-5.884338
WLYS	-5.320067
AWOO	-5.320067
CKHU	-5.662490
KHUN	-6.361460
CEPS	-6.361460
PSLY	-6.361460
FEXA	-6.060430
IDIP	-6.060430
PSII	-6.361460
EHEJ	-6.060430
EJER	-5.185368
JERK	-5.106187
GFIR	-5.361460
RPFR	-6.060430
LGUI	-6.361460
LJOS	-6.361460
JOST	-5.884338
RREW	-6.361460
HSOI	-5.583308
SOIR	-5.884338
XCAS	-6.361460
YLEG	-4.914302
EGOR	-5.361460
GORY	-5.884338
ORYY	-5.759400
DBIL	-4.914302
FATG	-6.060430
UBTR	-5.884338
BTRO	-6.060430
KONC	-5.759400
GPET	-6.060430
LJOL	-6.060430
JOLL	-4.899062
GAWH	-5.320067
SLUN	-5.458370
AROW	-5.215332
RMRU	-6.361460
MDRO	-6.060430
FBAT	-5.516362
MASG	-6.361460
YBAK	-5.320067
LSHB	-6.060430
DPET	-5.759400
OHEB	-6.060430
NGKN	-5.583308
GKNO	-6.060430
HEUL	-5.662490
EULT	-5.759400
MASD	-5.884338
DBAT	-5.884338
RRUE	-6.060430
SHBW	-6.361460
HBWE	-6.361460
BWER	-5.884338
RIMF	-5.884338
RAHA	-4.738210
ICWA	-5.516362
IHAN	-5.884338
ITBA	-5.458370
OUFA	-5.583308
UFAI	-6.060430
COFH	-6.060430
EWOT	-6.361460
GBAL	-6.361460
TROG	-6.060430
KATW	-6.361460
UEDD	-5.884338
IFEG	-5.759400
FEGO	-6.060430
SGAS	-5.759400
YJOK	-5.662490
NIGI	-6.060430
PIDB	-6.060430
MUNA	-6.060430
FCUB	-6.361460
CUBI	-5.516362
UBIC	-5.759400
BICC	-6.361460
CCAP	-6.361460
SEFL	-5.458370
RIMS	-5.157340
MSCU	-6.361460
DGEC	-5.662490
ESTQ	-6.060430
FRIB	-6.060430
IBBE	-5.320067
BUYS	-6.361460
UYSO	-6.060430
NCTP	-5.583308
DAUB	-6.361460
AUBI	-6.361460
USIB	-5.759400
YCUT	-5.185368
MACL	-6.060430
NCTO	-5.662490
CTOD	-6.361460
SDUS	-5.759400
TYGR	-5.662490
REYD	-5.583308
EYDU	-5.884338
FFYB	-6.361460
FYBR	-6.361460
OOFP	-6.361460
NBRU	-6.060430
KSAC	-6.060430
FDUS	-6.060430
LEGY	-5.759400
GTAL	-5.759400
LKSU	-6.060430
AGUT	-6.361460
GASJ	-6.361460
ASJE	-6.060430
SJET	-5.583308
JETA	-5.884338
FENE	-5.759400
RGYS	-6.361460
GYSH	-6.361460
SDAZ	-6.060430
DAZE	-5.759400
EDEH	-6.361460
DEHW	-6.361460
EHWH	-6.060430
ATOG	-5.884338
LMAB	-6.361460
IZEB	-5.662490
CPOI	-6.361460
OVEP	-6.060430
ITCU	-6.060430
TCUT	-5.215332
MORC	-5.516362
EIEJ	-6.361460
OIOU	-6.361460
EGEM	-5.247516
TELC	-5.884338
LCOS	-5.662490
SMOP	-5.759400
MOPO	-5.759400
RNDJ	-6.361460
AGOJ	-6.361460
GOJO	-6.361460
OJOH	-5.662490
HNHO	-6.060430
DYSJ	-6.361460
YSJE	-6.361460
SJEW	-6.361460
RSGL	-6.060430
PHHO	-6.361460
HHOT	-6.060430
TANJ	-6.361460
ANJE	-6.361460
NJEW	-5.662490
WELR	-6.060430
ELRO	-6.060430
LROB	-5.884338
RYJO	-5.407217
YJOH	-6.060430
RPLU	-5.759400
GEMK	-6.361460
CLEJ	-6.361460
LEJA	-5.884338
ESRY	-6.060430
SRYD	-6.060430
YDER	-4.999732
RUPP	-6.060430
TELG	-6.361460
ELGA	-5.662490
CARU	-6.361460
GHEF	-6.060430
BURE	-5.407217
EAUH	-6.060430
AUHA	-6.361460
OCCO	-6.060430
CCOC	-6.060430
CASK	-4.793258
WELW	-6.060430
PTYU	-6.361460
MSCA	-5.759400
DRYD	-5.884338
SASD	-5.662490
ETBD	-6.361460
TBDI	-6.361460
ZESH	-5.583308
GSFA	-5.759400
LVEI	-5.583308
EDJE	-5.662490
DJEW	-6.060430
MRHE	-5.583308
CSWI	-6.361460
SAYG	-5.662490
CILA	-6.361460
GATB	-6.361460
ATBB	-6.361460
TBBA	-6.361460
BBAK	-6.361460
AVYO	-5.759400
VYON	-6.361460
TFLI	-5.759400
IROH	-5.583308
LMAL	-5.759400
LSTJ	-6.361460
SSGA	-6.361460
WSST	-5.759400
CHOA	-6.060430
EAHY	-5.884338
AHYE	-5.516362
TBUY	-6.361460
BUYA	-5.884338
UYAG	-6.361460
ONNY	-6.361460
DHEJ	-6.060430
TGLI	-5.361460
ANUC	-6.361460
NUCL	-6.361460
CLEU	-5.662490
DFOC	-6.361460
FOCU	-6.060430
OCUS	-5.662490
CUSO	-6.060430
TBAI	-6.361460
BAIT	-6.060430
DERJ	-5.759400
CETM	-6.361460
AMOY	-6.361460
MOYR	-6.361460
OYRI	-6.060430
FRUB	-6.060430
RUBY	-6.361460
UBYR	-6.361460
WOMU	-6.361460
VITR	-6.361460
IOLT	-6.361460
RTYG	-5.458370
FCRY	-6.361460
OALW	-5.662490
ATOY	-6.361460
OYWO	-6.060430
LLOC	-5.407217
GBOX	-6.060430
KMUC	-5.662490
IRDW	-5.458370
LDET	-5.407217
CKIB	-6.060430
SKMR	-5.884338
OPIH	-6.361460
HBON	-5.583308
MICI	-5.516362
ICIR	-5.516362
FANL	-6.060430
SYAI	-6.060430
UMEP	-6.361460
MRBA	-5.884338
RBAK	-5.884338
LDNI	-5.516362
DIOB	-5.884338
RAHW	-6.060430
AHWA	-5.361460
HTTI	-5.759400
RSAM	-5.662490
STYB	-6.361460
NKWR	-6.361460
KWRI	-6.361460
FCUF	-6.361460
ACCA	-5.662490
CCAT	-6.361460
CATO	-5.662490
WHYY	-5.662490
HYYO	-5.662490
FNOU	-6.361460
SEEQ	-5.884338
LOHC	-6.361460
EGSC	-5.662490
RTYL	-5.662490
TYLA	-5.516362
DISJ	-6.060430
ISJE	-5.662490
SJEC	-6.361460
BRAO	-6.060430
TBIR	-5.583308
ESGL	-5.361460
UGOF	-5.884338
ITBO	-5.583308
AFOW	-5.662490
FOWL	-4.884338
OWLF	-5.759400
WLFA	-6.361460
SECE	-5.884338
DTUC	-6.361460
RTYU	-6.060430
PHAI	-5.884338
NNNE	-6.361460
SEUM	-5.662490
EUMW	-6.361460
UMWE	-5.759400
EUMI	-6.361460
LFDU	-6.361460
FDUR	-6.361460
LUBB	-4.727991
UBBY	-5.759400
BBYW	-6.361460
HONC	-5.759400
WPEN	-5.884338
EKWE	-6.361460
DULY	-5.407217
ULYP	-6.060430
LPOM	-6.361460
OUHU	-6.060430
UHUN	-6.361460
WUPT	-5.884338
URUL	-6.361460
RULS	-6.361460
VATS	-6.060430
SBYB	-5.662490
LSRA	-6.060430
SPLY	-6.060430
WESW	-5.884338
ESWU	-5.516362
SWUN	-4.981248
WUNG	-4.981248
ORSQ	-5.662490
RWIM	-6.361460
HWIG	-6.361460
WIGM	-6.361460
IGMO	-5.884338
HOLB	-6.060430
LBOR	-5.759400
SPUS	-5.583308
WOGL	-6.060430
UDDY	-5.759400
DDYF	-6.060430
YGEE	-6.060430
LUBA	-5.884338
UBAH	-6.361460
BAHY	-6.361460
EMSN	-6.060430
MSNO	-5.662490
ODOZ	-5.884338
ZENF	-5.759400
TGAR	-5.759400
BREC	-5.458370
KINR	-5.282278
LTHL	-6.361460
MRBR	-6.361460
TYAI	-6.060430
VITU	-6.060430
UDEU	-6.060430
ORND	-5.759400
GHAZ	-6.361460
HAZI	-6.361460
AZIG	-6.361460
ZIGZ	-6.060430
IGZA	-6.060430
GZAG	-6.060430
ZAGO	-6.361460
FSLU	-6.361460
LSBO	-5.884338
SEYL	-6.361460
RPFA	-6.060430
PFAC	-6.060430
BOYT	-5.458370
FGEE	-6.060430
PHAO	-6.361460
HAOH	-6.361460
AOHY	-6.361460
MSAK	-6.361460
AKIM	-6.060430
KIMB	-6.361460
IMBO	-5.759400
MBOW	-5.884338
EGEE	-5.282278
PHAW	-6.060430
OWOH	-5.759400
WOHI	-5.884338
UDBE	-5.759400
SPES	-5.884338
IPAY	-5.884338
PAYG	-6.361460
BETI	-5.583308
FFOW	-6.060430
WLSA	-5.759400
AFIV	-6.361460
UVEL	-6.361460
ITDY	-6.060430
TFOW	-6.361460
WLST	-5.884338
NIPP	-5.884338
AMRI	-6.361460
KSBI	-6.060430
SYBA	-5.759400
GLAM	-5.759400
AMPN	-5.583308
MPNO	-6.060430
PNOW	-5.458370
HOPY	-6.361460
OLKF	-6.361460
LKFR	-6.060430
OMIB	-6.361460
MIBU	-6.361460
IBUY	-6.060430
BUYD	-6.361460
UYDY	-6.361460
YDYO	-6.361460
BIGL	-6.361460
IGLE	-5.884338
RPAG	-5.458370
WLOO	-5.583308
IRDN	-5.884338
MRSO	-5.583308
SOAK	-5.282278
OTTB	-6.060430
TTBR	-6.060430
BRIX	-5.583308
RIXT	-5.583308
IXTO	-5.583308
DEGG	-6.060430
GGAN	-6.060430
RNDT	-6.361460
ATSD	-5.458370
TSDQ	-6.361460
SDQU	-6.361460
PHAA	-6.060430
HAAT	-6.361460
AATS	-6.361460
PLYC	-6.361460
LABT	-6.361460
ABTU	-6.060430
BTUR	-6.060430
EWYA	-5.662490
WYAR	-5.662490
AMPP	-6.361460
MPPO	-6.361460
EEAM	-6.060430
KUNP	-6.361460
KETY	-5.583308
YSDR	-6.361460
DISW	-5.884338
OTTT	-6.060430
TTTO	-6.361460
SURL	-6.060430
URLY	-5.407217
UDHU	-6.361460
DHUB	-6.361460
UBBU	-5.884338
BBUB	-6.060430
BUBW	-6.361460
UBWH	-5.884338
FTTU	-6.060430
RATF	-5.884338
AMPW	-5.458370
SFIS	-5.060430
REIV	-6.060430
GATY	-6.060430
OTTF	-6.361460
ROOS	-5.759400
OSIA	-6.361460
QUAV	-6.361460
LPOV	-6.361460
UPUT	-5.884338
LUBO	-6.060430
UBOF	-6.060430
ROHS	-6.060430
COSY	-5.583308
OSYR	-6.361460
SYRO	-6.060430
LMEB	-6.060430
EGOF	-5.458370
OHNR	-6.361460
HNRO	-6.361460
NROB	-5.884338
TANP	-6.361460
ODGL	-6.060430
PEFU	-5.583308
ACAT	-5.361460
IDDU	-6.060430
OKSV	-6.060430
MRRY	-6.361460
RDII	-6.060430
CKBA	-5.662490
KBAR	-6.361460
AILR	-5.583308
ILRY	-6.361460
LRYD	-6.361460
NEGG	-6.361460
GGAF	-6.361460
UEEG	-6.361460
EEGG	-6.361460
EGGT	-6.361460
GGTH	-6.060430
UPRY	-6.060430
PRYD	-6.361460
UPMA	-5.759400
PMAN	-5.662490
NDYS	-6.361460
HRIM	-6.361460
NDYB	-6.361460
FSWH	-5.884338
BECL	-5.662490
GMAI	-5.583308
TTYV	-6.361460
TYVI	-5.884338
YVIL	-6.060430
LJOB	-5.884338
JOBI	-6.361460
BINM	-5.759400
YSRO	-5.759400
ONSK	-5.662490
NABI	-5.759400
ABIB	-6.361460
BIBL	-5.185368
ONTG	-5.516362
RNLY	-5.516362
AWLN	-6.361460
WLNO	-6.361460
HHEK	-5.759400
LFLY	-5.662490
FLYM	-6.060430
AKDO	-6.060430
HUMW	-6.060430
MWEW	-5.884338
XTAC	-6.361460
PENM	-5.407217
TYRY	-6.361460
YRYD	-6.361460
UEOV	-6.361460
PSIW	-6.060430
UITJ	-6.361460
WATW	-5.884338
DOAK	-5.516362
DFOW	-5.662490
WLSF	-6.060430
UPSE	-6.361460
SETB	-5.516362
TELT	-6.361460
DMAU	-6.361460
MAUD	-6.060430
AUDS	-6.361460
LLEO	-6.060430
OGOR	-5.583308
KILB	-5.884338
WTOG	-5.583308
EWAD	-5.884338
UTRO	-5.583308
BIGO	-5.662490
IGON	-5.884338
HABA	-4.555280
DPRY	-5.884338
PRYI	-5.583308
IRDG	-6.361460
GULP	-5.583308
TSGU	-6.060430
SGUL	-5.759400
GULL	-5.583308
OPBU	-6.361460
KELO	-5.458370
IRDJ	-6.361460
RDJE	-6.060430
DJEM	-6.361460
JEMS	-6.060430
IDIY	-5.583308
OUDG	-6.060430
EWEV	-6.060430
OUJE	-6.361460
UJEM	-6.361460
MSBI	-6.361460
BIGW	-5.759400
IGWH	-5.759400
UMAG	-5.583308
MAGG	-5.884338
GGIE	-6.060430
YSIB	-6.060430
UIDR	-6.361460
WEFA	-5.884338
IOHJ	-6.361460
EHUF	-6.361460
ILRI	-6.060430
FLOC	-5.884338
CKOH	-6.060430
KOHV	-6.361460
DWEG	-6.060430
TAKN	-6.361460
AKNI	-6.060430
RTTU	-6.060430
RDRU	-5.884338
GIEI	-6.361460
SJEM	-6.060430
JEMW	-6.361460
ESJE	-6.361460
JEMT	-6.361460
WOBA	-5.759400
MAPA	-5.662490
PMEG	-6.361460
DTAP	-5.583308
ADOO	-5.407217
LSFR	-5.759400
IPEI	-5.407217
IFHO	-6.361460
OGAO	-6.361460
AOLN	-6.361460
OLNO	-6.060430
AOLB	-6.361460
OLBI	-6.361460
LBIR	-6.361460
FEBE	-5.759400
OABI	-5.759400
TYOD	-6.361460
ODDC	-6.060430
DDCA	-6.361460
CSOM	-6.361460
COFA	-5.662490
ROYL	-4.999732
OYLO	-4.981248
TTSO	-5.884338
FDRG	-5.884338
DRGR	-5.458370
BYRO	-5.361460
YROY	-5.407217
OTTW	-5.662490
TTWH	-6.361460
RILI	-6.060430
IWOK	-6.361460
IBLI	-6.060430
APSJ	-6.361460
PSJU	-6.361460
PWAT	-5.583308
NLOT	-6.361460
CKSL	-5.759400
EPYP	-6.060430
PYPE	-6.361460
UPOU	-5.407217
NOKE	-5.662490
IFTA	-5.516362
LBAS	-5.759400
EMSW	-5.458370
HAIA	-6.361460
RAWU	-5.759400
AWUP	-5.662490
UACU	-6.361460
HOTC	-5.884338
TCOF	-5.662490
FEEF	-5.759400
HOTW	-6.060430
DHAG	-5.884338
GISE	-5.759400
FTGL	-5.884338
ADSB	-5.516362
URJA	-6.060430
HMUD	-6.361460
KSAR	-5.185368
SUPM	-6.361460
PMUD	-6.361460
SIXR	-6.361460
XREA	-6.361460
GOMA	-5.662490
OSHW	-6.361460
ESKA	-6.060430
OSHS	-6.361460
SHSA	-5.458370
DAMT	-6.060430
HSUI	-6.361460
PUSI	-5.583308
LASR	-6.361460
DAMM	-5.884338
VORO	-5.759400
TSAX	-5.884338
SAXO	-5.884338
XONF	-6.361460
BERK	-5.583308
CRES	-5.106187
WOHU	-5.516362
RAHE	-6.060430
VYMO	-6.361460
RTGA	-5.884338
TGAG	-6.060430
STSQ	-5.884338
CPAU	-6.361460
PAUP	-5.884338
AUPE	-5.884338
TTAW	-6.361460
TAWH	-5.106187
WLYE	-6.060430
NDRR	-6.361460
DRRO	-5.320067
RROY	-5.282278
TTWA	-6.361460
GWID	-5.884338
FMAJ	-6.361460
JORG	-6.361460
BENG	-5.884338
RJUL	-6.060430
JULI	-5.884338
ODRR	-6.060430
EDRR	-6.361460
TTTH	-6.060430
FINP	-6.361460
HTCR	-5.884338
NIAH	-6.361460
CSAS	-6.361460
ULBR	-5.759400
AWLS	-5.884338
CKSM	-4.829981
RPUB	-5.884338
GGIP	-6.361460
PSIE	-5.516362
BABO	-5.516362
DNOG	-5.884338
AWES	-5.583308
STPH	-6.361460
TPHA	-6.361460
RTVI	-6.060430
SEJU	-5.884338
EJUL	-6.361460
YMAJ	-6.361460
JORO	-6.361460
IDSN	-6.060430
SDRR	-6.361460
TTST	-5.759400
DOIM	-5.884338
TDRR	-6.361460
KTEL	-6.361460
FINY	-6.060430
EPCE	-6.361460
PCER	-6.361460
EWNI	-5.458370
WNIG	-5.458370
DGIP	-6.361460
SOAH	-5.458370
OAHB	-6.361460
EPMO	-5.583308
PMOR	-5.884338
FNOG	-6.361460
KEYT	-5.583308
TORK	-6.060430
EHUB	-6.361460
BUBO	-6.361460
ERSV	-5.516362
RSVO	-5.320067
HAWL	-6.361460
AWLR	-6.361460
WLRO	-6.361460
SIOP	-5.884338
IFAM	-5.662490
CEBL	-6.361460
FROL	-5.759400
NKAR	-5.884338
KARD	-5.884338
WMYA	-6.060430
MSRO	-5.884338
RLIM	-5.516362
YSHR	-5.759400
TOHM	-6.361460
HMYG	-5.662490
ORSR	-5.407217
NDYD	-6.060430
USUR	-5.407217
NTYC	-5.662490
FTAM	-6.361460
OXSH	-6.361460
XSHO	-6.361460
RDRR	-6.060430
TTSC	-5.583308
BYOL	-5.884338
DIRO	-4.899062
PBYF	-6.361460
EGIP	-5.884338
YGIP	-6.361460
EFSW	-6.361460
ADJE	-6.060430
DJEC	-6.361460
OISF	-6.361460
MRAR	-6.060430
CRAN	-5.282278
NPIE	-5.407217
ALDO	-5.662490
AMPB	-5.884338
ISSR	-5.884338
SROY	-5.662490
OTTY	-6.060430
FRIL	-6.361460
ORSK	-5.759400
RSKN	-6.060430
VIDS	-6.060430
UMBW	-5.884338
MBWE	-6.361460
NCRU	-5.407217
EEOV	-6.060430
KTRA	-6.060430
CTUS	-5.759400
FGIP	-6.361460
TEPD	-5.759400
CCLA	-6.060430
LBAR	-5.458370
DOII	-6.060430
OIIT	-6.361460
HEEJ	-6.060430
YDAS	-5.516362
UGEM	-6.060430
UMEW	-5.884338
IARM	-5.662490
IGHG	-5.583308
HGAI	-6.361460
DTHS	-5.884338
OSID	-5.458370
ETBI	-6.361460
TBIL	-5.458370
BILE	-6.361460
SHLE	-5.516362
CEOL	-6.361460
LDBI	-5.247516
MDRG	-6.361460
YHAY	-6.361460
NEWV	-6.361460
EWVI	-6.361460
WVIS	-6.361460
OPIK	-6.060430
PIKN	-5.759400
EDDL	-5.185368
USYB	-6.361460
SYBO	-6.361460
RSIK	-5.884338
EPOK	-5.884338
UGEB	-5.884338
DPOK	-6.361460
OBUL	-5.361460
LKYB	-5.884338
LPOK	-6.060430
VESZ	-6.361460
ESZE	-6.361460
SZES	-6.361460
SBRU	-5.884338
ALKD	-6.060430
LKDO	-6.060430
UEPA	-6.060430
FESD	-6.060430
WTHR	-5.407217
HDAU	-6.361460
TIFB	-6.060430
IFBO	-6.060430
WDLI	-6.361460
OOIS	-5.759400
LDSL	-5.583308
LIPY	-5.884338
ELEY	-6.060430
TARG	-6.060430
HBRU	-5.884338
LOOW	-6.361460
REYL	-5.884338
EWFL	-6.060430
WFLE	-5.759400
LEEC	-5.060430
EECY	-5.759400
ECYC	-6.060430
UDSI	-6.361460
TERQ	-5.282278
YGAB	-6.361460
GGOI	-5.884338
OFSS	-6.361460
FSSO	-6.361460
FTBU	-5.884338
KWEH	-5.759400
RDOA	-6.060430
USUG	-6.060430
FFPA	-6.060430
WECL	-6.361460
SIPG	-6.361460
IPGO	-6.361460
ODAF	-5.407217
OYIH	-6.361460
YDRR	-6.361460
GWEH	-6.361460
FUPF	-6.361460
OUAW	-5.884338
UAWA	-6.361460
YLIC	-6.361460
WOCU	-6.361460
CRAB	-5.516362
RABT	-6.060430
ABTH	-4.805157
BTHR	-6.060430
YCAV	-5.884338
NYVE	-5.583308
MAHT	-6.361460
WWIN	-5.759400
HLOC	-6.060430
WEND	-5.884338
CHAK	-6.361460
HAKN	-6.361460
LTFI	-6.060430
IRDC	-6.060430
RDCH	-5.458370
WCEI	-6.361460
ORKC	-5.662490
RKCH	-5.884338
RASQ	-5.884338
NOAK	-5.884338
KSOO	-6.060430
SOOL	-6.060430
OOLD	-5.884338
KBEL	-5.759400
LROP	-5.458370
HHUN	-5.662490
UNGD	-5.759400
YLYI	-5.884338
ITGO	-5.157340
TGOE	-5.361460
OKSN	-6.060430
KSNE	-5.884338
TWEU	-6.361460
WEUS	-6.361460
SKTU	-6.361460
KTUG	-6.361460
TUGW	-6.361460
UGWH	-6.361460
ADUM	-5.583308
DUMM	-5.884338
SISV	-6.361460
AHOO	-5.884338
OOKJ	-5.884338
OKJU	-6.060430
LABU	-6.361460
ABUI	-6.361460
LSOQ	-6.060430
RDUM	-6.361460
TDRG	-6.060430
MPBE	-6.060430
PBED	-6.361460
LFFU	-6.060430
FFUL	-5.361460
OKSM	-5.583308
NWOO	-5.458370
YEHO	-5.884338
SNTA	-5.662490
LSAU	-6.060430
AUCE	-5.583308
ILKW	-5.516362
CATB	-6.361460
NAHY	-6.060430
ABIG	-5.759400
BIGC	-6.060430
IGCA	-6.361460
ILKD	-6.361460
KDOE	-5.759400
TGOV	-6.361460
THUL	-5.759400
HULL	-4.748676
LOHE	-6.060430
DOGL	-5.759400
SHHU	-6.361460
DTIE	-5.662490
POFW	-5.361460
TAHM	-6.361460
AHME	-5.759400
ANTU	-4.224739
WSOD	-6.060430
NWET	-5.662490
AWNN	-6.361460
FLIK	-5.407217
OSOT	-5.458370
CEBO	-5.516362
NNOV	-5.759400
WNVE	-6.361460
WSWO	-6.060430
WUND	-5.516362
ASPP	-6.361460
SPPU	-6.361460
PPUT	-6.060430
RAWQ	-6.361460
AWQU	-6.060430
UPYI	-6.060430
PYIH	-6.361460
TYSS	-5.759400
OFSB	-6.361460
FSBE	-5.759400
RIFD	-6.361460
IFDR	-6.060430
FDRR	-6.361460
WUSO	-6.361460
GABE	-6.060430
NUEG	-6.361460
UEGA	-4.829981
TDUS	-5.759400
USKW	-6.361460
AWDR	-6.361460
WDRG	-6.361460
OTTD	-6.361460
TTDR	-6.361460
UGEF	-5.662490
RMLO	-6.361460
GUPB	-5.583308
PBES	-6.060430
VYIR	-6.060430
YIRO	-5.662490
EHOA	-5.884338
ORSV	-6.060430
URYW	-6.361460
DFIS	-5.019037
APDR	-6.361460
PDRO	-6.060430
MPWA	-5.759400
OMSD	-5.884338
MSDO	-5.759400
NCTE	-6.060430
IBEO	-5.884338
OOYE	-5.884338
LDSM	-5.516362
LDRR	-6.361460
RMCA	-5.662490
FDAT	-6.361460
HOSL	-5.759400
BEDN	-5.662490
MLYW	-6.060430
GHBE	-5.759400
IETP	-6.060430
TPIP	-5.185368
RKRO	-5.759400
KROA	-6.060430
HTTW	-6.060430
RUNR	-5.884338
HESG	-5.361460
SGAP	-6.361460
KWAL	-6.060430
AWNC	-5.759400
MBSA	-5.583308
BSAN	-4.999732
ODIW	-6.060430
WLAU	-6.060430
EBAB	-6.060430
TAHT	-6.361460
AHTO	-5.662490
LTEA	-5.759400
INOD	-6.060430
RPIS	-5.759400
TOLR	-6.060430
OLRE	-6.060430
MBYI	-6.361460
LVIG	-6.361460
GILI	-6.060430
LCRY	-5.884338
CATL	-6.361460
YWEC	-5.884338
BOOM	-5.131011
YGLE	-5.583308
LLJE	-5.884338
LJET	-5.884338
NHEY	-6.060430
CRYT	-6.060430
UPLO	-6.361460
PLOU	-5.583308
IEKT	-6.060430
CRYR	-5.884338
YRAI	-5.458370
ODGA	-5.516362
STEC	-5.516362
ECOC	-5.458370
SAJA	-6.060430
AJAR	-5.759400
JARB	-6.361460
OTTC	-6.361460
TTCL	-6.361460
EANK	-6.060430
EELL	-5.662490
SHSL	-6.060430
LAPL	-5.583308
SCOC	-5.759400
ULRI	-6.060430
GIDS	-6.361460
WBAN	-6.060430
DTIG	-5.662490
TIGH	-5.247516
UATD	-6.361460
DPUF	-6.060430
FEDN	-6.361460
SWAM	-4.914302
WAMP	-5.361460
MPAD	-5.759400
STSN	-5.759400
COIL	-4.748676
OILU	-5.884338
DIGS	-6.361460
IGSF	-6.361460
ICEK	-6.060430
NOOS	-6.060430
LESN	-5.106187
RIDP	-6.361460
UEFA	-6.361460
WWEB	-6.361460
RLHO	-6.361460
IRYC	-6.361460
KNEX	-6.060430
RDBA	-5.458370
IRLN	-6.361460
RLNO	-6.361460
HTAH	-5.247516
HMYK	-6.361460
AIFE	-6.060430
RNTR	-6.060430
KEEF	-6.361460
RPEY	-6.060430
RKPU	-6.060430
KPUN	-6.361460
KEBE	-5.407217
AWLD	-6.361460
WLDO	-6.361460
PELA	-5.247516
BTSW	-6.060430
AFEU	-6.361460
FEUP	-6.361460
OFIH	-6.060430
FIHE	-6.361460
TSSN	-5.662490
SHTE	-4.598032
HTEM	-5.759400
LEWU	-6.361460
MNOD	-6.361460
RDRG	-6.361460
TTSD	-6.361460
OWEI	-5.884338
IGHV	-6.361460
EIXT	-6.361460
UMBA	-6.060430
BURT	-5.516362
GBYW	-5.884338
LOCI	-5.320067
OCIN	-6.361460
TSSL	-6.361460
YEVO	-6.060430
EWDI	-5.759400
EPIM	-6.361460
OSUM	-6.060430
SBAK	-5.884338
GOHI	-5.662490
SBOH	-6.361460
ITUS	-5.884338
WPAT	-5.759400
GMYV	-6.361460
EWBY	-5.583308
WBYE	-6.361460
IMIV	-6.060430
MIVE	-5.759400
DJER	-5.759400
MBOV	-6.361460
DCAG	-6.361460
TIDB	-6.361460
IMRO	-5.759400
DNTS	-5.516362
IPAW	-5.884338
IESJ	-6.361460
ESJU	-5.662490
IMIE	-6.060430
OFTC	-5.583308
FTCL	-6.060430
KSRO	-6.361460
EFWR	-6.361460
FWRA	-6.060430
MOTT	-5.759400
GMAS	-5.516362
PSOE	-6.361460
TPAD	-5.759400
TMRV	-6.361460
MRVI	-6.361460
EYHY	-6.361460
YHYD	-6.361460
RAUL	-5.320067
CENG	-5.583308
ETRD	-6.361460
TRDF	-6.361460
RDFL	-5.458370
UWAI	-6.060430
EYIU	-6.361460
YIUN	-6.361460
GHRI	-6.361460
IPOU	-6.060430
FFEI	-6.361460
SEHY	-6.060430
EHYS	-6.361460
EKST	-5.458370
UMBU	-5.516362
RIDR	-6.361460
NGYS	-6.361460
GYSU	-6.060430
UMBS	-5.759400
NHAC	-6.060430
ORNR	-6.060430
RNRI	-6.361460
OTSG	-6.361460
VEBL	-5.759400
IEFV	-6.060430
EFVE	-6.361460
YTIG	-6.060430
TWIG	-5.458370
IGEX	-6.361460
ICSY	-5.759400
CSYO	-6.361460
RPIN	-5.516362
UHOR	-6.060430
HCOT	-6.361460
NWAD	-6.361460
LIPF	-6.361460
DIIF	-6.060430
IIFI	-6.060430
WANS	-6.361460
ELEQ	-6.060430
TIRU	-6.060430
SOMD	-6.060430
PLUG	-5.583308
LUGS	-6.361460
UGSA	-6.361460
DOTT	-5.583308
FTFR	-5.759400
NDEG	-5.884338
EGGS	-6.060430
GGSA	-6.361460
WBEN	-5.759400
OPWH	-5.884338
PUPY	-6.361460
PASL	-6.361460
URVA	-5.759400
SBIG	-5.884338
BIGA	-5.884338
YLID	-6.361460
LIDD	-6.060430
HVEI	-6.361460
LORR	-5.458370
NBYP	-6.361460
AMAH	-5.583308
MAHY	-6.361460
AHYD	-5.662490
RKDU	-6.361460
KDUR	-6.060430
CHTW	-6.361460
GALS	-6.060430
OKPR	-6.361460
JOBA	-6.060430
UPAC	-5.662490
TARK	-5.106187
ELSC	-5.759400
AWNQ	-6.361460
WNQU	-6.361460
GBON	-5.759400
ONOD	-5.884338
PBRI	-6.361460
NSIU	-6.361460
YISQ	-6.060430
ECYY	-6.361460
IFIP	-6.060430
FIPR	-6.361460
PASE	-6.361460
DYGI	-6.361460
RDVE	-6.060430
PTYT	-5.884338
CKIK	-5.884338
IRSN	-6.060430
AIRV	-5.759400
AMEQ	-5.759400
NGAK	-6.361460
GAKI	-6.361460
SFLE	-5.106187
FLOS	-6.361460
GACL	-5.759400
IMYT	-6.361460
FVAL	-5.759400
FGEA	-6.361460
WUSW	-6.361460
YMUN	-6.361460
OEYF	-5.759400
OFOX	-6.060430
FOXF	-6.361460
MEYF	-6.060430
OUAY	-6.060430
UAYO	-6.361460
DBUY	-6.361460
UYAN	-6.060430
IISH	-5.759400
MODA	-5.662490
ODOQ	-6.060430
DOQU	-6.060430
FTBO	-6.060430
EASV	-5.759400
NENA	-5.759400
RUEV	-6.361460
UEVA	-6.060430
LBYW	-6.060430
WEER	-6.361460
DAHY	-6.361460
WEGU	-6.361460
RETV	-6.361460
RYJE	-5.458370
YJEA	-6.361460
ADHY	-6.361460
DHYD	-6.060430
BYET	-5.662490
LLAH	-4.817392
FAHY	-6.060430
EXCA	-5.583308
XCAV	-5.759400
CAVA	-5.583308
SDUG	-6.361460
DUGO	-6.060430
UGOU	-6.361460
IKEG	-5.106187
KEGR	-5.361460
MAPI	-6.060430
CKSS	-5.407217
OUFU	-6.060430
UFUL	-6.060430
TEYF	-6.361460
ONGQ	-5.884338
GGAZ	-5.884338
AZEA	-6.060430
NKGR	-6.361460
KGRA	-5.759400
LADF	-5.759400
MLIT	-6.361460
PYPO	-6.361460
KETG	-5.884338
ETGA	-5.662490
TGAT	-6.060430
GWAI	-6.361460
RJEC	-6.361460
SHOH	-5.884338
HOHF	-6.361460
SSYT	-6.361460
LURC	-5.662490
DJOL	-5.458370
JOLT	-6.361460
BLUR	-5.662490
LURO	-6.361460
IHAZ	-6.361460
EBUM	-5.583308
BUMP	-5.247516
ISPS	-5.884338
SPSM	-6.361460
PORC	-5.458370
HGAP	-6.361460
LAMM	-5.583308
LFUM	-6.361460
FUMB	-5.662490
EWBR	-6.060430
NGAQ	-6.361460
GAQU	-6.361460
UFFM	-5.884338
FFMO	-6.060430
MPNE	-5.759400
PNEA	-5.662490
RKWE	-5.583308
ALGE	-5.458370
LGER	-5.583308
KLAI	-6.361460
IUMB	-6.361460
MBES	-5.458370
MYIG	-6.361460
MEGL	-5.759400
KSHU	-6.361460
KTIC	-6.060430
GLIV	-5.884338
DIUS	-6.060430
MHUM	-6.361460
UNEU	-6.361460
PUPM	-6.060430
MSWU	-6.361460
PBEA	-5.759400
EAKC	-5.759400
AKCA	-6.361460
KCAL	-6.060430
GOIS	-5.884338
DIIH	-6.060430
SWRU	-6.361460
GBYN	-6.060430
FEEO	-5.759400
NTNI	-6.060430
OGOF	-6.060430
IACW	-5.884338
ACWI	-6.361460
CWIT	-5.759400
SMRF	-5.759400
MRFE	-6.060430
FERG	-5.759400
HUTJ	-6.361460
DIIO	-6.361460
IIOP	-6.361460
UUPT	-6.361460
UDIG	-6.060430
DIGF	-6.060430
IGFU	-6.361460
TUSK	-5.361460
FATM	-5.759400
DYEV	-6.060430
PTAK	-5.759400
MYTW	-5.884338
LLSQ	-5.759400
LSQU	-5.516362
NELU	-5.884338
HEHY	-5.516362
EHYD	-5.759400
GPIS	-6.361460
DMUL	-6.060430
IPLY	-5.759400
OESR	-5.759400
WUSH	-6.361460
MPFR	-5.759400
DEHO	-5.884338
KAGE	-6.060430
RGIT	-6.361460
DECY	-6.361460
ECYL	-6.060430
ARUB	-6.361460
GROD	-5.320067
CALQ	-6.060430
WNCU	-6.060430
TFAB	-6.361460
LICD	-5.662490
CDEP	-6.060430
EEEX	-6.060430
CADA	-6.361460
SOEL	-6.060430
OELA	-6.361460
RMAC	-4.829981
IFIK	-6.060430
ATIU	-6.060430
TIUT	-6.361460
IUTT	-6.060430
BALE	-5.060430
KIRU	-6.361460
OMYK	-6.361460
YKIC	-6.361460
SHUL	-5.884338
LLOI	-6.060430
LOIY	-6.361460
OIYE	-6.361460
DHUL	-5.320067
LOCO	-6.060430
NGCY	-6.361460
GCYL	-6.361460
MPST	-5.662490
CKCE	-6.361460
KCEI	-6.361460
WLYJ	-6.361460
LYJE	-5.759400
YJER	-6.361460
RKIL	-5.662490
UTEG	-6.361460
LFSC	-6.361460
FSCR	-5.884338
CKII	-6.060430
KIIM	-6.361460
WOAB	-6.361460
DUPR	-5.583308
FILA	-6.060430
ULSN	-6.060430
WWAV	-6.361460
DYIW	-6.060430
PEBA	-6.361460
RTIH	-6.060430
DCEI	-6.361460
FIRO	-5.516362
WOSL	-6.060430
CPLU	-6.361460
OADP	-5.759400
WOVO	-6.361460
OVOI	-5.884338
NJUM	-6.060430
RIRU	-6.361460
OMFL	-5.759400
OJUM	-5.662490
HOPU	-5.884338
NYRI	-6.060430
SKSI	-6.060430
KSIW	-6.060430
RPUS	-5.458370
KFRI	-6.361460
FRIT	-5.662490
ITZF	-6.361460
TZFR	-6.361460
ZFRI	-6.361460
ITZS	-6.060430
TZSH	-6.361460
ZSHE	-6.361460
WCUT	-6.060430
FGOA	-6.060430
RIPL	-6.060430
IPLO	-5.662490
PLOO	-5.884338
SOIP	-6.060430
OIPI	-6.361460
FUPA	-5.884338
ORIU	-6.060430
YDIZ	-6.361460
ZZIN	-5.662490
ZINE	-5.583308
EIGL	-6.361460
BHAD	-5.157340
TIEM	-6.361460
IEFR	-5.884338
NBUZ	-6.361460
BUZZ	-6.060430
UZZI	-6.060430
HDEW	-6.361460
UMBT	-5.884338
MBTH	-5.516362
SUER	-5.458370
UERS	-5.583308
HEUG	-6.060430
LFDA	-6.361460
FDAZ	-6.060430
OHEH	-6.361460
OIWE	-6.361460
MRJE	-6.361460
RJER	-6.361460
JERE	-5.884338
MIAH	-6.361460
AHHA	-6.060430
HHAY	-6.361460
HAYL	-6.361460
IXAH	-6.361460
XAHY	-6.361460
NELN	-6.361460
RHAU	-5.884338
NCYG	-6.361460
CYGO	-6.361460
UTPI	-5.662490
TPIR	-6.361460
VORF	-6.361460
WISP	-5.884338
RDAP	-6.060430
LFBR	-6.361460
DNAN	-5.407217
USYW	-5.884338
IUSO	-5.583308
KSIR	-5.458370
OUBA	-6.361460
IISW	-6.361460
OULY	-6.361460
AWNM	-5.759400
MYCI	-6.060430
OLKT	-6.361460
WWES	-5.884338
AGEG	-5.662490
GEGO	-5.759400
OXED	-6.361460
GUSW	-5.662490
GVOT	-6.361460
LWRO	-5.884338
BEOH	-6.060430
IXOU	-6.361460
SIXB	-5.759400
IXBA	-5.884338
XBAC	-6.361460
SSYW	-6.361460
YRUS	-5.516362
ANGN	-6.361460
MALG	-5.884338
LGAM	-5.884338
GAMW	-6.060430
WNSB	-6.060430
WEEV	-6.060430
MASF	-5.662490
RASR	-6.060430
CCOL	-6.060430
LCLU	-6.361460
SEOS	-6.361460
PEAH	-6.361460
EONF	-5.884338
AKOU	-5.361460
AZEW	-6.361460
TDRB	-6.361460
DRBE	-5.884338
SDRB	-6.060430
RPNO	-6.361460
PNOS	-6.361460
RDRB	-6.361460
OATB	-5.361460
IMAP	-5.458370
EEFW	-5.759400
EFWO	-6.361460
ATIJ	-6.361460
NGEU	-5.516362
UROI	-6.060430
ROIL	-5.282278
OOEX	-5.884338
OWKE	-5.884338
WKEE	-6.060430
WDFO	-6.361460
GHIV	-6.361460
FBYN	-6.060430
RDEI	-6.361460
KYBO	-5.884338
YBOX	-5.583308
XESD	-6.361460
MBUP	-5.759400
BUPO	-6.060430
HABS	-4.237608
EDCY	-6.361460
DCYL	-6.361460
RONP	-5.458370
NPIP	-5.407217
PIPI	-5.759400
FNIC	-5.884338
NICK	-5.884338
CKEL	-6.361460
OCOI	-6.361460
URHY	-6.361460
RHYD	-6.361460
RAMY	-6.361460
FTMO	-5.759400
BYTW	-5.583308
AFIF	-5.884338
VEIG	-6.361460
NCEX	-6.361460
CEXT	-6.361460
GCEA	-6.361460
SHSC	-6.060430
VEEC	-6.361460
EPIQ	-6.361460
IQUA	-6.060430
SIPS	-6.361460
PSAW	-5.662490
AMAA	-5.884338
MAAS	-6.361460
MOIR	-5.884338
OIRO	-5.583308
PISO	-5.884338
ISOD	-5.759400
OLLT	-5.583308
UMNA	-5.361460
MNAL	-5.884338
EJEZ	-6.361460
JEZA	-6.361460
EZAI	-6.361460
ZAIL	-6.361460
LBUL	-5.407217
BSAS	-6.060430
COFM	-6.060430
YAFG	-6.361460
HDUL	-6.361460
NEEA	-5.407217
EGSU	-5.884338
LAYL	-5.458370
EHUG	-5.157340
OPEU	-5.884338
PEUP	-6.060430
AZIL	-5.407217
ZILY	-5.516362
LEIR	-5.884338
MOFV	-6.060430
LIEH	-6.060430
WINV	-6.060430
IRUE	-6.361460
UPIR	-6.361460
NGOH	-5.361460
GOHY	-5.884338
IHOL	-5.458370
MLOR	-6.361460
YSMY	-6.361460
CITR	-6.060430
UINR	-6.361460
GMRL	-6.361460
ETCL	-6.361460
CTTU	-6.361460
MDEV	-6.361460
EDUK	-5.247516
ALHU	-5.583308
MSAZ	-6.361460
SAZU	-6.361460
AZUR	-5.516362
OPSI	-6.060430
EFOV	-6.060430
UKEH	-6.060430
RITP	-5.759400
ETBL	-5.662490
DTUD	-6.361460
TUDO	-6.060430
AFFS	-6.060430
FFSI	-6.060430
FSID	-5.662490
EHAW	-5.759400
DUPN	-5.884338
UPNO	-5.662490
DDAT	-6.361460
KSBA	-5.884338
LIFR	-6.060430
IFRU	-6.361460
FRUM	-6.060430
ECTV	-5.884338
NLOR	-5.516362
ALOY	-5.662490
YSIU	-5.662490
IUSD	-5.662490
SDOR	-5.247516
ESQO	-6.361460
SQOF	-6.361460
QOFS	-6.361460
SANF	-6.060430
CISC	-6.060430
NLEG	-5.320067
EKAH	-6.361460
KAHH	-6.361460
ZESW	-5.759400
WDEF	-6.060430
EFES	-6.060430
OWRY	-5.884338
WRYW	-6.361460
LRUN	-6.361460
IXFI	-6.361460
XFIG	-6.361460
FBIR	-6.060430
BIRC	-6.060430
HMOO	-6.361460
MOOR	-5.215332
SHPE	-5.516362
HPEE	-6.361460
SYAW	-6.361460
ELYQ	-6.060430
TSTG	-6.060430
ERSQ	-5.320067
RGAT	-5.662490
YMRA	-6.361460
MRAL	-5.759400
CINF	-5.884338
LSIW	-6.361460
ULEP	-6.060430
HPUB	-6.361460
ODPU	-6.361460
RDEU	-6.361460
CIAW	-6.361460
DALP	-6.361460
AIMU	-6.361460
ASEJ	-6.361460
SEJE	-6.361460
PANU	-5.884338
USAP	-5.662490
CINQ	-5.759400
EDYC	-6.060430
OMJE	-6.361460
MJEA	-6.361460
SYOR	-6.060430
SSFL	-5.583308
NSEU	-6.361460
KMAK	-6.361460
ORIV	-6.361460
TCUL	-5.759400
TLOT	-6.361460
DUEI	-6.361460
OOAS	-5.884338
RYCU	-5.516362
FFOP	-6.361460
PPIS	-5.884338
WGLO	-6.361460
MLEF	-6.060430
EYEG	-5.516362
YEGL	-6.361460
SESG	-6.060430
CKIU	-6.361460
KIUN	-6.361460
EGPA	-5.884338
GOHR	-6.361460
OHRE	-6.361460
VIAW	-6.361460
IEXT	-6.361460
CPRI	-6.060430
YBYQ	-6.361460
COAY	-6.361460
OAYE	-5.583308
ICSL	-6.060430
CSLO	-6.361460
UCKG	-5.516362
CKGO	-5.759400
KGOL	-6.060430
PBYL	-6.361460
DYSY	-6.361460
YSYO	-6.361460
NSWU	-5.884338
OMNA	-5.407217
MBOY	-6.060430
NFET	-6.060430
CSEL	-6.361460
PHIB	-6.060430
HIBR	-6.361460
ANIV	-5.884338
VORY	-4.569068
ZEDL	-6.060430
OLOR	-5.516362
WRYA	-6.361460
YAFA	-6.060430
WRYN	-6.361460
PLII	-6.361460
LIIR	-6.361460
IIRE	-6.361460
PTTA	-6.060430
ARPT	-5.583308
RPTH	-5.884338
ATOH	-5.407217
BOUQ	-5.884338
UQUE	-5.516362
ONTP	-5.662490
TPEW	-6.060430
ITFE	-5.516362
EPEW	-5.759400
PEWT	-5.583308
PEWS	-6.361460
LICW	-5.884338
ICWE	-5.884338
CWER	-6.060430
FESF	-6.361460
ESYB	-6.361460
DLYN	-5.407217
YSTS	-5.662490
NREE	-5.662490
AKEG	-5.516362
OHAF	-6.361460
YMUT	-5.884338
GULS	-5.662490
OHYD	-6.361460
MRDO	-5.884338
GAHY	-6.361460
GROI	-5.759400
ROIH	-6.361460
DNOJ	-6.361460
GECE	-6.361460
DSOQ	-6.361460
OPUS	-6.060430
KGOO	-5.759400
TMRL	-6.361460
RDLO	-5.407217
FEOU	-6.361460
RAPF	-6.361460
OOID	-6.361460
KFLO	-6.361460
LJEA	-6.361460
SYIS	-6.060430
LEHY	-6.361460
EHYP	-6.060430
WLOR	-6.361460
EEOU	-6.060430
ARKQ	-6.361460
TEHW	-6.361460
PLYL	-5.662490
SERH	-6.060430
LYOL	-5.516362
ODAA	-6.060430
DAAN	-6.060430
OSSQ	-6.361460
TYCI	-5.759400
ILKT	-6.060430
KTOQ	-6.361460
OQUO	-5.662490
PREE	-5.583308
GONV	-6.361460
TMUN	-6.060430
COPR	-6.361460
OPRU	-6.060430
PRUS	-6.361460
DEGO	-5.759400
VATW	-6.361460
YNAU	-5.884338
CKCA	-5.458370
VASB	-5.759400
OKDI	-5.583308
KDIS	-5.583308
RAFA	-5.662490
FALG	-5.884338
ARSQ	-6.060430
GRYG	-6.361460
UPOH	-6.060430
KITV	-6.361460
TWEF	-5.759400
DTUM	-5.662490
LKAP	-6.060430
OAKE	-5.320067
NUTF	-6.361460
KMAS	-5.583308
LUER	-5.759400
ARKK	-6.361460
RKKE	-6.361460
NSBO	-5.407217
UHOP	-6.361460
WOBL	-5.884338
APOC	-6.060430
CEFH	-6.361460
EFHM	-6.361460
FHMN	-6.361460
HMNO	-6.361460
WMYT	-6.361460
LALO	-5.407217
BYFL	-5.583308
UBTQ	-6.361460
BTQU	-6.361460
HLUR	-5.884338
UWAR	-6.361460
MADH	-5.884338
CILO	-6.361460
AHOT	-5.662490
TELB	-6.361460
ELBI	-5.884338
LBIL	-6.060430
EOCT	-5.583308
OCTT	-6.361460
MSSB	-6.361460
TSDC	-6.361460
SDCO	-6.361460
CKTA	-5.458370
KTAI	-6.361460
ILSL	-5.583308
LSLU	-6.361460
CHSD	-6.361460
HSDG	-6.361460
SDGL	-6.361460
HGET	-6.361460
VALV	-5.759400
NFEC	-5.759400
GEFL	-5.884338
TBOX	-6.060430
MAHO	-5.759400
AHOG	-5.662490
KAPH	-6.361460
TAPÂ	-6.361460
APÂT	-6.361460
PÂTÉ	-6.361460
ÂTÉD	-6.361460
TÉDE	-6.060430
ÉDEF	-6.060430
EFOI	-5.759400
FOIE	-6.060430
OIEG	-6.060430
IEGR	-6.060430
PIEW	-6.361460
DCOB	-5.884338
COBW	-6.060430
OBWE	-6.060430
BWEB	-6.060430
EBBY	-6.361460
BBYB	-6.361460
GLAI	-5.884338
RSVA	-6.361460
NIIO	-6.361460
IIOF	-6.361460
ISKL	-5.884338
SKLY	-6.060430
NYDR	-5.884338
HAIF	-6.361460
AIFA	-6.060430
TEPN	-6.361460
NOWU	-5.407217
CFEA	-6.361460
UKES	-4.759400
APUB	-5.662490
CSLI	-6.361460
IRLP	-5.662490
RLPL	-6.361460
CISH	-6.060430
SHAY	-5.884338
HAYM	-6.060430
RYER	-5.662490
GRYR	-6.361460
LIGU	-6.060430
LBAD	-5.884338
INIJ	-6.361460
NIJU	-6.361460
DOAF	-6.060430
NGEG	-5.884338
GEGE	-6.361460
ECYO	-6.060430
LLEU	-6.361460
LEUR	-6.060430
WIRY	-6.361460
IRYS	-5.662490
RNTM	-5.884338
ORYR	-5.884338
INMC	-6.361460
NMCQ	-6.361460
MCQU	-6.361460
AIMW	-6.361460
CKAR	-5.759400
KARI	-6.361460
HPOC	-6.361460
PAWO	-6.060430
COFR	-6.361460
DNTT	-5.662490
HSOH	-6.060430
TPAK	-6.361460
PAKN	-6.361460
OWEJ	-6.060430
WEJU	-6.060430
LUPF	-6.361460
MMEU	-6.361460
PASO	-6.060430
EBEM	-6.361460
LWET	-6.361460
LUPS	-6.060430
TWEJ	-6.361460
XTIH	-6.361460
ARIZ	-6.060430
ONAA	-6.361460
MNEW	-5.884338
WMEX	-6.361460
COAF	-6.361460
PACH	-6.060430
NKSN	-6.060430
KSNA	-6.361460
ORAY	-5.458370
KSTI	-5.583308
EIDH	-6.361460
MWEC	-6.361460
SGHO	-5.583308
RIWE	-5.759400
EBUZ	-6.361460
UZZO	-6.361460
ZZOF	-6.361460
ZOFA	-6.361460
ABEE	-5.759400
HIGL	-6.361460
SPEW	-6.060430
PEWO	-6.060430
ODOJ	-6.361460
YMAI	-5.583308
NIAA	-6.060430
DIOR	-6.361460
DYIK	-6.361460
WIOU	-6.361460
LEIJ	-6.060430
KWEG	-6.361460
BTOG	-6.361460
ONSQ	-6.060430
COFO	-6.361460
OVAN	-5.759400
KMYW	-6.361460
WHEF	-6.060430
DUSV	-6.361460
GIFW	-6.361460
OWEC	-6.060430
WROB	-6.361460
NKVE	-6.060430
AFRO	-5.361460
GNAR	-5.458370
YCUS	-6.060430
ONTF	-5.583308
EIGO	-5.662490
OOHC	-6.361460
PIMA	-6.361460
SCEI	-6.361460
YSAJ	-6.361460
AJOY	-5.884338
RENF	-6.361460
AYCI	-6.361460
YCIT	-6.060430
ITIZ	-6.060430
TIZE	-5.583308
ZENS	-5.516362
LAGW	-5.662490
BEAQ	-6.060430
YMRL	-6.361460
FATF	-5.884338
TFAU	-6.361460
CABE	-6.060430
NHOO	-5.320067
ROBT	-5.759400
LMAI	-5.662490
AIMJ	-6.361460
MJUM	-6.361460
LFKN	-6.060430
HIVI	-6.361460
HMOU	-6.361460
TEBI	-5.759400
ARII	-6.361460
IINV	-6.361460
EEIM	-5.884338
IMKE	-6.361460
MKEE	-5.884338
LTIR	-6.361460
USAH	-6.361460
SAHW	-6.361460
FDEP	-6.060430
FWIF	-6.361460
MAYJ	-6.361460
MONV	-5.516362
RCIF	-5.759400
AKAU	-6.361460
KAUT	-6.361460
NGSX	-6.361460
GSXI	-6.361460
SXIT	-6.361460
EMSR	-5.759400
MSRA	-5.759400
ELAZ	-5.884338
ISPF	-6.361460
SPFE	-6.361460
PFEB	-6.361460
NPLO	-6.361460
FICB	-6.060430
PEDG	-5.884338
REYP	-6.361460
YPAV	-6.060430
GLEG	-5.516362
EECC	-6.060430
RICC	-5.759400
TYTA	-5.884338
BREY	-6.361460
HSTY	-6.060430
YLEI	-5.759400
CUTP	-6.361460
ARLG	-6.361460
RLGR	-6.361460
URDC	-6.361460
NYTA	-6.060430
YTAX	-6.361460
TAXU	-6.361460
AXUP	-6.361460
XUPO	-6.361460
EGSA	-4.899062
NWAG	-6.361460
WAGG	-5.662490
SRUB	-6.361460
NPUF	-6.361460
LGES	-6.361460
SYSO	-5.884338
LOYY	-6.361460
SUSN	-6.060430
KMEM	-6.060430
LENY	-6.361460
UMYN	-6.361460
IORP	-6.060430
ABSG	-5.884338
BSGO	-6.361460
GOSL	-6.060430
OSLO	-5.759400
UASS	-6.361460
ULBA	-6.361460
LBAN	-5.759400
RFUN	-5.662490
STLU	-5.884338
LUCR	-6.361460
UCRA	-5.884338
FLAY	-5.884338
UMSU	-6.361460
IRPI	-5.662490
PSEV	-5.516362
RRYQ	-6.060430
IRMD	-6.060430
YISG	-6.060430
WSOT	-5.759400
UMTE	-6.361460
MTEN	-5.884338
IMUC	-6.361460
ASKD	-5.759400
UMIA	-6.361460
SUMD	-6.361460
UMDU	-6.361460
MDUE	-6.361460
PAYW	-6.361460
KEPR	-5.662490
PASQ	-6.361460
CKMO	-5.458370
OFTF	-5.759400
FTFL	-6.361460
VETL	-6.361460
OFJE	-6.361460
FJEW	-6.361460
SBER	-5.361460
RYLS	-5.759400
YLSS	-6.361460
TATD	-5.884338
SUMW	-6.361460
GITY	-6.060430
AMGI	-6.361460
MGIV	-5.662490
OUIR	-6.361460
LGOS	-6.060430
CSCA	-6.060430
YLSI	-6.060430
FTYN	-6.361460
KECH	-5.458370
ILOC	-5.884338
WTER	-5.516362
EXTF	-5.759400
XTFE	-6.361460
EAUO	-6.361460
AUOF	-6.361460
WAWO	-5.759400
YPAG	-5.759400
IABI	-5.516362
RLUC	-6.361460
LUCY	-5.884338
UCYP	-6.060430
CYPA	-6.060430
ARRT	-6.361460
RRTH	-6.060430
FISS	-5.583308
HURH	-6.060430
CCLU	-6.361460
TOSQ	-5.583308
OSQU	-5.458370
TURF	-6.060430
SIRG	-5.407217
ISCY	-6.361460
SCYN	-6.361460
ECEB	-5.884338
ULAW	-5.884338
NUEW	-6.361460
GCOF	-6.361460
NTLU	-6.060430
ARRW	-6.361460
RRWH	-6.361460
FEEH	-6.361460
HURW	-5.662490
HURI	-5.759400
EAUW	-6.060430
AUWE	-6.361460
UPIA	-6.361460
NYOL	-5.884338
OLDK	-5.662490
DKEY	-6.060430
BOXR	-6.361460
OXRO	-6.361460
XROO	-6.361460
MCUP	-6.361460
DADS	-5.157340
UBAG	-6.361460
OOIC	-6.060430
OICR	-6.361460
GRYF	-6.060430
NEIU	-6.060430
IUNL	-6.361460
EAUM	-6.361460
AUMA	-6.361460
IUSU	-6.361460
UCYT	-6.361460
CKDO	-5.516362
KDOO	-6.060430
PEDY	-5.759400
DADT	-5.583308
TIKI	-6.361460
IKIS	-6.361460
PIAM	-6.060430
NMEU	-6.361460
KECL	-6.361460
LYLU	-5.759400
LUCI	-5.215332
UCID	-5.583308
VYSL	-6.361460
GHAW	-5.884338
FBED	-6.060430
LPAL	-5.884338
MDOO	-6.060430
ALFU	-5.583308
PYBO	-6.060430
BOYD	-6.060430
OYDR	-6.361460
YCRY	-5.759400
CRYH	-6.060430
CKGU	-6.361460
KGUA	-6.361460
IROA	-5.516362
UTRY	-5.884338
ECEY	-6.060430
MADW	-5.759400
HGRI	-6.060430
TIRF	-6.361460
ODSU	-5.662490
DSUL	-5.759400
HEFT	-6.361460
AYGE	-5.759400
YORP	-6.060430
ILTM	-5.759400
YLSA	-6.361460
OYOP	-6.361460
URSK	-5.662490
YGEM	-6.361460
OHEP	-6.060430
FROD	-6.361460
RODR	-5.662490
DRON	-5.884338
WSKN	-6.361460
SKNI	-5.247516
KNIT	-5.583308
HURD	-6.361460
SUNU	-6.060430
OFAQ	-6.060430
ANIY	-6.361460
NIYO	-6.361460
LINJ	-6.060430
VYAT	-6.361460
OCUT	-5.361460
OKEY	-5.884338
LAMH	-6.060430
TOBV	-6.361460
TATG	-6.361460
AUTO	-5.884338
CHSK	-6.060430
URBB	-6.361460
RBBU	-6.361460
BBUT	-5.215332
ESHH	-5.884338
AYJO	-6.361460
KBRO	-6.060430
ZEDS	-5.407217
EDSQ	-5.884338
DLEH	-5.407217
LIMW	-6.361460
NDEY	-5.458370
HCRY	-6.361460
INTD	-6.361460
TDAD	-6.361460
YPIC	-5.583308
PTOL	-6.060430
TOHD	-6.060430
HDOD	-5.759400
DODO	-5.662490
DOTA	-6.060430
ROPU	-5.759400
HURB	-5.759400
MHUS	-6.060430
UPIH	-6.060430
EAHT	-6.361460
OUAQ	-6.060430
UAQU	-6.060430
WOPR	-5.759400
DOSI	-6.060430
PTOC	-6.361460
RUPY	-6.361460
LMYU	-6.361460
KLOU	-6.361460
UFAS	-6.060430
WSYE	-5.884338
MOHY	-6.361460
RVEG	-6.361460
CISP	-6.361460
OUPS	-5.662490
OUPH	-6.060430
LGOU	-5.884338
PETA	-5.884338
EAUA	-6.060430
AUAN	-6.060430
GMIR	-6.361460
AUFI	-6.361460
HKEY	-6.060430
EAUI	-6.361460
AUIT	-6.361460
TWAK	-5.516362
UMEC	-6.060430
DEMH	-6.361460
IXST	-6.361460
WAYN	-5.407217
KERR	-6.060430
FTRY	-6.361460
LITG	-6.060430
AYGR	-5.583308
NKMI	-6.060430
UCKD	-5.361460
CKDU	-6.060430
RUPW	-5.884338
SKMO	-5.884338
HSNO	-6.361460
TBYR	-5.583308
MSMR	-6.361460
RWRU	-6.361460
KBUS	-5.884338
UMIM	-6.361460
RDJO	-6.361460
YIEN	-6.060430
SGLI	-5.361460
ICUN	-6.060430
CUNT	-6.361460
VATA	-6.060430
ISPB	-6.361460
SPBU	-6.361460
SRUD	-5.662490
TSSW	-6.060430
EAIO	-6.060430
AION	-6.060430
OOHT	-6.060430
OHTO	-6.361460
EIGE	-6.060430
OHSO	-5.884338
URUP	-5.884338
HACU	-5.884338
WIAN	-6.060430
OWPI	-6.361460
WPIN	-6.361460
ARGY	-6.060430
RGYW	-6.361460
GYWH	-6.361460
IPUS	-5.884338
WORR	-5.662490
EMSY	-6.361460
MSYO	-6.060430
NKAP	-6.361460
KAPI	-6.361460
EMIW	-5.583308
CHEQ	-6.361460
ADAZ	-6.060430
KERM	-5.759400
ESKT	-6.060430
KOFJ	-5.884338
HUGG	-5.583308
WEMR	-6.361460
LPAY	-6.060430
YITN	-5.759400
EBTI	-6.361460
YETQ	-6.060430
OWFL	-5.407217
SONK	-6.361460
UECH	-5.884338
DARU	-5.884338
ARUI	-6.361460
DGAM	-6.060430
ECEK	-6.361460
SVOW	-6.060430
VILK	-6.060430
ILKN	-6.060430
OMSL	-5.662490
OWRA	-5.884338
TSES	-6.060430
APAD	-6.361460
PADE	-4.856310
OYAR	-5.884338
TBAD	-5.884338
LUBD	-6.361460
UBDE	-6.361460
BDEB	-6.361460
FTTR	-5.884338
AMPY	-6.361460
MPYO	-6.361460
HIDB	-6.361460
TAHO	-5.458370
WCRU	-5.884338
WSPR	-5.320067
EEAD	-6.060430
RKFI	-6.060430
FLEY	-6.361460
GSUD	-5.884338
MNAM	-5.884338
MISJ	-6.361460
BLEJ	-5.458370
EGIC	-5.884338
OIPA	-6.060430
NDOM	-5.185368
MTRA	-5.662490
LEXS	-6.361460
EXST	-6.361460
THNA	-5.458370
HNAK	-6.361460
UNSW	-6.060430
CUTU	-6.060430
SMUD	-6.060430
MUDG	-6.361460
HTUG	-6.361460
HNEI	-6.060430
VEEF	-6.361460
DMAX	-6.361460
MAXI	-5.662490
AXIM	-5.662490
XIMO	-6.060430
IDSB	-6.361460
HOEL	-6.060430
GGEM	-6.361460
LADC	-5.884338
LSUG	-6.060430
XTIW	-6.361460
PANA	-5.884338
YBUY	-6.361460
FFSH	-5.407217
SEIJ	-6.361460
EIJO	-6.361460
DVAG	-5.759400
SIIF	-6.361460
IIFO	-6.361460
HEIV	-5.282278
SIXH	-5.759400
IXHU	-6.361460
XHUN	-6.361460
CKAF	-5.759400
RKAD	-6.361460
KADA	-6.060430
OGIS	-5.407217
RTNO	-5.407217
ENTX	-6.361460
NTXI	-6.361460
DLOW	-5.039240
WLIE	-6.060430
MBOU	-5.247516
ESCÉ	-6.361460
SCÉL	-6.361460
CÉLÈ	-6.361460
ÉLÈB	-6.361460
LÈBR	-6.361460
ÈBRE	-6.361460
LSYN	-6.060430
SYNT	-6.361460
YNTH	-6.060430
VEER	-5.759400
PAGL	-6.361460
GCIN	-6.361460
USRA	-5.884338
PUTC	-6.361460
ULLJ	-5.884338
FICL	-5.759400
NLOG	-6.060430
CISR	-6.361460
SRAR	-6.361460
GICR	-6.361460
ICRA	-5.884338
LDDW	-6.361460
FOGR	-6.361460
GROL	-5.759400
FDUN	-5.759400
LURS	-6.361460
AVYY	-6.361460
VYYE	-6.361460
YYEL	-5.759400
GDIP	-6.361460
INUO	-5.458370
ORTC	-5.583308
GPIP	-5.662490
NSOK	-6.060430
MIAT	-6.361460
LEMC	-6.060430
LORW	-5.185368
STPS	-6.361460
TPSH	-6.361460
HAWM	-6.361460
TUNO	-5.361460
LAWE	-6.060430
UMBC	-6.361460
MBCA	-6.361460
BCAR	-6.361460
CILS	-6.361460
SMYZ	-6.361460
MYZE	-6.361460
YZER	-6.361460
HUSD	-5.884338
OTII	-6.361460
TIIT	-5.884338
CKFA	-5.759400
KFAC	-6.060430
APLO	-5.759400
PLOV	-6.060430
SEGG	-6.361460
ISKM	-6.361460
SKMA	-6.060430
SKAD	-6.361460
DDOP	-6.361460
WCLI	-6.361460
IDSD	-6.361460
ROBU	-5.407217
ELRE	-5.759400
LIFA	-5.884338
IFAX	-6.361460
FAXI	-6.361460
AXIN	-6.060430
XINN	-6.361460
OVAS	-5.583308
VASC	-5.884338
NIAD	-6.361460
EIUS	-6.060430
HROL	-5.884338
LDOV	-5.884338
FGLA	-5.884338
NHEG	-5.884338
TEAJ	-6.361460
EAJU	-6.060430
AJUM	-6.361460
SKIH	-6.060430
ROOH	-6.361460
TUTS	-6.361460
ABOI	-6.060430
GTUT	-6.361460
TUTH	-6.361460
REIQ	-6.361460
IHAM	-6.060430
GRUR	-6.361460
RURA	-6.060430
PERJ	-6.060430
MKIL	-6.361460
GCOC	-5.884338
OCKR	-5.884338
MACK	-5.185368
KSMA	-5.759400
KHEL	-5.458370
SJOK	-6.361460
TYOB	-6.361460
LTYH	-5.884338
FULQ	-6.060430
ULQU	-6.060430
ADDY	-5.884338
DDYP	-6.361460
WFAD	-6.060430
UTKI	-5.884338
HEHN	-6.361460
EHNO	-5.759400
CUTY	-5.759400
AIRQ	-6.361460
TLUX	-6.361460
RPEC	-5.759400
ICIC	-5.759400
CICO	-6.361460
FHAN	-5.458370
IHEH	-6.361460
GMEE	-6.361460
DOWP	-6.060430
IRIR	-5.884338
YAHV	-6.361460
AHVE	-6.361460
CTAF	-6.060430
GONG	-6.060430
LMRH	-5.884338
EEBI	-6.060430
FADS	-6.060430
RECC	-6.361460
WGOV	-6.361460
BYWE	-6.060430
UWEA	-6.361460
RFAD	-6.361460
RICB	-5.662490
ICBL	-5.662490
CBLU	-5.884338
UTOW	-5.662490
WINP	-6.361460
INPH	-5.884338
ILAD	-5.884338
DELP	-6.060430
PHIA	-6.060430
HIAW	-6.361460
NKFI	-6.361460
KFIT	-6.361460
BTAP	-6.361460
UTYD	-5.884338
TYDU	-6.060430
WDOT	-6.361460
DOTR	-6.361460
LLYJ	-5.662490
YJEP	-6.361460
JEPH	-6.060430
EPHR	-5.320067
PHRO	-5.884338
HROR	-6.361460
ORUC	-6.361460
RUCA	-4.738210
AHIH	-6.361460
TAIC	-6.361460
AICA	-6.361460
NMRR	-5.759400
MRRU	-5.082706
RRUC	-5.082706
LUNA	-5.516362
IETF	-6.361460
SMEU	-6.361460
EYGI	-6.060430
UAYE	-6.361460
LPIS	-6.361460
FIFE	-5.884338
FMEO	-5.884338
RAMW	-6.060430
GMED	-5.759400
OHAM	-5.759400
OMRR	-6.060430
KFIR	-5.662490
BEAY	-6.060430
HIFR	-6.361460
GABN	-6.361460
BNOR	-5.884338
HROP	-5.458370
OPIS	-5.884338
HKNI	-6.060430
TAHE	-5.282278
AHEC	-6.060430
WENV	-6.361460
WANH	-6.361460
LATW	-5.884338
DUEA	-6.060430
GBYE	-6.361460
SHCA	-5.662490
LSPR	-5.282278
SKYF	-6.060430
KYFL	-6.060430
LECK	-6.361460
UDSD	-6.361460
GNIP	-6.361460
NIPI	-6.361460
DALD	-5.884338
REYR	-6.361460
WFOL	-6.361460
EFOG	-5.884338
KEMI	-5.759400
YILO	-5.759400
YMEB	-5.884338
FPUB	-6.060430
HUDO	-6.361460
ETSY	-6.060430
INTC	-5.458370
EPBE	-5.662490
HCRU	-6.060430
LPGO	-6.361460
PGON	-6.361460
OIFS	-6.361460
WAYQ	-5.884338
BTFI	-6.361460
DRAL	-5.583308
TBEQ	-5.884338
DUEO	-6.060430
ALIL	-6.060430
SRUC	-5.185368
SDOG	-5.583308
GESQ	-6.361460
HDAM	-5.662490
CHCU	-6.361460
TWIF	-6.361460
AMRR	-6.361460
PMOT	-5.662490
GWIF	-5.884338
BLUF	-5.662490
FBOI	-5.884338
FSUL	-5.884338
SULK	-5.361460
ULKI	-5.060430
OWSQ	-6.060430
FMIC	-6.361460
MICE	-5.884338
RYIA	-6.361460
ILSR	-5.884338
WOAM	-6.361460
TOLL	-5.082706
NKTW	-6.361460
IMSS	-6.361460
TIOT	-6.361460
IOTA	-6.361460
IGEB	-6.361460
TAKA	-5.759400
ILIW	-6.361460
RYTW	-5.662490
NNYS	-5.516362
SERÉ	-6.361460
ERÉP	-6.361460
RÉPE	-6.361460
ÉPER	-6.361460
TOIR	-6.060430
ULIO	-6.361460
LIOB	-6.361460
GONB	-5.458370
XTOC	-6.361460
EFUP	-6.361460
ONDG	-6.361460
YUPI	-6.361460
ILOW	-6.361460
CEJE	-6.361460
EJEP	-6.361460
ROSA	-6.060430
NOIK	-6.361460
NTKI	-5.884338
RNRO	-5.407217
MLOI	-6.361460
EKAG	-6.361460
SMRR	-5.759400
LMOV	-5.884338
UEFI	-5.884338
EHUD	-6.361460
YERL	-6.060430
RLOM	-6.361460
LOMY	-6.361460
MWEF	-6.361460
FEED	-4.930096
LERL	-5.884338
SERW	-6.060430
OIDL	-6.060430
AGIA	-5.759400
TDOG	-6.361460
OGAS	-6.361460
FTAW	-6.361460
TAWN	-5.516362
AWNY	-5.320067
WNYT	-6.361460
YTIN	-6.361460
GJOW	-6.361460
JOWL	-6.361460
OWLB	-5.884338
WLBL	-6.361460
CKMU	-5.884338
KMUZ	-6.060430
MUZZ	-5.884338
ZLEA	-5.884338
TCOI	-5.662490
FBYE	-6.361460
WOUP	-6.361460
OUPP	-6.361460
OPAC	-5.516362
CKAW	-5.583308
RDDR	-5.662490
YBUN	-6.361460
FKEY	-6.060430
STKE	-5.759400
TKEY	-6.361460
KEYF	-6.361460
YCOI	-5.662490
DSIU	-6.361460
TOMM	-5.759400
ILAI	-6.361460
WOTR	-5.884338
ERUC	-5.583308
GBYO	-6.060430
GADR	-6.361460
AMNA	-6.361460
ODPL	-5.884338
KONH	-5.662490
DJOV	-5.884338
JOVI	-5.884338
OVIA	-5.884338
WNGL	-6.361460
YMRR	-6.361460
RAHS	-6.060430
FIPA	-6.361460
PREO	-6.361460
FSPA	-5.662490
SUPH	-5.662490
PHEL	-5.185368
RKPH	-6.361460
KPHO	-6.361460
YHOB	-6.361460
BBIE	-6.060430
INAJ	-5.583308
NAJE	-6.361460
SNOJ	-6.361460
NOJE	-6.060430
OJES	-6.060430
NCTW	-6.060430
FEFI	-6.361460
NENB	-6.361460
NBAG	-5.662490
BAGW	-5.884338
AGWI	-6.060430
YDRU	-5.884338
BTAT	-6.361460
HDOW	-5.583308
YITU	-6.060430
KEYG	-6.361460
CKOP	-6.361460
FMEU	-6.361460
PTYR	-6.361460
MDUS	-6.361460
MLYT	-6.060430
BEDP	-6.060430
DPAD	-5.884338
PADL	-5.884338
SKYL	-5.282278
GEGA	-6.060430
TVEI	-6.060430
FDIM	-6.361460
MADU	-6.060430
FMRR	-6.060430
DYMY	-6.060430
ADYY	-5.884338
DYYO	-5.884338
OCOA	-5.583308
OAXI	-6.361460
NKIA	-6.361460
KIAS	-6.361460
EEPP	-5.583308
PPEO	-6.060430
FFIW	-5.884338
PIWO	-6.361460
UAWI	-6.361460
AKWE	-6.060430
OGMI	-6.361460
DDRU	-5.884338
UNKH	-6.060430
UNDG	-5.458370
RMIF	-6.361460
MEER	-5.759400
KEYU	-5.884338
CERU	-6.060430
ICAY	-6.361460
OFFV	-6.361460
FFVE	-6.361460
RFIA	-6.361460
ANCÉ	-6.361460
NCÉA	-6.361460
CÉAN	-6.361460
ÉAND	-6.361460
LSDR	-6.060430
DOGI	-6.060430
TIEJ	-6.361460
LDSD	-6.361460
SABN	-6.361460
GFAT	-5.884338
TBOD	-5.407217
TOHL	-6.361460
OHLE	-6.361460
TUSL	-6.060430
YCUN	-5.884338
GPUT	-5.884338
TEPH	-5.458370
NRUG	-6.361460
ASMN	-6.361460
SMNO	-6.361460
ETYD	-5.884338
WERU	-6.060430
LETB	-6.361460
PIHE	-6.361460
ENSK	-5.759400
NSKY	-5.662490
VEIY	-6.361460
EIYO	-6.361460
OGCR	-6.060430
LRUS	-5.516362
EBAY	-5.759400
BAYI	-6.060430
MBSC	-6.361460
OGIT	-6.361460
FEDF	-5.759400
ICKQ	-6.060430
CKQU	-5.884338
ITLL	-5.884338
TLLB	-6.060430
ZLEB	-6.060430
NRUC	-6.361460
UPIB	-6.361460
PIBL	-6.361460
HLAB	-6.361460
OUAH	-6.361460
UAHM	-6.361460
AHMI	-5.759400
WSMO	-6.361460
RKIW	-6.361460
SNTF	-6.361460
TMRF	-5.884338
RFOW	-5.662490
WLER	-5.583308
RNMI	-6.361460
SSOQ	-6.361460
FTEV	-6.060430
AWWO	-6.361460
OPON	-5.583308
GNAP	-6.361460
NFEV	-6.361460
HSDO	-6.361460
LHAI	-6.361460
FMRF	-6.361460
CKAD	-5.884338
KADE	-6.361460
METY	-6.361460
BYCE	-5.759400
SIRJ	-6.060430
OGYM	-6.361460
GYMR	-6.361460
HPUZ	-6.060430
LOCU	-6.060430
WISR	-6.361460
RMRR	-6.060430
IROL	-5.583308
FRUC	-6.361460
MMRF	-6.361460
FMAU	-6.361460
MAUR	-6.060430
AURI	-6.361460
ITIU	-6.361460
TIUS	-6.060430
ISSV	-6.060430
SUPD	-6.361460
RKSF	-5.516362
BYUS	-5.458370
YUSC	-5.662490
NEOW	-5.583308
NSAU	-5.884338
OPYA	-6.060430
ALRU	-5.458370
LRUL	-5.759400
NICW	-4.899062
ICWO	-4.884338
CWOR	-4.899062
ERGC	-5.759400
RGCO	-5.662490
RGIS	-5.759400
TBYF	-6.060430
RKLI	-5.185368
KLIC	-5.884338
GPAY	-6.361460
GROY	-6.060430
ERGT	-5.516362
RGTR	-5.662490
ASYY	-6.361460
SYYO	-6.361460
MAYU	-5.759400
AYUS	-6.060430
RCHP	-5.884338
YDOP	-6.060430
LAWR	-5.884338
RCIA	-5.759400
ULLL	-5.407217
ERGM	-6.060430
RGMI	-6.060430
KSBY	-5.759400
SBYU	-6.361460
YUSI	-6.060430
UAGR	-5.759400
SEAV	-5.662490
ILAB	-5.320067
SABY	-6.361460
GORU	-6.361460
KCOP	-6.060430
PHEB	-6.060430
HEBP	-6.361460
EBPR	-6.361460
BPRO	-6.361460
RKBY	-5.759400
KBYP	-6.361460
KSEV	-6.060430
APHC	-6.361460
PHCB	-6.361460
HCBE	-6.361460
CBEL	-6.060430
ELPP	-6.060430
LPPR	-6.060430
EEFU	-6.060430
KSSE	-6.060430
OWCT	-6.361460
WCTH	-6.361460
ORPG	-6.361460
RPGL	-6.361460
PGLA	-6.361460
GLAF	-6.361460
FOWN	-5.884338
MPIL	-5.662490
PILA	-5.884338
ICDO	-5.662490
CDOM	-5.884338
SBAS	-5.516362
ERGW	-5.185368
RGWO	-5.361460
ERGN	-6.361460
RGNA	-6.361460
BYKE	-6.361460
MATW	-6.060430
RSDT	-6.361460
SDTH	-6.361460
AWSI	-5.759400
HACT	-5.884338
RGAP	-6.060430
DVIE	-5.407217
WEDC	-5.516362
KISD	-6.060430
OMTE	-6.361460
MTEX	-6.361460
XTSN	-6.361460
RKCA	-6.060430
GORP	-5.884338
PHSE	-5.884338
HSEO	-6.361460
URUS	-5.759400
KSPO	-5.583308
NYFI	-5.662490
OPYD	-6.361460
RMDI	-5.884338
NYBI	-6.060430
PNON	-6.361460
ORHY	-6.361460
RHYP	-6.361460
HYPE	-5.662490
XTFO	-6.060430
LAAS	-5.884338
AASC	-6.060430
SCII	-6.060430
CIIO	-6.060430
IIOR	-6.060430
IALV	-5.884338
RGWE	-6.060430
GWEB	-6.060430
WEBS	-5.458370
EBSI	-5.759400
TEWW	-6.361460
EWWW	-6.361460
ORGY	-6.361460
PYAM	-6.361460
XPOR	-6.060430
PYOR	-6.361460
OPYU	-6.361460
PYUP	-6.361460
ECIF	-5.320067
PHEE	-5.884338
KSUN	-6.361460
RKSC	-5.215332
HODY	-6.361460
DYUS	-6.060430
ETAX	-6.060430
AXES	-6.060430
XEST	-6.361460
NROY	-5.516362
CTAX	-6.361460
TAXR	-6.361460
AXRE	-6.361460
XRET	-6.361460
RNSR	-5.884338
BYAU	-6.361460
GORB	-6.060430
NAPH	-5.884338
UEAL	-5.759400
RKSY	-5.759400
KSYO	-5.361460
APHF	-5.759400
PHFA	-6.361460
HFAF	-6.361460
IFAD	-6.060430
KSEI	-6.060430
KORG	-6.361460
OWFF	-6.361460
WFFP	-6.361460
OYEE	-6.060430
YEES	-6.361460
LEEF	-5.759400
IFYD	-6.361460
FYDO	-6.361460
UPTD	-6.361460
PTDA	-6.060430
UMAC	-6.361460
VIRU	-6.361460
RCOD	-5.662490
TDAM	-5.320067
UIPM	-5.884338
IPME	-5.662490
NTYD	-6.361460
FDAM	-5.884338
PHFT	-6.060430
HFTH	-6.060430
EESY	-5.884338
PHFY	-6.361460
HFYO	-6.361460
RKOW	-6.060430
KOWN	-6.060430
IUMY	-6.361460
IUMW	-6.060430
UMWI	-6.060430
KMAY	-5.884338
UOFA	-5.759400
RKEL	-6.060430
LEMF	-6.361460
MFEX	-6.361460
SEFS	-6.361460
EMAX	-6.361460
XIMU	-6.361460
IMUM	-6.361460
MUMD	-6.361460
UMDI	-6.361460
YORU	-6.060430
MNIF	-6.361460
IFYA	-5.759400
NYAG	-5.662490
YEEO	-6.361460
NYVO	-6.361460
UDOO	-6.361460
KBAL	-6.361460
BALT	-5.361460
UCAU	-6.361460
ERGP	-6.361460
RGPR	-6.361460
SSYN	-6.060430
GOBS	-5.884338
ETEO	-6.060430
TEOL	-6.361460
DMID	-5.884338
FVOL	-5.662490
FEVO	-6.361460
ERGS	-5.583308
RGSG	-6.361460
DFUT	-6.060430
RNMO	-6.361460
NPAG	-6.060430
ORGS	-6.361460
RGSE	-6.361460
GSEC	-6.361460
SIPP	-5.583308
PPIA	-6.060430
AXEX	-6.060430
XEXE	-6.060430
RFED	-5.759400
LTAX	-6.361460
TAXI	-6.361460
AXID	-6.361460
XIDE	-6.361460
TAXD	-6.361460
AXDE	-6.361460
XDED	-6.361460
CTIB	-5.884338
YUSF	-6.361460
SFED	-6.060430
ALTL	-6.361460
KECI	-5.884338
TYUT	-6.361460
YUTE	-6.361460
AILC	-5.516362
PTOD	-5.884338
LPAG	-5.759400
ORGC	-6.361460
ERGD	-6.361460
RGDE	-6.361460
CSUP	-5.884338
NMAC	-6.060430
GTAX	-6.060430
AWSR	-6.060430
PUPW	-6.361460
CITD	-6.361460
ITWW	-6.060430
ORGD	-6.060430
RGDO	-6.060430
FNOP	-6.361460
GUNS	-5.361460
TAXT	-6.361460
AXTR	-6.361460
FDON	-6.361460
SUSL	-6.361460
AFFP	-6.361460
WEBP	-6.361460
EBPA	-6.361460
BPAG	-6.361460
RMIC	-6.060430
AELS	-5.361460
HART	-4.946486
EPEB	-6.060430
PEBO	-6.361460
INPG	-6.361460
NPGS	-6.361460
PGSE	-6.361460
TYWW	-6.361460
YWWW	-6.361460
ORGT	-6.361460
RGTH	-6.060430
AILN	-5.583308
KSST	-5.759400
KMOB	-5.759400
MOBY	-4.432041
YDIC	-4.426961
DICK	-4.432041
MELV	-6.361460
ELVI	-6.060430
YMOL	-6.060430
MOLO	-6.060430
GYEX	-6.361460
UBSU	-5.662490
BSUB	-5.662490
BLIB	-6.060430
AGCH	-6.361460
INNC	-6.361460
NNCH	-6.361460
PELC	-6.060430
ABOS	-6.060430
ELBA	-5.583308
WCHA	-5.458370
NTUC	-4.237608
IPCH	-6.060430
HETC	-5.884338
TIRC	-6.361460
ELEE	-5.106187
IPTC	-6.361460
PTCH	-6.361460
AHAB	-3.647130
HABC	-5.131011
ABCH	-5.884338
BCHA	-5.759400
HABT	-4.613272
BTOH	-5.516362
UBBC	-5.320067
BBCH	-6.060430
PECH	-5.884338
NMAB	-6.060430
MABC	-6.361460
OGYC	-6.361460
GYCH	-6.361460
KSNY	-5.759400
SNYD	-5.759400
ECKC	-5.583308
USKC	-6.361460
SKCH	-6.361460
RMOB	-5.516362
HARK	-4.348622
VITC	-6.361460
EHYE	-5.583308
HYEN	-5.759400
YENA	-5.516362
ABSB	-5.185368
BSBO	-5.215332
WFED	-5.884338
LAHC	-6.361460
AHCH	-6.361460
OSSC	-6.060430
GAMC	-6.361460
HOSS	-5.662490
UEPI	-5.759400
QUID	-5.282278
UIDC	-6.361460
UBBK	-5.884338
BBKI	-6.060430
BKIL	-6.060430
CROT	-5.282278
ROTC	-5.282278
UBBS	-4.645456
BBSS	-5.662490
BSSU	-5.884338
SPHY	-5.662490
PHYN	-5.884338
HYNX	-5.884338
YNXC	-6.361460
NXCH	-6.361460
JERO	-5.320067
BOAM	-5.320067
OAMS	-5.583308
MSST	-5.662490
MONK	-5.106187
ONKE	-5.060430
KEYR	-5.458370
YROP	-5.320067
UBBA	-4.781676
BBAN	-4.963520
ASKK	-6.060430
SKKI	-6.060430
KKIL	-5.759400
ERMW	-4.037177
IEWC	-5.884338
EWCH	-5.884338
RAMC	-6.060430
DELB	-5.320067
DBUC	-5.516362
RIEC	-5.759400
IECH	-5.884338
NUTC	-6.060430
EPEQ	-4.146616
QUOD	-4.111040
UODM	-5.282278
VIRG	-5.082706
JONA	-4.407217
NAHH	-5.662490
AHHI	-5.884338
ILCH	-5.662490
ILSC	-5.516362
EBUD	-5.583308
BUDC	-6.361460
UDCH	-6.361460
GRIS	-5.060430
EZEO	-5.662490
KSCH	-5.759400
AMPC	-6.361460
MPCH	-6.361460
UBLO	-4.914302
FOSS	-5.361460
SILW	-5.759400
ABSL	-5.361460
BSLE	-5.583308
LEGC	-5.759400
EGCH	-6.060430
TARB	-4.019037
RBUC	-4.060430
BINC	-5.583308
UEEQ	-3.958339
UEGI	-5.157340
ICCH	-5.759400
CCHA	-6.060430
BULW	-4.781676
WARK	-4.781676
MUSK	-4.981248
LOGA	-5.215332
EBUO	-5.082706
BUOY	-4.870098
UOYC	-6.060430
HELC	-6.361460
YMPH	-6.060430
YEPI	-5.759400
ILOG	-6.060430
XTIS	-6.361460
XTSO	-6.361460
DEFU	-6.060430
TATV	-6.060430
RGSA	-6.060430
ECHV	-6.361460
OPYV	-6.361460
PYVE	-6.361460
XTET	-6.361460
TETY	-6.361460
OGYS	-6.060430
ALEU	-5.516362
DLEX	-6.361460
EFMO	-6.361460
FMOC	-6.060430
GAYF	-5.884338
WMIL	-5.662490
OLOT	-6.060430
ERHW	-6.361460
RHWH	-6.060430
HUPT	-5.759400
KLUY	-5.884338
LUYT	-5.884338
UYTW	-6.361460
YTWH	-6.361460
ANHV	-6.060430
NHVA	-5.884338
HVAL	-5.583308
RROL	-5.516362
DORV	-6.361460
EBST	-5.759400
DUTA	-6.361460
WALW	-6.361460
LWIA	-6.361460
OROL	-5.458370
ARYח	-6.361460
RYחו	-6.361460
YחוH	-6.361460
חוHE	-6.361460
וHEB	-6.361460
REWΚ	-6.361460
EWΚΗ	-6.361460
WΚΗΤ	-6.361460
ΚΗΤΟ	-6.361460
ΗΤΟΣ	-6.361460
ΤΟΣG	-6.361460
ΟΣGR	-6.361460
ΣGRE	-6.361460
EKCE	-6.361460
KCET	-6.361460
NWHŒ	-6.361460
WHŒL	-6.361460
HŒLA	-6.361460
ŒLAN	-6.361460
LOSA	-5.884338
ONHV	-6.361460
ALTD	-6.060430
LTDA	-6.361460
CHHW	-6.361460
HHWA	-6.361460
SHHV	-6.361460
HHVA	-6.361460
CELA	-5.407217
DICW	-6.361460
HBAL	-5.759400
HPEK	-6.361460
PEKE	-6.361460
NUEE	-5.759400
UEEF	-6.361460
EEFE	-5.320067
EFEG	-6.361460
FEGE	-6.060430
GEEP	-6.361460
EPEH	-6.361460
UEEE	-6.361460
EEER	-6.361460
RROM	-5.884338
NGOA	-5.106187
GBUR	-5.662490
DGRU	-6.060430
GRUB	-6.060430
RUBW	-6.361460
UBWO	-6.361460
BWOR	-6.060430
SUBA	-5.759400
UBAP	-6.361460
BAPP	-6.060430
ONGV	-5.516362
GVAT	-6.361460
THPI	-5.458370
HPIC	-5.759400
DORP	-5.884338
HIGG	-6.361460
DYPI	-6.060430
PIGG	-6.060430
ELCE	-6.361460
LCET	-5.884338
GYFA	-6.361460
GAGL	-5.884338
GBIR	-6.060430
DSEY	-5.884338
SCUO	-6.361460
HTFA	-5.516362
FLEV	-5.458370
NYNA	-5.662490
LPOO	-5.407217
SUBW	-6.361460
BWHO	-5.247516
HOUB	-5.247516
WTRI	-6.361460
NVIV	-5.662490
MBLU	-6.060430
PTYG	-6.060430
TYGL	-6.060430
UPSU	-5.884338
UBSF	-6.060430
BSFO	-6.060430
LYEF	-5.759400
ETUI	-5.884338
TUIL	-5.884338
RYEB	-6.060430
YEBU	-5.282278
UTGU	-6.361460
TGUL	-6.361460
ULPD	-6.060430
PDOW	-5.282278
DHIE	-6.361460
IEAL	-5.884338
GPAM	-6.060430
DGAB	-5.759400
RIEL	-4.999732
IELM	-6.361460
LMIC	-6.361460
AELA	-5.884338
GODC	-5.516362
ODCR	-5.516362
SLEV	-4.930096
YJOB	-5.884338
JOBN	-6.060430
BNOW	-5.215332
WUPJ	-6.060430
UPJO	-6.060430
PJON	-5.884338
NAHJ	-6.361460
AHJO	-6.361460
HJON	-5.662490
INPS	-6.361460
NPSA	-6.060430
LMSI	-5.884338
HLEV	-6.060430
NLEV	-5.458370
CROO	-5.247516
LSLA	-5.583308
SAIA	-6.060430
AIAH	-6.060430
HAOS	-5.759400
AOSO	-6.361460
TOML	-5.458370
SSGU	-5.884338
PAUN	-6.060430
NCHH	-6.060430
SPLU	-5.583308
HSMO	-5.759400
RLPO	-5.759400
ALAE	-6.361460
LAEN	-6.361460
AENE	-6.361460
NLEN	-5.039240
RARP	-6.361460
EAAP	-6.361460
AAPP	-6.361460
SUSO	-5.583308
USOP	-6.060430
AFOA	-6.060430
FOAM	-4.946486
OAMT	-5.759400
YHEV	-6.361460
XTYI	-6.361460
BALN	-6.361460
HBYK	-6.361460
TORV	-6.361460
LGUL	-6.361460
AGUD	-6.361460
GUDG	-6.060430
TAIG	-6.361460
RAIM	-5.884338
DSEB	-6.060430
SFLY	-5.458370
KTAK	-5.759400
HETM	-6.361460
MOSE	-6.060430
TJOB	-6.361460
JOBR	-6.361460
BRAB	-6.060430
WOCA	-5.458370
NNAL	-5.884338
PANL	-6.361460
BACO	-5.458370
HEPS	-6.361460
LMST	-5.884338
SBUL	-5.662490
ULKO	-5.458370
RORK	-6.060430
OFOI	-5.082706
EIBI	-6.361460
IBID	-5.884338
PARM	-5.583308
MACE	-4.770395
CETT	-5.458370
TTIF	-6.361460
RDBR	-6.361460
ISEK	-6.060430
NRYV	-6.060430
NOSK	-6.361460
OSKI	-5.884338
MAVA	-5.884338
LLEB	-6.060430
HROT	-5.759400
RIEQ	-6.361460
IEQU	-6.361460
LMTR	-6.060430
MTRO	-6.060430
TBOI	-5.759400
MDAV	-6.361460
TTII	-6.361460
TIIS	-5.884338
IISM	-6.361460
NNUS	-6.060430
SAIT	-5.662490
CIOQ	-6.361460
IOQU	-6.361460
UIDS	-5.759400
IRTB	-6.060430
WNEO	-6.361460
SVEL	-5.884338
RNFL	-6.060430
FLAI	-5.759400
LAIL	-5.759400
NSRU	-5.759400
XEDJ	-6.361460
DJAV	-5.884338
JAVL	-6.361460
AVLI	-6.361460
VLIN	-6.361460
FPIK	-6.361460
NLAT	-5.884338
FHOB	-6.361460
BBES	-6.060430
BESS	-6.060430
HGOD	-5.361460
KSCR	-5.516362
WIMT	-5.583308
NHUG	-6.361460
PSOR	-6.060430
WIMS	-5.458370
SGIL	-6.361460
EAIB	-6.361460
AIBI	-6.361460
WIMI	-5.583308
AOFO	-6.361460
EMFU	-5.884338
LIET	-5.583308
EFRY	-6.361460
FRYW	-6.361460
GJAW	-6.060430
EYCU	-6.361460
PITZ	-5.662490
ITZB	-5.662490
TZBE	-5.662490
ZBER	-5.662490
SFUZ	-6.361460
FUZZ	-6.361460
RTSV	-6.361460
TSVO	-6.060430
ICAH	-5.884338
CAHA	-5.759400
OLLH	-6.361460
HHUG	-5.884338
OOPS	-5.247516
EMSC	-5.458370
XTHC	-6.060430
CUMN	-5.516362
MNAV	-5.516362
AFAB	-6.060430
BUPT	-6.060430
CATF	-6.361460
HETL	-6.060430
POON	-3.949840
DADH	-5.516362
OILD	-5.759400
SIBB	-5.884338
IBBA	-5.884338
BBAL	-5.662490
SSRI	-5.759400
HILT	-6.060430
ILTR	-5.458370
ODSV	-5.884338
DSVO	-5.759400
BEYN	-6.361460
NCOW	-6.361460
COWL	-5.759400
WLEY	-6.361460
NULL	-6.361460
LLOA	-5.131011
LOAS	-5.662490
FTYC	-6.361460
SYLP	-6.361460
YLPH	-6.361460
LPHS	-6.060430
DFEN	-6.361460
HHOO	-6.060430
HRIB	-6.060430
RIBS	-5.019037
IBSO	-5.759400
AKLI	-6.060430
HNSO	-5.759400
CSHA	-6.060430
OIDB	-6.361460
NBYU	-6.060430
KSVO	-6.060430
DOMV	-6.361460
MVEN	-5.884338
YDUN	-6.361460
EJUN	-5.320067
HUNO	-6.361460
NOVO	-5.884338
OVON	-6.060430
VONT	-6.361460
TROI	-6.361460
NKSS	-5.662490
TOIC	-5.662490
TTIW	-6.060430
CKOI	-6.361460
KOIS	-6.361460
RESV	-5.884338
SVAS	-5.106187
DBOL	-5.458370
MASJ	-6.361460
SJEF	-6.361460
JEFF	-6.361460
BURK	-5.759400
OROY	-6.060430
YALF	-5.662490
RROD	-5.583308
RODM	-6.060430
GOER	-6.361460
OERH	-6.361460
FALC	-6.361460
CKBR	-5.884338
KBRI	-6.361460
FSTH	-6.361460
LEWS	-5.759400
UPSP	-5.884338
NWIE	-6.361460
WIEL	-5.759400
LDYJ	-6.361460
DYJO	-6.361460
COWP	-6.060430
ENSV	-6.361460
NSVI	-6.060430
OCIT	-5.215332
TYJO	-5.583308
HNHU	-5.884338
LSIZ	-6.060430
HEAO	-6.361460
AORT	-5.759400
RTAO	-6.361460
TAOF	-6.060430
IPEO	-5.662490
ODGU	-6.361460
DGUS	-6.361460
MMIF	-6.361460
NCUV	-6.060430
AWSP	-5.759400
COLN	-5.759400
LNET	-5.759400
ETTS	-5.361460
TTSV	-6.361460
WAMF	-6.060430
AMFL	-5.759400
MFLO	-5.884338
DLEV	-5.407217
TMIL	-5.407217
OPLI	-6.060430
SHOA	-5.106187
KEFL	-5.884338
BYVO	-6.361460
YVOR	-6.361460
MDIN	-6.361460
TORJ	-6.060430
RJAW	-5.082706
JAWW	-5.662490
HSWO	-6.361460
AWSS	-5.662490
DIOP	-6.361460
IOPA	-6.361460
OPAE	-6.361460
PAEA	-6.361460
AEAN	-6.361460
NIOS	-6.361460
INNY	-5.759400
NNYP	-6.361460
CISN	-6.361460
POLA	-5.131011
AMBS	-6.060430
HHIL	-5.884338
LGOF	-6.361460
DMAC	-5.759400
FNAN	-4.914302
IBUI	-6.361460
UPAW	-5.759400
LESJ	-5.458370
JAWB	-5.458370
AWBO	-5.759400
WBON	-5.759400
AKAM	-6.361460
OIBI	-6.361460
BIDN	-5.759400
ARAA	-6.361460
RAAL	-6.361460
AALO	-6.361460
ALOI	-5.884338
LOIL	-6.060430
OILB	-5.320067
UTTT	-6.361460
WCOO	-5.884338
EECK	-6.361460
ANNS	-6.361460
NNSC	-6.361460
HGOE	-6.361460
GOET	-6.060430
ODMR	-6.361460
PESS	-5.759400
EXOF	-5.884338
XOFN	-6.361460
BYOW	-6.361460
WENC	-6.060430
DVES	-5.458370
SELN	-6.060430
WYOR	-5.583308
PHOS	-6.060430
EWAK	-5.361460
EAEL	-6.361460
HOAK	-6.060430
TOYA	-5.884338
SORN	-5.759400
IXEN	-6.361460
XENG	-6.361460
DJAW	-5.247516
WSSN	-6.060430
NAPS	-6.060430
ESUT	-5.884338
ECAC	-5.884338
CACH	-5.759400
LBOL	-5.884338
ICKD	-5.583308
KDEB	-6.361460
TTSW	-5.884338
GVOY	-5.060430
BEOC	-6.361460
LEEB	-6.060430
AHOY	-5.407217
HOYD	-6.361460
OYDO	-6.060430
WSBO	-6.361460
WESB	-6.361460
BOOO	-6.361460
OOOS	-6.361460
DSJR	-6.361460
SJRO	-6.361460
JROS	-5.884338
CRUI	-4.689362
RUIZ	-6.361460
UIZE	-5.516362
HIPG	-5.662490
IPGL	-6.060430
PGLO	-6.060430
HVES	-5.884338
RIDT	-6.361460
KETN	-5.662490
TNAR	-6.060430
SSEY	-5.082706
SEYS	-5.662490
TYER	-6.060430
YERM	-6.361460
ETTN	-6.361460
TTNA	-6.361460
TNAN	-5.407217
MRWE	-6.361460
EAAD	-6.361460
AADD	-6.060430
AKWA	-5.662490
YKIL	-5.458370
APTO	-5.583308
SBIO	-6.361460
PHYG	-6.361460
HYGA	-6.361460
YGAT	-6.060430
RDCR	-5.583308
MODO	-5.282278
PREB	-6.361460
REVH	-6.361460
EVHE	-6.361460
VHEN	-6.361460
RYTC	-6.361460
YTCH	-6.361460
AMNB	-6.361460
MNBI	-6.361460
AMUE	-5.320067
MUEL	-5.320067
FSAM	-5.662490
UELC	-6.060430
COMS	-6.060430
RIFP	-6.060430
IDOP	-6.060430
MCCU	-6.361460
CCUL	-6.060430
LOCH	-6.361460
OCHS	-6.361460
ROCA	-5.759400
LREB	-6.361460
WINL	-5.759400
CNOR	-6.361460
GUNP	-5.759400
UNPU	-6.361460
EXEX	-6.361460
XEXP	-6.361460
OALC	-6.361460
ARCT	-5.282278
RCTI	-5.282278
NROL	-5.185368
WNEW	-6.361460
PHOB	-6.060430
OBOM	-6.361460
BOMA	-6.361460
LSAM	-5.583308
HTYM	-5.662490
MCOF	-6.060430
GEAP	-5.759400
COLT	-5.458370
AROP	-5.247516
ILAC	-5.662490
IBSA	-5.407217
AWTW	-6.361460
DELF	-6.060430
LFUE	-6.361460
FUEG	-6.361460
UEGO	-5.759400
DARW	-6.361460
NSVO	-6.361460
ALEK	-5.884338
GOHT	-6.361460
HMAE	-5.060430
MAEL	-4.981248
MPDR	-6.361460
PDRI	-6.361460
DRIZ	-6.361460
ZZLY	-6.060430
ZLYN	-6.361460
MYHY	-6.060430
POSG	-6.361460
OSGE	-6.361460
EAAS	-5.060430
HAPH	-5.516362
HCAT	-6.361460
RDIQ	-6.361460
ISHV	-5.884338
SHVE	-6.060430
SULA	-5.458370
SBYC	-5.759400
LREE	-5.884338
EEFS	-5.884338
EFSC	-6.361460
OWDS	-5.662490
WDSO	-5.884338
RGAZ	-5.884338
AZER	-5.884338
ZERS	-5.884338
CUMA	-6.060430
MAMB	-6.060430
SABB	-5.458370
ABBA	-5.662490
BBAT	-5.662490
MCOR	-5.759400
CORL	-5.884338
OCOE	-6.361460
COEN	-6.361460
FSHI	-5.215332
EKDA	-6.361460
KDAY	-6.361460
PINL	-6.060430
SNAI	-5.662490
ESKS	-6.361460
SKSH	-5.759400
LDSG	-6.060430
WDSP	-6.361460
YLEE	-5.884338
LEEO	-5.759400
FYON	-6.361460
GETJ	-6.361460
ETJU	-6.060430
UESN	-6.361460
TICV	-5.884338
ICVI	-5.662490
CVIR	-6.060430
FLAK	-5.516362
GSSE	-5.516362
IFWA	-6.361460
VANH	-6.361460
WSME	-5.662490
ACOW	-5.247516
COWH	-6.060430
OYST	-5.131011
WTRU	-6.361460
IFAH	-5.884338
UCIF	-5.407217
FIXW	-6.060430
EPYS	-6.060430
PYSM	-6.361460
MAZY	-6.361460
AZYW	-5.759400
ZYWA	-6.361460
GSPU	-6.060430
NSBA	-5.662490
DEBL	-5.662490
CSTR	-5.884338
MGOV	-6.361460
GOVI	-6.060430
UWAD	-6.361460
WADE	-5.759400
EPAM	-6.361460
GTIG	-6.060430
LILI	-5.759400
ADRO	-5.282278
BUYH	-6.361460
UYHI	-6.361460
HYBO	-5.884338
HYSO	-6.060430
CRAZ	-5.082706
RAZY	-5.215332
AZYT	-6.361460
LVIB	-6.361460
VIBR	-5.157340
SEAH	-4.870098
EKSG	-6.361460
KSGI	-6.361460
FJOV	-6.361460
FNAR	-5.884338
SPTH	-6.060430
SPAB	-6.361460
WHAZ	-6.361460
HAZY	-6.361460
AZYA	-5.759400
YLUN	-5.884338
AASA	-5.662490
DAPU	-6.361460
ICKG	-5.759400
ROWQ	-5.884338
POFN	-6.060430
HTSD	-5.759400
OIEV	-6.361460
OKIA	-6.361460
KIAB	-6.361460
IABA	-6.361460
PSBA	-6.060430
UESB	-6.361460
RIGS	-5.884338
IGSS	-6.060430
OKBE	-5.884338
IPBO	-5.759400
BROI	-5.662490
GFOW	-5.884338
DGMA	-6.361460
DPEP	-6.361460
PEPP	-5.884338
AKMO	-6.361460
OWLT	-5.516362
WLTH	-5.583308
LATR	-6.060430
DEGY	-5.884338
EGYP	-5.215332
GYPT	-5.215332
YPTI	-5.320067
DIBI	-6.361460
IBIS	-6.361460
BISA	-5.662490
MMIE	-6.060430
IRHU	-5.583308
RHUG	-5.759400
EBAK	-6.060430
HEPY	-5.759400
EPYR	-5.884338
EAIG	-6.361460
AIGO	-6.361460
UMBD	-6.060430
MBDO	-6.361460
BDOW	-5.759400
EMEJ	-6.361460
UMPF	-5.759400
MSPA	-5.884338
VANR	-6.361460
ELAE	-6.361460
LAER	-6.060430
AERS	-6.060430
DOLP	-5.458370
OLPH	-5.458370
LIFJ	-6.361460
IFJU	-6.361460
RPOT	-6.361460
OYSS	-5.583308
ISAK	-6.361460
COCT	-5.759400
ECAA	-6.361460
EPDO	-5.458370
WTES	-6.060430
GELG	-6.060430
LGAB	-5.759400
IELT	-5.759400
OAIN	-5.884338
PISP	-6.060430
RUBE	-6.361460
BLAD	-5.082706
LORB	-5.282278
PAYP	-6.060430
GLEP	-5.884338
NPAY	-6.060430
EURB	-5.884338
BANE	-5.759400
ECKF	-5.157340
EPYT	-5.884338
AGOR	-5.884338
NMAX	-6.361460
XIMS	-6.361460
ECKG	-5.884338
CKGE	-6.361460
KGET	-6.060430
LTYL	-6.361460
OGSM	-6.060430
MMEO	-6.060430
RLUD	-5.662490
OLOB	-6.361460
AELB	-5.759400
DYBA	-6.361460
AFFG	-6.361460
FFGH	-6.361460
BBYP	-6.361460
RMAG	-5.583308
SYPA	-6.361460
GCUN	-6.361460
SCAJ	-6.361460
AJOL	-5.759400
JOLI	-6.361460
NUNB	-6.060430
UNBI	-5.759400
NBIA	-6.361460
GJUD	-6.361460
ULKT	-5.583308
GSRE	-5.662490
OTIG	-6.361460
DSWU	-6.060430
MIDM	-5.884338
IDMO	-5.884338
DPHA	-5.884338
BAGT	-5.884338
AGTU	-6.361460
GTUC	-6.361460
FICQ	-6.361460
OIDU	-6.361460
IDUL	-6.361460
IRVO	-5.759400
AFTB	-5.407217
KETD	-5.884338
ANOE	-5.039240
OPPU	-6.361460
SKAH	-6.060430
KAHA	-5.320067
DPOR	-5.247516
YDUB	-6.361460
GNAY	-6.060430
AYAV	-6.060430
RAPN	-6.060430
APNE	-6.060430
PNEL	-6.060430
PAFE	-6.060430
EWPI	-6.060430
WPIE	-6.361460
ITOM	-5.662490
YBAG	-6.361460
PSIP	-6.361460
SPHA	-5.662490
PHAL	-5.583308
LTIC	-5.759400
CPAV	-6.361460
PLIG	-5.662490
WBYI	-6.361460
NCTF	-5.759400
NNSS	-6.060430
DLEM	-6.060430
MOKY	-5.884338
WWID	-6.060430
CSOE	-6.361460
IHAA	-6.361460
GOMO	-5.662490
RRAH	-5.215332
KANG	-6.361460
OCHU	-5.759400
DTEE	-5.662490
THGN	-6.361460
HGNA	-6.361460
AISH	-5.759400
LMUT	-5.759400
UTWR	-6.060430
RAPM	-6.361460
APMO	-6.361460
PMOV	-6.361460
ORNC	-5.407217
RNCR	-6.361460
GNOV	-6.060430
HTJE	-6.361460
TJET	-5.662490
INNP	-6.361460
NNPE	-6.361460
MONN	-6.060430
ILAP	-6.060430
LAPI	-6.060430
RNTD	-6.361460
GNHA	-6.361460
APOV	-6.060430
ACOF	-5.247516
LSIE	-6.060430
ARPB	-5.662490
RPBL	-6.361460
PBLE	-6.361460
AKCO	-6.060430
KCOR	-5.884338
STUO	-5.662490
OCLY	-5.662490
DONK	-5.884338
FTEU	-6.361460
TYPL	-6.060430
ANTZ	-6.361460
NTZE	-6.361460
TZEP	-6.361460
ZEPH	-6.361460
PHYR	-6.361460
HYRT	-6.361460
YRTO	-6.361460
EHOB	-6.060430
HOBQ	-6.361460
OBQU	-6.361460
BQUI	-5.884338
KSIP	-6.361460
SIPO	-6.060430
OPYE	-6.361460
MAGL	-6.361460
EWIG	-5.662490
OPUP	-6.060430
AGOP	-6.361460
GOPO	-5.884338
RLAZ	-6.361460
LAZA	-5.662490
ZARU	-5.662490
RBST	-5.759400
LUGU	-6.361460
UGUP	-6.060430
PBOT	-6.361460
COBI	-6.361460
OOHW	-6.361460
WORI	-6.361460
VATO	-6.060430
ESGI	-5.662490
SLAZ	-6.060430
TLAZ	-5.662490
RUSR	-6.361460
UMAT	-5.320067
UATO	-5.106187
YEAY	-4.842946
AYEG	-6.060430
YEGO	-5.215332
RYPI	-5.407217
RGSH	-6.361460
MOLU	-5.884338
LUCC	-6.060430
UCCA	-6.060430
EACZ	-6.361460
ACZA	-6.361460
CZAR	-5.516362
ZARI	-6.361460
BLUB	-4.817392
NNEN	-6.361460
TGAB	-5.884338
COTS	-6.361460
OTSR	-6.361460
AFTO	-5.662490
DEHU	-6.361460
GEOI	-6.060430
EOIL	-4.999732
OILP	-5.884338
OFSY	-6.060430
FSYS	-6.060430
CVIS	-6.060430
BORS	-5.247516
TSPU	-5.759400
WENG	-5.458370
HAGS	-6.060430
AGSH	-5.759400
VORE	-5.884338
AOSB	-6.361460
OSBE	-6.361460
TPUZ	-5.884338
BERP	-6.361460
GHOV	-6.060430
ABOG	-6.361460
BOGG	-6.361460
OGGY	-5.759400
GGYS	-5.583308
GYSO	-6.361460
SOGG	-6.060430
GYSQ	-6.060430
CHYP	-6.361460
HYPI	-6.060430
OZEY	-6.361460
ZEYO	-6.361460
HTGA	-6.361460
TGAL	-5.407217
TSAH	-5.884338
SAHY	-6.361460
AHYP	-6.060430
OPDO	-6.060430
PDOE	-6.361460
ICFI	-6.060430
CFIS	-6.361460
EAGG	-5.884338
FTIS	-5.759400
MPAL	-5.516362
UBSA	-5.759400
GTEE	-5.759400
GIVO	-6.361460
ETUF	-5.884338
TUFT	-5.662490
UFTE	-5.759400
SEGM	-6.060430
EGME	-6.060430
WMOW	-6.060430
MOWN	-6.060430
DMOW	-6.060430
MOWE	-5.583308
UGAZ	-6.361460
NNIB	-4.829981
NIBA	-4.829981
TYOL	-6.060430
IDNA	-5.516362
CORK	-5.407217
NJAV	-6.060430
JAVA	-5.407217
VANS	-5.662490
DSSL	-6.361460
NCOT	-6.361460
LIRO	-6.361460
OJOU	-6.361460
DIMB	-5.759400
UMPC	-5.759400
MPCR	-6.060430
PCRO	-6.060430
KYEN	-5.759400
HYON	-5.583308
WARC	-5.662490
AYCU	-6.060430
ATCE	-5.583308
KIER	-6.361460
WPON	-6.361460
NKSB	-5.407217
RODS	-5.185368
AFTS	-5.215332
FTSC	-6.361460
KROC	-6.060430
HDUS	-6.361460
OKSP	-5.884338
RKLO	-5.884338
RARU	-6.361460
ARUD	-5.884338
BBYS	-6.361460
VESR	-5.583308
SEJA	-5.884338
IFTD	-6.361460
AHBY	-6.060430
HBYW	-6.060430
HNAM	-5.884338
UECY	-6.361460
NGOG	-6.361460
GOGG	-6.361460
OGGL	-6.361460
YTAP	-6.060430
TOMP	-6.361460
LELM	-6.361460
PADS	-5.884338
ADSG	-6.060430
SGOB	-5.884338
ULLG	-5.215332
AYGU	-6.361460
YGUL	-6.361460
MENG	-5.516362
FSKR	-6.361460
KRIM	-5.662490
MREC	-6.060430
UHAI	-6.361460
NSOY	-6.361460
RDOS	-6.361460
WHYR	-6.361460
HYRA	-6.060430
NSBL	-5.662490
RLLB	-6.361460
ARUM	-6.060430
GTAR	-5.884338
SJAC	-5.759400
ACKK	-5.361460
CKKN	-5.361460
KKNI	-5.361460
EGSH	-5.320067
IPUN	-5.583308
PUND	-5.662490
KEMU	-5.662490
NADJ	-6.060430
DNTA	-6.361460
KEYJ	-5.583308
YJAC	-5.282278
PSCU	-6.361460
CUPS	-5.759400
DPOT	-5.361460
UTDU	-6.361460
TDUM	-5.884338
DUMP	-5.458370
SDUM	-5.759400
NBOX	-6.060430
BOXC	-6.361460
XCOA	-6.361460
EDUM	-5.662490
TOHN	-6.060430
TEAK	-5.060430
SOTU	-6.361460
IPHU	-5.884338
PHUR	-5.516362
AHBO	-6.361460
HBOY	-5.082706
FEEG	-5.884338
GGYW	-6.361460
GYWA	-6.361460
SMUF	-6.060430
DARN	-6.361460
IFFW	-6.361460
HICI	-6.361460
CICL	-5.884338
LABR	-5.583308
BARW	-6.060430
OLDJ	-5.516362
NAHM	-5.759400
POTI	-5.759400
FGIN	-5.884338
MOLA	-6.060430
GNCU	-6.361460
ARRH	-6.361460
RRHS	-6.361460
RHSW	-6.361460
ELIQ	-6.060430
IQUO	-6.361460
QUOR	-6.361460
UORS	-6.361460
OESE	-6.361460
WLYL	-6.060430
LYIO	-6.361460
IPMA	-4.718007
PMAT	-4.759400
LSIX	-6.361460
FERD	-6.060430
HDAZ	-6.361460
VELR	-5.583308
ELRY	-5.662490
LRYO	-6.361460
YUNO	-6.361460
NBUL	-5.458370
LRAT	-6.060430
ORSN	-5.516362
LORK	-6.361460
GSDO	-5.247516
SDOA	-5.884338
MMOC	-4.829981
WNSK	-6.361460
NSKI	-5.662490
EIAB	-6.361460
GBED	-6.060430
EIMS	-6.060430
AGUY	-6.060430
GUYR	-6.361460
UYRO	-6.361460
TSKR	-6.361460
GHEP	-5.759400
LKHA	-6.361460
NCHV	-6.361460
HVIG	-6.060430
GSFL	-5.884338
RLDC	-5.759400
EEID	-6.361460
KSOG	-6.361460
SNOY	-6.361460
OYOK	-6.361460
YOKI	-6.361460
NCHL	-6.060430
HLEN	-6.361460
LDAI	-5.884338
IROV	-5.759400
ILFE	-5.583308
LFET	-5.662490
TOPC	-5.759400
OPCO	-5.759400
DNTI	-5.583308
MBOL	-5.039240
DJUM	-5.884338
IPOP	-6.361460
POPP	-5.884338
KMED	-6.361460
KSII	-6.060430
SIIL	-6.361460
EJOL	-5.662490
RSKE	-5.662490
EPTC	-5.759400
PTCO	-5.662490
WOSA	-5.759400
OSAN	-5.759400
PSUC	-5.662490
ORMB	-6.060430
ABAM	-5.516362
BAMB	-5.759400
MBOO	-5.516362
BOOZ	-5.884338
OOZI	-6.060430
GMEG	-6.060430
NPED	-5.662490
IDIQ	-5.884338
OPSP	-6.361460
PSPI	-5.884338
YARN	-5.282278
IRAY	-6.060430
UASL	-6.361460
WFLY	-6.060430
IGOI	-6.060430
LMEY	-6.060430
LFAO	-6.361460
FAON	-6.060430
WDEM	-6.361460
KMAD	-5.884338
OSOK	-6.361460
SOKN	-6.361460
DFET	-5.759400
RIPS	-5.884338
UOFH	-6.361460
IOSY	-6.361460
OSYO	-6.361460
SISG	-6.060430
AOFF	-5.884338
BALB	-6.361460
BETU	-6.060430
GFLU	-5.759400
FLUK	-4.708247
OTOK	-6.361460
OKIC	-5.884338
CKAB	-5.583308
HTYB	-5.516362
TYBI	-5.884338
YBIG	-5.884338
BIGB	-6.361460
IGBE	-6.361460
HYAF	-6.361460
WEGI	-5.884338
TLEJ	-5.884338
LEJO	-5.407217
OHNN	-6.361460
HNNY	-6.361460
PRAW	-6.361460
WSAM	-5.759400
SAMG	-6.361460
NAJI	-6.060430
AJIF	-6.060430
JIFF	-6.060430
IFFY	-6.361460
IVUM	-6.361460
VUMI	-6.361460
OANC	-5.662490
STBI	-6.361460
TBIG	-5.884338
BIGE	-6.361460
EPAB	-6.060430
PABR	-5.884338
RDPL	-5.884338
AZYO	-6.361460
ZYOL	-6.361460
TOYE	-5.185368
OYEI	-5.884338
TARU	-5.884338
UNKL	-6.361460
GTAG	-6.361460
AGSS	-6.361460
RCUP	-5.884338
LSRO	-5.583308
IANM	-5.583308
HOSB	-6.361460
GUNC	-6.060430
GGYA	-6.060430
INYD	-6.361460
LFAK	-6.361460
DPED	-5.884338
EELV	-6.361460
YPAN	-5.759400
COBS	-6.361460
TDOZ	-6.060430
OZEA	-6.060430
FNOD	-6.060430
NODW	-6.361460
WAGL	-6.361460
NLAC	-6.060430
AGSM	-6.361460
KPUR	-6.361460
CKOV	-6.361460
NGSQ	-6.060430
TSJU	-6.361460
CKSQ	-6.060430
KSQU	-5.884338
BALS	-5.282278
OEDB	-6.361460
TIAF	-6.361460
OAPU	-6.361460
RYEF	-5.884338
BAGH	-6.060430
AGHE	-6.060430
DFUM	-6.060430
AWKA	-6.060430
WKAN	-6.060430
DAGH	-6.060430
SHSU	-5.759400
ALPK	-6.361460
LPKN	-6.361460
PKNO	-6.060430
ALDP	-6.361460
LDEW	-6.060430
FITQ	-6.060430
RIBO	-5.662490
IBOL	-6.361460
FSLI	-6.361460
LALT	-6.060430
LUSS	-5.759400
GHJU	-6.060430
RKSQ	-6.361460
EGSW	-5.884338
IFAP	-6.060430
RKGR	-6.361460
RYIQ	-6.361460
YIQU	-6.361460
AWKB	-5.759400
WKBU	-6.361460
AVYG	-6.361460
VYGR	-6.361460
RWRA	-5.884338
DNAU	-6.060430
EFUM	-6.361460
HONI	-5.884338
NIKI	-5.759400
LBAB	-6.060430
ABYP	-6.361460
BONY	-5.361460
DOLW	-6.361460
OESU	-5.884338
PTYF	-6.361460
HBAC	-5.884338
YJAM	-5.759400
JAMB	-6.361460
OOTY	-5.884338
OTYS	-6.361460
GOID	-6.361460
EGOP	-5.759400
OPOC	-6.060430
DOLT	-6.060430
GABI	-6.361460
IPBI	-5.884338
PBIS	-5.884338
BISC	-5.320067
SCUI	-5.282278
PHEK	-6.361460
AZEP	-6.060430
ZEPR	-6.060430
TYSN	-6.361460
CORC	-5.215332
MBAD	-6.361460
GROB	-6.060430
DRYS	-6.060430
RGUT	-6.361460
ANPS	-6.361460
MODY	-5.884338
DYOR	-6.060430
DOLU	-6.361460
OLUP	-6.361460
LUPV	-6.361460
UPVE	-6.361460
PVER	-6.060430
DBAG	-6.060430
EERP	-5.759400
WEXH	-6.361460
LISP	-6.060430
AWKF	-5.759400
WKFR	-5.884338
EPUF	-5.884338
WKBE	-5.884338
PITN	-6.060430
GANF	-5.662490
EEPQ	-5.884338
EPQU	-5.884338
PQUI	-5.884338
SGUT	-6.361460
OEDE	-6.361460
BELY	-6.361460
NOSP	-5.662490
EIKI	-6.060430
IKIL	-6.060430
KBEG	-5.884338
ANFL	-5.458370
ELSS	-5.407217
HOEE	-6.060430
BALW	-5.662490
AWKS	-5.516362
WKSC	-6.361460
NENW	-6.361460
UEGH	-5.185368
EGHE	-5.082706
RMAH	-5.516362
TOPY	-6.060430
DNTY	-5.583308
BALI	-5.247516
TYEK	-6.361460
YEKN	-5.884338
LYEH	-5.884338
PQUE	-5.759400
BBEE	-5.662490
BEEY	-6.060430
EPEY	-6.060430
BEEP	-6.361460
NTYG	-6.361460
YGRU	-6.361460
UEGP	-5.583308
EGPU	-6.060430
GPUF	-5.884338
TEEI	-6.060430
YACI	-5.884338
SFUS	-6.361460
NSAH	-5.759400
BERC	-6.060430
AWKT	-6.060430
WKTH	-6.060430
OPSM	-6.361460
SIAI	-5.759400
FYEG	-6.361460
NWAK	-5.759400
UNDQ	-5.759400
UEGS	-4.621097
RKFU	-6.361460
OFOD	-6.060430
FODD	-6.361460
OEDA	-5.759400
TANL	-6.060430
NLAB	-6.060430
DEOW	-6.361460
EOWI	-5.759400
AUNM	-6.361460
UNME	-5.407217
PATV	-6.361460
ORKQ	-6.060430
KEIC	-6.361460
RHUE	-6.060430
HUES	-5.884338
FWEI	-6.361460
UEGW	-4.899062
EGWA	-5.215332
GMEM	-5.884338
AWLU	-6.361460
WLUP	-6.361460
PDOA	-6.361460
LTDR	-6.361460
HGOT	-6.361460
PSEB	-6.060430
KACH	-6.361460
FGAY	-5.884338
UPDR	-6.361460
PDRE	-5.884338
IEAB	-6.060430
CKIH	-6.060430
WLYW	-5.662490
MSIO	-6.361460
WWRA	-6.361460
CKRU	-5.884338
MORP	-6.361460
TAWF	-6.060430
AGAW	-6.060430
RIOF	-6.361460
NPUZ	-6.361460
EGSP	-5.759400
XEDR	-6.361460
ASPY	-6.060430
SPYE	-6.060430
PYET	-5.583308
LHUG	-6.361460
GHNA	-6.361460
HNAU	-6.060430
MQUE	-5.583308
UEGB	-5.516362
EGBU	-5.516362
WKSL	-6.361460
HETF	-6.361460
DBAB	-6.060430
AWKQ	-6.361460
WKQU	-6.361460
GWAK	-5.884338
HBYD	-6.361460
FSTY	-6.361460
DOGJ	-6.361460
OGJU	-6.361460
IFFA	-5.662490
DIMC	-6.361460
LAYQ	-5.884338
NNAR	-6.060430
PTOU	-5.516362
KSIQ	-6.060430
UEGU	-6.361460
ILIZ	-5.039240
WESS	-6.060430
EGBE	-5.759400
IKEQ	-5.884338
KEQU	-5.516362
UEGY	-5.884338
TOPB	-6.060430
TROW	-5.215332
NDRY	-5.662490
DRYV	-6.361460
TGAS	-6.060430
RKBO	-6.060430
KBOO	-6.361460
UEGD	-5.247516
EGDO	-5.662490
GDOY	-5.884338
RCAT	-5.759400
RPIL	-5.884338
RFLY	-6.060430
FLYH	-5.884338
GHCI	-6.361460
DUAT	-5.884338
EECI	-6.060430
HDEN	-6.060430
MPWR	-6.361460
DCOW	-5.884338
WHID	-6.361460
FFOF	-5.662490
NOCU	-6.060430
UEGM	-5.759400
EGMA	-5.662490
CCEL	-5.583308
UEGT	-4.963520
FHAR	-5.361460
SRAZ	-6.361460
RAZO	-5.583308
AZOR	-5.320067
ZORW	-6.361460
OCKU	-6.361460
KUNS	-6.361460
FMIR	-5.884338
GORR	-5.759400
GROG	-5.884338
OGER	-6.361460
RSSB	-6.361460
CUTL	-5.583308
OMWR	-6.361460
MWRA	-6.361460
LOTM	-6.060430
STIQ	-6.361460
YICH	-6.361460
KYLA	-5.583308
HTYG	-6.060430
OOSC	-6.361460
UFFF	-5.759400
EFMA	-5.019037
HIPK	-5.583308
IPKE	-5.583308
PKEE	-5.516362
WNYC	-6.361460
BOSK	-6.361460
OSKY	-6.361460
GYSE	-6.361460
WNSY	-6.361460
NHUE	-5.759400
HUEA	-6.060430
LALM	-6.361460
SKYH	-5.583308
IANV	-5.884338
KSAF	-5.759400
DESL	-5.759400
CTAW	-6.361460
HALH	-5.884338
EKLI	-6.361460
EGWH	-4.999732
RNSL	-6.361460
TESZ	-6.361460
ESZO	-6.361460
SZON	-6.060430
ZONE	-5.320067
EBYZ	-6.361460
BYZO	-6.361460
YZON	-6.361460
EGRU	-6.361460
RUBH	-6.361460
UBHO	-6.361460
BHON	-6.361460
NERQ	-6.361460
GOPA	-5.884338
FSIB	-6.361460
PTYS	-5.884338
GROH	-5.884338
NGOS	-6.060430
GAHI	-6.361460
NMAI	-6.060430
TBAS	-5.884338
PFOL	-5.884338
RRIO	-5.407217
FORQ	-5.458370
WHYQ	-6.361460
HYQU	-6.361460
ONYR	-6.060430
NTJE	-5.759400
TJEO	-5.884338
JEOP	-5.361460
EOPA	-5.215332
GCOO	-6.060430
OITG	-6.060430
DHOT	-6.060430
AWKP	-5.662490
WKPI	-5.662490
KPIP	-5.583308
OLLC	-6.361460
LASQ	-5.884338
UEGC	-5.662490
EGCI	-6.361460
ESNI	-5.884338
PTSF	-6.361460
IGNP	-5.884338
GNPA	-5.884338
ESJO	-5.583308
SJOS	-6.361460
TBOM	-6.361460
BOMB	-5.884338
MBAY	-5.884338
LLOG	-5.884338
LOGR	-6.361460
YANK	-5.759400
KEES	-5.884338
DWAP	-6.361460
DHAU	-5.516362
RBON	-5.583308
UNHO	-5.662490
GEEA	-5.884338
BOOA	-6.361460
ARRS	-6.361460
RRSE	-6.361460
ANGG	-6.060430
GGOA	-6.060430
PANN	-5.884338
GHGG	-6.361460
HGGI	-6.361460
GGIA	-6.361460
DREE	-5.516362
WNSC	-5.884338
WHAM	-5.759400
HEAX	-5.458370
EAXE	-5.759400
AXEA	-6.060430
XEAN	-6.060430
WTAI	-6.060430
ATGI	-5.583308
GIRD	-5.407217
SOUW	-6.361460
UWES	-6.361460
MBAZ	-6.361460
BAZI	-6.361460
TBUM	-6.361460
UMPK	-5.583308
MPKI	-5.583308
DOGD	-6.060430
OGDA	-6.361460
LMOW	-6.361460
MOWH	-6.060430
WOAC	-5.884338
NBUC	-5.884338
CKSK	-5.759400
NDYL	-6.361460
EAOU	-6.060430
AOUT	-6.361460
SAHP	-6.361460
AHPO	-6.060430
RHAY	-6.361460
HAYS	-5.884338
HOWB	-5.458370
OWBI	-5.662490
WBIT	-6.361460
GGAL	-5.516362
DBUM	-6.060430
OBON	-5.884338
AANA	-6.060430
ETSD	-5.516362
HEGG	-6.361460
GGSY	-6.361460
EOPU	-6.060430
GYSC	-6.361460
CORI	-6.060430
RIAO	-6.361460
IAOF	-6.060430
TRYG	-6.060430
CPAC	-5.884338
RRAL	-6.361460
EWPO	-6.060430
WPOR	-6.361460
PORP	-4.946486
VOIR	-5.759400
OIRS	-5.884338
SOOM	-6.060430
EYBL	-6.361460
NNIA	-6.060430
SYEC	-6.361460
LSBR	-6.060430
USKT	-6.060430
TSSM	-5.884338
EODO	-5.759400
FICW	-5.516362
KYHA	-6.060430
TWRA	-5.884338
GGYJ	-6.060430
GYJA	-6.060430
ARSK	-6.060430
AMUF	-5.884338
EFWE	-6.361460
CKBO	-5.185368
KBOR	-5.884338
HNTA	-6.361460
BOTW	-6.361460
FROB	-5.759400
HMAC	-6.361460
UELG	-6.361460
ELGL	-6.361460
LGLE	-6.361460
EIGF	-6.361460
IGFO	-6.060430
IPEL	-5.407217
FICD	-5.516362
CDEC	-6.361460
INEZ	-6.361460
NEZE	-6.361460
KIEL	-6.060430
IELH	-5.884338
FJAP	-5.516362
JAPA	-5.039240
STDT	-6.361460
TDTH	-6.361460
UEGN	-5.282278
EGNE	-6.060430
AZEO	-5.361460
AKTA	-6.361460
KTAB	-6.060430
TSSY	-6.361460
HOHY	-6.060430
HYEW	-5.759400
DYEK	-6.361460
RNOA	-5.583308
TOGN	-6.361460
OGNA	-6.060430
GNAW	-5.759400
NAWU	-6.361460
LFAI	-6.060430
NTAA	-6.361460
TAAS	-6.361460
AASH	-5.759400
ATAU	-6.060430
SALP	-5.759400
RBSA	-5.662490
BSAY	-5.884338
FIXS	-6.361460
XSOS	-6.361460
SPAY	-6.060430
LUNS	-6.060430
UEAD	-6.060430
XTYR	-6.361460
FAKN	-6.361460
MBWI	-6.361460
BWIL	-6.060430
FYAW	-6.060430
KEAJ	-6.060430
KALF	-6.060430
OMBS	-5.583308
EDSS	-5.759400
DSSC	-5.884338
KETV	-6.361460
RKYL	-6.060430
DDOL	-5.583308
AELT	-5.884338
WIGR	-6.361460
KFIN	-6.060430
LBYB	-6.361460
VETY	-6.361460
SLYQ	-5.884338
HAOT	-6.361460
AOTI	-6.361460
CBUN	-6.361460
OETE	-6.060430
GSSP	-5.884338
RITU	-5.215332
KEOY	-6.361460
EOYS	-6.361460
CTTA	-6.361460
ULJO	-6.361460
LJOV	-6.361460
ORMP	-6.060430
RMPE	-6.361460
IMAQ	-6.361460
KREG	-6.361460
RDFU	-6.361460
HYOL	-6.361460
LDGL	-5.884338
HFEB	-6.361460
RYSS	-6.361460
YSSN	-6.060430
GRAF	-6.361460
LPEC	-6.060430
DNOU	-5.884338
NOUM	-6.361460
OUMB	-6.361460
LAAN	-6.361460
HJAC	-6.361460
RAGH	-6.060430
AGHI	-6.060430
YLOF	-5.884338
GCAP	-5.131011
PELW	-6.361460
NROP	-5.759400
LFNI	-6.361460
NBAD	-5.884338
KNOB	-5.759400
KUPW	-6.060430
SVES	-5.662490
AJOI	-6.060430
ESEJ	-5.583308
PITD	-6.361460
AGUP	-6.361460
EPBY	-6.361460
PBYS	-6.060430
REGN	-5.361460
GNAB	-5.662490
CIPO	-6.361460
SYMB	-5.131011
YMBO	-5.131011
WALF	-5.884338
GODT	-5.215332
TYEH	-5.662490
YEHR	-6.361460
EHRE	-6.361460
BREI	-6.361460
ACKR	-5.759400
OWYB	-6.361460
WYBR	-6.361460
GSCU	-6.060430
SCUD	-5.583308
CUDA	-6.060430
KROL	-6.361460
FSUN	-5.320067
FRAD	-5.662490
LAHN	-6.060430
AHNO	-5.662490
RDYH	-5.884338
ELMF	-6.361460
FFSE	-6.060430
STAZ	-6.361460
TAZU	-6.361460
PSBL	-5.884338
FBOW	-5.759400
YBIB	-6.361460
CROL	-5.662490
OLLW	-5.884338
RKFA	-6.060430
FIDD	-5.884338
BEAK	-5.407217
ODSQ	-5.884338
KWRA	-6.361460
WRAT	-5.516362
BOWM	-6.060430
TBRU	-5.884338
BRUN	-6.361460
ZESF	-6.361460
PROW	-4.963520
GAUT	-5.884338
DGAN	-6.060430
WRUM	-6.060430
VYSE	-6.361460
TUPL	-5.884338
VOUT	-5.583308
MEDK	-5.884338
MNTO	-6.361460
AFOG	-6.060430
FOGI	-6.361460
OGIN	-6.060430
GHYM	-6.361460
HYMN	-5.884338
YMNB	-6.361460
ZASB	-6.361460
GEXU	-6.361460
TWAV	-5.516362
IFTM	-5.583308
GMAW	-6.361460
LOHI	-6.361460
OHIW	-6.060430
CKDI	-5.662490
TDOL	-6.060430
RERG	-6.361460
YMNW	-6.361460
EFPA	-6.361460
EBIB	-5.583308
FJON	-5.215332
NAHS	-5.039240
AHSH	-6.060430
AHSD	-6.060430
HSDE	-6.361460
SHSB	-5.884338
WBIL	-5.759400
SLYG	-5.662490
KELP	-6.361460
LPYB	-6.361460
AHTE	-5.884338
GGOD	-5.458370
IFTP	-5.884338
FTPU	-6.361460
TAIW	-6.361460
GODN	-5.884338
EUSD	-6.060430
FWEO	-6.361460
WEOB	-6.361460
BEYG	-6.361460
IMJO	-6.361460
MJON	-5.662490
AHST	-5.759400
SATG	-6.361460
PMAD	-5.884338
GODD	-5.583308
GNBU	-6.361460
ESKU	-5.361460
KULK	-6.060430
ULKS	-5.662490
FJOP	-6.361460
JOPP	-5.458370
OPPA	-5.407217
PSAH	-6.060430
NCAD	-6.361460
CADI	-5.662490
ADIZ	-5.759400
DIZT	-6.361460
IZTH	-6.361460
ZTHA	-6.361460
DIZS	-6.361460
IZSH	-6.361460
ZSHI	-6.361460
DIZI	-6.361460
IZIS	-6.361460
ZISI	-6.361460
MJOP	-6.060430
AASJ	-6.361460
NAHC	-5.884338
EJOP	-6.060430
PPAT	-5.884338
ERNJ	-6.060430
NJAF	-6.361460
JAFF	-6.060430
ESYR	-5.662490
SYRI	-5.759400
DTAR	-5.759400
RCAD	-6.361460
DIZM	-6.361460
IZMO	-6.361460
ZMOR	-6.361460
FGIB	-6.060430
GIBR	-6.060430
BRAL	-6.060430
TJON	-5.320067
AHSO	-5.884338
LEEW	-4.842946
EEWO	-5.884338
OHMO	-6.060430
LOUC	-5.361460
LTYE	-5.884338
TYEY	-5.583308
AHON	-5.884338
SAFU	-5.884338
AFUG	-6.060430
OBAG	-6.361460
BOXV	-6.361460
OXVA	-6.361460
XVAL	-6.361460
RFWI	-6.060430
IEUX	-6.361460
EUXA	-6.361460
UXAT	-6.361460
XATL	-6.361460
DODG	-5.516362
MHOI	-5.884338
EYEJ	-6.361460
YEJO	-6.361460
AHSE	-5.759400
HESR	-5.759400
SROB	-6.361460
WORJ	-6.361460
RJOE	-6.060430
JOED	-6.361460
OEDO	-6.361460
ADIG	-5.662490
DIGU	-5.884338
EJAI	-6.361460
JAIL	-5.884338
DGOM	-6.361460
HORB	-5.884338
ARFT	-5.759400
RFTO	-6.060430
PISM	-6.361460
DCOI	-5.407217
CSHI	-6.060430
WCRO	-5.884338
NAHP	-6.060430
AHPR	-6.060430
AHTR	-6.361460
ESKH	-6.361460
SKHU	-6.361460
EOHH	-5.759400
NAHF	-5.759400
AHFO	-5.662490
EKAP	-6.361460
USYC	-6.361460
PTOJ	-6.361460
OJON	-5.759400
INIZ	-6.060430
EXTC	-6.060430
XTCO	-6.060430
RHAJ	-6.361460
AJON	-6.361460
ABBU	-5.458370
HYEH	-5.759400
AFTD	-6.060430
FTDI	-6.361460
WJON	-6.361460
AHSC	-6.060430
SSOJ	-6.361460
AHSP	-6.060430
HSPU	-6.361460
IMOP	-6.361460
LPAF	-6.361460
PAFL	-6.060430
TPAV	-6.361460
NJON	-5.516362
AHFA	-6.361460
LMOL	-6.361460
NAHN	-6.060430
THYR	-5.759400
HYRO	-6.060430
AHEN	-6.060430
YFUM	-6.060430
ICTS	-5.662490
DDUS	-6.361460
MCEI	-6.361460
AHGA	-6.060430
HGAS	-6.060430
SPST	-6.361460
INEJ	-6.361460
AHFE	-6.060430
SAXI	-6.060430
AXIS	-5.583308
XISA	-6.361460
MPSL	-6.060430
LYOS	-6.361460
AHSR	-6.361460
HSRO	-6.361460
MPFL	-6.361460
ENSJ	-6.361460
OLLR	-6.361460
ULFU	-6.361460
LFUG	-6.361460
SSGL	-6.060430
MPMO	-5.884338
AWRY	-6.361460
WRYO	-6.361460
LRYH	-6.361460
YHIE	-6.361460
LTAG	-6.361460
IDDY	-6.361460
DDYA	-6.361460
PSTU	-5.516362
UPOR	-6.361460
SNAU	-5.583308
DIGY	-5.884338
IGYO	-5.884338
FTID	-5.884338
PCAS	-5.884338
RFTH	-6.060430
IPMY	-5.884338
SMUG	-5.759400
MUGG	-5.884338
BELS	-5.516362
PISL	-6.361460
XESB	-6.060430
DJAR	-6.361460
JARS	-6.361460
IEKI	-5.884338
GTUM	-6.361460
ULTJ	-6.361460
LTJO	-6.361460
AHSL	-6.060430
USSL	-5.662490
TESJ	-6.361460
NAHW	-5.662490
PABE	-6.361460
OUOS	-6.361460
UOSL	-6.361460
GYBY	-6.361460
CRYJ	-6.361460
SPSA	-6.060430
RWAV	-5.884338
HUSL	-5.662490
USLE	-5.407217
EDYV	-6.361460
UNSR	-5.662490
AFTT	-5.185368
EPGU	-6.060430
PGUL	-6.060430
DFUG	-6.361460
STFU	-5.320067
GLOT	-5.884338
YMOB	-5.759400
MOBH	-6.361460
VIOR	-6.361460
PUTB	-5.884338
IMOJ	-6.361460
MOJO	-6.361460
AHAY	-6.361460
AYEW	-5.516362
HOUF	-5.458370
ORDG	-6.060430
WGOE	-6.361460
HEDJ	-6.060430
KBYO	-6.060430
WLSL	-6.060430
LSLO	-5.583308
AHTA	-6.060430
AHCA	-6.361460
OPSS	-5.759400
EYAW	-5.662490
HTYL	-5.884338
AHDO	-6.060430
ULPU	-6.361460
DPAN	-5.884338
CEJO	-6.060430
AHBE	-6.361460
DOPL	-6.361460
GSLA	-5.662490
ADDN	-6.361460
DDNE	-6.361460
WPOW	-6.361460
GJON	-6.361460
AHSS	-6.060430
PCHE	-6.361460
RMSS	-5.662490
MSSE	-6.060430
HYBR	-6.361460
KFEA	-6.361460
KASH	-5.884338
SPAK	-5.884338
PAKE	-5.884338
DYEB	-5.884338
DPIL	-5.458370
LOTP	-6.060430
VEHJ	-6.361460
EHJO	-6.361460
TJOP	-6.060430
PPAB	-6.361460
NGOD	-5.157340
GGUL	-5.884338
ULFS	-6.361460
FTSL	-6.060430
DDYI	-5.516362
IMTE	-6.060430
WOEB	-5.583308
OEBO	-6.361460
LUMM	-6.361460
SUTM	-5.516362
DVOM	-6.060430
VOMI	-5.759400
UTJO	-6.060430
AHUP	-6.361460
LLSS	-5.583308
LMUL	-5.884338
AHDI	-6.361460
MGOS	-6.361460
PELD	-6.361460
RWOE	-5.458370
YEAW	-5.759400
AWOE	-5.884338
AULH	-6.361460
EEPJ	-6.361460
EPJO	-6.361460
PJOY	-6.361460
ASMB	-6.361460
WOEI	-6.060430
OEIS	-6.361460
PISN	-6.060430
KELS	-5.884338
UDGO	-6.361460
RMSY	-6.361460
MSYE	-6.060430
HOGI	-6.060430
SNOQ	-6.060430
ROYS	-6.060430
GESD	-5.884338
TOPG	-5.516362
OPGA	-5.516362
PGAL	-5.516362
IOTT	-6.060430
SMOB	-5.282278
MOBC	-6.361460
OBCA	-6.361460
BCAN	-5.884338
UREK	-6.361460
REKE	-5.407217
FLYK	-6.361460
YTHY	-5.583308
YROD	-6.060430
IEIH	-6.361460
VEET	-6.361460
INNF	-6.060430
NNFR	-6.361460
PELB	-6.361460
ROID	-6.060430
LAPB	-6.361460
APBE	-6.361460
PBEG	-6.361460
FTIE	-5.516362
HPAG	-5.884338
GVAC	-6.060430
AWNG	-6.361460
NGUR	-6.361460
XTFI	-6.361460
FPAG	-6.361460
YTAT	-6.060430
NLOF	-6.361460
FTYB	-6.361460
MAIM	-5.759400
ITOT	-6.361460
SPHR	-6.060430
MRID	-6.361460
TOPQ	-6.361460
OPQU	-6.361460
RMFR	-5.759400
WEXA	-6.060430
ICWI	-5.583308
CWIS	-6.361460
INNH	-6.060430
OENL	-5.583308
TJUP	-6.361460
JUPI	-5.759400
UPIT	-5.407217
YSEQ	-6.361460
SPEP	-5.516362
PEPT	-6.060430
NDPH	-5.884338
OMSG	-6.361460
YTWA	-6.361460
RMBO	-6.361460
MNSW	-6.361460
LTAM	-6.060430
WOLF	-5.759400
OLFI	-5.884338
NOCI	-6.060430
EDHY	-6.361460
ISIE	-6.060430
IANK	-5.884338
SYID	-6.361460
YIDR	-6.060430
DHIN	-5.662490
WPIC	-6.361460
OJAB	-6.361460
JABB	-6.060430
POUC	-6.060430
AWKH	-6.361460
WKHE	-6.361460
KHEQ	-6.361460
APUF	-6.060430
FFSF	-6.060430
FSFR	-6.060430
YSPH	-6.361460
CCOD	-6.361460
CODR	-6.361460
YDOL	-6.361460
WOEQ	-6.361460
ODCH	-5.282278
LDIU	-6.361460
IDOY	-6.060430
EGWO	-6.361460
HYUN	-5.884338
SERG	-6.361460
RNID	-6.361460
OIKI	-6.361460
PEDP	-6.060430
MBUR	-6.060430
RNTB	-6.361460
TBIS	-6.060430
HQUE	-5.407217
CEKI	-6.060430
ISIK	-6.361460
SYLO	-6.361460
DNAP	-5.662490
EGNO	-5.215332
OEDL	-6.060430
KSOE	-6.361460
SYWE	-5.884338
NFAB	-6.060430
KEGE	-6.060430
KEFU	-5.759400
LTUC	-6.361460
NUPC	-6.060430
UPCL	-6.060430
PCLO	-6.060430
NEEP	-6.060430
NUGT	-6.361460
UGTH	-6.060430
OYBO	-5.884338
GEXI	-5.884338
FIFY	-6.361460
POFY	-6.060430
NUGN	-5.884338
UGNE	-5.884338
LIEL	-5.884338
RMSP	-5.884338
CCRY	-6.361460
KEIH	-6.361460
FALW	-6.060430
AYEY	-5.662490
YEYP	-6.361460
WNPL	-5.884338
UNIL	-6.060430
ROMQ	-6.060430
OMQU	-5.884338
FEWQ	-6.361460
CESG	-5.884338
EGSM	-5.759400
INOM	-5.884338
ELTU	-6.060430
LTUN	-6.361460
ULYC	-6.060430
GTES	-6.060430
GEAW	-5.759400
WSPO	-5.662490
RYIB	-6.361460
EIBU	-5.759400
ENPH	-6.060430
NPHR	-5.759400
OGYN	-6.060430
GYNO	-6.060430
WENA	-6.060430
FROK	-6.060430
ROKO	-5.884338
KOVO	-5.884338
VOKO	-5.884338
OKOA	-6.060430
KOAN	-6.060430
YMAP	-6.060430
MAPT	-6.361460
APTR	-6.361460
PTRU	-6.361460
NIBB	-6.361460
BBLI	-5.247516
SAMB	-5.458370
EFAK	-6.361460
LEAH	-5.215332
SVEI	-5.884338
YVIT	-6.060430
BALP	-6.361460
SAGH	-5.458370
HIPV	-6.361460
PVIS	-6.361460
SBAY	-6.060430
BAYA	-6.361460
UEGV	-6.361460
EGVO	-6.361460
GVOW	-6.361460
NOEH	-6.361460
NPAD	-6.361460
GBYL	-6.060430
OOTC	-6.361460
PSIZ	-5.458370
NOEC	-6.361460
OECL	-6.361460
OLTT	-6.060430
HHAC	-6.361460
WALE	-4.884338
KECZ	-6.361460
ECZA	-5.759400
ZARP	-6.361460
IPYA	-6.361460
PYAR	-6.361460
GNCI	-6.361460
IESQ	-6.060430
EGDI	-5.458370
GIGN	-6.361460
RWAG	-6.361460
OORQ	-5.282278
UEGG	-5.759400
IEAP	-6.361460
RGIB	-6.361460
GIBB	-5.884338
YHIN	-5.282278
GANK	-6.060430
LFBA	-5.583308
FBAP	-6.361460
BAPT	-5.583308
PTIZ	-5.884338
EPTR	-5.759400
PTRE	-5.884338
EAAG	-6.361460
AAGA	-6.361460
OLDV	-5.884338
SELG	-6.060430
ELGE	-6.361460
HAPW	-5.759400
YDIP	-5.884338
DIPI	-6.060430
OTLU	-6.060430
ISIJ	-6.361460
SIJO	-6.361460
IJOY	-6.361460
STDY	-5.759400
TDYI	-5.759400
UFFQ	-6.361460
FFQU	-5.884338
UEGE	-6.060430
GEMB	-6.361460
DMEP	-6.060430
KISE	-5.884338
HWEB	-5.884338
TATQ	-6.361460
ALSL	-5.884338
OADJ	-6.361460
ARBS	-5.282278
BSIA	-6.361460
IHIN	-5.884338
BATA	-6.361460
NSCY	-6.361460
SCYT	-5.884338
NSOQ	-6.361460
UEGF	-5.583308
OKOI	-6.361460
KOIT	-6.361460
COCO	-5.662490
LABA	-5.320067
HBOW	-5.458370
WLAN	-5.458370
WLAL	-6.361460
ELDN	-5.662490
WACE	-6.361460
YPUN	-5.884338
TOFQ	-5.662490
GPRI	-5.583308
GGUE	-6.361460
SBAM	-6.361460
BOOC	-6.361460
OCOT	-6.361460
EGSF	-6.060430
UGHQ	-6.361460
GHQU	-6.060430
KSGL	-6.060430
BANQ	-5.662490
UETB	-6.361460
SDIP	-6.361460
WLBE	-6.361460
GECI	-6.060430
WLTA	-6.361460
RAHU	-6.060430
DLUG	-6.060430
RHOI	-5.884338
USHN	-5.884338
HNET	-6.060430
UGEH	-5.884338
SKSO	-5.583308
IPSL	-5.458370
PSLA	-6.060430
EWAX	-6.060430
KFOA	-6.060430
OAMF	-5.884338
ISNU	-5.884338
FSLA	-6.060430
EFOA	-5.516362
EGSE	-5.662490
SKYN	-6.060430
KYNO	-5.884338
LSSW	-5.884338
WEFL	-5.884338
GGAI	-5.884338
TDUC	-6.361460
WESI	-5.884338
YSDA	-6.361460
PEYA	-5.884338
WOTA	-6.060430
SBUC	-6.361460
RNAD	-5.662490
EJEE	-5.759400
BOOB	-6.060430
OOBI	-6.361460
OBIE	-6.361460
EGCA	-5.759400
SMIM	-6.361460
MICK	-6.361460
WNYS	-5.884338
SDEX	-6.361460
MHIG	-5.662490
HUPB	-6.060430
PBOD	-6.060430
GLUN	-6.060430
ILEQ	-6.361460
EGTU	-6.361460
UFFC	-5.583308
FFCA	-5.662490
GYEL	-6.361460
CERC	-5.884338
ILHA	-5.516362
LHAL	-5.407217
AGAU	-6.361460
IBOF	-6.060430
PTOQ	-6.060430
ORNK	-6.361460
RNKI	-6.060430
IEDQ	-5.759400
EGTW	-6.361460
GTWI	-6.060430
BEVY	-6.361460
EVYS	-6.361460
VYSM	-6.361460
GNOK	-6.361460
UEGK	-6.361460
EGKI	-6.361460
OOKY	-4.727991
OKYO	-5.157340
UROA	-5.583308
HOMQ	-6.361460
PTSN	-6.361460
LEWF	-5.884338
FSNA	-6.361460
EOND	-5.516362
ECKR	-5.662490
ODEY	-6.060430
JAWO	-5.662490
EGDR	-6.060430
DEFT	-6.060430
EXTJ	-6.361460
XTJE	-6.361460
TJER	-6.361460
PARW	-6.060430
ISTD	-5.884338
EAPF	-6.060430
OGTH	-5.516362
GFOA	-5.884338
KANI	-5.759400
TSGL	-5.759400
EEJU	-6.060430
RBUM	-6.361460
SVOT	-6.361460
CLOV	-5.662490
RNAC	-5.247516
GDIV	-6.361460
DALF	-6.361460
DRYC	-6.361460
UALJ	-6.361460
LSMU	-6.060430
DDYS	-6.060430
RTCA	-5.759400
OILC	-5.458370
UECR	-6.060430
NROM	-5.759400
OLSB	-6.361460
KAPR	-6.361460
EARQ	-6.361460
LAMS	-5.759400
TURT	-6.060430
GANZ	-6.361460
ZASO	-6.361460
INOI	-5.516362
HUSG	-5.662490
SGOE	-6.060430
UDLA	-6.361460
PTYI	-5.759400
YIVO	-5.884338
NSSK	-5.759400
DQUO	-6.361460
QUOH	-5.361460
UOHO	-5.361460
OHOG	-5.361460
HOGS	-5.458370
OGSI	-6.060430
NBOL	-5.662490
YWAD	-5.884338
RELM	-6.361460
YPUS	-5.759400
DCOD	-5.884338
CODA	-5.884338
LAUN	-5.361460
NAVY	-5.662490
VYOF	-6.060430
EAEX	-6.060430
AEXP	-6.060430
BEHR	-6.060430
EHRI	-6.060430
LOCE	-5.884338
ALTS	-5.458370
ENAK	-5.759400
EAOV	-6.361460
AOVE	-6.361460
CAAD	-6.361460
ADDM	-6.361460
DDME	-6.361460
DMEX	-6.361460
ICOT	-6.060430
XASA	-6.361460
ECUB	-5.884338
UBAU	-6.361460
BAUP	-6.361460
AUPO	-5.884338
BANN	-5.583308
RRAQ	-6.361460
WNEM	-6.361460
PSAR	-5.583308
NPIR	-6.361460
DRIO	-6.060430
IOTS	-5.759400
NBIB	-6.060430
FROP	-5.407217
ROPL	-6.361460
OPLO	-6.361460
NOAH	-5.458370
OAHS	-5.662490
AHSF	-5.884338
HSFL	-5.662490
UPTT	-6.361460
AASP	-6.361460
RIEH	-5.884338
IMBT	-6.060430
LPSF	-6.361460
SROC	-5.662490
NBIL	-5.039240
OATN	-5.458370
FURL	-5.458370
URLS	-6.060430
WALR	-5.662490
NNHA	-6.361460
TKEP	-6.060430
LNAN	-5.759400
UTKE	-5.884338
WWAR	-6.060430
LWEO	-6.361460
WEOP	-6.361460
SETQ	-6.361460
WOEN	-5.759400
OENO	-5.884338
NPOT	-6.361460
SSWU	-5.662490
OPMA	-5.282278
PMAS	-5.662490
LPST	-5.884338
GUEM	-6.361460
UEMI	-6.361460
CRIC	-5.884338
KSIA	-6.060430
INNK	-6.361460
NNKE	-6.361460
CKPO	-5.759400
KPOT	-6.361460
QUEH	-6.361460
WHAI	-6.060430
NNUN	-6.361460
SKSC	-6.060430
IRTG	-6.361460
GYEC	-6.361460
EONQ	-6.060430
SEYA	-6.060430
ITTU	-5.407217
SEYB	-6.060430
RASU	-6.060430
SEYP	-6.361460
NTUS	-5.662490
GUSA	-5.662490
CODW	-6.060430
TCOD	-6.361460
CODS	-5.884338
AAMS	-6.361460
LAMF	-6.060430
RDCL	-6.060430
SEYH	-6.060430
EYHU	-5.759400
DBAW	-6.361460
BAWL	-5.759400
REDQ	-5.884338
OHSW	-6.361460
LJUI	-6.361460
JUIC	-5.759400
UICY	-5.884338
MSSC	-6.361460
NHAZ	-6.361460
AZEL	-5.884338
ZELN	-6.361460
LNUT	-6.060430
PORK	-6.060430
RKCU	-6.060430
KCUT	-6.060430
NRIC	-6.060430
HPEP	-6.361460
TYVO	-6.060430
YSCL	-6.361460
RIUT	-6.361460
EAMC	-6.060430
CODC	-6.361460
TULT	-6.060430
OOKQ	-6.060430
OKQU	-6.060430
VEEE	-6.361460
OWLW	-6.060430
WLWH	-6.060430
SHYP	-5.583308
HYPL	-6.060430
SBOI	-5.884338
SPAV	-6.060430
LSMR	-5.759400
SEYW	-6.361460
FCOD	-6.361460
CODF	-6.361460
BRAA	-6.060430
KSBO	-5.282278
SHYF	-6.361460
HYFL	-5.884338
COWF	-6.361460
GONF	-6.060430
HFOO	-6.060430
ACOD	-6.060430
ODSD	-5.583308
SHOD	-6.361460
SEYC	-6.060430
TIGG	-6.060430
IGGS	-6.060430
GGSC	-6.361460
RTNT	-6.361460
TNTV	-6.361460
NTVY	-6.361460
TVYG	-6.361460
VYGE	-6.361460
EEBA	-6.060430
OMRQ	-6.361460
MRQU	-6.361460
CODT	-6.361460
OCTE	-6.060430
ERNQ	-6.361460
RNQU	-6.060430
WGAV	-6.361460
GYOJ	-6.060430
YOJO	-5.131011
OJOT	-5.759400
DYOJ	-5.662490
JOHA	-6.060430
YYOJ	-6.361460
OJOE	-6.361460
JOEA	-6.361460
SYOJ	-5.884338
OJOP	-6.361460
JOPU	-6.361460
LFII	-6.361460
FIIS	-6.361460
EGIH	-6.361460
EGPL	-6.060430
CEDG	-6.060430
FYOJ	-6.361460
OJOS	-6.060430
JOSJ	-6.361460
OSJU	-6.361460
OJOW	-6.060430
JOWI	-6.361460
PSME	-5.759400
GNSN	-6.361460
NOFQ	-6.060430
RYOJ	-6.361460
YUSA	-5.759400
EGIW	-6.361460
HYOJ	-6.060430
FLEN	-6.060430
ANDX	-6.361460
NDXX	-6.361460
DXXX	-6.361460
XIXA	-6.361460
IXAR	-6.060430
XART	-6.361460
JOWA	-6.361460
DSAU	-5.884338
SUPF	-6.060430
UODD	-6.060430
SPEQ	-6.361460
UODY	-6.361460
BTRE	-6.361460
TTSI	-5.884338
IPEE	-6.060430
PRYE	-6.361460
UODL	-6.060430
RUSY	-6.361460
NYAQ	-6.361460
SJAP	-6.060430
JUNK	-5.516362
BOXG	-6.361460
OXGA	-6.361460
XGAL	-6.361460
LIOT	-5.759400
AFTA	-5.215332
DPEQ	-5.759400
UODS	-4.576130
OOLR	-6.060430
OLRA	-6.361460
WFOO	-6.060430
TYPH	-5.320067
PHOO	-5.320067
LMSO	-5.282278
GREN	-5.759400
YPTA	-6.361460
DSIB	-6.361460
PANW	-6.060430
FLYU	-6.060430
YUPL	-5.884338
EEOL	-5.662490
GNEH	-6.060430
RIMW	-6.060430
AGST	-5.884338
URYC	-6.060430
NPEL	-4.870098
LEGM	-5.662490
UODT	-5.157340
DPEL	-5.082706
LEGD	-5.662490
EGDU	-6.361460
HORK	-6.361460
LHAK	-6.361460
KLER	-5.662490
NYBA	-5.884338
HIOP	-6.060430
IOPI	-5.662490
OPIA	-6.060430
BALO	-5.884338
NPAN	-5.884338
RPTE	-6.361460
PTEE	-6.361460
WSRA	-6.361460
ELMS	-5.215332
FOET	-5.759400
LMSM	-5.320067
DSBA	-5.884338
TEED	-5.458370
JAWA	-5.583308
LNOB	-6.361460
RWIG	-6.060430
WIGW	-5.407217
IGWA	-5.407217
GWAM	-5.407217
GHUG	-6.361460
KACI	-6.361460
BSLA	-5.884338
APEX	-6.060430
PEXU	-6.361460
EXUN	-6.361460
XUNI	-6.361460
ATUF	-6.361460
YFIB	-5.884338
TOPK	-6.361460
OPKN	-6.361460
OWOT	-6.361460
WOTT	-6.361460
TTAM	-5.884338
VEAU	-6.361460
GNOO	-6.361460
KSUS	-5.759400
RLAC	-5.884338
CSTU	-6.361460
WAMW	-6.361460
PSAB	-5.759400
WNYL	-6.361460
NBLU	-5.759400
HCUT	-6.361460
PICN	-6.361460
ICNE	-6.060430
CNET	-6.361460
CHEY	-6.361460
YEWR	-6.361460
WLIS	-6.060430
UODW	-4.899062
AYEH	-5.320067
YEHN	-6.361460
RNIV	-6.060430
LVOY	-5.662490
AMNE	-5.583308
EGAW	-6.361460
LKES	-6.361460
WYEF	-6.060430
YEFE	-6.060430
TEHH	-6.361460
EHHA	-6.060430
APIR	-5.884338
TROB	-5.884338
OBTH	-5.884338
BTHY	-6.060430
UDOS	-5.884338
EAIP	-6.361460
AIPR	-6.361460
LFHU	-5.759400
NNUE	-6.361460
SHNA	-5.583308
HNAN	-5.662490
IENS	-6.060430
CODO	-6.361460
GYEW	-6.361460
SEHH	-6.361460
YECL	-6.361460
HABW	-4.621097
ABWH	-5.060430
OISC	-6.060430
ABSI	-5.516362
BSIR	-5.884338
ABIS	-5.215332
BIST	-5.884338
LEGT	-5.106187
BILD	-4.474969
UODF	-5.759400
TYED	-5.884338
YEBI	-5.884338
OITP	-6.060430
LAPE	-6.060430
APEY	-6.060430
ABYO	-6.361460
UPCR	-5.759400
PCRU	-6.060430
CRUN	-5.759400
AHAH	-5.662490
RGYP	-6.361460
GYPE	-6.361460
LDIK	-6.361460
OKYE	-4.930096
HYLU	-6.361460
OFTD	-6.060430
FTDY	-6.361460
TDYE	-5.320067
KABI	-6.361460
WSUR	-6.060430
EEAH	-5.759400
DOYE	-5.106187
OYEY	-5.884338
MPAF	-6.361460
WERQ	-6.060430
GISB	-5.884338
YEAL	-5.662490
EPUZ	-6.361460
WSFE	-5.884338
OWLC	-6.361460
WLCA	-6.361460
DTID	-5.662490
UELY	-5.215332
OYEW	-6.361460
YEWI	-5.583308
TEHC	-6.361460
EHCA	-6.361460
WREP	-5.884338
HOUM	-5.060430
WDEC	-6.361460
UDOY	-6.361460
DADL	-5.759400
GQUA	-5.884338
HSCR	-5.662490
BIBI	-6.361460
DIOM	-6.361460
IOMS	-6.361460
UDAC	-5.407217
USDA	-5.662490
LOBU	-5.583308
SLOF	-5.759400
FTYL	-5.884338
USAM	-5.884338
MDRA	-5.759400
RBYB	-5.884338
RULI	-6.060430
ISOY	-6.361460
HOIF	-6.361460
USHF	-6.060430
LYED	-6.060430
KETQ	-6.361460
RESR	-6.361460
ORNQ	-6.361460
GLEJ	-6.060430
NFOE	-6.361460
DTUN	-6.060430
TUNS	-4.999732
PIOU	-5.157340
USBI	-5.759400
RLDQ	-6.361460
DSRI	-6.060430
NBOY	-5.583308
RTCL	-6.361460
BTOA	-6.060430
IPOW	-5.884338
XTYA	-6.361460
EGUT	-6.361460
GUTW	-6.361460
APIO	-5.759400
ORAQ	-6.361460
WHEG	-6.361460
ATEQ	-6.060430
UELU	-6.060430
LUNM	-6.361460
NMIT	-6.361460
RABC	-5.884338
ABCO	-5.458370
BCOL	-5.884338
MARL	-5.407217
SPIK	-5.019037
CTEM	-6.060430
MBOD	-5.662490
SUTI	-6.361460
GGAU	-6.361460
FTEC	-6.361460
LNAP	-6.361460
OITL	-5.583308
NNAP	-5.884338
OLTU	-6.361460
RABV	-6.361460
ABVE	-6.361460
BVES	-6.361460
DADC	-5.759400
DEHY	-6.361460
YEHA	-5.131011
RYEG	-6.060430
IFLO	-5.884338
ANBI	-5.884338
IPDO	-6.060430
PDOS	-6.361460
IDIU	-6.361460
SEAQ	-6.361460
MBIL	-5.884338
WESP	-5.759400
LEGN	-5.884338
FATW	-6.361460
MSIW	-6.361460
NYIW	-6.361460
PSPL	-5.884338
CKYV	-6.361460
KYVO	-6.361460
DAMQ	-6.361460
MSIG	-5.884338
UDUP	-6.361460
YBIL	-5.583308
GYOL	-6.361460
HTYD	-5.759400
DSES	-6.060430
UODQ	-6.361460
SBIB	-6.060430
FEOL	-6.060430
GSBI	-6.060430
DADN	-5.884338
NMUM	-5.884338
OKLA	-6.361460
KLAY	-6.361460
LWEG	-6.361460
HOUK	-5.458370
UPTB	-6.060430
LLOL	-6.060430
DADY	-6.361460
YUPM	-6.060430
OYEH	-5.759400
DTHL	-6.060430
PWID	-6.060430
OOAB	-6.361460
OUBI	-5.759400
DTHY	-5.458370
OLUG	-6.361460
LUGA	-6.361460
UGAB	-6.361460
AVYE	-5.884338
VYEN	-6.060430
GIGR	-6.361460
EBEB	-6.060430
KYON	-5.662490
LEGF	-5.583308
EGFI	-5.884338
GYEI	-6.361460
LFLU	-5.884338
LTSB	-5.884338
NYEC	-5.884338
DADB	-5.759400
USOB	-5.662490
UESL	-6.361460
GCEL	-6.060430
DADF	-6.060430
LEOW	-6.060430
VEEG	-6.060430
OBIL	-6.361460
FPEL	-6.361460
LEGB	-5.583308
SOMV	-6.361460
TPEL	-5.662490
RPEL	-5.884338
EGAF	-5.583308
BTHO	-5.407217
LLSG	-6.361460
LSGO	-5.759400
KBIL	-5.884338
HOUU	-5.884338
YEMY	-5.583308
MYJA	-5.884338
NKYE	-5.320067
KYEB	-5.759400
THYN	-5.884338
HYNA	-6.060430
NYEG	-5.884338
AELF	-6.361460
IBRI	-6.060430
EGFE	-6.361460
GFET	-6.361460
DADG	-6.361460
LFOH	-6.060430
FOHN	-6.361460
NYTU	-6.361460
TYOJ	-6.060430
PWIL	-5.759400
KIAC	-6.361460
PSCL	-6.060430
ONTL	-5.407217
SNTW	-6.361460
HEEH	-5.759400
ESAQ	-6.361460
BSOS	-6.060430
HABD	-5.082706
ABDO	-5.759400
BDOE	-6.361460
SNTS	-6.361460
AKMU	-5.759400
ARKY	-5.458370
RKYE	-5.458370
YEBE	-5.759400
BSAB	-6.361460
RFOE	-5.884338
BBOY	-6.361460
TLIC	-6.361460
UODN	-5.884338
ABDI	-5.361460
BDID	-5.185368
OTNA	-6.361460
YWID	-5.884338
LDSQ	-6.361460
QUAW	-6.060430
UAWT	-6.060430
WTIS	-5.884338
GATG	-6.361460
GAYH	-5.320067
OLSL	-6.060430
IEIK	-6.361460
WCAP	-5.759400
ABWE	-5.662490
BWEL	-5.884338
GOIK	-6.060430
YEIK	-6.361460
YJOL	-5.759400
EEIK	-6.361460
FMOO	-6.060430
ODYG	-6.361460
DYGO	-6.361460
NYUT	-6.361460
HABN	-5.106187
BNON	-6.060430
HABH	-4.884338
ABHA	-5.060430
BHAS	-5.583308
HABF	-5.157340
ABFI	-5.884338
BFIL	-6.361460
WEID	-6.361460
RKAH	-5.759400
BSLI	-5.884338
NASQ	-6.060430
EGSR	-6.361460
RDSN	-5.458370
ATOA	-6.060430
ISMQ	-6.361460
SMQU	-6.361460
BOWD	-5.516362
YWEG	-6.361460
AZYC	-6.060430
URDN	-6.361460
OJOA	-6.060430
JOAN	-6.060430
DANB	-6.060430
DPAG	-6.060430
YCRA	-5.759400
DRIT	-6.361460
IDEQ	-6.361460
SAYQ	-5.884338
TSII	-6.361460
SIIS	-6.361460
HABU	-5.583308
POPL	-5.759400
CFIT	-6.361460
OOTB	-6.060430
RGOE	-6.060430
AKEQ	-5.759400
UEGQ	-5.884338
EGQU	-5.884338
LEXY	-5.884338
EXYI	-6.361460
XYIT	-6.361460
ORNL	-5.516362
RSIQ	-6.361460
DLAL	-6.361460
HGON	-6.361460
AFEK	-6.361460
FEKE	-6.361460
GLAL	-6.361460
AAMM	-6.361460
EXYA	-6.361460
XYAN	-6.060430
KBOY	-5.884338
BOYM	-5.662490
OPRY	-6.060430
PRYO	-6.361460
AXET	-6.361460
XETH	-6.361460
AXEH	-6.361460
XEHE	-6.361460
AXEF	-6.361460
XEFO	-6.361460
KERU	-6.060430
IPRY	-6.361460
ADYQ	-6.060430
DYQU	-6.060430
TPRY	-6.361460
ALMB	-5.884338
LMBU	-5.884338
RTNA	-6.060430
GGSD	-6.361460
TOSN	-5.759400
GNWI	-5.884338
NCEK	-6.361460
ATLL	-6.361460
TLLF	-6.361460
HDAS	-6.361460
OBSL	-6.060430
OMSQ	-6.361460
MSQU	-5.662490
OJOO	-6.361460
JOON	-6.361460
IFEQ	-6.361460
MIAL	-6.361460
KEPU	-6.361460
PEGN	-6.361460
HTII	-6.361460
TIIF	-6.361460
IIFT	-6.361460
PSOO	-5.759400
RIGC	-6.361460
IGCO	-6.361460
IMEQ	-5.662490
EGMU	-6.060430
WVEX	-6.361460
LFGE	-6.060430
BTBE	-6.361460
VYBE	-5.884338
KINJ	-6.361460
OZEI	-6.361460
ZEIH	-6.361460
SYPO	-6.361460
ARYU	-5.759400
WIDR	-6.361460
PHEG	-6.361460
OKLI	-5.884338
TKIL	-5.407217
AMSQ	-6.361460
ULOP	-6.361460
LOPP	-6.361460
FHYG	-6.361460
HYGI	-6.361460
YGIE	-6.361460
IENE	-6.060430
DMEV	-6.361460
GMAK	-5.759400
TDYS	-6.361460
CREL	-6.361460
OLYN	-5.583308
ORDQ	-5.884338
RDQU	-5.662490
RDIG	-5.759400
RYDY	-6.361460
YDYS	-6.361460
PEPS	-5.662490
ASNU	-5.884338
THDY	-6.361460
HDYS	-6.361460
SIAE	-6.361460
TBAT	-5.662490
LCOO	-6.060430
ECUE	-6.361460
CUEA	-6.060430
LAUW	-6.361460
HBRE	-5.583308
DFRU	-5.884338
DSJU	-6.060430
VANG	-5.458370
PIET	-5.884338
EGTA	-5.884338
LIBU	-6.361460
KASW	-6.361460
HIPQ	-6.060430
IPQU	-5.884338
SGRU	-6.361460
DUSF	-6.060430
SWIG	-5.759400
WAMS	-5.759400
LETN	-5.662490
AFTU	-6.361460
WJUM	-5.884338
RFIM	-6.361460
FIME	-6.361460
WAMH	-6.361460
LCHU	-5.884338
OEDS	-5.884338
DEUT	-5.759400
KATQ	-6.361460
GIRA	-6.060430
NBAP	-6.060430
LSBL	-6.361460
MYSM	-6.060430
YORH	-5.884338
CONH	-6.361460
RTSK	-6.361460
TSKY	-6.060430
HMEE	-5.884338
HOUY	-6.060430
HDOS	-6.361460
RDPU	-5.884338
CCHU	-6.361460
LOFU	-5.583308
EERC	-5.361460
RCRO	-5.583308
ETSN	-5.583308
HYFA	-5.884338
LQUO	-6.060430
HOGT	-5.759400
MTEL	-6.060430
KEGO	-5.361460
OATD	-5.662490
EFTK	-6.361460
FTKN	-6.361460
IMSM	-6.361460
PTAR	-6.361460
PAIM	-6.361460
RONR	-5.759400
RIMC	-5.884338
IMCL	-6.361460
LEEE	-6.060430
EEEY	-6.361460
YDAD	-6.361460
OAGH	-6.361460
EHOG	-5.884338
EANQ	-6.361460
NQUO	-5.583308
KYEQ	-6.361460
HOGW	-6.361460
EATJ	-5.884338
JOYQ	-6.361460
OYQU	-6.361460
NENR	-5.884338
SQUO	-6.060430
HOGB	-6.361460
OGBL	-6.060430
OEDU	-6.060430
GHCA	-6.361460
PPEL	-5.516362
HOGH	-6.361460
OGHI	-6.361460
HISX	-6.361460
ISXM	-6.361460
SXMA	-6.361460
XMAR	-6.361460
ADSK	-6.060430
DSKI	-5.407217
BCOA	-6.361460
YEAB	-6.060430
DOLB	-6.361460
OLBE	-6.361460
YOHG	-6.361460
OHGO	-5.583308
SEAY	-5.759400
ICPH	-6.361460
CPHR	-6.361460
LEGP	-5.884338
EGPI	-6.361460
GPIO	-6.361460
ODVO	-6.361460
FEMN	-6.361460
GUYS	-6.361460
ODAV	-6.060430
DAVY	-6.060430
AVYJ	-6.060430
VYJO	-6.060430
GPEL	-6.361460
SIMY	-6.060430
HOUP	-5.458370
EGTE	-6.361460
UODH	-5.247516
NONJ	-6.060430
NJAP	-6.361460
MEVO	-6.060430
RUSF	-6.060430
RIGJ	-6.361460
IGJU	-6.361460
GJUR	-6.361460
FBIL	-6.060430
ILMA	-5.662490
ISTN	-5.662490
UODA	-5.185368
OPAU	-6.060430
EUSL	-6.060430
NFAD	-6.361460
KACO	-5.884338
LPOX	-6.361460
POXH	-6.361460
OXHA	-6.361460
NSFL	-5.884338
DRIB	-5.583308
PPEQ	-6.361460
UODI	-5.884338
DBAY	-6.060430
BAYO	-5.583308
IWEH	-6.361460
LSAB	-5.759400
HAVN	-5.662490
AVNT	-5.662490
VNTG	-6.060430
OEMA	-5.884338
UJAB	-6.361460
DHEQ	-6.361460
OPCR	-6.361460
PCRI	-5.662490
VNTS	-6.060430
BWHA	-5.516362
YEAM	-6.060430
FUSO	-6.361460
VNTH	-6.361460
GLAU	-5.759400
KYEW	-6.060430
LYIV	-6.361460
OWLG	-6.361460
WLGR	-6.361460
RNLO	-5.759400
LYSK	-6.060430
YSKR	-6.361460
NTAH	-5.583308
TEHN	-6.361460
PHEC	-5.662490
HECY	-5.583308
ECYD	-6.361460
EEHN	-6.361460
KYED	-5.759400
HAPY	-6.361460
APYE	-6.361460
RDTE	-5.759400
ITAY	-5.759400
TEHS	-6.361460
EHSU	-6.361460
GARL	-6.361460
YEMM	-6.361460
SYEI	-6.361460
YEIM	-6.361460
YELO	-5.516362
IIFY	-6.361460
OBAM	-6.361460
OOZL	-6.361460
OZLE	-6.361460
ZLEU	-6.361460
FYEM	-6.361460
GOHW	-6.361460
YEGE	-6.060430
EMIV	-6.060430
MAHM	-6.361460
AHMY	-6.060430
OOLU	-6.060430
OLUS	-5.759400
AZYM	-6.361460
ELIJ	-5.185368
LIJA	-5.185368
IJAH	-5.185368
JAHE	-6.361460
JAHT	-6.060430
MBUG	-5.884338
BUGT	-6.361460
UGTR	-6.361460
GTRY	-6.060430
ABUG	-6.361460
BUGB	-6.060430
JAHF	-6.361460
DOGG	-5.662490
OGGI	-5.759400
GUSB	-6.361460
MBIG	-5.884338
BIGU	-5.884338
IGUO	-5.884338
GUOU	-5.884338
FHIN	-5.884338
GSHR	-6.060430
FVAG	-6.361460
RNFI	-5.583308
OWYT	-6.361460
WYTH	-6.361460
JAHW	-6.361460
JAHP	-6.361460
AHPA	-6.361460
BUGC	-6.361460
VASA	-5.759400
WAMK	-6.361460
RPLO	-6.060430
NNSW	-6.361460
SELM	-6.361460
GSOQ	-6.361460
IPDI	-5.884338
LYEQ	-5.583308
UIPP	-6.361460
KNIV	-5.361460
GSNA	-5.884338
NAPK	-5.884338
APKI	-5.884338
HNEC	-6.060430
ANFA	-5.759400
ELSY	-6.361460
LSYE	-5.884338
DDUP	-6.361460
VIES	-5.516362
EEFB	-5.884338
EFBR	-6.361460
RFUE	-6.361460
ODDS	-5.458370
DDSA	-6.060430
GSBO	-6.060430
HALV	-6.060430
EAAT	-5.662490
AATO	-6.361460
JARO	-5.884338
FPIC	-6.361460
HOFQ	-6.361460
SLOG	-5.884338
ESRH	-6.361460
SRHE	-6.361460
HEUM	-5.662490
EUMA	-5.884338
CBAC	-6.361460
KNEV	-5.759400
TYAU	-6.361460
LONB	-5.583308
PINW	-5.884338
LFOW	-6.060430
RKOP	-6.361460
KOPP	-6.361460
WAMD	-6.361460
AMDU	-6.361460
GNEC	-6.060430
GAVO	-6.060430
NYWR	-6.060430
RUPH	-5.884338
OKAV	-6.361460
KAVE	-6.060430
GAHE	-5.759400
ITOQ	-6.060430
EGIT	-5.884338
EIGU	-6.361460
YPEE	-5.662490
JAHG	-6.361460
AHGO	-5.884338
HGOI	-6.361460
KEEH	-5.759400
FGOW	-6.361460
AYAI	-5.884338
YAIN	-6.060430
WMRE	-6.361460
JAHS	-5.759400
LOAC	-6.361460
JAHH	-6.361460
HHAI	-6.060430
EGCO	-6.060430
GOST	-5.458370
ACTQ	-6.361460
YDIM	-5.583308
JAHM	-6.060430
AHMO	-6.060430
OYEO	-6.361460
EWEQ	-6.361460
YEFI	-5.662490
OYEM	-5.662490
FFOH	-6.361460
FOHI	-6.361460
NSTB	-5.759400
DLUM	-5.884338
HCOI	-6.361460
UTTL	-4.817392
STSL	-5.583308
TSLU	-5.759400
SAWQ	-6.361460
GDUB	-6.361460
ARFQ	-6.361460
RFQU	-6.361460
NOPT	-6.361460
RJOC	-6.361460
JOCU	-6.361460
ADOS	-6.361460
IOHP	-6.361460
DOOD	-6.060430
ACEV	-6.361460
OFFQ	-6.060430
VYIT	-6.361460
UEGR	-6.060430
PEPA	-6.361460
PLEG	-6.060430
BUYU	-6.361460
UYUP	-6.361460
YUPE	-6.361460
UPEI	-6.361460
PEIG	-6.361460
NLAZ	-6.361460
LAZY	-5.884338
AZYF	-6.361460
ZYFE	-6.361460
DALC	-6.060430
ASYK	-6.361460
SYKI	-6.361460
TSTW	-5.884338
WOUS	-6.361460
SFOE	-5.516362
GVAP	-5.759400
VAPO	-4.914302
PORN	-5.884338
FMUF	-6.060430
LOAH	-6.060430
BWHE	-5.516362
REWC	-5.662490
GVAR	-6.361460
BREM	-5.884338
OONU	-6.361460
PSRI	-6.060430
NHAU	-5.583308
CAPF	-6.361460
UBBT	-4.856310
ADYJ	-6.060430
DYJU	-6.361460
EEHW	-6.361460
EHWE	-6.060430
AFTH	-5.407217
TEMN	-6.361460
ECKJ	-6.361460
CKJU	-6.060430
BEJO	-6.361460
AASW	-6.060430
BNOS	-6.361460
FBAC	-5.759400
CKDR	-5.759400
KDRI	-6.060430
MARQ	-6.361460
UEEW	-6.361460
TANB	-6.361460
RJUM	-6.060430
HPEL	-6.361460
LOTF	-6.361460
LOTE	-6.361460
FTBI	-6.060430
LSSI	-5.759400
OFPS	-6.361460
FPSA	-6.361460
OROA	-5.884338
UODP	-6.060430
ATTS	-6.361460
PCAP	-6.060430
NPIO	-6.060430
RPPO	-5.884338
PPOK	-6.361460
EGFR	-5.884338
TKIC	-5.583308
KTHY	-6.361460
HYBA	-6.060430
GQUO	-6.361460
LEGV	-6.361460
EGVE	-6.361460
DADK	-6.361460
ADKE	-6.060430
FWEG	-6.060430
RNDA	-5.884338
YOCE	-5.884338
RKSG	-6.060430
TEIV	-5.884338
EIVO	-5.215332
YTUS	-5.884338
USKS	-5.458370
TVAS	-5.759400
WSLA	-5.884338
PDIV	-6.361460
JEWS	-6.361460
AANS	-6.361460
ILEJ	-6.060430
EJOR	-6.361460
JORD	-6.361460
DANR	-6.361460
GIDW	-6.361460
ICSP	-5.282278
CSPI	-5.759400
YAPL	-5.884338
SOET	-6.361460
WEGA	-5.759400
WOPI	-6.060430
WPEL	-6.361460
SJUN	-5.884338
PBOU	-6.361460
JAWL	-5.884338
AWLO	-5.759400
WLOA	-6.060430
GPAC	-6.060430
EGBY	-6.361460
ECKN	-5.759400
HOYS	-6.361460
KLUC	-6.361460
BBLU	-6.361460
BLUC	-6.361460
MRFL	-5.458370
SKGO	-6.361460
RYEI	-6.060430
WAYG	-5.759400
OLYK	-6.361460
HABM	-5.157340
BMAY	-6.060430
YEAP	-6.361460
PICV	-6.361460
ICVO	-6.361460
CVOY	-6.361460
EGOB	-5.662490
YYEH	-6.361460
DARP	-6.060430
SOHT	-5.884338
KERD	-6.060430
AKYI	-6.361460
KYIT	-6.361460
KBEW	-5.884338
RNIC	-6.361460
KITL	-6.361460
TLLS	-6.361460
TYCE	-6.361460
YCEN	-6.060430
YEIF	-5.759400
EGHU	-6.361460
MPNI	-6.361460
PNIG	-6.361460
LFLE	-5.759400
OHUL	-6.361460
EWLA	-5.759400
ELMB	-5.884338
TBUL	-5.759400
CAWE	-6.060430
OUNR	-6.361460
ERMT	-5.516362
PMEM	-6.060430
NOEP	-6.361460
OEPI	-6.060430
PHST	-6.361460
RMBL	-5.884338
ATSK	-5.583308
RDYS	-6.060430
GRAZ	-5.458370
WDSA	-6.361460
RILH	-5.884338
TFOE	-6.060430
FOEK	-6.361460
OEKN	-6.361460
WYEN	-6.060430
WBUL	-6.361460
RMLI	-5.662490
WLTO	-6.361460
YSOV	-5.884338
RTTA	-6.361460
IGOD	-5.662490
FTHY	-5.157340
HYOC	-6.361460
HYAP	-6.361460
EOSI	-6.361460
UNPO	-5.759400
TLAR	-5.583308
SSWF	-6.361460
SWFS	-6.361460
WFSP	-6.361460
OCED	-5.583308
RVOC	-5.759400
NYAV	-6.361460
LESV	-5.759400
ILFA	-6.361460
OEDD	-6.361460
PAYU	-6.361460
YEAA	-5.759400
ITTS	-5.884338
UISX	-6.361460
ISXV	-6.361460
SXVI	-6.361460
XVIO	-6.361460
VIOF	-6.361460
NKIR	-6.060430
KIRK	-6.361460
IRKA	-6.361460
SUPW	-5.759400
ANOW	-5.884338
UTNU	-6.060430
FUPW	-6.361460
ELSM	-5.884338
FDOL	-6.361460
ARIM	-5.884338
GPUI	-6.361460
PUIS	-6.361460
UISS	-6.060430
NIFR	-6.361460
FEPO	-6.361460
XTYY	-6.060430
TEGY	-6.060430
WOMB	-6.361460
KORV	-6.361460
COUV	-6.060430
WPEA	-6.361460
EMFI	-6.361460
AYCE	-5.884338
OKSY	-6.060430
JAVE	-5.759400
OICN	-6.361460
CNAN	-6.361460
OGAH	-6.361460
GAHT	-6.361460
RLDU	-5.884338
HCRO	-6.361460
IFSP	-6.361460
RUCH	-6.361460
IAFR	-6.361460
EYOK	-5.759400
YOKE	-5.458370
MOCR	-5.583308
CAON	-6.361460
YADU	-6.060430
PSLO	-6.060430
UEMO	-5.759400
TAUS	-6.060430
POLY	-5.662490
DJAP	-5.884338
SNOÆ	-6.361460
NOÆS	-6.361460
OÆST	-6.361460
ÆSTH	-6.060430
RLEV	-5.662490
SSAP	-6.060430
RWEG	-6.361460
GEUL	-6.361460
BENJ	-6.060430
JAMI	-6.060430
FOLG	-6.060430
OLGE	-6.060430
LBYO	-6.060430
ATUT	-6.361460
PHSG	-6.361460
HSGI	-6.361460
CYMB	-6.060430
YMBA	-6.060430
OUCI	-6.361460
UCIT	-6.361460
HECZ	-5.884338
ZARA	-6.060430
FTYW	-6.361460
EIFB	-6.361460
GHHU	-5.884338
USMS	-6.361460
SMSS	-6.361460
MYYA	-6.361460
YYAL	-6.361460
EGEA	-6.361460
VARD	-6.060430
ALTC	-5.884338
ALTP	-6.361460
LYOI	-6.361460
YOIL	-5.884338
TMAC	-6.060430
WEES	-5.884338
IROI	-6.060430
AQUO	-6.060430
QUOG	-6.060430
UOGG	-6.361460
GYSP	-6.361460
ULEH	-5.884338
BEOL	-6.361460
VEOI	-6.361460
OILN	-5.516362
AROI	-6.361460
OROI	-6.361460
CODL	-6.361460
ELOY	-6.361460
LOYA	-6.361460
FFCH	-6.060430
NICY	-6.361460
HOTL	-5.662490
CEBA	-6.361460
DBIS	-5.884338
AKSE	-6.060430
KSEE	-5.157340
HTSK	-6.361460
IVIF	-6.060430
VIFI	-6.361460
IORV	-6.060430
TAID	-6.060430
EPNA	-6.361460
PNAT	-6.361460
WELD	-5.185368
CMEM	-6.361460
LRUG	-6.361460
PLYU	-6.361460
GAFI	-5.759400
FLYV	-6.060430
CBEC	-6.361460
LNAY	-6.060430
LOFV	-6.361460
SKNA	-6.361460
KNAV	-6.361460
RCOS	-6.361460
EEMG	-6.361460
FATS	-5.759400
FLEH	-6.060430
RUPB	-6.361460
GSAG	-5.759400
TDIG	-5.662490
BESB	-6.060430
GDIG	-5.516362
TWIE	-6.361460
CDIG	-6.361460
SRAD	-5.759400
CUMF	-5.516362
UMFE	-5.516362
MFER	-5.516362
EGAD	-6.060430
IGHQ	-6.361460
GICG	-6.060430
ICGR	-5.583308
CGRA	-5.662490
CSBE	-6.361460
HOUJ	-6.361460
TYOV	-5.583308
LMYK	-6.361460
ICGO	-6.060430
CGOD	-6.361460
ICTB	-6.361460
TBUN	-5.759400
BUNY	-6.361460
UNYA	-6.361460
YANT	-5.320067
ICPE	-5.884338
CPEA	-6.361460
ARLT	-6.361460
YHAM	-5.516362
CERV	-6.361460
TPIC	-5.407217
REWJ	-6.361460
EWJA	-6.361460
WJAC	-6.060430
URLH	-6.361460
RLHI	-6.361460
MPIO	-5.583308
UBBW	-4.946486
BBWA	-5.320067
CODM	-6.060430
PPYG	-6.361460
PYGO	-6.361460
YGOL	-6.060430
GOLU	-6.060430
CKYN	-6.060430
KYNE	-6.361460
NORV	-6.060430
UNPI	-5.884338
GTIN	-5.884338
RIGA	-5.215332
IGAD	-5.884338
DIGT	-6.361460
IGTU	-6.361460
BBCO	-5.662490
BCON	-6.060430
BTLI	-6.361460
LORH	-5.361460
TIRT	-6.060430
BBSU	-6.060430
BSUC	-6.361460
GUNF	-5.884338
PEDL	-5.516362
RTBL	-6.361460
BUNK	-6.060430
IPEH	-5.759400
ASYR	-6.060430
SYRE	-5.759400
UBBD	-5.215332
BBDR	-6.361460
BDRE	-6.060430
LYAI	-6.361460
XHAL	-5.583308
BBST	-5.759400
DDYY	-6.361460
YPUG	-6.361460
CBUL	-6.361460
ULKA	-5.282278
CWAY	-6.060430
CUMV	-6.060430
UMVE	-6.060430
TNAI	-5.884338
UTNA	-5.884338
LSSO	-5.407217
SKWA	-5.662490
OCLI	-5.884338
HTIG	-6.060430
UODB	-5.583308
RTSQ	-6.361460
DETI	-5.884338
KSTU	-5.516362
OBYU	-6.361460
ABWO	-5.583308
BWOU	-5.583308
RIOO	-6.060430
IOOF	-6.361460
OOFL	-6.361460
FJAV	-5.884338
CKNI	-6.060430
YTWI	-5.759400
ISSQ	-6.361460
HTEG	-4.605585
NMIX	-6.060430
OMGA	-5.884338
MGAY	-6.361460
YGOB	-6.060430
RICN	-6.361460
CNAM	-6.060430
EUNV	-5.884338
UDWA	-6.361460
IORH	-5.884338
DMOO	-5.583308
MOOS	-6.060430
WNYB	-6.060430
NAKY	-6.060430
AKYL	-6.361460
MBSY	-6.361460
BSYO	-6.361460
SDAG	-5.759400
AGGO	-4.781676
GOOA	-5.516362
OOAG	-5.884338
KNEG	-6.361460
ALIO	-5.662490
ASUE	-6.060430
MRIN	-6.361460
HALY	-5.759400
HDAG	-5.884338
YBAY	-6.361460
OFOW	-6.361460
RICV	-6.060430
LAGC	-6.361460
EGTR	-6.361460
GTRU	-5.583308
LNEG	-6.361460
ROAH	-6.361460
RUSD	-6.361460
GOOW	-5.458370
IDUE	-6.361460
TNAV	-6.060430
ILRO	-6.060430
LROA	-5.884338
LNUM	-6.060430
HEAZ	-5.662490
EAZO	-5.884338
ZORE	-5.662490
TOAU	-5.884338
OAUG	-5.884338
RDYP	-6.361460
FHUL	-6.060430
NEKE	-6.060430
CLOO	-6.361460
OOTZ	-6.361460
OTZD	-6.361460
TZDE	-6.361460
ZDEP	-6.361460
LDAH	-5.106187
BARF	-6.361460
PIPH	-5.458370
HNOH	-5.759400
BAMA	-5.516362
MPEQ	-6.361460
ODSF	-5.662490
TAMB	-5.247516
ABFO	-5.458370
BFOR	-5.282278
HHIT	-6.060430
NYEY	-6.060430
WSAC	-5.884338
OWII	-6.361460
WIIN	-6.361460
YGAZ	-5.407217
KIFA	-6.361460
TVAG	-6.060430
HSDI	-6.361460
GYIC	-6.361460
EMNW	-6.361460
MOTL	-6.361460
RCEU	-6.361460
NVOC	-5.759400
EMAM	-6.060430
BORF	-6.361460
BSWI	-5.759400
BRON	-6.060430
RONZ	-6.060430
ONZE	-6.060430
NZEA	-6.361460
RODL	-6.361460
KLIV	-6.361460
WIGP	-6.361460
IGPE	-6.361460
GPEE	-6.361460
ROOV	-5.583308
MORW	-5.662490
REYM	-5.583308
ANXM	-5.282278
NXMA	-5.282278
XMAN	-5.282278
ABNE	-5.662490
BNEV	-5.884338
ABSH	-5.215332
ABAF	-5.583308
VIDB	-6.361460
RIMN	-6.060430
RICW	-5.662490
EGUP	-6.060430
OFFJ	-6.060430
FFJA	-6.060430
EMIZ	-5.407217
MIZZ	-5.759400
IZZE	-5.759400
ZZEN	-5.759400
AUGE	-6.060430
UGER	-5.884338
UDCA	-6.361460
YIFN	-6.361460
IXIO	-6.060430
WOEE	-6.361460
OEER	-5.884338
WEIT	-6.060430
SPIV	-5.583308
PIVO	-5.516362
IVOT	-5.516362
VOTH	-5.407217
SKYG	-6.361460
KYGR	-6.361460
YERU	-6.361460
LSAP	-5.884338
PHOM	-6.361460
PICW	-6.060430
CWOO	-6.361460
HGLA	-5.759400
BBSO	-5.583308
BSOM	-5.759400
WWEN	-6.060430
EAAL	-5.759400
RFUM	-5.759400
LGOB	-5.583308
UPFL	-6.060430
YDAM	-5.759400
VETS	-5.884338
HSED	-6.361460
EYWR	-6.361460
SWAK	-5.361460
BONL	-6.060430
ELSL	-5.759400
BHEW	-5.884338
WSCU	-6.060430
EDUG	-6.361460
DUGB	-6.361460
HSOA	-5.884338
GITN	-5.884338
SSDR	-6.060430
RSLU	-6.361460
VYLU	-6.361460
MTAF	-6.361460
TIFC	-6.361460
IFCA	-5.759400
NAYB	-6.060430
ELAH	-5.759400
LAHS	-5.662490
OWAH	-5.583308
WAHA	-5.516362
BSAI	-5.320067
BTHA	-5.320067
DSTW	-6.060430
TWAD	-6.361460
WADM	-6.060430
HYNI	-6.361460
NDOG	-6.361460
DKEN	-6.060430
BBET	-6.361460
BBEM	-6.361460
BEMB	-6.361460
BADV	-5.662490
BINV	-6.060430
UTGI	-5.516362
BBAS	-6.060430
NMYK	-6.361460
EERV	-6.060430
OOAY	-6.361460
BBEV	-6.060430
LRUM	-6.060430
RLID	-6.361460
ABAK	-6.361460
TSAK	-6.361460
FTIC	-6.361460
CDOL	-6.361460
YROW	-5.884338
ORDK	-6.361460
RDKE	-6.361460
MCAT	-6.361460
ESFU	-5.516362
LOFR	-5.884338
RIDD	-5.458370
OYTE	-6.361460
NOOZ	-6.060430
OOZE	-6.060430
OZED	-5.884338
AMNM	-5.759400
ABIE	-5.759400
FEMB	-6.361460
FTHS	-6.361460
DOGB	-6.361460
FJAC	-6.361460
RDIM	-6.361460
UEYJ	-6.361460
YJUG	-6.361460
JUGG	-5.516362
UBBH	-5.157340
BBHA	-5.662490
BINN	-5.157340
EFAB	-5.662490
NARW	-5.247516
IPOD	-6.361460
PODO	-6.060430
FBON	-5.458370
ICKV	-6.361460
CKVA	-6.361460
KVAP	-6.361460
FFSW	-6.361460
OLIL	-5.516362
ILOQ	-5.407217
QUIZ	-5.516362
ETUB	-5.106187
HNER	-6.060430
WHIF	-5.884338
FSAS	-6.361460
ALJE	-6.060430
JETS	-5.247516
UPMI	-6.361460
PMIL	-6.361460
TEVA	-5.583308
EVAP	-5.407217
RNIR	-6.361460
EBUB	-5.583308
BUBB	-5.019037
IPEM	-6.060430
NKSC	-6.361460
MABN	-6.361460
BNEX	-6.361460
BBAC	-6.060430
SKSU	-6.060430
EAMK	-6.361460
AMKI	-6.361460
IKIC	-6.361460
BSEE	-5.516362
DAPY	-6.361460
APYR	-6.060430
OOLK	-6.060430
OLKE	-6.060430
LKEP	-6.361460
EPTK	-6.361460
PTKI	-6.361460
BWHY	-6.060430
SKFI	-6.361460
KFIF	-6.361460
EDPY	-6.361460
DPYR	-6.060430
SIIT	-6.060430
IITW	-5.884338
ULCU	-6.361460
LCUD	-6.361460
BONI	-6.361460
ASEK	-6.361460
KBES	-6.361460
IFAB	-6.361460
MERK	-6.361460
RKIC	-6.361460
SHBR	-5.662490
MFLA	-5.662490
FBAD	-6.060430
SLEW	-5.516362
UBOU	-5.759400
LIDM	-5.759400
PHIZ	-6.361460
HIZB	-6.361460
IZBU	-6.361460
ZBUT	-6.361460
MPBA	-5.516362
AKIC	-6.361460
CKFU	-6.361460
SIGU	-6.361460
OUOL	-6.060430
UOLD	-6.060430
PTMU	-6.361460
GUMS	-6.060430
UMSL	-6.060430
AGSE	-6.361460
SNTG	-5.884338
BBWI	-5.759400
BWIS	-6.060430
OWOL	-5.583308
KYEH	-5.361460
ULTC	-6.361460
HABK	-5.759400
ABKI	-6.361460
BKIC	-6.361460
DYED	-5.759400
BBWH	-5.361460
CHPI	-5.884338
HPIN	-6.361460
GHEK	-6.361460
TNOY	-6.361460
LIVO	-6.361460
BINO	-5.583308
KITG	-6.361460
TYEW	-5.884338
YBEK	-6.361460
SKIC	-6.060430
UNTK	-6.361460
BBDO	-5.662490
BDON	-6.361460
ATPY	-6.361460
TPYR	-6.060430
WIMO	-5.759400
OCKN	-5.759400
SKID	-6.361460
FMEF	-6.060430
SKDY	-6.361460
KDYE	-6.060430
LOAW	-6.060430
WFLA	-5.759400
SKAI	-6.361460
KAIN	-6.361460
DYEM	-5.759400
TMUM	-6.060430
MUMH	-6.361460
DYHU	-5.884338
YHUL	-6.361460
LROL	-5.583308
ATIZ	-5.884338
ZEDE	-6.060430
SYTA	-6.361460
ITUE	-6.361460
AOSN	-6.361460
OSNO	-6.060430
HOFZ	-6.361460
OFZO	-6.060430
FZOO	-6.060430
ZOOL	-6.060430
DCET	-6.361460
GYSA	-6.361460
EILC	-6.361460
CEAA	-6.060430
EAAF	-6.060430
AAFI	-6.361460
EWNW	-6.361460
TCUV	-6.361460
SOFZ	-6.361460
HCET	-6.361460
GYOR	-6.361460
TOTL	-6.060430
ROVA	-5.884338
VAND	-6.060430
NEGE	-6.060430
INNÆ	-5.662490
NNÆU	-5.662490
NÆUS	-5.662490
ÆUSR	-6.361460
USRO	-5.516362
SRON	-6.361460
ROND	-6.361460
ETIU	-6.361460
HBYG	-6.060430
ALDB	-6.361460
LACÉ	-5.884338
ACÉP	-5.884338
CÉPÈ	-5.884338
ÉPÈD	-5.884338
PÈDE	-5.884338
ÈDEB	-6.361460
CKCU	-5.662490
KCUV	-5.759400
IERJ	-6.361460
WENS	-6.361460
ETTJ	-6.361460
TTJR	-6.361460
TJRO	-6.361460
WNET	-6.361460
NOLM	-6.361460
OLMS	-6.361460
REVT	-6.361460
EVTC	-6.361460
VTCH	-6.361460
VECI	-6.060430
SBYO	-6.060430
SBYK	-6.060430
KINV	-6.361460
BULO	-5.662490
ORUT	-6.361460
LREI	-6.361460
WSCI	-6.361460
FICR	-6.060430
TPOE	-6.361460
SFYY	-6.361460
FYYO	-6.361460
WREI	-6.060430
WOBO	-5.516362
TTSB	-6.361460
CDES	-6.060430
CLIV	-6.361460
UNWR	-6.060430
FPOP	-5.759400
ETEB	-6.060430
TIZA	-6.060430
FCET	-5.583308
GYIA	-6.361460
KNOO	-6.361460
NSRI	-5.884338
SRIB	-5.407217
PELV	-6.361460
VISO	-6.060430
OHOO	-6.060430
NJOB	-6.361460
JOBM	-6.361460
OBMI	-6.361460
BMIG	-6.060430
ACOV	-6.361460
MISV	-6.361460
WAMT	-5.583308
HLIB	-6.361460
GHOC	-6.361460
ÆUSD	-6.361460
ÆUSS	-6.361460
ÆUSW	-6.361460
RMBI	-6.361460
BILO	-6.361460
IRLU	-6.361460
TEMF	-5.759400
MFEM	-6.361460
NAMM	-6.361460
YEXL	-6.361460
EXLE	-6.361460
XLEG	-6.361460
TURÆ	-6.361460
URÆJ	-6.361460
RÆJU	-6.361460
ÆJUR	-6.361460
QUEI	-6.060430
YCOF	-5.662490
EYUN	-6.060430
AIVI	-6.361460
ODOL	-6.060430
OLYJ	-6.361460
XTPO	-6.361460
ÆUSH	-6.361460
MBLO	-6.060430
BELH	-6.361460
GFIS	-5.247516
LTAI	-5.759400
IBIO	-6.361460
LORU	-6.060430
DOBY	-6.060430
OBYN	-6.060430
NICB	-6.060430
ICBR	-5.884338
CBRO	-6.361460
IENH	-6.361460
DDUG	-6.361460
SPIG	-6.060430
PIGF	-6.060430
IGFI	-6.060430
SOWF	-6.361460
ISYC	-6.361460
GYFI	-6.361460
IDIV	-6.060430
KSSU	-6.060430
IOWH	-5.884338
EIIT	-5.884338
VOWH	-6.361460
EDUO	-5.884338
DUOD	-5.361460
UODE	-5.361460
CIMO	-5.361460
IMOW	-6.361460
LIOI	-6.060430
IOIP	-6.361460
OIPR	-6.361460
AVOT	-6.361460
PUSO	-6.361460
IOSA	-6.361460
OSAM	-6.361460
LEIV	-5.759400
LEVT	-6.361460
EVTH	-6.361460
ERAZ	-6.060430
ZORB	-6.060430
LPHU	-5.662490
KIFO	-5.516362
LIOC	-5.583308
IOCH	-5.516362
EANV	-5.583308
TCAC	-6.361460
TTSF	-6.361460
SFIC	-6.060430
FICH	-5.662490
OCEP	-6.361460
CEPH	-5.884338
HALU	-6.361460
TMAJ	-5.884338
DOPH	-6.060430
ILOL	-6.361460
LOLO	-6.060430
URDS	-5.884338
ISOI	-5.320067
TSYL	-6.361460
OFRH	-6.361460
FRHU	-6.361460
RHUB	-6.361460
HUBA	-6.361460
UBAR	-6.361460
RBWH	-6.361460
RUEN	-5.662490
UENA	-5.884338
RIIR	-6.361460
IIRI	-6.361460
HEOI	-5.361460
LEOI	-5.583308
GTIT	-6.361460
SMUL	-6.361460
YBAP	-6.060430
PTIS	-5.884338
WOCE	-5.759400
CSEA	-5.583308
ZILB	-6.060430
ILBA	-6.060430
BEEL	-5.759400
OELU	-6.060430
IIIF	-6.361460
KTAL	-6.361460
ANTJ	-5.884338
JETI	-5.884338
TLIP	-6.361460
GEWR	-6.060430
NIFN	-6.361460
EBEV	-6.361460
AISM	-6.361460
HSPH	-6.361460
ISGN	-6.361460
SGNO	-6.361460
WAVY	-6.361460
VYHO	-6.361460
AHAZ	-6.060430
HAZD	-6.361460
AZDI	-6.361460
ZDIA	-6.361460
SHYA	-6.361460
TSUL	-5.884338
FTYJ	-6.060430
TYJE	-6.060430
YJET	-5.247516
JETR	-6.361460
CSPE	-5.662490
EFYA	-6.060430
FYAL	-6.060430
ECAI	-6.060430
SRAC	-5.458370
YLEU	-6.361460
LVAR	-6.060430
JAWE	-6.361460
LATU	-5.884338
ARCL	-6.060430
PORF	-5.884338
RSYS	-6.361460
ODIZ	-6.361460
DIZA	-6.361460
CKEV	-5.884338
IZER	-6.060430
ZERA	-6.060430
YENU	-6.361460
BLIO	-6.361460
LIOG	-6.361460
LSYS	-5.884338
TEMH	-6.060430
IVHU	-6.361460
VHUM	-6.361460
BORH	-5.759400
YFOA	-5.662490
ERVR	-6.361460
RVRA	-6.361460
VRAZ	-6.361460
VISU	-5.662490
SSGO	-6.060430
IGIE	-5.884338
USUL	-6.361460
FYEN	-6.060430
LIOA	-6.361460
IOAN	-6.060430
OKII	-5.320067
KIIO	-5.516362
IIOC	-5.516362
IOCT	-5.516362
AVOO	-6.060430
VOOC	-6.361460
OOCT	-6.060430
AVOE	-6.361460
VOES	-6.361460
GMAG	-5.884338
USII	-6.361460
KFIS	-5.583308
SHII	-6.361460
HIII	-6.361460
ERVT	-6.060430
RVTH	-6.060430
GHSM	-6.361460
OKBI	-5.884338
TOVO	-6.361460
OVOL	-5.884338
LIOV	-6.361460
IOVO	-6.361460
AVOV	-6.361460
VOVO	-6.361460
VOCH	-5.516362
RBTO	-6.361460
BTOL	-6.361460
ENIZ	-6.060430
EPYE	-5.884338
TPOP	-5.759400
TEOC	-6.361460
IZEV	-6.361460
ZEVA	-6.361460
GDIM	-6.060430
LISC	-5.884338
RIIB	-6.361460
IIBL	-6.361460
IBLA	-6.361460
HIGI	-6.361460
SVOR	-6.060430
MEPH	-6.060430
LHOO	-6.361460
OILF	-5.662490
CEMP	-6.361460
FRUG	-6.361460
GALH	-6.060430
FODO	-6.361460
WAXT	-6.060430
AXTH	-6.361460
TYGA	-5.759400
IIIN	-6.361460
IINA	-6.361460
RILW	-6.361460
IARH	-5.884338
DTUS	-5.884338
USKG	-6.361460
SKGR	-6.361460
LOGO	-5.884338
GOUS	-6.060430
MSYL	-5.884338
RARA	-6.361460
CERF	-6.060430
ORNU	-6.060430
MPHL	-6.361460
PHLE	-6.361460
SMTO	-6.361460
CLOI	-6.060430
LOIS	-6.361460
LTSF	-6.060430
OBIS	-6.060430
IDGA	-6.060430
HPAL	-6.060430
NIRI	-6.361460
ORNP	-6.060430
RNPE	-6.361460
ELEO	-6.060430
CUMP	-6.361460
RIVK	-6.361460
IVKI	-6.361460
VKIL	-6.361460
BIGN	-5.884338
OILH	-5.759400
NCTN	-6.361460
BONA	-6.361460
VTHR	-6.361460
SISK	-6.060430
AVOA	-6.361460
VOAN	-6.361460
KIII	-5.759400
IIID	-5.759400
IIDU	-5.759400
IMOD	-6.361460
ODUO	-6.361460
IMOE	-6.060430
MOES	-6.060430
EHUZ	-5.884338
HUZZ	-5.458370
UZZA	-5.458370
ZZAP	-5.662490
ZAPO	-5.662490
SEII	-6.060430
ALYM	-5.884338
SDUO	-6.361460
IMOC	-5.884338
MOCH	-5.884338
RHUZ	-6.361460
FPOR	-5.583308
WDTH	-6.060430
EEZY	-6.361460
EZYB	-6.361460
ZYBI	-6.361460
KYOM	-6.361460
YOME	-6.361460
FEDP	-6.060430
MPHU	-6.361460
PHUZ	-6.361460
LONO	-5.884338
FLUI	-5.458370
LUID	-5.458370
GLYV	-6.060430
NGJE	-5.662490
GJEW	-6.060430
IIAL	-6.060430
LBUC	-6.060430
IIIM	-6.361460
IIME	-6.361460
IOIN	-6.060430
SROT	-5.884338
ROTU	-6.060430
ZELH	-6.361460
ELHU	-6.361460
LHUE	-6.060430
HUEB	-6.060430
PSHU	-6.361460
LBAG	-6.060430
NFUG	-6.361460
WBYR	-6.060430
LIOO	-6.361460
IOOC	-6.361460
VOOR	-6.361460
ORDU	-5.884338
MOMA	-6.361460
EPUD	-5.759400
AGGW	-6.361460
GGWH	-6.361460
RGWH	-5.884338
UOGW	-6.361460
ETCF	-6.361460
TCFR	-6.361460
DICD	-6.361460
ICDU	-6.361460
CDUT	-6.361460
TIOM	-6.361460
IOMI	-6.361460
YCET	-6.060430
FTWI	-5.215332
CTSG	-6.060430
KISB	-5.884338
TNAY	-5.759400
OHTI	-6.060430
CPEC	-6.361460
SVOC	-5.884338
FATC	-6.361460
ITEQ	-5.884338
RREI	-6.361460
UBAL	-5.884338
LMAX	-6.361460
MFAM	-6.361460
ALEQ	-6.361460
HORL	-5.884338
WDEP	-5.884338
DWAG	-6.060430
ONLU	-5.759400
DOMM	-6.361460
SKIP	-5.759400
KIPP	-5.884338
EURN	-6.361460
YNAV	-6.060430
AVYN	-6.361460
VYNA	-6.361460
FPIL	-6.361460
DDEG	-6.060430
SMBE	-6.361460
EPSG	-6.361460
PSGO	-6.060430
UEPR	-6.361460
TUEL	-6.060430
HOLA	-5.583308
ZART	-6.361460
GICD	-6.361460
ICDR	-6.060430
CDRA	-6.060430
BMYC	-6.361460
SNAN	-6.060430
OHAH	-5.662490
FOFB	-6.361460
LEEQ	-6.361460
HMED	-6.361460
TDAI	-6.361460
DYAH	-5.759400
MIZE	-5.583308
SSUL	-6.361460
MIRH	-6.361460
UCKR	-5.884338
EWTU	-5.759400
MIRL	-6.361460
RMRF	-6.361460
KFOL	-6.060430
MIRN	-6.361460
EELR	-6.361460
TIPP	-5.884338
RPBU	-6.060430
SSSQ	-6.361460
CAPU	-6.060430
APUP	-6.060430
TOPF	-5.884338
OPFO	-5.884338
KREV	-6.361460
WHEP	-5.884338
WFAC	-6.361460
ABSP	-5.583308
BSPR	-5.759400
GSBR	-5.662490
SHAZ	-5.662490
HAZZ	-5.662490
AZZA	-5.458370
ZZAR	-5.583308
ZARK	-6.361460
FBAB	-5.884338
ABYL	-6.060430
ZARN	-6.361460
FMUN	-6.361460
ZARS	-5.884338
ZARW	-6.060430
BECÆ	-6.361460
ECÆS	-6.060430
ALCZ	-6.060430
LCZA	-6.060430
IFEJ	-6.361460
FEJU	-6.361460
HABP	-5.458370
ABPR	-6.361460
BPRE	-6.361460
WARL	-6.361460
LCUB	-6.060430
CUBS	-5.662490
BSIN	-5.583308
OLUR	-6.060430
NTEY	-5.884338
CKSP	-5.759400
KSPL	-6.361460
LMSA	-6.060430
IFPE	-5.759400
EKNI	-5.516362
FEGR	-6.361460
RORP	-5.884338
EEFH	-6.361460
EFHI	-6.361460
MTAN	-6.361460
CENY	-6.361460
AYAH	-5.759400
ASKP	-5.662490
SKPR	-6.361460
KETL	-6.060430
EMIU	-6.060430
UPCO	-5.884338
SKSD	-6.361460
DLYJ	-6.060430
JAMM	-5.516362
UBBB	-5.458370
BBBO	-6.361460
PEGH	-6.361460
SKHA	-5.662490
WSSY	-6.361460
SKMU	-6.361460
TIRH	-6.361460
OLYU	-6.361460
BBTO	-5.282278
DEFL	-6.060430
CERB	-5.759400
NSTF	-6.060430
NAMP	-5.884338
PLEV	-6.361460
PATF	-6.361460
DDUM	-5.662490
DUMF	-6.361460
ULAH	-5.884338
LAHA	-5.215332
DUAR	-6.361460
BINI	-5.759400
CDEM	-6.361460
WNJA	-6.361460
NJAW	-5.759400
ALTJ	-6.361460
LTJU	-6.361460
NKSE	-6.060430
GLYQ	-6.060430
IDOX	-6.361460
DOXA	-6.361460
OPSK	-6.361460
PSKI	-6.361460
KIPA	-6.361460
MBYD	-6.361460
KHAR	-6.361460
BYSN	-6.361460
MUPB	-6.060430
EGOK	-6.361460
GOKN	-6.361460
OKNI	-6.060430
KRUP	-5.759400
AHOS	-6.060430
ALNU	-6.060430
KTER	-6.060430
LLIP	-5.759400
LIPQ	-6.361460
RSFU	-6.060430
RCLU	-5.583308
GOOP	-6.361460
EMDA	-6.060430
MDAG	-6.361460
MBSM	-6.361460
BSMA	-6.060430
WCAB	-5.884338
EMIO	-6.060430
MIOU	-6.361460
RBAP	-6.361460
BAPE	-6.361460
EFED	-5.215332
FEDS	-6.060430
LSSN	-6.361460
CSMA	-6.361460
THLU	-6.361460
GOSI	-5.884338
IZEP	-6.060430
ZEPO	-6.361460
ABUC	-6.361460
SFAB	-6.060430
NESJ	-6.361460
ESJI	-6.361460
SJIN	-6.361460
JING	-5.662490
HSCI	-6.361460
SCIM	-6.060430
BBAR	-5.884338
BARD	-5.884338
TSED	-6.060430
PSOC	-6.361460
ISLY	-6.361460
NPAW	-6.060430
PAWS	-6.060430
ABSS	-5.759400
BSSO	-5.516362
LSHU	-6.361460
UERO	-6.361460
ROTA	-5.884338
HHOM	-6.361460
PTYV	-6.060430
YVIA	-6.060430
RSKY	-6.060430
ILPO	-5.516362
XPAT	-5.884338
BELM	-6.361460
SIAO	-6.060430
ICAE	-6.361460
CAEI	-6.361460
AEIT	-6.361460
BELB	-6.361460
EEGY	-5.759400
NBAS	-6.060430
RCHÆ	-6.060430
CHÆO	-6.060430
HÆOL	-6.060430
ÆOLO	-6.060430
STPY	-6.361460
GUPL	-5.884338
PEXA	-6.361460
ALEJ	-6.060430
THOI	-6.060430
YFOG	-6.060430
STSR	-5.884338
NZEM	-6.361460
FTYF	-5.516362
PELO	-6.361460
UISB	-6.361460
VILG	-6.060430
UMNM	-6.361460
MNMA	-6.361460
LNEL	-6.361460
FGUN	-6.361460
EONN	-6.361460
AZEH	-6.361460
ZEHO	-5.884338
KHAZ	-6.361460
HYOB	-6.361460
FNAI	-5.662490
SFOW	-5.884338
WLSG	-6.361460
SGOU	-6.361460
BAYW	-5.884338
TOMH	-6.060430
TETU	-5.884338
PATS	-5.884338
OSUN	-6.060430
CSTI	-6.361460
EAEV	-6.060430
OSSU	-6.361460
LDRH	-6.060430
RHOD	-6.361460
WSYT	-6.361460
SYTR	-6.361460
UORF	-6.361460
NOGA	-6.361460
UDEV	-6.361460
OSYI	-6.361460
CKAH	-5.662490
OXAP	-6.361460
XAPU	-6.361460
UGCO	-6.361460
HETG	-5.759400
OSYA	-6.060430
LISG	-5.662490
SGLU	-6.060430
GLUE	-5.516362
TSFL	-5.407217
SHYT	-6.361460
HYTA	-6.361460
YTAB	-5.884338
OWYA	-5.884338
WYAL	-6.361460
LPSI	-6.060430
KINE	-5.407217
NVIA	-6.361460
VIAB	-6.361460
RPUL	-5.583308
WSNE	-5.361460
RGSI	-6.060430
DICC	-6.060430
GFIX	-6.361460
PETP	-6.361460
CKOW	-6.361460
KOWI	-6.361460
OOTD	-6.361460
CACC	-6.060430
IBAB	-6.361460
TALV	-5.884338
LVIC	-5.884338
HSAM	-6.361460
NSAZ	-6.361460
SAZI	-6.361460
AZIM	-6.361460
ZIMU	-6.361460
IMUT	-6.361460
MUTH	-6.361460
ROXI	-6.361460
OXIM	-6.361460
XIMA	-6.361460
OWSV	-6.361460
WSVE	-6.361460
CMED	-6.361460
YTUC	-6.361460
HMIT	-6.361460
CSAL	-6.361460
OSNU	-6.361460
FFDU	-6.060430
ALAZ	-6.361460
AZYL	-6.060430
YULT	-6.060430
TIKE	-6.361460
RRYG	-6.361460
FTCO	-5.884338
YEOP	-6.361460
RVIG	-5.884338
EPHÆ	-6.361460
PHÆD	-6.361460
HÆDO	-6.361460
ÆDON	-6.361460
NBEK	-6.361460
LUNN	-6.361460
NYRO	-6.060430
CMEL	-6.361460
CARK	-6.361460
LDEH	-6.361460
NMOO	-5.662490
DYPH	-6.361460
RKBL	-6.060430
UEOC	-6.361460
NGPH	-5.662490
GPHI	-6.060430
ASKU	-6.060430
SKUP	-6.361460
ISUA	-5.759400
FARH	-5.516362
ZONB	-5.884338
TLUL	-6.361460
IUML	-6.361460
UMLI	-6.361460
FVAC	-6.361460
GCAD	-6.361460
FWAV	-6.361460
VADI	-5.583308
LBYC	-6.060430
HYSP	-5.759400
TEBB	-6.060430
BSAW	-5.884338
KECR	-5.662490
IPBY	-5.516362
NVOR	-6.361460
UHOV	-6.361460
IEKY	-6.361460
LYEP	-5.884338
BASW	-6.361460
LKAT	-6.361460
DYIV	-6.361460
FROH	-6.361460
LKDI	-6.361460
UFIX	-6.060430
XEDL	-5.583308
OOUP	-6.361460
LSOY	-6.361460
UNSL	-5.884338
FTAD	-6.361460
RMTU	-6.361460
NTDY	-6.361460
IMFL	-6.060430
MPEC	-6.361460
ALTB	-6.060430
UDHE	-6.060430
AFTR	-6.060430
BMAS	-6.361460
UPAH	-6.361460
BAFT	-5.662490
AVYT	-5.662490
VYTU	-6.361460
LFSL	-6.361460
FSLO	-6.060430
BBCA	-5.884338
BCAU	-5.884338
ABMU	-5.516362
BMUS	-5.583308
GVEH	-6.361460
FCLU	-6.060430
BEDV	-6.361460
OYEN	-6.060430
TTUN	-5.759400
TYEP	-5.662490
YEPU	-5.516362
AZEC	-6.361460
ZECU	-6.361460
HUPA	-5.759400
ASIX	-5.884338
PMAU	-5.583308
MAUL	-5.516362
AULW	-6.060430
YMUF	-6.361460
AULF	-6.361460
HRAI	-5.884338
OSOE	-5.662490
UKEL	-6.361460
OYSH	-5.516362
SHUZ	-6.361460
ZZAH	-6.361460
ZAHU	-6.361460
AHUZ	-6.361460
ZZAC	-6.361460
ZACR	-6.361460
AULA	-5.759400
KINY	-6.060430
ABUB	-6.060430
JAWT	-5.583308
LMOB	-6.361460
BDOY	-5.884338
OYEK	-6.361460
HTYQ	-6.361460
TYQU	-6.060430
KCAP	-5.884338
EEOH	-6.361460
EOHG	-5.884338
NYIR	-6.060430
MHID	-6.361460
WISK	-5.884338
TEEB	-6.361460
SKLI	-6.361460
ABAY	-6.060430
BAYE	-5.884338
AYEQ	-6.361460
OLAF	-6.361460
LITJ	-5.884338
ITJI	-6.060430
TJIB	-6.060430
JIBI	-6.361460
NMOB	-5.458370
ABIH	-6.361460
BIHA	-6.361460
FMOB	-5.320067
TMOB	-5.516362
CKAY	-5.759400
KAYE	-5.662490
AYEM	-5.407217
EMOB	-5.407217
BLIK	-5.884338
TRAZ	-6.361460
AZEE	-6.361460
ZEED	-6.361460
RPEG	-6.361460
PEGG	-6.361460
GLUB	-6.361460
YMAE	-6.361460
EIGI	-6.361460
UTSB	-6.060430
KBLO	-5.759400
YYEM	-6.060430
YEME	-5.320067
OKBR	-6.361460
KBRA	-6.060430
VEAY	-6.060430
SYEH	-6.060430
FSOB	-6.060430
SYEM	-5.759400
ROGB	-6.361460
OGBU	-6.361460
MGAM	-6.361460
ABIF	-6.361460
BIFI	-6.060430
HYVE	-6.060430
HEEE	-6.060430
KETM	-5.884338
IFMO	-5.884338
THGU	-6.361460
HGUI	-6.060430
UMBB	-5.759400
MBBR	-5.884338
BBRU	-5.884338
NCTM	-6.060430
MSBL	-6.361460
KYEY	-6.361460
UTSF	-6.361460
KIFM	-6.361460
SKHO	-6.060430
SKSM	-6.361460
KSME	-5.884338
LWRE	-6.361460
NIDS	-6.361460
USYP	-6.361460
OSOV	-6.060430
DSGL	-6.361460
OLTI	-5.884338
DTAW	-6.361460
AWNL	-6.060430
NLEO	-5.884338
BBHE	-5.361460
BHEL	-5.884338
PAMI	-6.361460
LHUR	-6.060430
ANGB	-6.361460
EAHC	-6.361460
AKAY	-6.361460
UCKN	-5.662490
PMEK	-6.361460
PUSA	-5.516362
DTAC	-5.884338
GVIB	-5.884338
CKSD	-5.662490
BTER	-5.361460
HDIE	-6.361460
YEAD	-6.060430
TAYY	-6.361460
YYEN	-5.884338
YEPR	-5.884338
TASV	-6.361460
GPEW	-6.361460
TANW	-5.884338
RIEW	-6.361460
WOLV	-6.060430
WDRI	-5.516362
DYEH	-5.583308
URIR	-6.060430
RIRO	-5.662490
MEOM	-6.361460
EOME	-5.759400
BOYC	-5.884338
KBAD	-6.060430
UAGU	-6.361460
EAXI	-5.884338
XISS	-6.361460
LRAD	-6.060430
UBBF	-5.516362
BBFR	-6.361460
ORVO	-5.884338
VOLI	-5.662490
NJAR	-6.361460
UAIL	-6.361460
ASKL	-6.361460
SKLO	-6.361460
WYEM	-6.060430
RBSU	-6.361460
SUPB	-5.884338
TABM	-6.361460
ABME	-6.361460
BMEN	-5.884338
ATKE	-5.759400
WYEC	-6.361460
YECU	-6.060430
MYEW	-6.361460
WWAI	-6.361460
LIFW	-6.361460
GBAR	-5.759400
ELGO	-6.060430
QUAF	-6.060430
UAFF	-6.060430
FEDD	-6.361460
UCKP	-6.060430
DPEW	-6.361460
CCRE	-6.060430
WSAH	-5.884338
BIDW	-6.060430
DWAK	-5.662490
LMMY	-6.361460
GGOB	-6.361460
SRIM	-6.060430
RIMT	-6.361460
USHL	-6.361460
WPLU	-6.060430
WDIV	-6.361460
VYTH	-6.060430
IWEA	-6.060430
FLOM	-6.361460
LOMB	-6.060430
RDYY	-6.361460
ARFL	-5.884338
TDAZ	-6.361460
EJAG	-6.060430
LSKU	-6.060430
DRYH	-6.361460
WOHT	-6.361460
OBLY	-6.060430
JOYG	-6.060430
OYGI	-6.361460
YGIF	-6.361460
BTLY	-6.361460
TMAL	-5.583308
ISEG	-5.759400
OWTW	-6.060430
WTWA	-6.361460
COGG	-6.361460
IRVA	-5.583308
CHOH	-6.060430
HOHH	-6.060430
TIMD	-6.361460
IACI	-5.884338
CIAM	-6.361460
LMTO	-6.060430
YEIL	-5.884338
YEGR	-6.060430
YECR	-5.458370
SYEP	-6.361460
PUGI	-6.361460
UGIL	-6.361460
SYED	-6.060430
EAFB	-6.361460
AFBU	-6.361460
IGOE	-6.361460
TPOM	-6.361460
POMM	-6.361460
MMEL	-6.361460
MELM	-6.361460
ENOY	-6.361460
EVEK	-6.361460
GGUN	-6.060430
HYEC	-6.361460
ABSC	-5.583308
BSCO	-6.060430
OYEC	-6.361460
FYEC	-5.884338
HIRO	-5.662490
DGOR	-5.759400
YIRU	-6.361460
SKBY	-6.361460
TOWS	-5.759400
ENOK	-6.060430
OHIP	-6.361460
BEYR	-6.361460
YREB	-6.060430
RIDW	-6.361460
WOEW	-6.060430
OEWO	-6.361460
VELM	-6.361460
LMEU	-6.361460
ADII	-6.361460
IITY	-6.361460
LGOL	-6.060430
SSYG	-6.060430
SYGL	-6.060430
CKSR	-5.884338
KSRU	-6.361460
GWEI	-6.060430
FTAG	-6.060430
LRYF	-6.361460
LORG	-5.759400
LRYI	-6.361460
AFTM	-6.060430
ITPI	-5.884338
BANT	-5.583308
BOWB	-5.662490
RAGD	-6.361460
AGDA	-6.361460
DCAB	-5.759400
SHGU	-6.060430
HGUR	-6.361460
DOHL	-6.361460
FTFE	-6.060430
IMPH	-6.361460
OMFU	-6.060430
MFUT	-6.361460
YMEH	-6.060430
MEOY	-6.060430
EOYE	-6.361460
OYEB	-5.884338
YEBL	-5.759400
EHAH	-5.759400
ATSQ	-5.884338
DMOG	-5.583308
MOGU	-5.583308
OGUL	-5.583308
GULH	-6.361460
WIGG	-6.060430
DITK	-6.361460
EGIF	-6.361460
FTMI	-6.361460
SSKU	-5.458370
YTIT	-6.361460
HLEE	-6.060430
LEER	-5.759400
NNYF	-6.361460
LIRR	-6.060430
KIRR	-6.060430
RRAW	-6.361460
YJUI	-6.060430
ICYL	-6.361460
WCRY	-6.060430
YGAY	-6.361460
RRAO	-6.361460
RAOH	-5.884338
AOHW	-6.361460
KTON	-6.361460
GASB	-6.060430
SBUB	-6.361460
OOIF	-6.361460
FIMN	-6.361460
SJOB	-6.060430
JOBC	-6.361460
OBCO	-6.361460
BCOM	-5.583308
OROH	-6.060430
ROHB	-6.361460
OHBO	-6.060430
CFOL	-6.361460
KASP	-5.884338
SPYG	-6.361460
PYGL	-6.361460
RTUB	-6.060430
TUBS	-5.185368
TESV	-6.060430
ESVO	-5.884338
CKEI	-6.361460
RDND	-6.361460
DNDN	-6.361460
UPIP	-5.884338
PIPT	-5.407217
BOLE	-6.361460
WTUM	-6.361460
EUPD	-6.060430
UPDU	-6.361460
PDUT	-6.361460
MATY	-6.060430
ATYF	-6.361460
UROL	-5.361460
PAYE	-5.662490
UTTS	-5.583308
TTSA	-5.662490
RPUM	-6.060430
PUMP	-4.999732
LEMT	-5.516362
GAMS	-6.361460
EAJI	-6.361460
AJIG	-6.361460
JIGO	-6.361460
TBAY	-6.060430
PIPL	-6.060430
AHWI	-6.060430
RTAM	-6.060430
PSUL	-6.361460
LKYA	-6.361460
EPYD	-6.361460
WAGT	-6.060430
AGTH	-5.583308
ARSJ	-6.361460
RSJI	-6.361460
SJIG	-6.060430
JIGI	-6.060430
IGIT	-5.458370
RDHU	-6.060430
RAHD	-6.361460
AHDA	-6.361460
EGSL	-6.060430
GSIC	-6.060430
URFL	-6.361460
ATYI	-6.361460
OOSP	-5.884338
SIMS	-6.361460
OLWO	-5.884338
OWDY	-5.884338
WDYE	-6.060430
ICIL	-5.662490
HYEY	-5.662490
URNG	-6.361460
RNGR	-6.361460
LKIE	-6.361460
HOEC	-5.884338
OECO	-6.060430
EGSG	-6.060430
SICN	-6.060430
CNOW	-6.060430
ITAZ	-6.361460
TAZO	-6.361460
PIPA	-5.662490
TTSU	-6.361460
SUPY	-6.361460
WBOY	-5.884338
IEAM	-6.361460
HSAP	-6.361460
TYAZ	-6.361460
YAZO	-6.361460
PIPB	-5.884338
IPBA	-6.361460
PBAN	-6.361460
BOYR	-6.361460
GITQ	-6.361460
QUIG	-6.361460
UIGI	-6.361460
HEJI	-5.884338
EJIN	-5.884338
PIPJ	-5.884338
IPJI	-6.361460
PJIN	-6.361460
FFIP	-6.361460
FIPO	-6.361460
HYTE	-5.884338
ODAO	-5.884338
DAOF	-5.884338
PTHY	-5.583308
HYHO	-6.060430
PPIP	-5.583308
LIJU	-6.361460
JIBS	-6.060430
IBST	-6.060430
EGOQ	-5.884338
GOQU	-5.884338
UNHU	-6.361460
ANXS	-5.759400
NXSA	-5.759400
XSAI	-5.662490
NNAV	-6.361460
NSKU	-6.060430
ADSY	-6.361460
ALMG	-6.361460
LMGI	-6.361460
IFFT	-6.361460
FFTA	-6.361460
EYCE	-6.361460
YCEA	-6.361460
SKYD	-5.884338
KYDA	-6.060430
BRAH	-5.583308
RAHM	-5.884338
AHMA	-6.060430
HMAB	-6.361460
EEVA	-5.516362
TOJI	-6.361460
OJIG	-6.361460
EYLL	-5.884338
YLLS	-6.060430
NIDG	-6.361460
SOSW	-5.759400
IFTG	-6.060430
RARB	-6.361460
MSHI	-6.060430
HRIP	-6.060430
MBSL	-6.361460
SCOY	-6.361460
COYI	-6.361460
ZEUN	-6.361460
EYEE	-6.361460
YEEL	-6.361460
YEHP	-6.361460
EHPA	-6.361460
NNUD	-6.361460
NUDG	-6.361460
GTAH	-6.361460
THAI	-5.583308
YNAK	-6.361460
AHEE	-5.884338
VAAH	-6.361460
AAHL	-6.361460
AHLO	-6.060430
WVEI	-6.361460
GHPA	-6.361460
DTAH	-5.884338
ITII	-6.060430
IIST	-6.060430
OFTS	-5.361460
MATG	-6.361460
EAHM	-6.361460
AMSF	-6.060430
PIRO	-6.060430
RTUG	-5.759400
TUGU	-5.884338
RREE	-6.361460
YLLG	-6.361460
CKCR	-5.516362
KCRA	-6.361460
CKOL	-6.361460
KOLD	-6.361460
PSOL	-6.361460
TTEG	-6.361460
DGUN	-5.759400
STHN	-6.361460
RDOL	-5.884338
ABTE	-6.361460
BTEL	-6.060430
IPRI	-6.060430
AYEO	-6.060430
YEOL	-5.884338
KEPI	-5.884338
LSSP	-6.060430
KYLU	-6.361460
CKDA	-5.884338
KDAG	-6.060430
EIMQ	-6.361460
MQUA	-6.361460
YAHT	-6.361460
NIAB	-6.060430
GOOG	-6.361460
MLYN	-6.361460
TJAG	-6.060430
JAGO	-6.060430
ULSF	-6.361460
GTHN	-6.060430
NNIK	-6.060430
MKNI	-6.361460
BIGF	-6.361460
IGFR	-6.361460
WTAS	-6.060430
OFTG	-6.060430
BELF	-5.884338
HYEE	-6.361460
YEEN	-6.361460
RDSK	-6.060430
DSKN	-6.361460
ZONI	-5.583308
GCAI	-6.361460
KABE	-6.361460
RKRI	-6.361460
EEFT	-5.884338
LJUM	-6.361460
UMPM	-6.060430
MPMY	-6.361460
PMYJ	-6.361460
ASSJ	-6.361460
SJOL	-5.884338
HJOL	-5.884338
EJIB	-6.060430
AYBL	-6.361460
YALY	-6.361460
HODG	-6.361460
DGOC	-6.361460
GOCL	-6.361460
UTSN	-6.060430
OEMT	-5.884338
RDJI	-6.361460
DJIM	-6.060430
JIMM	-6.361460
IRRS	-6.060430
RRSH	-6.060430
IRRH	-6.361460
RRHE	-6.361460
IRRB	-6.361460
SMEJ	-6.361460
MEJI	-6.361460
YTAM	-6.060430
NDAO	-6.060430
MOHT	-6.060430
UBIG	-6.361460
OBOW	-6.060430
KIIS	-6.361460
AELW	-6.361460
MYOA	-6.060430
YOAT	-6.060430
ABSQ	-6.060430
BSQU	-5.759400
SSFE	-5.759400
SFEU	-6.361460
FEUD	-6.361460
EUDS	-6.361460
UDSE	-6.361460
MKNE	-6.060430
HSEP	-6.060430
TEVO	-6.060430
GMOB	-5.516362
ELSR	-6.361460
TYCU	-6.060430
NTIG	-5.884338
NPOP	-5.884338
LTSN	-6.361460
GAMP	-6.361460
USRU	-5.759400
SRUM	-6.361460
FUNG	-6.060430
GIBU	-6.361460
FEFA	-6.361460
RRAF	-6.361460
RMAW	-6.060430
LLOD	-5.884338
LODD	-6.060430
OJAW	-6.361460
JAWG	-6.361460
GITU	-5.215332
NCYP	-5.884338
UTBL	-5.884338
WNRU	-6.361460
NRUM	-6.060430
EDFŒ	-6.361460
DFŒT	-6.361460
FŒTA	-6.361460
ŒTAL	-6.361460
DMOB	-5.884338
CDID	-6.361460
GBAT	-5.662490
NISR	-5.662490
OKNA	-6.361460
KNAT	-6.361460
YFER	-6.060430
HTDA	-5.759400
IERD	-6.060430
UCEL	-6.361460
WARF	-6.060430
GHOT	-5.759400
ERNU	-5.662490
RNUM	-5.583308
CDET	-6.361460
RDYN	-6.361460
IFOF	-6.361460
SUBI	-6.361460
UBIQ	-5.884338
BIQU	-5.884338
CMOD	-6.361460
PTHH	-6.361460
OBYS	-6.361460
CINW	-6.361460
RBSO	-5.884338
LTSC	-5.884338
LLOM	-6.361460
LOMO	-5.407217
TUGA	-6.361460
GALN	-6.361460
ALAK	-5.662490
RSYR	-6.361460
SYRA	-6.361460
OLYL	-6.361460
LYUB	-6.361460
YUBI	-6.361460
UTUB	-6.361460
TUBI	-6.361460
DJET	-5.583308
JETW	-5.407217
GHPY	-6.361460
HPYR	-6.361460
DHUE	-6.361460
HUET	-6.361460
ILKY	-5.361460
LKYW	-5.458370
HUEN	-6.361460
LTSM	-6.361460
ULWR	-6.060430
DALH	-6.361460
NARK	-6.361460
KANS	-6.361460
FOEB	-6.361460
OEBL	-6.361460
AWBE	-5.884338
MMOB	-5.759400
AMOW	-6.361460
KNOH	-6.361460
LDVI	-6.060430
CMOR	-6.361460
FYWI	-6.361460
WAMB	-6.060430
FTLI	-5.884338
ATUE	-5.759400
TUED	-6.361460
ILAH	-5.884338
DCAK	-6.361460
LRAG	-6.060430
NIAI	-6.361460
MOSI	-6.361460
GBOD	-5.662490
KSAH	-6.361460
DGAS	-5.884338
ULBL	-6.060430
RFUS	-6.361460
ALSD	-5.759400
LSDU	-6.060430
EGYE	-6.060430
SEGY	-6.361460
MFAS	-5.884338
AITJ	-6.361460
TJAC	-6.060430
UMSE	-6.361460
KDEN	-6.060430
IRMC	-6.060430
BINH	-5.662490
FRAV	-6.361460
ACUN	-6.060430
ABSF	-5.662490
BSFU	-6.060430
LLLU	-6.060430
DHUD	-6.361460
WSNA	-6.060430
WFLO	-6.361460
JOTO	-6.060430
BSBR	-5.884338
NONU	-5.884338
BTOT	-5.662490
WPOS	-6.361460
UNHI	-5.320067
OPOP	-6.361460
TELD	-6.361460
LUNY	-6.361460
UNYW	-6.361460
CTOW	-6.361460
EURH	-5.884338
SOES	-6.361460
SMOC	-6.361460
IVEK	-6.060430
TIDH	-6.361460
BLAT	-6.361460
ULSQ	-6.361460
SADK	-6.361460
DROY	-5.759400
TPOW	-5.759400
THIV	-6.361460
HIVO	-6.361460
TOAK	-5.884338
OOAL	-5.662490
UODO	-5.759400
KSYM	-6.361460
ESGN	-6.361460
SGNA	-6.361460
GFAN	-6.361460
RIFF	-5.516362
IMAH	-5.759400
HTEO	-5.662490
ESAJ	-6.060430
JOBS	-5.759400
OBSW	-6.361460
BSWH	-5.583308
RELR	-6.361460
YENF	-6.361460
UNAI	-6.361460
NAID	-6.361460
GICT	-5.884338
FOEA	-6.060430
MUNS	-6.060430
AELC	-6.060430
GMUF	-6.361460
RMDR	-6.361460
RAGW	-6.060430
LARU	-6.060430
MWAY	-6.361460
FIMU	-6.361460
JAPO	-6.361460
SHUE	-5.759400
HUEE	-6.361460
RICG	-6.361460
FPEG	-6.361460
PEGU	-6.361460
GNIL	-6.361460
ERNK	-6.060430
FSIA	-6.060430
DRUP	-5.759400
RUPE	-5.759400
LAGB	-6.361460
AGBE	-6.361460
RECÆ	-6.361460
GROM	-6.060430
LFGI	-6.361460
IPOV	-6.361460
KYTR	-6.361460
EDAJ	-6.361460
DAJO	-5.884338
HUEI	-5.884338
FWAM	-6.361460
MPUM	-6.361460
PUMW	-6.361460
UMWA	-5.884338
YPIF	-6.361460
PIFI	-6.060430
BOLO	-5.458370
KMYT	-6.060430
TJOV	-6.060430
IROQ	-6.060430
ROQU	-6.060430
QUOI	-5.516362
UOIS	-6.060430
OGWA	-5.884338
TFES	-6.060430
VOYT	-6.361460
LTID	-5.759400
OLYP	-5.759400
OMPS	-6.361460
FSTJ	-6.361460
HNWH	-6.060430
HUEW	-6.060430
NICT	-5.759400
CTOT	-6.060430
IVEQ	-6.361460
VORC	-6.060430
CTTE	-5.759400
LAKY	-6.361460
AKYW	-6.361460
KYWH	-5.759400
ATGH	-6.060430
TGHA	-6.361460
NABH	-6.361460
UMBG	-6.361460
MBGL	-6.361460
BGLO	-6.361460
GLOA	-6.060430
YSED	-6.060430
FCEL	-6.361460
WOSU	-6.060430
NGGH	-6.361460
GGHO	-6.361460
TVIV	-6.060430
HMAS	-5.884338
UIEM	-6.060430
IEME	-6.060430
IEMD	-6.361460
UNFL	-5.759400
YARK	-6.361460
KWON	-6.060430
GSGH	-6.361460
GEEY	-6.060430
SIBO	-6.361460
WARP	-5.106187
OSSS	-5.759400
YNOP	-6.060430
DRHY	-6.361460
RHYM	-5.759400
ERHY	-6.060430
CFOW	-6.361460
WLBU	-6.361460
EFOW	-5.759400
WLFL	-6.060430
WTOJ	-6.361460
RUBI	-6.060430
UBIM	-6.361460
BIMM	-6.361460
TEDX	-6.361460
EDXE	-6.361460
DXER	-6.361460
XERX	-6.060430
ERXE	-6.060430
RXES	-6.060430
XESO	-5.759400
YFEN	-6.060430
CKYM	-6.060430
KYMO	-5.884338
RDTR	-5.759400
VEFU	-6.361460
FFBR	-6.361460
VANO	-6.361460
SCOH	-6.361460
COHO	-6.361460
OHIO	-5.884338
HIOO	-6.060430
IOOR	-5.884338
MBIE	-6.361460
BIEN	-6.361460
ILKI	-5.884338
GEGL	-6.060430
PELS	-6.060430
SLOA	-5.884338
WNKI	-6.361460
TEOT	-6.361460
WYAS	-6.361460
EDGH	-6.361460
DGHO	-6.060430
NMAL	-6.060430
CEOM	-6.361460
NAUX	-6.060430
AUXI	-6.060430
UXIL	-6.060430
XILI	-6.060430
WYSY	-6.361460
FGHE	-6.361460
RBAI	-5.884338
BAIL	-6.060430
ZERI	-6.361460
OWEF	-6.060430
WYMA	-6.361460
URPH	-6.060430
LLGH	-6.361460
LGHO	-5.884338
FOGY	-6.361460
IZEU	-6.361460
ZEUS	-6.361460
LIDH	-5.662490
DSSY	-6.361460
ITAU	-6.361460
IMSD	-6.361460
FRIA	-6.060430
TGIG	-6.361460
ICGH	-6.361460
CGHO	-6.361460
TDEW	-6.361460
DEWY	-6.361460
EWYD	-6.361460
WYDI	-6.361460
AEXE	-6.361460
CTRA	-5.884338
CQUE	-6.060430
ARTZ	-6.361460
RTZF	-6.361460
TZFO	-6.361460
ZFOR	-6.361460
UNRU	-6.060430
URGN	-6.361460
RGNO	-6.361460
OPPL	-6.060430
IDSK	-6.361460
RWID	-5.884338
LSLY	-6.361460
OEOL	-6.361460
SPIZ	-6.361460
PIZA	-6.361460
RROT	-6.361460
CAYS	-6.361460
NRAM	-6.361460
GIDP	-6.060430
EXYT	-6.361460
XYTH	-6.060430
XESI	-6.361460
OMUT	-6.060430
IGNL	-6.361460
GNLA	-6.361460
OVIG	-5.884338
ELSJ	-6.361460
LSJU	-6.060430
KTOV	-6.361460
SIFF	-5.583308
ALGH	-6.361460
ELMT	-5.361460
LBLU	-5.759400
WDAH	-6.060430
AHED	-6.361460
WNOS	-6.060430
WIGT	-6.361460
IGTO	-6.060430
GHOP	-6.060430
LAGH	-6.060430
AGHU	-6.361460
OAHY	-6.361460
TFOA	-6.361460
FOAL	-6.060430
ULVA	-6.361460
LVAL	-6.361460
HBUF	-6.361460
SPAW	-5.884338
PAWT	-6.361460
YGOR	-5.759400
KBIS	-6.361460
GONN	-6.060430
GGOR	-6.361460
GBIS	-6.060430
DFOA	-5.884338
EMUF	-6.361460
LKYS	-6.361460
KYSE	-6.361460
AKRU	-6.361460
TBUF	-6.361460
CSIG	-6.060430
IGNG	-6.361460
GNGI	-6.361460
SDEI	-6.361460
SSVO	-6.060430
BSUS	-6.361460
SUSF	-6.361460
MBBL	-6.361460
BBLA	-6.361460
YHUE	-6.361460
LAZO	-5.759400
AZON	-5.759400
ETSK	-6.060430
ODSY	-6.060430
BTIL	-5.662490
LDEI	-6.361460
IFOP	-5.884338
IUMU	-6.060430
NTUL	-6.361460
TULI	-6.361460
NLAP	-6.060430
DELG	-6.361460
LFBL	-6.060430
BOLW	-6.361460
ACOI	-5.884338
COIT	-6.361460
UTTN	-6.361460
TTNE	-6.361460
ECIN	-5.759400
KORR	-6.361460
COTA	-6.361460
CHYW	-6.361460
MBAH	-6.361460
BAHA	-5.759400
AHAV	-5.884338
SYEE	-6.361460
YEEA	-6.361460
SSKN	-6.361460
HAPG	-6.361460
APGR	-6.361460
KYEC	-6.060430
CTOU	-6.060430
GULK	-6.361460
OOIH	-6.361460
BBTE	-6.361460
REWY	-6.060430
CILT	-6.060430
LOGB	-6.361460
OGBO	-6.361460
HONV	-6.361460
MERV	-6.361460
PSSP	-6.361460
AVYP	-6.361460
VYPE	-6.361460
CILW	-6.361460
BTHU	-6.060430
CILM	-6.361460
OTFU	-6.361460
EKOU	-5.884338
LOGS	-5.884338
OGSF	-6.060430
TMAU	-6.361460
AURY	-6.361460
LVEC	-6.361460
MNSF	-6.361460
AGIV	-6.361460
IPEV	-5.884338
BITR	-6.361460
WIMG	-6.361460
DTHM	-6.060430
GICZ	-6.361460
ICZO	-6.060430
CZON	-6.060430
BHOP	-6.361460
DUNQ	-6.361460
HMOB	-5.884338
OBAY	-6.361460
EJAP	-5.662490
BSCH	-6.060430
BFON	-6.361460
LPHR	-6.060430
HEZO	-5.884338
EZOD	-5.884338
ZODI	-5.662490
CSPO	-6.361460
NLOI	-6.361460
GVIG	-5.884338
VOWC	-6.361460
XTYD	-6.361460
LPAC	-6.060430
XTYF	-5.662490
GALB	-6.361460
LBAY	-6.361460
SPAM	-6.361460
PASN	-6.060430
IMOO	-6.361460
WMOB	-6.361460
OUSZ	-6.361460
USZI	-6.361460
SZIG	-6.361460
ZAGW	-6.361460
AGWO	-6.361460
MUFT	-6.361460
UFTI	-6.361460
FTII	-6.361460
MPCO	-6.060430
HAHG	-6.060430
GEFU	-5.458370
DYNA	-6.060430
KBYE	-6.361460
BLYV	-6.361460
VIDD	-6.361460
POTB	-6.361460
HROE	-6.060430
SMSE	-6.361460
LFYA	-6.361460
MABE	-5.884338
LVEW	-5.884338
GRAL	-5.884338
NVET	-6.060430
NSTG	-6.361460
NAMB	-5.759400
BULI	-6.060430
CBEI	-6.060430
ARAY	-6.361460
SAVU	-6.361460
ATVU	-6.060430
TVUL	-6.060430
VITS	-6.361460
NTAO	-6.361460
TAON	-6.060430
YENL	-6.060430
WOIR	-5.884338
TECY	-6.361460
ECYP	-6.361460
CYPH	-6.060430
YPHE	-6.060430
SMIA	-6.361460
FUNK	-6.361460
CECI	-6.361460
CABU	-6.060430
NOPU	-6.060430
YIMY	-6.361460
KSAW	-5.884338
KSCU	-6.060430
LMEM	-6.060430
NATD	-6.361460
HYSU	-6.060430
INII	-6.361460
NIIN	-6.361460
SCIB	-6.361460
MPFO	-6.361460
OYGR	-6.361460
LCEL	-6.060430
MBYS	-6.060430
YSES	-6.060430
ORCÆ	-6.361460
RCÆS	-6.361460
UFAM	-6.361460
DSTL	-6.361460
LMYB	-5.884338
OFOM	-6.361460
FOMB	-6.361460
LCRU	-5.662490
RWAK	-5.407217
MORQ	-6.361460
UANK	-6.361460
JETT	-5.458370
MIGU	-6.060430
ROGL	-5.458370
OGLY	-5.458370
LYPH	-5.458370
HICS	-5.583308
ARIU	-5.583308
RIUS	-5.583308
CSCH	-6.361460
RATV	-6.361460
CAMO	-6.060430
NNAW	-6.361460
PIDO	-6.361460
PHEF	-6.361460
HBOL	-6.060430
BOLS	-5.884338
SOIG	-6.060430
UEFL	-6.060430
AFIX	-6.361460
VIDC	-6.060430
CURO	-6.361460
HSBY	-6.361460
EWGU	-5.884338
WGUI	-5.884338
AISB	-6.060430
TUAR	-6.060430
WSDI	-6.361460
CEXA	-6.361460
ULIH	-6.361460
OFEG	-6.361460
FEGY	-6.361460
YPTB	-6.361460
EKCA	-6.361460
FULK	-6.361460
IPDA	-6.060430
PDAS	-6.060430
RHUL	-5.759400
XATT	-6.361460
YBYB	-6.060430
VRES	-6.361460
HREV	-6.361460
IPDU	-5.884338
PDUR	-5.884338
RKOC	-6.361460
KOCE	-6.361460
GWRE	-6.060430
CPAR	-6.060430
AGOC	-6.361460
REJT	-6.361460
EJTH	-6.361460
JTHE	-6.361460
FOAH	-6.361460
AFTF	-5.884338
VALP	-5.884338
FTSU	-5.759400
HWAC	-6.361460
WACK	-6.060430
SPUM	-5.759400
MPSG	-6.361460
AULO	-6.361460
MUNB	-6.060430
ORFF	-5.662490
RFFS	-6.361460
FFSV	-6.361460
FSVO	-6.361460
RFFY	-6.361460
RALK	-6.060430
LKRU	-6.361460
RFFT	-6.060430
AONO	-6.361460
TSHT	-6.361460
ISKG	-6.361460
SKGA	-6.361460
KGAL	-6.361460
CKRA	-5.884338
KRAI	-6.060430
LSFE	-5.759400
DWOL	-6.060430
OLFA	-5.884338
EPUM	-5.215332
OLFH	-6.361460
PINQ	-6.361460
FDOR	-6.361460
BOST	-6.060430
RFFH	-6.361460
FLIO	-6.361460
LWAF	-6.361460
MPIE	-5.884338
UMSI	-5.884338
MSIF	-6.361460
TQUO	-6.361460
DLIO	-6.060430
OHNF	-6.361460
HNFE	-6.361460
RNJU	-6.361460
UANF	-6.361460
CAOU	-6.361460
IPFE	-6.361460
PFEL	-6.361460
VISW	-6.361460
NAGU	-6.361460
BINL	-5.662490
NLIO	-6.361460
YBUM	-6.361460
EHUL	-5.407217
IPPU	-6.361460
PPUS	-6.060430
SIEH	-6.361460
OARU	-6.361460
LMBE	-6.361460
RTAG	-6.361460
HBLI	-6.361460
BYPL	-5.884338
OLOM	-5.361460
NEWU	-6.361460
HCHR	-6.361460
URYL	-6.361460
PIUS	-5.884338
IUSG	-6.361460
NYKN	-6.060430
IUSM	-6.361460
ORAA	-6.361460
RAAF	-6.361460
YEDV	-6.361460
HNAV	-6.060430
SHLU	-6.361460
MABI	-6.361460
USSS	-6.361460
WBYS	-6.361460
ANHY	-6.060430
NHYP	-6.060430
CTAH	-6.060430
OLSU	-6.361460
TAPT	-6.060430
SCOE	-6.060430
COER	-6.060430
OERC	-6.060430
ABKE	-6.361460
BKEP	-6.361460
LHEK	-6.361460
INSQ	-5.884338
NFRU	-6.361460
PENR	-6.361460
FREB	-6.361460
PUNL	-6.361460
EWDN	-6.361460
WDNE	-6.361460
RFEW	-6.060430
FICK	-6.361460
KLEN	-6.361460
BUNM	-6.361460
BISS	-6.060430
LRIC	-6.361460
CCRU	-6.361460
GPOC	-6.361460
RPIO	-5.884338
PERQ	-5.884338
ICOB	-5.662490
COBJ	-5.662490
AYEC	-5.662490
THSG	-6.060430
HSGO	-6.060430
ABPE	-6.361460
BPER	-6.361460
WIFS	-6.361460
ULCL	-6.361460
ABPL	-6.361460
BPLA	-6.361460
LNOM	-5.759400
LCUS	-6.361460
DYSU	-6.060430
YSUL	-5.884338
IELU	-6.361460
SIKE	-6.361460
PTPA	-6.361460
GYAR	-5.884338
ARPU	-6.361460
VYOA	-6.361460
YOAK	-6.361460
RYYA	-5.884338
NREI	-6.060430
GDUL	-6.060430
RPSU	-6.361460
TVIB	-5.884338
AKLY	-6.361460
DFAB	-6.361460
RPOF	-5.884338
MADG	-6.361460
EFSU	-6.060430
MFEW	-6.361460
UHAL	-6.361460
ZONY	-6.361460
ABTI	-6.060430
BTIM	-5.759400
OYHU	-6.361460
WKEP	-6.060430
EEDK	-6.361460
DMIZ	-6.060430
ZENH	-6.060430
NETU	-5.583308
UBSW	-6.361460
PHIR	-6.361460
HCLI	-6.060430
MYSS	-6.060430
YEFR	-5.884338
KYPH	-6.361460
YPHA	-6.361460
OMSF	-6.060430
HSWU	-6.361460
HTEC	-6.361460
ARDQ	-6.060430
KCOT	-6.361460
NFUN	-6.060430
SSSW	-5.759400
VIDT	-6.361460
IDTI	-6.361460
ABCR	-5.759400
BCRI	-5.759400
LAHR	-6.060430
AHRE	-6.060430
GUNK	-6.361460
SROW	-5.759400
TFED	-5.884338
HABG	-5.361460
ABGI	-5.884338
BGIV	-5.884338
SKPU	-6.060430
KPUL	-5.884338
OARL	-6.361460
KADD	-6.361460
WSRI	-5.884338
HYOH	-6.361460
YOHI	-6.361460
DEMS	-6.060430
CHYI	-6.361460
HYIK	-6.361460
LCAB	-5.884338
ACOH	-6.361460
YYEC	-6.361460
UBRE	-6.060430
PUSN	-6.361460
DOPU	-6.361460
RAHF	-6.060430
LDCU	-6.361460
DCUP	-6.060430
OILM	-6.361460
SYDO	-6.060430
NAPY	-6.060430
UDOG	-5.884338
OGSS	-6.060430
FINR	-6.361460
OPSN	-6.060430
FGUD	-6.361460
RCAK	-6.361460
GPUL	-6.361460
ARPK	-6.361460
RPKN	-6.361460
PKNI	-6.361460
DLEE	-5.884338
FYED	-6.361460
YEDR	-6.060430
WYED	-6.361460
BBSE	-5.759400
BSEX	-6.361460
WISG	-6.060430
NCUL	-5.884338
CULC	-5.884338
NOOA	-6.060430
UCHQ	-5.884338
CHQU	-5.884338
YGAP	-6.060430
SEOD	-6.361460
WPUL	-5.884338
BBSB	-5.662490
BHAI	-6.060430
KLAR	-6.361460
HOYA	-6.060430
OYAW	-6.060430
FYEP	-6.361460
YEPL	-6.361460
BBSW	-5.662490
KYEO	-6.361460
UDAG	-6.060430
REWP	-6.060430
EWPU	-6.060430
SHOG	-6.060430
LAPT	-5.583308
PTEY	-6.361460
SOAY	-6.060430
BOYL	-6.361460
ATSF	-5.215332
CHYS	-6.361460
BBSC	-6.060430
DIMN	-6.361460
TDAW	-6.060430
LHIN	-6.060430
WPOT	-6.361460
LAHW	-5.662490
AFEN	-5.759400
RIPA	-5.884338
IPAH	-5.662490
ARMG	-6.060430
RMGA	-6.060430
VEOA	-5.884338
WSAT	-5.759400
HOUQ	-5.884338
UPNI	-6.361460
PNIM	-6.361460
DROI	-6.060430
ROIT	-6.060430
SOLY	-6.361460
RNPL	-6.361460
SKSE	-5.884338
SFYK	-6.361460
FYKI	-6.361460
FFTI	-6.361460
FTIP	-6.361460
TIPU	-6.361460
PUSU	-6.361460
LFVO	-6.361460
KYEV	-6.361460
UFIF	-6.361460
CNEG	-6.361460
SKSF	-6.060430
DDRY	-5.884338
DRYO	-6.361460
GDAG	-5.884338
YROT	-6.361460
ROTO	-5.759400
USSK	-5.884338
IOTO	-5.583308
IMGI	-6.060430
MGID	-6.361460
ICDA	-6.060430
CDAG	-6.361460
RICM	-6.361460
CMAJ	-6.361460
KFLA	-6.060430
FLAX	-6.060430
AXEN	-6.060430
XENH	-6.060430
RERL	-6.361460
ULYV	-6.060430
SKWO	-6.361460
MPWI	-5.884338
ROSL	-6.060430
XEDS	-5.884338
CKPH	-6.361460
KPHR	-6.361460
FHUR	-6.361460
FVAP	-5.583308
PORH	-6.361460
UFFU	-5.662490
DSCU	-6.060430
CUDF	-6.361460
GBIL	-5.759400
YVIB	-5.884338
CWAV	-6.060430
MITF	-6.361460
GBUB	-6.060430
RPFI	-6.361460
PFIX	-6.361460
RSHW	-6.361460
ATYH	-6.361460
UDLI	-6.361460
SBOY	-5.583308
YMEO	-6.060430
ZEDC	-5.759400
IELO	-6.060430
HAPN	-6.361460
APNO	-6.060430
WPHI	-6.361460
RTPI	-6.361460
MFIT	-6.361460
RDPI	-6.361460
OEMM	-6.361460
RRIL	-6.060430
UHUR	-6.361460
EPPU	-5.884338
TTIG	-6.361460
OAMG	-6.361460
MGLU	-6.361460
OVIV	-6.361460
SKEW	-5.662490
MBSB	-6.361460
BSBU	-6.361460
LMOM	-5.759400
EOMN	-6.060430
WROA	-6.361460
HTGU	-6.361460
TGUN	-6.060430
KEGI	-6.060430
CBOW	-6.361460
WLSI	-6.361460
DTIP	-6.361460
TIPF	-6.361460
KEED	-6.361460
GGAS	-6.060430
SPSO	-6.361460
YPEQ	-5.759400
RAWR	-6.361460
NSGH	-6.361460
WNPH	-6.361460
NPHA	-6.060430
LFPU	-6.361460
FPUL	-6.060430
HURN	-5.361460
WSFL	-6.361460
EJET	-5.407217
RNOL	-5.884338
CKGI	-5.884338
KGIV	-5.884338
GDEA	-5.884338
EEOA	-6.060430
WLOC	-5.759400
LAFI	-6.361460
FUSD	-6.361460
EYOV	-6.060430
ATHP	-5.884338
FENR	-6.361460
TUPN	-6.060430
UPNE	-6.361460
KELT	-6.060430
YRIB	-5.759400
CUDR	-6.361460
DRAC	-6.060430
ISTG	-6.361460
OBAL	-6.060430
TCHK	-6.060430
HKEG	-6.361460
KEGA	-6.361460
WAIF	-5.320067
AIFP	-5.884338
WETD	-6.361460
ETDR	-5.662490
IPOR	-5.759400
PORB	-5.884338
PTYL	-6.361460
OMUF	-6.060430
MLYP	-5.884338
DGAP	-6.361460
PSBO	-5.759400
WSLI	-5.458370
IFHA	-6.361460
APLY	-6.060430
TDIM	-6.060430
LTSD	-6.060430
NGSV	-6.361460
GSVI	-6.361460
NOBB	-6.060430
ANOS	-5.759400
FPOT	-6.060430
GOBB	-6.361460
TODD	-5.583308
RALJ	-6.361460
WREG	-6.361460
OILJ	-6.361460
ILJA	-6.361460
LJAC	-6.361460
FOGG	-6.060430
NMRF	-6.361460
YMRF	-6.361460
CKPU	-6.060430
THSJ	-6.361460
HSJA	-6.361460
EMSQ	-6.060430
SIZI	-5.662490
TBIV	-6.361460
BIVO	-6.361460
IVOU	-6.361460
VOUA	-6.361460
UACK	-6.361460
FSCU	-6.060430
KSDR	-6.060430
DRAF	-6.361460
RUSL	-6.361460
KEAQ	-6.060430
IETG	-6.361460
ETGH	-6.361460
TGHO	-6.060430
NUGF	-6.361460
UGFA	-6.361460
YVAU	-5.884338
SKCR	-6.361460
BBIF	-6.361460
LUGH	-6.361460
TOEO	-6.361460
OEOH	-6.060430
KIFH	-6.361460
EHIP	-6.361460
OJEO	-6.361460
RDIZ	-5.759400
DIZE	-5.759400
GWIG	-6.361460
RILU	-6.361460
ODMU	-6.060430
BTOB	-6.361460
COSP	-6.361460
OSPU	-6.361460
NSKE	-6.060430
MSYC	-6.060430
SYCL	-6.060430
BOWF	-6.060430
UGED	-5.884338
SUBO	-5.662490
UBOR	-5.458370
LEOD	-6.060430
CKOA	-6.361460
KOAR	-6.361460
EELZ	-6.060430
ELZE	-6.060430
LZEB	-6.060430
BUBH	-6.361460
UBHI	-6.361460
BDUA	-6.361460
DUAB	-6.361460
DFED	-6.060430
BSPE	-6.060430
GFED	-5.884338
LAHH	-6.361460
ZEDD	-5.884338
CPEO	-6.361460
ATEZ	-6.361460
TEZO	-6.361460
EZON	-6.361460
HEGH	-5.583308
NCTR	-6.060430
MEEY	-6.060430
LRAB	-6.361460
NMUN	-6.361460
SYSA	-6.361460
ROLG	-6.361460
OLGR	-6.361460
NAIT	-6.361460
LAHF	-6.361460
AHFI	-6.361460
JETF	-6.361460
HLYV	-6.361460
ITJE	-6.060430
JETE	-6.361460
POFJ	-6.361460
PCRA	-5.884338
ILBR	-6.060430
EZEF	-6.361460
ZEFI	-6.060430
UOYA	-5.247516
KEAI	-6.361460
SOTW	-6.060430
LYEC	-6.060430
BSOU	-6.361460
PSOS	-6.361460
HOTY	-6.361460
DUSN	-6.361460
LNOO	-6.361460
SLYJ	-6.361460
HOSW	-6.361460
OSWO	-6.060430
OAWF	-6.361460
CYFR	-6.361460
UEBL	-6.361460
WEVO	-6.361460
ULER	-6.060430
URUR	-6.361460
RURN	-6.361460
GTRO	-6.060430
KWAV	-6.361460
ACUI	-6.361460
CKAI	-6.361460
LMSN	-5.884338
OMIE	-6.361460
MLYG	-6.060430
UDAH	-6.361460
ALSQ	-6.361460
KEOV	-5.884338
LTFE	-6.361460
WAXD	-6.361460
AXDA	-6.361460
XDAY	-6.060430
ACWA	-6.060430
SSAH	-5.662490
DRIP	-5.320067
MLAY	-5.884338
TSWU	-6.060430
HYPU	-6.361460
CROZ	-5.884338
OZET	-5.884338
ODVI	-6.060430
ATYR	-6.361460
YROI	-6.361460
ENFU	-5.662490
FURR	-5.884338
HHOA	-6.361460
PSNA	-6.060430
IXME	-6.060430
XMEN	-6.060430
PAHO	-6.060430
HOYH	-6.060430
HOYT	-6.060430
WOWA	-6.060430
CIDL	-6.060430
UALV	-6.060430
GSAH	-5.759400
IACM	-6.060430
ACMA	-6.361460
GSSW	-6.060430
YEMU	-6.060430
ABGA	-5.884338
BGAZ	-6.060430
ELMK	-6.361460
LMKE	-6.361460
UDFE	-6.361460
NYCY	-6.361460
YCYC	-6.361460
ONPH	-6.361460
IMSB	-6.060430
NMAZ	-6.361460
GAMT	-6.060430
HYAH	-6.361460
URYP	-6.060430
ELSD	-5.884338
WAYK	-6.361460
FVES	-6.361460
MBWO	-6.361460
DOOC	-6.361460
FSHY	-6.361460
CTAK	-6.060430
IPTP	-6.361460
SMSA	-6.361460
FOIB	-6.060430
OIBL	-6.060430
WFOI	-6.361460
PSCR	-5.516362
CWIL	-6.361460
SMUP	-6.361460
EYRU	-6.060430
RPIR	-6.361460
NYSK	-6.361460
YSKU	-5.884338
DPIR	-6.060430
DIFB	-5.884338
RBOI	-6.361460
LPIR	-6.361460
FPIR	-6.361460
IARG	-5.884338
ARGL	-6.361460
ODDF	-6.060430
DDFA	-6.361460
GAMY	-5.759400
DEXF	-6.361460
EXFI	-6.361460
XFIN	-6.361460
FDIC	-6.361460
DDRJ	-6.361460
DRJO	-6.361460
OAHW	-6.060430
AHWE	-6.060430
SARK	-5.759400
ORNY	-6.361460
RNYA	-6.361460
CONW	-6.361460
IEWL	-6.361460
GAMN	-6.361460
MNOU	-6.361460
IPSG	-6.060430
PSGE	-6.060430
HGAY	-6.060430
GAYC	-6.361460
OFAO	-6.361460
FAOF	-6.361460
LHIG	-5.583308
CHEF	-6.361460
HEFF	-6.060430
EGSN	-6.361460
GBYR	-6.361460
EGSB	-5.583308
ENSQ	-6.361460
RIMD	-5.759400
NHOH	-5.759400
HOHI	-6.060430
HROM	-6.361460
ECYB	-6.361460
CLYN	-6.361460
CRYU	-6.060430
KGIL	-6.361460
LTTI	-6.361460
DPIA	-6.361460
PIAZ	-6.060430
IAZZ	-6.060430
ZZAO	-5.884338
ZAOF	-6.060430
EYOC	-6.361460
TREH	-5.662490
NNSH	-6.361460
AKYE	-5.884338
RADN	-5.019037
DNEY	-4.999732
KILT	-4.759400
MBUF	-6.361460
ALOL	-5.759400
LOLA	-6.361460
OLAK	-6.060430
NBUF	-6.361460
LOPR	-6.361460
KEER	-6.361460
WGEN	-5.583308
LLAO	-6.361460
LAOT	-6.361460
AOTO	-6.361460
GRAR	-6.060430
GAGG	-6.060430
RIOA	-6.361460
HURO	-6.060430
DMIC	-6.361460
FRAC	-5.884338
FCLI	-6.361460
CISL	-6.361460
OINL	-6.060430
WOGR	-5.884338
BYBA	-6.361460
GYGU	-6.361460
NAWT	-6.361460
FNAV	-6.361460
HEYY	-5.884338
EYYI	-6.361460
ELTR	-6.060430
HICG	-6.361460
ICGE	-5.884338
CGEN	-6.361460
YMIR	-6.060430
NNEB	-6.060430
BAGO	-5.759400
NOET	-6.361460
WTHU	-6.361460
FICY	-6.060430
ICYE	-6.361460
CYET	-6.361460
IALQ	-6.361460
FBUC	-6.361460
WIEK	-6.361460
IEKN	-6.361460
FPUM	-6.361460
EPYN	-6.361460
PYNI	-6.361460
RDGE	-5.884338
EPCL	-6.361460
AKYV	-6.361460
KYVE	-6.361460
YBYR	-5.884338
LHOI	-6.361460
EZEN	-6.060430
SLIL	-6.060430
LILY	-5.759400
TBUB	-5.884338
MPSR	-6.361460
PSRA	-6.060430
CUPP	-6.060430
PULV	-6.060430
POFD	-6.361460
DAFL	-5.884338
ILTC	-5.583308
LTCH	-6.361460
RLEM	-5.884338
RDYA	-6.361460
ILTK	-6.361460
LTKN	-6.361460
WITE	-6.361460
ESPY	-6.361460
SPYI	-5.884338
LYEW	-5.759400
EJOB	-5.516362
JOBH	-6.060430
BHES	-6.060430
PCAR	-5.759400
AWFI	-6.361460
SSEO	-6.060430
RADW	-6.361460
MPOV	-5.884338
REMT	-6.060430
ULRA	-6.361460
OOBO	-6.361460
OBOY	-6.060430
AMNY	-5.884338
TPUM	-6.361460
MPCL	-6.361460
FESU	-6.361460
DWIP	-6.361460
TCOZ	-6.060430
COZE	-6.060430
PIGT	-6.361460
XIBI	-6.060430
YSIF	-5.884338
ULYN	-6.361460
HRAD	-6.361460
TEUT	-6.361460
DYIR	-6.361460
LBYR	-6.361460
NAGG	-6.361460
SSPH	-6.060430
NEYR	-6.361460
NUPL	-6.060430
LUBH	-6.060430
UBHA	-5.884338
BHAM	-6.060430
CTOI	-6.361460
WSTI	-5.759400
BEYS	-6.060430
WOWE	-6.361460
CERM	-6.361460
MRRA	-6.361460
XEDN	-6.361460
GPON	-6.060430
OLHA	-6.060430
ITNA	-6.060430
SDUL	-6.060430
RMMO	-6.361460
YCUP	-6.361460
XTYM	-6.361460
GVIL	-6.060430
EMOH	-6.361460
OHAW	-6.361460
AWKC	-6.361460
WKCO	-6.361460
TEEG	-6.361460
XTDO	-6.361460
NUGP	-6.361460
UGPA	-6.361460
FCHU	-6.361460
TANF	-6.361460
PLAZ	-6.361460
LAZZ	-6.361460
ZZAW	-6.361460
ZAWI	-6.361460
LUSL	-6.361460
MEES	-6.060430
SEIB	-6.361460
UPTC	-6.361460
NOHD	-6.361460
IMAI	-5.884338
TSTM	-6.361460
KSTD	-6.361460
NICP	-6.060430
PURG	-6.361460
CUPT	-5.884338
ROSO	-6.361460
KANT	-6.060430
ONYF	-6.060430
YNIL	-6.361460
ARIP	-5.884338
ARTV	-6.361460
TUNG	-5.662490
KAPO	-6.361460
SUMG	-6.361460
UMGE	-6.361460
PTSY	-6.361460
TSYD	-6.361460
SYDN	-6.361460
YDNE	-6.361460
RRUR	-6.361460
HAUP	-6.361460
RYRU	-6.361460
YRUF	-6.361460
MAIH	-6.361460
FFGE	-6.361460
REEJ	-6.361460
RAGT	-5.884338
ORSJ	-6.361460
EPIK	-6.060430
EDOD	-6.060430
DODE	-6.060430
PBYK	-6.361460
IPCR	-6.060430
LTAY	-6.361460
RCEC	-6.060430
ILEK	-6.361460
NDJE	-5.583308
OYSB	-6.361460
EBUF	-5.759400
LOIB	-6.361460
GKNI	-5.759400
ILTG	-6.361460
LTGL	-6.361460
BBYR	-6.060430
YRAS	-5.884338
FTAH	-6.361460
TYEU	-6.361460
YEUN	-5.884338
DOAH	-6.361460
HYEI	-6.060430
SPAD	-4.842946
EMTE	-6.060430
DNEU	-6.361460
ULKH	-5.884338
KSUM	-6.361460
FBIS	-5.884338
WRAN	-6.361460
YSUM	-6.361460
EFET	-5.884338
TIDC	-6.361460
GDIE	-5.662490
SBAB	-6.060430
BABB	-6.361460
FTHM	-6.361460
SSJE	-6.361460
SJEE	-6.361460
KEYC	-6.361460
CLIC	-6.060430
OMBM	-6.361460
MBME	-6.060430
ILTP	-6.361460
XTSU	-6.361460
IRKE	-6.361460
VYIM	-6.060430
MUCK	-6.361460
OTYI	-6.361460
CPRO	-5.884338
MEPI	-5.884338
OZEV	-6.361460
ZEVE	-6.361460
DGAG	-6.361460
YRIP	-5.884338
ZENR	-6.060430
GDAM	-6.361460
MNYE	-6.361460
DREB	-6.361460
NNOP	-6.060430
LOGT	-5.884338
OHEO	-6.361460
UYEC	-6.361460
NROG	-6.060430
PEEN	-6.361460
TAMT	-6.361460
DNTG	-5.884338
GAGF	-6.361460
UFLO	-6.361460
LOGM	-6.361460
OGME	-6.361460
SROP	-5.884338
MGOC	-6.361460
GOCU	-6.361460
WNDY	-6.361460
DFOE	-6.361460
FOEY	-6.361460
OEYO	-6.361460
SUPL	-5.759400
CUTD	-5.884338
NPUM	-6.361460
MPSC	-6.361460
WACL	-6.361460
DURS	-5.884338
PSRU	-6.361460
LNOS	-6.060430
FMUT	-5.884338
INYR	-6.361460
FTFI	-6.361460
OGAG	-6.361460
TALJ	-6.361460
ALJA	-6.361460
LJAW	-6.361460
NRAD	-6.361460
RUNM	-5.884338
TSYS	-6.361460
SHOI	-5.320067
XTTR	-6.060430
ELMW	-6.060430
LMWO	-6.361460
BAGB	-6.361460
AGBU	-6.361460
OMOL	-6.361460
MOLD	-5.759400
AFTY	-6.060430
EXTN	-6.361460
XTNI	-6.361460
WTWE	-6.361460
ELMN	-6.361460
LMNI	-6.361460
MNIG	-5.884338
SAPT	-5.884338
OZEO	-6.361460
YDUG	-6.361460
DUGT	-6.361460
UGTO	-6.361460
YAMY	-6.361460
LLSJ	-6.361460
LSJE	-6.361460
SJES	-6.361460
JESU	-6.060430
ESUW	-6.361460
SUWH	-6.361460
NSTD	-6.361460
CSIR	-6.361460
UMOB	-6.361460
CKAV	-6.060430
NAYD	-6.361460
NAYN	-5.884338
ROOU	-6.361460
KSFA	-5.759400
LUPH	-5.759400
OWYW	-6.361460
WYWH	-6.361460
WAPH	-6.361460
APHR	-6.060430
NSYT	-6.361460
ULRU	-6.361460
EWEY	-6.361460
LKYM	-6.060430
KYMA	-5.884338
SIFV	-6.361460
IFVE	-6.361460
WSMA	-5.320067
TNEX	-6.361460
FFPU	-6.361460
EERG	-6.361460
OPMO	-5.583308
PMOS	-5.583308
NMAE	-6.361460
MSEI	-6.361460
MPLU	-6.361460
TTAP	-5.884338
CDOW	-6.361460
KROS	-6.361460
IRTC	-6.361460
ATSG	-5.884338
NOEO	-6.361460
OEOF	-6.060430
DYAG	-6.361460
VYAV	-6.361460
PASF	-6.361460
POOP	-6.361460
IFIV	-6.361460
NOEW	-6.361460
OEWA	-6.361460
MINB	-5.884338
NBUB	-6.361460
OAMW	-6.060430
FMEC	-6.361460
SIXD	-6.361460
ADIO	-6.361460
DIOS	-6.361460
IOSS	-6.361460
TTAH	-6.361460
MLEG	-6.060430
NUNQ	-6.361460
YEVA	-6.361460
INNG	-6.361460
NNGE	-6.361460
DAFÉ	-6.361460
AFÉS	-6.361460
FÉSI	-6.361460
ÉSIN	-6.361460
HIEP	-6.361460
IEPI	-6.361460
PISC	-6.060430
COPA	-6.361460
PACY	-6.361460
ACYL	-6.060430
CYLE	-6.361460
EMNF	-6.361460
MNFI	-6.361460
DYEG	-6.361460
UEIK	-6.060430
IPIK	-6.361460
DOOE	-6.361460
OOEG	-6.361460
OEGY	-6.361460
ULPT	-5.458370
LPTU	-5.458370
UNSC	-5.583308
WBYA	-5.884338
DAAL	-6.361460
AALL	-6.060430
DOOW	-6.060430
SHNU	-6.361460
HNUI	-6.361460
GITL	-6.060430
GTAI	-5.759400
ICFL	-6.060430
CFLU	-6.361460
DILU	-5.583308
ILUV	-5.759400
LUVI	-5.759400
UVIA	-5.516362
DOOI	-6.361460
DOSP	-5.884338
EUSR	-6.361460
CUIN	-6.361460
IDGU	-6.361460
IDOG	-6.060430
DOGE	-6.060430
OGAR	-5.884338
THOG	-6.361460
HIAN	-6.060430
MUSW	-6.060430
AHSW	-5.884338
DBIB	-6.060430
LKRO	-6.060430
DGIL	-6.060430
YFAB	-6.361460
VASE	-6.361460
VIGN	-6.361460
UTSJ	-6.361460
TSJE	-6.361460
AUHO	-6.361460
UHOT	-6.361460
OGAA	-6.361460
GAAN	-6.361460
PTSL	-6.361460
RSCI	-6.361460
CDEL	-6.060430
HIPJ	-5.759400
IPJO	-6.361460
FAPH	-6.361460
COAU	-6.361460
DHOI	-5.407217
CKID	-6.060430
OAFU	-6.361460
GAHM	-6.361460
EUSJ	-6.361460
NAHL	-6.361460
ORKG	-6.361460
RKGO	-6.361460
ZEON	-5.884338
AHIP	-6.361460
IPPO	-6.060430
PPOG	-6.361460
POGR	-6.361460
GRIF	-5.884338
IFFC	-6.060430
COFS	-6.361460
ÈDEA	-6.361460
CSYS	-6.060430
LPIC	-6.361460
FICF	-6.060430
YNAN	-6.361460
QUAS	-6.361460
ANYQ	-6.060430
NYQU	-6.060430
MUSA	-6.060430
IIIW	-6.361460
IIWH	-6.361460
FAWR	-6.361460
OHOI	-5.884338
DSKE	-5.407217
GHJE	-6.361460
HJER	-6.361460
MSSK	-6.361460
LJER	-6.361460
CSYE	-6.361460
CHRY	-6.361460
HRYS	-6.361460
DEXM	-6.361460
EXMI	-6.361460
XMID	-6.361460
SHYC	-6.361460
RVEU	-6.361460
IDHU	-6.361460
DLEU	-6.361460
TMIT	-6.060430
ENSF	-6.361460
RKMU	-6.060430
RISB	-6.361460
NKBY	-6.060430
NPLI	-5.884338
ETCB	-6.361460
TCBU	-6.361460
BYIK	-6.361460
TTSH	-6.361460
DCUV	-6.361460
OHUG	-5.884338
DDSB	-6.361460
INJR	-6.361460
NJRO	-6.361460
OOSM	-6.060430
ULID	-6.361460
LBYF	-6.361460
CWRE	-6.361460
AWNJ	-6.060430
LFEM	-6.361460
TUBF	-6.361460
UBFL	-6.361460
BFLO	-6.361460
YBOB	-6.361460
BOBI	-6.361460
PISB	-6.060430
LTMI	-6.361460
WSOG	-6.361460
DAON	-6.060430
KWEE	-6.361460
EDYB	-6.361460
SSYR	-6.060430
SSYL	-6.361460
YTUT	-6.361460
ADSF	-6.060430
LATV	-6.361460
SHBY	-5.759400
HBYL	-6.361460
AURS	-6.060430
FGAR	-6.361460
OFEF	-6.060430
FEFF	-6.060430
FAPY	-6.361460
FFFU	-6.361460
FBOA	-5.884338
PICD	-6.361460
CDIL	-6.361460
LEUW	-6.361460
EUWE	-6.361460
WENH	-6.361460
NHOE	-6.361460
OECK	-6.361460
IXFA	-6.361460
XFAC	-6.361460
FACS	-6.361460
ACSI	-6.361460
CSIM	-6.361460
ICSN	-6.060430
CSNO	-6.361460
VITT	-6.361460
LFHD	-6.361460
FHDU	-6.361460
CAFR	-6.361460
DLAZ	-6.361460
EZEL	-6.060430
ZELE	-6.060430
RDYF	-6.060430
GISQ	-6.060430
TOUP	-6.060430
FCUT	-5.516362
NHOV	-5.884338
QUAY	-6.361460
UAYA	-6.361460
LFER	-5.759400
OFSQ	-6.361460
FSQU	-6.361460
UGOD	-6.361460
CKSY	-6.060430
NWAP	-6.361460
PASU	-6.060430
RNCL	-6.361460
UMPN	-6.361460
PNEV	-6.361460
MPSP	-6.361460
PSPE	-6.361460
ECHD	-6.361460
SRUE	-6.361460
BORY	-6.361460
BUSK	-6.060430
KSWR	-6.361460
KESK	-6.361460
ESKR	-6.060430
IRJA	-6.361460
MCHR	-6.361460
MIEW	-6.361460
GEOW	-6.361460
GNOA	-6.361460
WAII	-6.060430
AIIA	-6.060430
IIAN	-6.060430
RPAD	-5.884338
NLEX	-6.361460
UABI	-6.060430
SMAZ	-6.361460
RKSL	-5.884338
FEDC	-6.361460
EEBR	-5.884338
ESEK	-6.361460
IBBY	-6.361460
FFSM	-6.361460
KLIE	-6.361460
CGRO	-6.361460
RFOF	-6.361460
FOFG	-6.361460
YAMP	-6.060430
KYPO	-5.759400
IEWY	-6.060430
LOMA	-6.361460
MAIS	-6.361460
GHRU	-6.361460
HRUF	-6.361460
FEDM	-6.361460
GUER	-5.247516
GFIL	-6.060430
ICSK	-6.361460
CSKI	-6.361460
SCES	-6.060430
LIEE	-6.361460
IEEN	-6.361460
UTEY	-6.361460
EDSF	-5.884338
DUSS	-6.060430
FRIP	-6.361460
AYNU	-6.361460
PENJ	-5.884338
WSSL	-6.361460
GFIB	-6.361460
GMOW	-6.361460
RSCY	-6.361460
WETG	-6.361460
WAMM	-6.361460
SSYC	-6.361460
SYCU	-6.361460
LUEU	-6.361460
UEUP	-6.060430
NKSD	-6.361460
FMOW	-6.361460
RVAS	-6.361460
SITV	-6.060430
HBUL	-6.060430
WTHC	-6.361460
RICR	-6.060430
BUSS	-6.060430
RFIC	-5.884338
YVAS	-6.060430
ABYM	-6.060430
BRAG	-5.884338
NDSK	-5.361460
GFUT	-6.361460
YEAF	-6.361460
OFKO	-6.361460
FKOR	-6.361460
AFOE	-6.060430
JUNG	-5.583308
NCUB	-5.884338
UBSS	-6.060430
ITWR	-5.884338
IPSN	-5.759400
MADB	-5.759400
OFAZ	-6.361460
FAZU	-6.361460
REYU	-6.361460
GOCE	-6.361460
NSTN	-5.583308
IDSL	-6.361460
WADI	-6.060430
AVAA	-6.060430
VAAG	-6.361460
AAGE	-6.361460
UIDB	-5.884338
ZEAS	-6.060430
GJET	-6.361460
ALMW	-5.516362
LMWH	-5.759400
YDAG	-6.361460
EAZU	-6.060430
TGLE	-6.060430
TDAG	-6.361460
NODT	-6.361460
EESR	-6.361460
HSBA	-6.060430
UNAH	-6.361460
OWAV	-6.361460
OFTB	-5.884338
FDAG	-6.361460
JETH	-6.060430
BSOT	-6.361460
ELOI	-6.060430
USPH	-5.884338
LPYM	-6.361460
IFBL	-6.361460
NCTB	-6.060430
TEGH	-6.361460
UIDW	-6.060430
CTCE	-6.361460
OWNZ	-6.361460
WNZO	-6.361460
NZON	-6.060430
YBYI	-5.884338
SGOR	-5.884338
ATKR	-6.361460
TKRA	-6.361460
KRAK	-6.361460
PPOD	-6.361460
PODA	-5.884338
DANM	-6.060430
AYUL	-6.361460
UIDT	-6.361460
HOPD	-6.361460
PDES	-6.361460
ANAK	-5.662490
NAKO	-6.361460
EMPS	-6.060430
YVAP	-6.060430
EMPM	-6.361460
PUSE	-6.361460
ARYQ	-6.361460
SANÆ	-6.361460
ANÆS	-6.361460
NÆST	-6.361460
TUBN	-6.060430
UBNO	-6.361460
BNOT	-5.884338
RMPI	-6.361460
LTUB	-6.060430
XISO	-5.884338
UBSO	-5.583308
BSOA	-5.884338
FCOI	-6.361460
WOTU	-6.361460
OTUB	-6.060430
BSAR	-5.884338
HTUB	-6.060430
NTUB	-6.060430
UBSB	-6.060430
UBNE	-6.361460
BNEA	-6.361460
PTHM	-6.060430
LKYF	-5.884338
KYFR	-5.884338
FREI	-5.361460
PACO	-6.361460
TUBT	-6.060430
GCAK	-6.361460
OOPC	-6.361460
TUBA	-6.060430
AMUG	-6.361460
MUGO	-6.361460
TJOG	-6.361460
JOGS	-6.361460
NROW	-6.361460
MONQ	-6.361460
XLIN	-6.060430
GCOI	-5.884338
ARPG	-6.361460
RPGO	-6.361460
PGOE	-6.361460
DRYM	-6.361460
IANJ	-6.060430
YFES	-6.361460
OARB	-6.060430
NJEL	-6.361460
JELL	-6.060430
SHGA	-5.884338
RJOK	-6.361460
RDOV	-5.759400
XBUR	-6.361460
KASY	-6.060430
WHIZ	-6.361460
HIZZ	-6.361460
YACE	-6.361460
FADJ	-6.361460
GBUO	-6.361460
UESC	-6.361460
ZEPP	-6.361460
PPAO	-6.361460
PAOF	-6.361460
RCEY	-6.060430
SRIF	-6.060430
PLOS	-6.361460
OSIO	-6.361460
UETE	-6.060430
HWET	-5.884338
SFEW	-6.060430
WERG	-6.361460
ATAO	-6.060430
TAOR	-6.361460
MYTU	-6.060430
ROII	-6.361460
OIID	-6.361460
IIDL	-6.361460
DULU	-6.361460
ULUM	-6.361460
LUMW	-6.361460
WSYS	-6.361460
FUSL	-6.361460
YSWU	-5.884338
NODF	-6.361460
EAEA	-6.361460
AEAS	-6.361460
YBUB	-6.361460
LOCL	-6.361460
SSYB	-5.884338
HUEG	-6.361460
SVAP	-5.884338
PORY	-5.662490
ORYJ	-6.060430
PEPO	-6.361460
SLUF	-6.361460
FFCR	-6.361460
ELMD	-6.361460
LMDO	-6.361460
NMAJ	-6.060430
FEWR	-6.060430
WRIP	-6.361460
BGAV	-6.361460
RIOI	-6.361460
YPAD	-6.060430
LMNO	-6.060430
SETP	-6.361460
BBSP	-6.060430
BCOU	-6.060430
BCHE	-6.361460
SJEO	-6.361460
TBUO	-5.662490
GCUT	-6.060430
DSLU	-6.060430
HGAL	-6.361460
KPIL	-6.361460
BSPL	-6.361460
PCOO	-5.759400
OLCU	-6.361460
LCUC	-6.361460
WOOH	-6.361460
WAHE	-6.361460
OOPT	-6.060430
RYOA	-5.884338
YOAR	-5.662490
ILDK	-6.361460
SCAG	-6.361460
GEKA	-6.361460
EKAL	-6.361460
LAKO	-6.361460
AKOO	-6.361460
KOOL	-6.361460
LOOH	-6.060430
LEDQ	-6.060430
IFSM	-6.060430
PSOV	-6.060430
LSCU	-6.361460
UBBR	-5.407217
BBRE	-5.407217
YTUG	-6.361460
EGOG	-6.361460
GOGI	-6.361460
WOAD	-6.361460
PIDC	-6.361460
IDCI	-6.060430
OWJE	-6.361460
WJET	-6.361460
BBSH	-6.060430
RPTW	-6.361460
TUBO	-6.361460
UBOA	-6.361460
TUBW	-6.361460
HOSN	-5.884338
AMOP	-6.361460
MOPW	-6.361460
OPWA	-5.884338
NPIG	-6.361460
EVIB	-6.060430
TWOK	-6.361460
AFTC	-6.060430
FTCA	-6.060430
DICG	-6.361460
CGUN	-6.060430
OARC	-6.060430
ICSS	-6.361460
CSSE	-6.361460
BBFI	-6.060430
BFIR	-6.060430
HBUB	-6.361460
LEJE	-5.662490
RJET	-6.060430
DVEH	-6.060430
FFAF	-6.060430
RPUF	-6.361460
IDBL	-6.060430
WSAG	-6.361460
LUPP	-6.361460
UPPU	-6.361460
HPUL	-6.060430
LUPC	-6.361460
SHSF	-6.361460
BBSL	-6.060430
BSLO	-5.759400
YCHU	-5.884338
SIFC	-6.361460
GCAL	-5.583308
TPHR	-6.060430
WABA	-6.361460
TGUS	-6.361460
HOTI	-5.759400
GOOY	-6.361460
HPIP	-5.884338
RTAW	-6.060430
OARN	-6.060430
POFO	-6.361460
TBAW	-6.361460
AWLV	-6.361460
WLVE	-6.361460
ORKV	-6.361460
RKVE	-6.361460
GBAW	-6.361460
GCRY	-5.759400
GTHM	-6.361460
RDGU	-6.060430
RNAK	-6.060430
RLER	-6.361460
PASR	-6.361460
HIFP	-6.361460
EJEO	-6.060430
RPED	-5.583308
VETT	-6.060430
WBUS	-6.361460
WEEI	-6.361460
XARM	-6.361460
RSSL	-5.759400
ALSG	-5.884338
GHOO	-5.759400
HOOR	-6.060430
WABU	-6.361460
DJUN	-6.361460
GOSY	-6.060430
HPIG	-6.361460
PIGL	-6.060430
ULKD	-6.361460
LKDA	-6.361460
KDAR	-5.759400
AWAH	-6.060430
KSVA	-6.361460
ILMO	-6.361460
JOTA	-6.361460
ACOB	-5.884338
KHUL	-5.884338
DYOK	-5.884338
TEMM	-6.361460
YADR	-6.361460
WSUI	-6.361460
RLOB	-6.361460
BBHI	-6.361460
IORQ	-6.060430
HLIV	-5.884338
VORI	-5.759400
GOOO	-6.060430
OOOV	-6.361460
CUTM	-5.759400
YMAX	-6.361460
XIMM	-6.361460
RMUM	-6.361460
KSSW	-6.060430
RPSL	-6.361460
UGEG	-6.060430
UGEO	-5.884338
ULSR	-6.361460
GRYD	-6.361460
OGSR	-6.361460
GSRO	-6.361460
OBOL	-6.361460
OLTD	-6.361460
LGIL	-6.361460
IRJE	-6.060430
WELH	-6.361460
LHIL	-6.361460
MSPL	-6.361460
RKSD	-5.759400
EJOV	-6.060430
BHEE	-6.060430
WNEP	-6.361460
KCOO	-5.884338
UCOO	-5.516362
GHGL	-6.060430
HGLE	-6.361460
MHAM	-6.361460
MSYF	-6.361460
SYFA	-6.361460
BSSI	-6.060430
BBRA	-6.361460
BRAP	-6.060430
UVEB	-6.361460
DRAR	-6.361460
OKGO	-5.884338
KGOA	-6.361460
IETB	-6.361460
MSUL	-6.361460
ASOA	-6.060430
IDFE	-6.361460
OPDA	-5.759400
NOBD	-6.060430
OBDE	-6.060430
BDEL	-6.361460
LIPM	-6.361460
ODEH	-6.361460
MRAC	-6.361460
STNT	-6.361460
TNTS	-6.361460
ELUB	-6.060430
LUBE	-6.361460
UBED	-6.361460
BBAP	-6.361460
XEMT	-6.361460
ECEC	-6.060430
TURW	-6.361460
WORA	-5.884338
ETIZ	-6.060430
ZAYT	-6.361460
UFEL	-6.361460
MSLA	-6.060430
BDET	-6.361460
PUPS	-6.361460
OKCR	-6.361460
OEMG	-6.361460
GELF	-6.060430
WONS	-6.361460
ECIB	-6.361460
CIBI	-6.361460
BILA	-6.060430
LAHE	-5.884338
ELBS	-6.060430
LBSF	-6.060430
BSFR	-5.884338
MDAT	-6.361460
EOYO	-6.361460
RIGM	-6.060430
DEBR	-5.759400
UTSS	-6.361460
FDEM	-6.361460
WIDB	-6.361460
FFDE	-6.060430
LFRY	-5.884338
FRYO	-6.060430
OBSH	-6.060430
KSDA	-6.060430
LPDE	-6.361460
PDEM	-6.361460
UGIN	-6.060430
CHOD	-6.361460
BBDE	-6.361460
BDEY	-6.361460
DEYD	-6.060430
DAMG	-6.361460
MGUT	-6.361460
DEYW	-6.361460
DEYS	-6.060430
SOGI	-6.361460
MOBR	-6.361460
KUPD	-6.361460
PDED	-6.361460
AMND	-6.361460
MNDE	-6.361460
DEYB	-6.361460
WGOB	-6.361460
WIDD	-6.361460
KTES	-6.361460
OKBO	-6.361460
KBOU	-6.361460
YDEY	-6.361460
YHEG	-5.884338
OKAW	-6.060430
KAWH	-5.884338
AKRA	-6.361460
YBOL	-6.060430
KHIN	-6.060430
DDEH	-6.361460
ANOK	-6.060430
YNOY	-6.361460
DNTC	-5.884338
TIMC	-6.361460
ICOO	-6.361460
KNOD	-6.060430
AKIE	-6.361460
KIEB	-6.361460
EJOO	-6.361460
JOOS	-6.060430
OOSY	-6.060430
OSYB	-6.060430
RRYJ	-6.361460
YJOO	-6.361460
OSYC	-6.361460
BBSQ	-6.060430
UARI	-5.662490
FEPA	-6.361460
WEHS	-6.361460
EHSA	-6.060430
KGOT	-6.361460
OIME	-6.361460
DIEC	-5.884338
MFET	-6.361460
YFET	-6.361460
JAHA	-6.361460
PDER	-6.361460
PDOY	-6.060430
UCLI	-5.884338
PEHD	-6.361460
LKSY	-6.361460
KLIS	-5.884338
NIMG	-6.361460
RGIZ	-6.361460
GIZZ	-6.361460
IZZA	-6.361460
BYOV	-6.361460
SOUS	-6.361460
OKGI	-6.361460
CHDY	-6.060430
HDYE	-5.884338
PMAK	-6.361460
GOAV	-6.361460
RKDA	-6.060430
KDAN	-6.060430
GEEJ	-6.361460
BBEA	-6.361460
EDSG	-6.060430
YVII	-6.361460
BACU	-6.361460
ACUE	-6.361460
ONKS	-6.361460
ERML	-6.361460
UBBN	-5.662490
BBNO	-5.662490
QUIM	-6.060430
MAUX	-6.060430
AUXA	-6.361460
UXAR	-6.361460
XARE	-6.361460
OILZ	-6.361460
ILZO	-6.361460
LZOG	-6.361460
ZOGR	-6.361460
GLYJ	-6.361460
LDYS	-6.060430
RTRY	-5.884338
KEOL	-6.060430
HNUT	-6.361460
ROLY	-6.060430
ZEOX	-6.361460
EOXO	-6.361460
LOSW	-6.361460
IDPY	-6.361460
FATB	-6.060430
IITS	-6.361460
WBLA	-6.060430
ALFJ	-6.060430
LFJE	-6.361460
FJEL	-6.361460
ACOC	-6.060430
WTHY	-6.060430
ODIP	-6.060430
DIPT	-6.060430
LPOT	-6.361460
MFRY	-6.361460
FRYT	-6.060430
NAXE	-6.361460
HLOB	-6.361460
AWNP	-6.361460
MEEP	-6.361460
GBUC	-5.884338
KSAM	-6.060430
HYAY	-6.361460
ETTU	-6.361460
TUBR	-6.361460
UBRU	-6.361460
CTUO	-5.320067
WLYM	-6.060430
OOBY	-6.361460
OBYI	-6.361460
ANOX	-5.884338
NOXW	-6.060430
OXWA	-6.361460
BYOX	-6.361460
YOXE	-6.361460
OXEN	-5.884338
NYMU	-6.361460
EBIP	-6.361460
BIPE	-6.361460
EDSD	-6.060430
ALSJ	-6.361460
LSJA	-6.361460
JAWC	-5.884338
EFEJ	-6.361460
FEJE	-5.884338
JEET	-6.361460
TFEJ	-6.361460
JEEI	-6.361460
DGOU	-6.060430
TGEE	-6.361460
BLOA	-6.361460
PATÉ	-6.361460
ATÉD	-6.361460
RYOX	-6.361460
YOXY	-6.361460
OXYO	-6.361460
XYOU	-6.060430
TCUS	-6.060430
LGOE	-6.060430
IXHO	-6.060430
MUPW	-6.361460
ARPW	-6.361460
RPWH	-6.361460
GGOT	-6.361460
BSET	-6.361460
KNOS	-6.361460
IRSK	-6.361460
RSKU	-6.060430
OAMY	-6.361460
AMYC	-6.361460
WREV	-6.060430
WELM	-6.361460
NDGH	-6.361460
CVIT	-6.361460
TEDK	-6.361460
KPOO	-5.759400
HUTD	-6.361460
PASP	-6.060430
ARAZ	-6.361460
ZORI	-6.361460
FFPO	-6.361460
OMTW	-6.060430
DLEQ	-6.060430
GNOC	-6.361460
RFEJ	-6.361460
JEEG	-6.361460
WATM	-6.361460
DEXO	-6.361460
CIOP	-6.361460
IOPR	-6.361460
FSAB	-6.361460
EDOX	-6.060430
DOXE	-6.361460
XENT	-6.361460
RPON	-5.884338
KSGE	-6.361460
KWEI	-6.361460
CUTR	-6.060430
WDAT	-6.361460
SKYM	-6.060430
YGAS	-6.361460
RENV	-6.060430
DYPR	-5.759400
CARF	-6.060430
ARFS	-6.361460
RFSI	-6.361460
GHOI	-6.361460
ENDG	-5.884338
FROA	-6.060430
ODOD	-5.884338
BOXH	-6.060430
OXHI	-6.060430
WADV	-6.060430
CDAS	-6.361460
GUPP	-6.361460
RIPC	-6.361460
RIPF	-6.361460
DRYN	-6.060430
YNIM	-6.361460
PCOI	-6.361460
NCOI	-6.060430
UAGI	-6.361460
TUNV	-6.361460
EFBU	-6.060430
YERF	-6.361460
FISI	-6.361460
HIAD	-6.361460
WBOR	-5.884338
FLIQ	-6.361460
THNU	-6.361460
KARR	-6.060430
CKOB	-6.361460
KOBS	-6.361460
EHIE	-5.662490
USCY	-6.361460
SCYP	-6.361460
OFPY	-6.361460
FPYR	-6.361460
HICP	-6.361460
CPAL	-6.361460
CMAR	-6.060430
RPHE	-6.060430
DOMD	-6.060430
KSEF	-6.361460
OFNU	-6.060430
FNUM	-5.884338
IZIM	-6.361460
ZIMA	-6.361460
IPTF	-6.361460
SYBL	-6.060430
GICY	-6.060430
ICYS	-5.884338
HIFU	-6.361460
SYSU	-6.361460
SURT	-6.060430
UEOT	-6.361460
RIGE	-6.060430
NNFI	-6.361460
EZEH	-5.884338
CWAT	-6.060430
DGLU	-6.361460
LVIT	-6.361460
FSTP	-6.060430
FEWV	-6.361460
EWVA	-6.361460
WVAS	-6.060430
ASEG	-5.884338
YITF	-6.361460
OVEV	-6.361460
WLSW	-6.060430
DCUB	-6.361460
BICR	-6.361460
LDAZ	-6.361460
DAZU	-6.361460
SKYU	-6.361460
KYUP	-6.361460
TMOC	-6.361460
GFUN	-6.361460
EAVU	-6.361460
KORS	-6.060430
NIFP	-6.361460
TPIO	-6.361460
DOPO	-6.361460
LEVU	-6.361460
ULGH	-6.361460
WLSN	-6.361460
GHAG	-6.361460
ACUU	-6.361460
CUUM	-6.361460
UUMB	-6.361460
URUT	-6.361460
EFSN	-6.361460
FSNE	-6.361460
ODOX	-6.060430
DOXY	-6.361460
OXYT	-6.361460
UABE	-6.361460
ERGH	-6.361460
YNXI	-6.361460
NXIT	-6.361460
RDCI	-6.060430
KILF	-5.583308
LADJ	-6.361460
GADU	-6.361460
UOYE	-5.884338
PBYI	-6.361460
RAGF	-6.361460
LMLI	-6.361460
KEAU	-6.361460
WLOT	-6.361460
RUTC	-6.060430
LMIT	-6.060430
YNXS	-6.361460
NXSI	-6.361460
XSIN	-6.361460
HOUV	-6.060430
OUVA	-6.060430
UVAS	-6.361460
HTYH	-5.884338
WGLE	-6.361460
ROTW	-6.361460
WSTT	-6.060430
EEXU	-6.361460
BYPI	-6.361460
YPIR	-6.060430
ESYL	-6.361460
LHOC	-6.361460
HOCR	-6.060430
BSUD	-5.884338
WSTP	-6.361460
GDUP	-6.361460
EZEC	-6.060430
ZECA	-5.884338
KBYA	-5.884338
UODC	-5.884338
ETSQ	-6.361460
OAMH	-5.662490
NTEP	-6.361460
CONB	-6.361460
YADH	-6.060430
MIDQ	-6.361460
UARA	-5.884338
MSBO	-6.060430
LELT	-6.060430
LEWV	-6.361460
RTPU	-6.361460
CUTC	-6.060430
WALN	-6.361460
TOGG	-6.361460
MOUC	-6.060430
NHOA	-6.361460
AZYS	-6.060430
KYEU	-6.060430
DYOP	-6.361460
NTHV	-6.361460
HVIA	-6.060430
GSEI	-6.060430
TCUN	-5.884338
GPEC	-6.361460
IELA	-6.060430
UMUN	-6.361460
SGAB	-6.361460
PESP	-6.060430
RKEX	-6.361460
DVIA	-6.060430
MIFG	-6.361460
IFGA	-6.361460
FGAB	-6.361460
MFAW	-6.361460
FAWN	-6.361460
HYEP	-6.361460
MICM	-6.361460
ABFR	-6.060430
WGAB	-6.361460
IELS	-5.759400
GUEG	-6.361460
EGAB	-5.884338
IELG	-6.361460
IELC	-6.060430
ELCR	-6.060430
FRIO	-6.361460
HBYO	-6.361460
EHOI	-5.282278
DJOG	-6.361460
JOGG	-6.361460
GELN	-6.361460
ELNA	-6.361460
HEWB	-6.060430
MGAB	-6.060430
ZYSE	-6.361460
CHEH	-6.060430
KERG	-6.060430
WOAF	-5.884338
CGES	-6.060430
EDYD	-6.361460
VINI	-6.361460
LOAB	-6.361460
ABYI	-6.060430
NYOA	-6.361460
FMAC	-6.060430
PMAY	-6.361460
ABPU	-5.884338
BPUT	-6.060430
BANS	-5.884338
IPTA	-5.884338
YTUM	-6.361460
GKEP	-6.361460
KLOC	-6.361460
AWLW	-6.361460
FESL	-6.361460
BHOL	-6.060430
LWAG	-6.060430
IPJE	-6.361460
PJER	-6.361460
ADPO	-5.759400
WPOO	-6.060430
FESI	-6.361460
NAYK	-6.361460
AYKE	-6.361460
BCAP	-6.361460
MROW	-6.361460
HGAB	-6.361460
OATK	-5.662490
TKNI	-5.662490
BSFE	-6.361460
OKGE	-6.361460
ENDQ	-6.060430
UBME	-5.458370
BMER	-5.458370
ASSR	-5.759400
OWOA	-6.361460
WOAR	-5.884338
ORDJ	-6.361460
RDJU	-6.361460
ABYW	-6.361460
OADC	-6.060430
DUSQ	-6.361460
WINB	-6.060430
SLIA	-6.060430
OUNM	-6.060430
EGNU	-6.361460
GNUM	-6.361460
EIJE	-6.361460
IJER	-6.060430
OJAM	-6.361460
JAMH	-6.361460
PLUR	-6.361460
LURA	-6.361460
AKSY	-6.361460
APIF	-6.361460
PIFY	-5.884338
UPOI	-6.361460
LDIO	-6.361460
NJER	-5.759400
ERKP	-6.361460
RKPO	-6.361460
GJEO	-6.361460
CREM	-6.060430
EMDU	-6.361460
BIDC	-6.361460
IDCR	-5.884338
BEEH	-6.361460
EHIV	-6.361460
PIEI	-6.361460
RPTO	-6.361460
GOOC	-6.361460
ANTQ	-6.361460
STYZ	-6.361460
TYZE	-6.361460
YZEA	-6.361460
MUDD	-6.361460
UGAS	-6.361460
DESY	-5.884338
SADP	-6.361460
RILP	-6.361460
TCOG	-6.361460
NACN	-6.361460
ACNO	-6.361460
CNOH	-6.361460
MYEG	-6.361460
FTEP	-6.361460
PIDG	-6.361460
RPEE	-6.361460
SGIN	-5.759400
FFUE	-6.361460
BALG	-6.361460
OALF	-6.060430
CIFE	-5.583308
RGUN	-5.662490
NEAK	-5.884338
ATKA	-6.361460
TKAN	-6.361460
KANN	-6.361460
NNAK	-6.361460
ALOM	-6.361460
LOME	-6.060430
DJAL	-6.361460
JALA	-6.361460
FBIT	-6.361460
WSBA	-6.361460
FDRO	-6.060430
GHAY	-6.060430
BBWE	-6.361460
UGAH	-6.361460
NUSD	-6.361460
GERJ	-6.060430
RJUB	-6.060430
JUBS	-6.361460
TGIN	-6.361460
JUBY	-6.361460
ROGF	-6.361460
OGFO	-6.361460
IHIT	-6.060430
WEAZ	-6.361460
EAZE	-6.361460
ZELW	-6.361460
RKFL	-6.361460
ACAD	-6.060430
CADD	-6.361460
TYSG	-6.361460
OWDU	-5.662490
WDUR	-6.361460
AMAE	-6.361460
OMVI	-6.060430
MVIE	-6.361460
UTCU	-5.759400
LPLI	-6.361460
OPSF	-6.361460
PSFE	-6.361460
SWUM	-6.361460
WUMR	-6.361460
EWGA	-6.361460
WGAS	-6.361460
SRAE	-6.060430
RAEL	-6.060430
ULRO	-6.361460
WOHE	-5.884338
YSGE	-6.361460
KCOI	-6.060430
MBOG	-6.361460
BOGE	-6.361460
OGEG	-6.361460
GEGH	-6.361460
PSCH	-6.361460
BBDI	-5.583308
TTUS	-6.361460
USKO	-6.361460
BBSI	-6.060430
SKPO	-6.060430
KPOI	-5.884338
LIFL	-6.361460
LAHT	-5.759400
TCOC	-6.361460
YONB	-5.884338
ETUC	-6.361460
GOAK	-6.361460
OAKU	-5.662490
AKUM	-5.662490
KUMT	-6.361460
OTSD	-6.361460
SWAP	-6.060430
WAPO	-6.361460
LAHD	-6.361460
HDOT	-6.060430
ILGE	-6.060430
KIFT	-6.361460
CCHO	-6.361460
KIRE	-6.361460
DYER	-6.361460
SKIG	-6.361460
KIGU	-6.361460
PEDK	-6.361460
SNTT	-6.060430
LAHI	-6.060430
AWLB	-6.361460
WLBA	-6.361460
KDUC	-6.361460
EPDU	-6.361460
PDUC	-6.361460
TIDG	-6.361460
RLOP	-6.060430
LOPT	-6.361460
AMNT	-6.361460
ILFL	-6.361460
KSOY	-6.361460
SNTC	-6.361460
DARB	-6.060430
TKID	-6.361460
KIDN	-5.662490
OKID	-6.060430
NAPC	-6.361460
APCA	-6.361460
BDOI	-6.361460
WTOK	-6.361460
BUBY	-6.361460
YFUS	-6.361460
UMPD	-6.361460
MPDO	-6.361460
UBBM	-5.884338
BBME	-6.361460
BMEA	-6.060430
UKEC	-5.662490
UPOP	-6.361460
SKSS	-6.361460
UHOI	-6.361460
PTRI	-6.361460
HYEF	-6.060430
WNPI	-6.060430
ULEC	-6.361460
NONG	-6.060430
EPWR	-6.361460
WTOI	-6.060430
TUSJ	-6.361460
LIOL	-6.361460
RVAB	-6.060430
YGOF	-6.361460
UOBT	-6.361460
UDYP	-6.361460
EPEP	-6.361460
UNAR	-6.060430
FOEW	-6.060430
OEWE	-6.361460
YCUB	-6.361460
BICF	-6.361460
CTPI	-5.884338
OXWI	-6.060430
WOJO	-6.361460
OSAS	-6.361460
PMEC	-6.361460
NEUC	-6.361460
EUCL	-6.060430
CLID	-6.060430
GRUI	-6.361460
DLIA	-6.361460
YTOQ	-6.361460
EAFW	-6.361460
AFWH	-6.361460
RTAQ	-6.361460
HELS	-6.060430
ELSG	-6.361460
ZEIT	-5.884338
IEBO	-6.361460
TKEN	-6.361460
YMAM	-6.361460
HCAV	-6.361460
OCEI	-6.361460
WLID	-6.060430
PSOA	-6.060430
CPOR	-6.361460
RTCU	-6.060430
IPSJ	-6.361460
PSJI	-6.361460
SJIB	-6.361460
JIBB	-6.060430
BBOO	-6.060430
PSHY	-6.361460
DRIA	-6.361460
RIAC	-6.361460
JAWH	-6.060430
FPLI	-6.361460
KJAW	-6.361460
SUMB	-6.361460
YHOI	-6.060430
EGDA	-6.060430
KLEB	-6.361460
NOXE	-6.361460
XEND	-6.361460
TYTW	-5.759400
WOTE	-6.060430
JOIS	-5.583308
IOTE	-5.884338
ICGA	-6.361460
CGAL	-6.361460
HOET	-6.060430
OETW	-6.361460
TCHV	-5.884338
CHVO	-6.060430
HVOY	-6.361460
ASSV	-6.361460
FIXY	-6.361460
IXYO	-6.361460
GEOA	-6.361460
UUNL	-6.060430
RMCR	-6.060430
LKYL	-6.361460
KYLO	-6.060430
DEML	-6.361460
ASUL	-5.884338
ERUV	-5.884338
RUVI	-5.884338
OGAP	-6.361460
PEOV	-6.361460
IATM	-6.361460
NWIG	-6.361460
WAMG	-6.361460
LVEF	-5.884338
ALFV	-6.361460
LBLI	-6.060430
OAKB	-6.361460
AKBY	-6.060430
KBYI	-5.884338
FWEY	-6.361460
RHOG	-6.361460
OGSB	-6.060430
UYTU	-6.361460
UFTS	-6.361460
FENI	-6.060430
YSFL	-5.884338
AWSF	-6.060430
EUMB	-6.060430
UAFR	-6.361460
LONN	-6.060430
NNAD	-6.060430
HAAR	-6.361460
AARL	-6.361460
MORG	-6.060430
ARUG	-6.361460
NHOI	-5.884338
XBAR	-6.060430
ERMN	-6.361460
NOIV	-6.361460
JAWD	-6.361460
OICT	-6.060430
INOZ	-6.361460
NOZA	-6.361460
OZAI	-6.361460
ZAIN	-6.361460
MPOW	-6.361460
JAWY	-6.361460
WADF	-6.361460
TEOI	-6.361460
NGEJ	-6.361460
GEJU	-6.361460
RMIM	-6.361460
NLUR	-6.361460
DWAD	-6.361460
KENV	-6.060430
XHID	-6.361460
JAMW	-6.361460
WBAR	-6.060430
ASHY	-5.884338
SHPO	-6.361460
OUNK	-6.361460
RICD	-6.361460
CYEV	-6.361460
STHM	-6.361460
MUSO	-6.361460
DMIX	-6.361460
UOWN	-6.361460
SSSV	-6.361460
AISC	-6.361460
UOIN	-5.759400
MBON	-6.361460
RQUO	-6.361460
WOAL	-6.060430
KTEN	-6.361460
OTAE	-6.361460
AEUC	-6.361460
CSIK	-6.361460
REAQ	-5.759400
ARTK	-6.361460
RTKN	-6.361460
SHVA	-6.361460
YVIN	-6.060430
IINI	-6.361460
MPID	-6.361460
NDOD	-6.060430
UIDY	-6.361460
SSEF	-6.361460
AGAZ	-5.884338
WIPR	-6.361460
RAYY	-6.361460
SNIM	-6.361460
UNSS	-6.060430
KLEC	-6.060430
KSEC	-6.361460
MHEV	-6.361460
HMUE	-6.361460
MUEZ	-6.361460
UEZZ	-6.361460
EZZI	-6.361460
ZINC	-6.361460
RPSP	-6.060430
EDSV	-6.361460
UPAV	-6.060430
PUPC	-6.361460
LBUB	-6.361460
ILKC	-6.361460
LKCA	-6.361460
EPCI	-6.361460
PCIS	-6.361460
RAMH	-6.361460
UBSH	-6.361460
CEAQ	-6.361460
OHEE	-6.361460
LETG	-6.361460
TCAB	-6.060430
DOOZ	-6.361460
OOZY	-5.884338
OZYO	-6.361460
ZYOR	-6.361460
HBUC	-6.060430
PMYG	-6.361460
ODPO	-6.361460
YGUR	-6.060430
EGOC	-6.361460
LTLO	-6.361460
IANU	-6.361460
PTHT	-6.060430
WGOT	-6.060430
GOOB	-6.361460
VYTA	-6.060430
YTAC	-6.060430
ROHA	-6.060430
MJAM	-6.361460
ASSD	-6.361460
LFSW	-6.361460
GOOT	-6.361460
XTAL	-6.060430
CUEO	-6.361460
PHAH	-6.361460
OOKV	-6.060430
OKVE	-6.060430
CUEB	-6.361460
OSCU	-6.361460
RMFA	-6.361460
OHAU	-6.060430
HFEN	-6.361460
OACI	-6.361460
ACIS	-6.361460
RKYP	-6.361460
KYPA	-6.361460
SHFE	-6.361460
CTUM	-6.361460
TUMS	-6.361460
HIOH	-6.361460
IOHO	-6.361460
RLAV	-6.361460
NIPU	-5.884338
IPUL	-5.884338
PURZ	-6.361460
URZH	-6.361460
RZHE	-6.361460
ZHEI	-6.361460
EIMF	-6.361460
ANPH	-6.361460
NPHY	-6.361460
PEGA	-6.361460
UPOL	-6.060430
BEPH	-6.060430
YINK	-6.060430
OMPH	-6.361460
PHID	-6.361460
EURA	-6.060430
RPHY	-6.361460
RJOL	-6.361460
GPHY	-6.361460
VYCA	-6.361460
UPMO	-6.060430
PMOU	-5.884338
WISB	-6.361460
FALP	-6.361460
EEMC	-6.060430
WPRI	-6.361460
ONTV	-6.361460
CTFE	-6.361460
HRID	-6.361460
EURD	-6.361460
IUSB	-6.361460
IUSI	-6.060430
ISPY	-6.361460
SPYR	-6.361460
YDEI	-6.361460
OCOD	-6.060430
LSKY	-6.060430
OJOV	-6.361460
YPTO	-6.361460
GFAB	-6.361460
WMAY	-6.361460
AELH	-5.884338
HALD	-6.060430
DEEO	-6.060430
WIBU	-6.361460
HINX	-6.361460
INXT	-6.361460
NXTO	-6.361460
XTOT	-6.361460
GEOM	-6.060430
RCAV	-6.361460
DELW	-6.361460
BECS	-6.361460
ECSO	-6.361460
CSOL	-6.361460
UEBR	-6.361460
EBRÆ	-5.458370
BRÆT	-6.060430
RÆTO	-6.060430
ÆTOA	-6.361460
OFDW	-6.361460
FDWA	-6.361460
UDIM	-6.060430
BRÆA	-5.884338
RÆAR	-6.361460
ÆARE	-6.361460
BRÆO	-6.361460
RÆOF	-6.361460
ÆOFW	-6.361460
FBAS	-5.884338
VEOM	-6.361460
ULIR	-6.361460
RMAU	-6.361460
LCAV	-6.361460
ECKV	-6.361460
GEIG	-6.361460
RÆTH	-6.361460
ÆTHE	-6.361460
DMAP	-6.060430
MPIF	-6.361460
RÆAN	-6.361460
ÆAND	-6.361460
EXMO	-6.361460
XMOU	-6.361460
IPJU	-5.759400
PJUN	-6.060430
AUDE	-6.361460
KDED	-6.060430
LAGI	-6.361460
MPFE	-5.407217
FEEP	-6.060430
BIGT	-6.361460
IGTI	-6.361460
GCOA	-6.361460
NDUB	-6.361460
UBIT	-6.361460
SKDI	-6.361460
BABR	-6.361460
RAUO	-6.361460
AUOR	-6.361460
KDEP	-6.361460
OTHV	-6.361460
NLAM	-5.884338
ODSK	-6.060430
EPOD	-5.759400
PIDW	-6.361460
GEHU	-6.361460
UALY	-6.361460
EJAU	-6.361460
JAUN	-6.361460
PODI	-6.361460
DMUZ	-6.361460
ZLEW	-6.361460
FGUS	-6.361460
PBUB	-6.361460
HOSG	-6.361460
OSGO	-6.361460
CSAI	-6.361460
BHEH	-6.361460
CREO	-6.060430
MADC	-6.060430
YAWS	-6.361460
WSOB	-6.361460
KLOA	-6.361460
TVEL	-5.884338
EFYP	-6.361460
FYPU	-6.361460
IGNR	-6.361460
GNRI	-6.361460
KHEM	-6.060430
OXIF	-6.361460
XIFI	-6.361460
SYAR	-6.361460
FYEB	-5.884338
TBUD	-6.060430
ASSG	-6.060430
SBUD	-6.361460
DOBO	-6.361460
OHSE	-6.361460
SUDS	-6.361460
SKDA	-6.361460
MPOH	-6.361460
POHD	-6.361460
HDOP	-6.361460
EEFL	-5.759400
GOHM	-6.361460
APJA	-6.361460
PJAC	-6.361460
QUAH	-6.361460
UAHO	-6.361460
WMYL	-6.361460
SOHD	-6.060430
OHWO	-6.060430
RDUF	-6.361460
DUFF	-6.361460
SOGS	-6.361460
OGSU	-6.361460
HDOG	-6.361460
UBBP	-6.361460
BBPU	-6.361460
BPUL	-6.361460
PLOA	-5.884338
DUPP	-6.060430
IPOA	-6.361460
POAR	-6.361460
YLUB	-6.361460
IAGO	-6.060430
FICM	-6.361460
CMOS	-6.361460
GFLI	-6.060430
AORS	-6.060430
KYHI	-6.361460
GAFF	-5.516362
LHAW	-6.361460
WKSB	-6.060430
KEKN	-6.361460
GBUL	-5.662490
ULKP	-6.361460
LKPO	-6.361460
KPOR	-6.361460
SFOI	-6.361460
KCHO	-6.361460
GTAS	-5.884338
GOOI	-6.361460
LROW	-6.361460
FFOA	-6.060430
HBUM	-6.361460
HDER	-6.361460
XESC	-6.361460
BCAS	-6.361460
BYYE	-5.884338
OGSY	-6.361460
RYKE	-6.361460
AMHU	-6.361460
MHUR	-6.060430
RAHH	-6.361460
UGAR	-6.060430
NEGI	-5.884338
RPBA	-6.361460
PBAR	-6.361460
NAFU	-6.361460
CWEI	-6.361460
DUPU	-6.060430
UPUN	-6.060430
OVEG	-6.361460
ONYN	-6.361460
RROP	-6.361460
WSSE	-6.361460
IGWE	-6.361460
MFLE	-6.361460
HEOH	-6.361460
ALFX	-6.361460
LFXE	-6.361460
FXER	-6.361460
GEPH	-6.361460
MSFL	-6.361460
CWIR	-6.361460
DTHC	-6.361460
LSFL	-5.884338
NONV	-6.361460
ALVU	-6.361460
LVUL	-6.361460
VULA	-6.361460
UNUP	-6.060430
AMSY	-6.361460
PTHU	-6.361460
DYJE	-6.361460
DMOI	-6.060430
OVIT	-6.060430
AKSW	-6.060430
BULB	-5.884338
ULBS	-6.361460
LBSH	-6.361460
MNCH	-6.361460
POTC	-6.361460
ASKJ	-6.361460
NULC	-6.361460
ULCE	-5.884338
USJE	-6.060430
FTFU	-6.361460
FGOR	-6.060430
OLYG	-6.361460
UMNL	-6.361460
MNLO	-6.361460
NGDY	-6.361460
GDYI	-6.361460
NRIF	-6.361460
ABUO	-6.060430
UOYT	-6.361460
SBYV	-6.361460
IPDR	-5.759400
EULC	-6.361460
CAWA	-6.060430
EAOW	-6.361460
AOWI	-6.361460
AKCL	-6.361460
FFME	-6.361460
PGAB	-6.361460
IPGR	-5.884338
PRYT	-6.361460
RGOF	-6.060430
EPRY	-6.060430
FYEF	-5.759400
IGCH	-6.361460
FEAY	-6.060430
CSNA	-6.361460
NDRH	-6.361460
DRHE	-6.361460
FBUO	-6.361460
YBUO	-6.361460
RTGO	-5.884338
WNTW	-6.361460
BAYS	-6.361460
NBUO	-6.361460
UOYS	-5.662490
RAUW	-6.361460
AUWA	-6.361460
KSSP	-6.361460
TBYU	-6.361460
UNSK	-6.361460
UNGK	-6.361460
HODT	-6.361460
TIMY	-6.060430
FJUP	-6.361460
NWEO	-6.361460
KITE	-6.361460
PPAN	-6.060430
WJAF	-6.361460
FFAO	-6.361460
TYSL	-6.361460
LEWW	-6.361460
OKJO	-6.361460
KJOP	-6.361460
ALYI	-6.060430
ILAK	-6.361460
LAKI	-6.361460
BTRA	-6.361460
DSTG	-6.060430
LASN	-6.060430
SVAG	-6.361460
YSTG	-6.361460
SHFL	-6.060430
HFLE	-5.884338
MPEV	-6.361460
ETUT	-6.361460
OMIV	-6.361460
LENF	-5.884338
DDUB	-6.060430
QUEC	-6.361460
WNYD	-6.361460
DOER	-6.361460
EICL	-6.361460
ERSÂ	-6.361460
RSÂC	-6.361460
SÂCE	-6.361460
ÂCER	-6.361460
HETN	-6.361460
RDOH	-6.060430
YALK	-6.361460
NOOO	-6.361460
DOOS	-6.361460
OOSG	-6.361460
OSGI	-6.361460
NOOH	-6.361460
NOOW	-6.361460
HMAO	-6.361460
MAOR	-6.060430
OOAW	-6.361460
SSTG	-6.361460
CALG	-5.884338
DOXP	-6.361460
OXPA	-6.361460
XPAG	-6.361460
BORW	-6.060430
WOSP	-6.361460
NNYR	-6.361460
SBIS	-6.361460
OPJE	-6.361460
PJEB	-6.361460
JEBB	-6.361460
ODBI	-6.361460
HOPF	-6.361460
TOOJ	-6.361460
OOJO	-6.361460
MEUR	-6.361460
RICJ	-6.361460
ICJU	-6.361460
CJUI	-6.361460
UICE	-6.361460
EXEG	-6.060430
XEGE	-6.060430
AHMU	-6.361460
GNTU	-6.361460
AYEF	-6.361460
ADDP	-6.361460
DDPO	-6.361460
SVOM	-6.361460
FNIN	-5.884338
VEHY	-6.361460
VEHB	-6.361460
EHBE	-6.361460
AOFJ	-6.060430
MEWD	-6.361460
WDIA	-6.361460
DIAZ	-6.361460
IAZI	-6.361460
AZIT	-6.361460
ZITS	-6.361460
HREB	-6.361460
AHSG	-6.361460
VEHV	-6.361460
EHVI	-6.361460
LMIR	-6.361460
KSDE	-6.361460
MOSQ	-6.060430
NYOI	-6.060430
EMRU	-6.361460
EAXL	-6.361460
AXLE	-6.361460
XLES	-6.361460
FTSB	-6.361460
ALDK	-6.361460
CTIU	-6.361460
TIUM	-6.361460
BSWA	-6.060430
DDEX	-6.361460
VREW	-6.361460
GJER	-6.361460
FISM	-6.361460
IORL	-6.361460
BBAM	-6.361460
LMFI	-6.361460
AJUG	-6.361460
PIDN	-6.361460
BLOF	-6.361460
UTSR	-6.361460
PIGO	-6.361460
BBTI	-6.060430
SJUL	-6.361460
GOLA	-6.361460
YEAV	-6.361460
WCHO	-6.361460
OWLQ	-6.361460
WLQU	-6.361460
AFFT	-6.060430
HGAM	-6.361460
TOWL	-5.583308
GPOT	-6.060430
CKPM	-6.361460
KPMO	-6.361460
PMOF	-6.361460
NTHD	-6.361460
TVAP	-6.060430
ARCU	-6.060430
RCUN	-6.361460
RGIL	-6.361460
WIMH	-6.361460
MREG	-6.361460
YAFU	-6.060430
VIFY	-6.361460
ERRT	-6.361460
BEAE	-6.361460
AERA	-6.361460
HOSY	-6.361460
NOGI	-6.361460
OGIL	-6.361460
HOFV	-5.884338
NHEQ	-6.361460
THOX	-6.361460
HOXY	-6.361460
OXYG	-6.361460
XYGE	-6.361460
MELC	-6.361460
NIFU	-6.361460
HSOV	-6.361460
WIFA	-6.361460
WBRE	-6.361460
LHEF	-6.361460
WOBV	-6.361460
LHAZ	-6.361460
HTHY	-5.583308
HYSK	-6.361460
DIEH	-6.060430
NIOP	-6.361460
HYHI	-6.060430
FSME	-6.060430
MSOB	-5.884338
CLOG	-6.361460
ROLF	-6.060430
HUTF	-6.361460
YRUM	-6.060430
GOHH	-6.361460
PORO	-6.060430
NGRH	-6.361460
GRHY	-6.361460
WHYP	-6.361460
MSPO	-6.361460
MAIR	-6.361460
LBOD	-5.759400
WYSP	-6.361460
LMWI	-6.361460
SUNY	-6.361460
UNYO	-6.361460
KFIL	-6.361460
LPRU	-6.361460
RVAP	-6.361460
CRID	-6.361460
RIDN	-6.361460
SERC	-6.060430
NPEE	-6.060430
IZEE	-6.361460
ZEEV	-6.361460
HPON	-6.361460
LPON	-6.361460
PYRR	-6.361460
YRRH	-6.060430
RRHO	-6.361460
VILJ	-6.361460
LJUP	-6.060430
MIVI	-6.361460
GDEE	-6.361460
GSAW	-6.361460
IXCU	-6.361460
XCUP	-6.361460
DIMD	-6.060430
OGWI	-5.884338
YRAY	-6.361460
BTSM	-6.060430
FTEY	-6.361460
TYSQ	-6.361460
KESG	-6.361460
HORJ	-6.361460
RJUN	-6.361460
CBOR	-6.361460
TSUT	-6.361460
EBBE	-6.361460
IUNE	-6.361460
NISK	-6.361460
RFIB	-6.361460
ILAM	-6.060430
UTYF	-6.361460
TECK	-6.361460
FGOE	-6.361460
LOPA	-6.060430
FTCU	-6.361460
MAPH	-6.361460
HROD	-6.361460
RWIE	-6.060430
NLOB	-6.361460
LOBT	-6.060430
GFIF	-6.361460
JAWN	-6.060430
LSAC	-5.759400
GAYS	-6.361460
EIRZ	-6.060430
IRZO	-6.361460
RZON	-6.361460
GUNH	-6.361460
LIEC	-6.361460
NVIB	-6.361460
CTAI	-6.060430
MSSP	-6.361460
CSAT	-6.361460
IAHT	-6.361460
DSKY	-5.662490
ILOP	-6.361460
GJUB	-6.361460
JUBA	-6.361460
UBAT	-6.361460
ULKB	-6.361460
OGDO	-6.361460
WUPW	-6.361460
GITJ	-6.361460
NIBU	-6.361460
GOSK	-6.361460
ULAO	-6.361460
LAOF	-6.361460
CCAE	-6.361460
CAEX	-6.361460
AEXT	-6.361460
MAHF	-6.361460
TRAJ	-6.361460
RAJA	-6.361460
AJAV	-6.060430
AVAB	-6.361460
VABA	-6.060430
RMAV	-6.060430
TMOL	-6.060430
GUNB	-6.361460
TUDD	-5.884338
NDAA	-6.060430
CCAB	-6.060430
MJAV	-6.361460
GMID	-6.361460
FISL	-6.361460
SJAV	-6.361460
AVAH	-5.884338
ILKS	-6.361460
EAAR	-6.361460
GGUA	-6.361460
DAAR	-6.361460
TRAA	-6.361460
AVAF	-6.361460
VAFR	-6.361460
LIDT	-5.759400
TRAH	-6.361460
GTRI	-5.884338
CORS	-6.361460
YWEO	-6.361460
WEOC	-6.361460
BPUR	-6.361460
EJAV	-6.060430
GPEQ	-6.060430
HISZ	-6.361460
ISZO	-6.361460
BTOU	-5.884338
CUSR	-6.060430
BMAR	-6.060430
THUT	-6.361460
YRAF	-6.361460
UODG	-6.361460
SHCI	-6.361460
HCIN	-6.060430
NYGA	-6.060430
IFNU	-6.361460
MNLE	-6.361460
SAGG	-6.060430
PPLA	-6.060430
WINJ	-6.361460
NJET	-6.361460
OPFA	-6.060430
PFAL	-6.361460
KCUR	-6.361460
BLUI	-6.060430
LUIS	-6.060430
HHAZ	-6.361460
GBYS	-6.060430
EMHU	-6.361460
ICCE	-6.361460
EIRY	-6.060430
IRNU	-5.884338
VANW	-6.361460
NWEB	-6.361460
HABQ	-6.361460
ABQU	-6.361460
RIGW	-6.361460
FTPE	-6.361460
TPEQ	-6.361460
WNYP	-6.361460
RDTU	-6.361460
WBOT	-6.361460
TGAU	-6.361460
ENGN	-6.361460
VIDG	-6.361460
IPNE	-5.884338
WDYI	-6.361460
ERDB	-6.361460
YRAL	-6.060430
WATL	-6.060430
NUPI	-6.361460
IKEK	-6.361460
PORU	-6.060430
AIML	-6.361460
RLOG	-5.759400
PPUR	-6.361460
ALOE	-6.060430
LOES	-5.884338
ERDN	-6.060430
AGSY	-6.361460
CSHO	-6.060430
OALY	-6.361460
UBID	-6.361460
OCIR	-6.361460
BASB	-6.361460
RIDH	-6.361460
AONA	-6.361460
FROR	-6.361460
IPMO	-6.060430
PMOB	-6.361460
MOBB	-6.060430
SALF	-6.361460
MENQ	-6.361460
UGGS	-6.361460
GGST	-6.361460
ZEAR	-6.060430
UGGC	-6.361460
GGCO	-6.361460
FFFE	-6.361460
GDRU	-6.361460
UGGT	-6.361460
MSYW	-6.361460
SYWO	-6.361460
AKSF	-6.361460
WEAD	-6.361460
YSVA	-6.361460
TUMW	-6.361460
MWEG	-6.060430
LEEK	-6.060430
AYLU	-5.884338
PODS	-5.759400
NICC	-6.361460
EDAX	-6.361460
DAXI	-6.361460
SUPK	-6.361460
UPKE	-6.361460
LWID	-6.361460
SPOD	-6.361460
REAA	-6.361460
ERDH	-6.361460
GSOY	-6.361460
OGST	-6.060430
DUSR	-6.361460
HEMQ	-6.361460
EMQU	-6.361460
ZEAW	-6.361460
LNOU	-6.361460
EEML	-6.060430
FGUL	-6.060430
ULFW	-6.361460
AYOL	-6.060430
TIRK	-6.361460
EGPO	-6.361460
TUBH	-6.361460
GCUB	-6.060430
LTET	-6.361460
UBIS	-6.361460
FEWK	-6.060430
EWKN	-6.060430
SAUA	-6.361460
JACO	-6.361460
COBA	-6.361460
KISV	-6.361460
INUM	-6.361460
BYCI	-6.361460
DOED	-6.361460
GDOI	-6.361460
OIMY	-6.361460
GWOE	-6.060430
WOER	-6.361460
OERE	-6.361460
WEAF	-6.060430
ADOA	-6.361460
FSAR	-6.361460
OGAC	-6.361460
MUSB	-6.361460
WCHU	-6.361460
ERDF	-6.361460
WDAL	-6.361460
LFSP	-5.884338
UBMA	-6.361460
GCLU	-6.060430
LMWA	-6.361460
KICE	-6.361460
RHUD	-6.361460
AKSU	-6.361460
LMGR	-6.361460
IPEY	-6.361460
WMYG	-6.060430
MHIT	-6.361460
KSSC	-6.361460
WOVA	-6.361460
KBUL	-6.361460
LKSL	-6.361460
VORW	-6.361460
DDYM	-6.361460
YRIO	-6.361460
CMOV	-6.361460
TDRU	-6.060430
AIFI	-5.884338
PDRA	-6.361460
FTYI	-6.361460
UNGV	-6.361460
RMEV	-6.361460
OENB	-6.361460
BONP	-6.361460
GSUM	-6.361460
MTHB	-6.361460
WARY	-6.361460
RAWC	-6.361460
AWCO	-6.060430
GRAK	-6.361460
CBLI	-6.060430
IOOU	-6.361460
ELKS	-6.361460
REMS	-5.662490
GVIC	-5.759400
OMGI	-6.361460
OLAV	-6.361460
MNIV	-6.361460
SROV	-6.361460
PLAR	-6.361460
LKYO	-6.361460
KYOL	-6.361460
ULGO	-6.361460
LTEC	-6.361460
ICTC	-6.060430
CTCH	-6.060430
OLHI	-6.361460
FOTT	-6.361460
FVID	-6.361460
VIDO	-6.361460
DOCQ	-6.361460
OCQA	-6.361460
CQAN	-6.361460
QAND	-6.361460
SPUP	-6.361460
IELB	-6.361460
FWIV	-6.361460
OLSF	-6.361460
TYBA	-5.884338
TPUG	-6.361460
RBIA	-6.060430
MFIE	-6.361460
AMOB	-6.060430
MOBO	-6.060430
BOFY	-6.361460
FFIG	-6.361460
HSGR	-6.361460
AKUP	-6.361460
XESS	-6.361460
DESQ	-6.361460
MARO	-6.361460
LAPR	-6.361460
AIFM	-6.361460
BOLA	-6.060430
GETL	-6.060430
PBYR	-6.361460
MSNU	-6.361460
AWAP	-6.361460
GCOD	-6.361460
NADB	-6.361460
GLAW	-6.060430
SESJ	-6.361460
ONAQ	-6.361460
YIAF	-6.361460
IAFA	-6.361460
TIIA	-6.361460
YCOD	-6.361460
HCAB	-6.361460
PHWI	-6.361460
HWIR	-6.361460
WEBI	-6.361460
GITP	-6.361460
DERK	-6.361460
ECOK	-6.361460
COKE	-6.361460
DORK	-6.361460
FFSS	-6.361460
FSSE	-6.361460
UCKK	-6.361460
CKKI	-6.060430
FFST	-6.060430
FDOX	-6.361460
DOXO	-6.060430
OXOL	-6.060430
XOLO	-6.060430
FFSN	-6.361460
WSUE	-6.361460
TMRE	-6.361460
MRER	-6.361460
NREH	-6.361460
ULYH	-6.361460
FFSB	-6.361460
TPLO	-6.060430
SERF	-6.361460
ERFS	-6.361460
RFSA	-6.361460
AIFW	-6.361460
CAIT	-6.361460
OEBE	-6.060430
PWOE	-6.361460
FSEI	-6.361460
EERJ	-6.361460
OHNB	-6.361460
HNBU	-6.361460
XASB	-6.361460
OCTR	-6.060430
HBEP	-6.361460
LMEX	-6.361460
COBE	-6.361460
ROSU	-6.361460
XHAB	-6.361460
APUT	-6.361460
CAUD	-6.361460
UDAM	-6.060430
ONLC	-6.361460
NLCL	-6.361460
LAWU	-6.361460
MALY	-6.060430
FROY	-6.361460
UACI	-6.361460
FDOV	-6.361460
QUEP	-5.884338
RTTE	-6.361460
GNME	-6.361460
NFOB	-6.361460
FOBB	-6.060430
YBYV	-6.361460
SYSI	-6.361460
YSIP	-6.361460
RWIV	-6.361460
PSTE	-6.060430
SHKN	-6.361460
LTOV	-6.361460
KPLE	-6.361460
UKEB	-6.060430
NATG	-6.361460
UKEI	-6.361460
NIFF	-6.060430
UKET	-6.361460
GNWE	-6.361460
PLOW	-5.884338
ACOG	-6.060430
DORQ	-6.060430
MPRY	-6.361460
PRYN	-6.060430
RYNN	-6.060430
YNNE	-6.060430
LISY	-6.361460
SYEQ	-6.361460
TYEQ	-6.361460
URKH	-6.361460
AWWR	-6.361460
HROY	-6.060430
AWCH	-6.361460
EPYV	-6.361460
PYVA	-6.361460
ECKP	-6.060430
OFEY	-6.361460
EAIW	-6.361460
AIWI	-6.361460
ELUP	-5.884338
LUPB	-6.361460
PWHO	-5.662490
YODO	-6.361460
OCUP	-6.361460
ILOB	-6.361460
ZEWE	-6.361460
GAYT	-6.361460
ODRY	-6.060430
DRYU	-6.361460
USDY	-6.361460
SDYS	-6.361460
AORI	-6.060430
KEOI	-6.361460
TNOK	-6.361460
HUNB	-6.361460
UBBV	-6.361460
BBVO	-6.361460
BVOW	-6.361460
YEIW	-6.060430
PPOE	-6.361460
POES	-6.361460
PPOT	-6.361460
NAJA	-6.060430
AJAI	-6.361460
LNON	-5.884338
HYIL	-6.361460
REOI	-6.060430
WIFO	-6.060430
HTRY	-6.361460
SIMF	-6.361460
LKWA	-6.361460
LBOF	-6.361460
BUDA	-6.361460
BOUS	-6.361460
BUDE	-6.361460
DEHH	-6.361460
EHHE	-6.361460
EBAW	-6.361460
UERN	-5.282278
BUDH	-6.361460
UDHA	-6.361460
NOUP	-6.361460
GACU	-6.361460
FBAG	-6.361460
BBBR	-6.361460
BBRO	-6.361460
SATV	-6.060430
ROHN	-6.361460
AWAX	-6.361460
WAXN	-6.361460
AXNO	-6.361460
XNOS	-6.361460
WUSA	-6.361460
OSIE	-6.060430
LYEB	-6.060430
YEBO	-6.060430
NFLY	-5.884338
NOHK	-6.361460
OHKE	-6.361460
BUDT	-6.361460
UTDY	-5.884338
GNEM	-6.361460
UIFH	-6.361460
ANYJ	-6.361460
NYJI	-6.361460
YJIB	-6.361460
OMSN	-6.060430
KUMI	-6.060430
WLWE	-6.361460
YPUF	-6.361460
LDAJ	-6.361460
DAJA	-6.361460
JARF	-6.361460
IMDU	-6.060430
BBFU	-6.361460
BFUR	-6.060430
LANF	-6.361460
IRIZ	-6.361460
VETV	-6.060430
WPOL	-6.361460
CEOS	-6.361460
BYIS	-6.060430
BEAJ	-6.361460
SIEU	-5.407217
IEUR	-5.407217
HSIX	-6.060430
YIMQ	-6.361460
AGOM	-6.361460
NHEV	-6.361460
WEVA	-6.361460
HESV	-6.361460
FBOR	-6.361460
AUXH	-6.361460
UXHE	-6.361460
IFTB	-6.361460
BBBE	-6.361460
BBEN	-5.884338
AYOS	-6.361460
BBFE	-6.361460
BFEI	-6.361460
UBBQ	-6.361460
BBQU	-6.361460
RPBO	-6.361460
IBSI	-6.060430
POLD	-6.060430
LOAM	-6.361460
GAYI	-6.361460
BADS	-6.361460
HITF	-5.759400
AHUE	-6.361460
ASHC	-6.361460
NEAA	-6.361460
XHAN	-6.361460
UDCO	-6.361460
BTOD	-6.361460
FAMB	-6.361460
EYAM	-6.361460
ODUG	-6.361460
DUGU	-6.361460
HPIE	-6.361460
OPIP	-5.759400
TWAX	-6.361460
WAXY	-6.361460
AXYA	-6.361460
PICY	-6.361460
POMA	-6.361460
TUMT	-6.060430
MECC	-6.361460
ECCA	-6.361460
CCAF	-6.361460
CAFO	-6.361460
OPAF	-6.361460
OINB	-6.361460
ONYP	-6.060430
IDBO	-6.361460
DYBI	-6.060430
YBIA	-6.361460
YSSM	-6.060430
TEIO	-6.361460
EIOP	-6.361460
WTRY	-6.060430
BUNG	-5.185368
FALY	-6.361460
ALIP	-6.060430
HVIL	-6.361460
SCHM	-6.361460
NEUS	-6.361460
DFOG	-6.361460
FOGO	-6.361460
GOVO	-6.361460
XTBO	-6.361460
RGTO	-6.361460
FATK	-6.060430
TKET	-6.361460
VORB	-6.361460
HOIL	-6.361460
LODO	-6.060430
CTAJ	-6.361460
TAJE	-6.060430
AJEW	-6.361460
JEWI	-6.361460
GHEE	-6.361460
GABU	-6.361460
KSCE	-6.361460
ARMP	-6.361460
RMPA	-6.361460
HJEW	-6.361460
MYRR	-6.361460
RRHW	-6.361460
DSEQ	-6.361460
PIPP	-5.516362
CKNA	-6.060430
KNAM	-6.361460
YABB	-6.361460
ABBR	-6.060430
PIPY	-6.361460
IPYE	-5.884338
PYEH	-6.361460
CMID	-6.361460
KPON	-6.361460
CSPA	-6.361460
PANB	-6.060430
RPID	-6.361460
TOMV	-6.361460
IALJ	-6.361460
DFES	-6.361460
EIWR	-6.361460
NLUS	-6.361460
YBLU	-6.361460
TFIC	-6.361460
ICUT	-6.060430
AFID	-6.361460
LODI	-6.060430
YHAH	-6.060430
DTAM	-6.361460
LUEV	-6.361460
ROPW	-6.361460
LGAS	-6.361460
GDIA	-6.361460
WNJE	-6.060430
BSAF	-6.361460
PIPW	-5.361460
PEVI	-6.361460
BBOB	-6.361460
BOBS	-6.361460
PPAD	-6.361460
PIPC	-5.884338
LFOA	-6.361460
KTAS	-6.361460
PIPF	-5.884338
POLT	-6.060430
ROON	-6.060430
BBEX	-6.361460
BEXC	-6.060430
AMNH	-6.361460
EWTR	-5.884338
PIPO	-5.884338
APFR	-6.361460
ILUT	-6.060430
UUPI	-6.361460
UJUM	-6.361460
MPMI	-6.361460
UAWH	-6.361460
ONTJ	-6.361460
PJUM	-6.060430
NTEO	-6.361460
ZONL	-6.361460
RSSK	-6.060430
TBOB	-6.361460
BOBB	-6.060430
BONH	-6.361460
BBOU	-6.361460
ISPC	-6.361460
SPCU	-6.361460
PCUR	-6.361460
LMWE	-6.060430
LMBA	-6.361460
HUGT	-6.361460
PTOP	-6.060430
PIPV	-6.361460
IPVE	-6.361460
NJEO	-6.060430
YSPY	-6.361460
DETU	-6.361460
DJEE	-6.361460
GLYK	-6.361460
DYUP	-6.361460
YUPB	-6.060430
RLDG	-5.884338
MREV	-6.361460
RJUV	-6.361460
JUVE	-6.361460
RBSH	-6.361460
BSHE	-5.662490
SAWG	-6.361460
AWGO	-6.361460
WGOD	-6.361460
OOTU	-5.662490
OEFE	-6.361460
BTOO	-5.759400
ULYB	-6.060430
TYOT	-6.361460
UIDP	-6.361460
MPSB	-6.361460
CSUC	-6.361460
MOLI	-6.361460
KEEE	-6.361460
UILS	-6.361460
ILSK	-6.361460
SIBA	-6.361460
IBAT	-6.361460
FTGE	-6.361460
SWOV	-6.060430
EYRI	-6.361460
IPEG	-6.361460
PEGR	-6.361460
ULYL	-6.361460
KYME	-6.361460
LEOA	-6.060430
EOAT	-6.361460
FRAR	-6.361460
LORP	-6.361460
ZESQ	-6.060430
RMTI	-5.884338
LYSQ	-6.060430
COLA	-6.361460
NVYC	-6.361460
VYCO	-6.361460
USSQ	-6.060430
ZEHA	-6.361460
NAYL	-6.361460
ZEOU	-6.060430
MOFK	-6.361460
EPSQ	-6.361460
PSQU	-6.361460
ERMF	-5.884338
HOOV	-5.884338
GSAK	-6.361460
KERP	-6.361460
AWAD	-6.361460
MEOI	-6.361460
OKMU	-6.361460
KEBL	-6.060430
WYAN	-6.361460
UBIE	-6.361460
FCIT	-6.361460
UISL	-6.361460
ROSM	-6.361460
LOBG	-6.361460
OBGO	-6.361460
BGOL	-6.361460
GOLL	-6.361460
LYOO	-6.060430
YOOZ	-6.060430
OZYS	-6.361460
ZYST	-6.361460
GYAF	-6.361460
NRUP	-6.361460
UPTU	-6.361460
GGUR	-6.361460
GURR	-6.361460
ERMP	-6.361460
RMPR	-6.361460
MFIS	-6.060430
KGLU	-6.361460
HOHU	-6.361460
NNIP	-6.361460
NSNI	-6.361460
SNIP	-6.060430
RTFI	-6.361460
FFCU	-6.361460
CUTF	-6.060430
AHOE	-6.361460
OEED	-6.361460
RNSQ	-6.361460
UILG	-6.361460
LGEE	-6.361460
DGAF	-6.361460
AFFM	-6.060430
FFMA	-6.060430
GPIK	-6.361460
SGAF	-6.361460
PPIT	-6.361460
DLUR	-6.361460
GVET	-6.361460
MIZI	-6.361460
RDNI	-6.361460
KIAN	-6.060430
GHAF	-6.361460
JETB	-6.361460
RETG	-5.884338
MAAC	-6.361460
JUDE	-6.361460
KKED	-6.361460
KOFK	-6.361460
KHEN	-6.361460
DSCY	-6.361460
SCYL	-6.361460
RKPE	-6.361460
KPEL	-6.361460
DRYE	-6.361460
PFAS	-6.361460
SKAR	-6.361460
CKOC	-6.361460
RBIB	-6.361460
NRYJ	-6.361460
PENF	-6.060430
KILN	-6.361460
ILNW	-6.361460
LNWE	-6.361460
HTSQ	-6.361460
YPON	-6.361460
OAPS	-5.884338
WLSD	-6.361460
MECY	-6.361460
NAPW	-6.361460
HPOT	-5.884338
LOID	-6.361460
OIDM	-6.361460
AVYD	-6.361460
VYDO	-6.361460
YATU	-6.361460
OIRI	-6.361460
SPSH	-6.361460
CBUR	-6.361460
YROR	-6.361460
CEIG	-6.361460
NFUE	-6.361460
WNSM	-6.361460
DOOO	-6.361460
OOOD	-6.361460
ALPY	-6.361460
OTYF	-6.361460
TYFL	-6.361460
FTYR	-6.361460
EKFI	-6.361460
HURF	-6.361460
IGSO	-6.361460
LDHY	-6.361460
AKYF	-6.361460
WNYF	-6.361460
CBRI	-6.060430
EYNA	-6.361460
AWRA	-6.361460
FIBU	-6.060430
GATK	-6.361460
EPIW	-6.361460
PIWA	-6.361460
ILSJ	-6.361460
UTAJ	-6.361460
AJET	-6.361460
JETG	-6.361460
DEGH	-6.361460
ILOI	-6.361460
EFSL	-6.361460
IFAC	-6.361460
MFLY	-6.361460
LLUC	-6.361460
EOMA	-6.060430
LMTU	-6.361460
OKGH	-6.361460
KGHA	-6.361460
LSUN	-6.060430
HOGL	-6.060430
EFSB	-6.060430
DECC	-6.361460
ECCL	-6.361460
CCLE	-6.361460
OEAL	-6.361460
DJAI	-6.361460
LKSF	-6.361460
EAUP	-6.361460
UPOO	-6.060430
YRAB	-6.361460
NIEE	-6.361460
IEEV	-6.361460
OEBU	-5.884338
ZEDK	-6.361460
MUGS	-6.361460
UGSO	-6.361460
UIDU	-6.361460
IEHU	-6.361460
TIOI	-6.361460
IOIL	-6.361460
YREH	-6.361460
COOT	-6.361460
OPSR	-6.361460
PRAP	-6.060430
RAPG	-6.361460
APGO	-6.361460
PGOA	-6.361460
WEXO	-6.361460
CIOE	-6.361460
IOEV	-6.361460
SKST	-6.060430
SKSL	-6.060430
MSGR	-6.361460
DESF	-5.759400
AGSR	-6.361460
WERR	-6.361460
CRUB	-6.361460
KFRE	-6.361460
LAGL	-5.884338
MSNE	-6.361460
CSPR	-6.361460
OPOB	-6.361460
POBJ	-6.361460
FAUD	-6.361460
GUSN	-6.361460
NSPY	-6.361460
HIFC	-6.361460
RRYV	-6.361460
IRYR	-5.884338
OWSJ	-6.361460
WSJU	-6.361460
LSBY	-6.361460
LDSV	-6.361460
MPSY	-6.361460
ISOH	-6.361460
SOHP	-6.361460
OHPY	-6.361460
HPYT	-6.361460
MTAU	-6.060430
GIFN	-6.361460
HTLU	-6.361460
CELU	-6.361460
PTYC	-6.060430
YCIP	-6.361460
YDOH	-6.361460
DRAK	-6.361460
CTOL	-6.361460
LUSF	-6.361460
WNAI	-6.361460
GHPL	-6.361460
ARUT	-6.361460
YRUT	-6.361460
PILF	-6.361460
CAAR	-6.361460
CTOK	-6.361460
INLU	-5.884338
NLUX	-6.361460
GGLO	-6.361460
SBYP	-5.884338
ECUA	-6.361460
CUAD	-6.361460
UADO	-6.361460
UMNZ	-6.361460
MNZO	-6.361460
NEDZ	-6.361460
EDZO	-6.361460
DZOD	-6.361460
LCOI	-5.884338
WPAU	-6.361460
NSGL	-6.060430
EEAY	-6.060430
INOX	-6.060430
NOXA	-6.060430
OXAT	-6.361460
XATA	-6.361460
LSCL	-6.361460
WSMU	-6.060430
ARKV	-5.884338
RKVA	-6.060430
KVAL	-6.060430
ATHG	-5.759400
PEIF	-6.361460
FWEB	-6.060430
AZEF	-5.884338
BBBY	-6.060430
WONN	-6.361460
RLAE	-6.361460
ERUY	-6.361460
RUYO	-6.361460
LIYO	-6.361460
FBOL	-6.361460
POPA	-6.361460
YANW	-6.361460
MOID	-6.361460
DJOE	-6.361460
JOES	-5.884338
LFJO	-6.361460
FJOE	-6.361460
LBYG	-6.361460
GOLC	-6.361460
WISW	-6.361460
NACB	-6.361460
ACBE	-6.361460
SDIT	-6.361460
HDAB	-6.361460
BOLL	-6.060430
VICU	-6.361460
ICUE	-6.361460
CUES	-6.361460
DARH	-6.361460
GEMH	-6.361460
RAMT	-6.361460
AURU	-5.884338
NDJI	-6.361460
JIMI	-6.361460
SGEM	-6.361460
IHIM	-6.060430
HESJ	-6.361460
UBOO	-6.361460
CHSN	-6.361460
SNAV	-6.060430
DDAB	-6.361460
CGOS	-6.361460
SEHP	-6.361460
EHPI	-6.060430
HPIT	-5.884338
KBYJ	-6.361460
OURZ	-6.361460
URZO	-6.361460
RZOD	-6.361460
RAML	-6.361460
MLEC	-6.361460
DOGH	-6.361460
OGHE	-6.361460
TUEW	-6.361460
AGSU	-6.361460
MVIR	-6.361460
GLIO	-6.060430
WFIE	-6.361460
YDAB	-6.361460
PAWW	-6.361460
AILV	-6.361460
ILVI	-6.361460
POPC	-6.361460
WESU	-6.361460
PIOO	-6.361460
ANGC	-6.361460
FTSS	-6.361460
ELUG	-6.361460
LUGE	-6.361460
UGEA	-6.060430
HPIS	-6.361460
WESL	-6.361460
BBOH	-6.060430
BOHJ	-6.361460
OHJO	-6.060430
IEUD	-6.361460
EUDO	-6.361460
TDOD	-6.361460
XTYC	-6.361460
YCIG	-6.361460
BBBU	-5.884338
XTYO	-5.759400
OSPY	-6.361460
PYEM	-6.361460
ELUF	-6.060430
FFSU	-6.361460
LOAA	-6.361460
OAAN	-6.361460
FEEM	-6.361460
NHAG	-6.361460
GENN	-6.361460
IPOL	-6.361460
PMYO	-6.361460
HIGU	-6.060430
HTAI	-6.060430
PPOO	-6.361460
KILO	-6.361460
MURR	-6.361460
YSGR	-6.361460
DWEY	-6.361460
BATS	-6.361460
ECAW	-6.361460
CAWC	-5.662490
WCAW	-5.662490
LDJA	-6.060430
AHAO	-6.361460
HAOL	-6.361460
AOLD	-6.361460
LNAI	-6.361460
DOYS	-6.060430
GGYB	-6.361460
GYBA	-6.361460
RKOH	-6.361460
KOHT	-6.361460
RLLH	-6.361460
LHOA	-6.361460
SHGO	-6.060430
KBER	-6.361460
KHOC	-6.361460
KUSJ	-6.361460
JENN	-5.884338
YHEY	-5.583308
EYJE	-6.361460
YJEN	-6.060430
NNYJ	-6.361460
NYJE	-6.361460
RHOE	-6.361460
BONC	-6.361460
UTSD	-6.361460
NEEM	-6.361460
SARS	-6.361460
SURC	-6.361460
ABIM	-6.361460
BIMP	-6.361460
NDYM	-6.361460
SYLA	-6.361460
MPBO	-6.361460
YAYE	-5.884338
NKDY	-6.361460
GARU	-6.361460
ARUE	-6.361460
BHOW	-6.060430
APOD	-6.361460
EAAB	-6.361460
AABO	-6.361460
ABEX	-6.060430
BEXU	-6.361460
LUKI	-6.361460
DBIG	-6.361460
MSPI	-6.060430
PHAZ	-6.060430
AYIJ	-6.361460
YIJU	-6.361460
NGIJ	-6.361460
GIJU	-6.361460
BATB	-6.361460
SHTA	-5.884338
BRIP	-6.361460
PIFL	-6.361460
NDRB	-6.361460
DRBU	-6.060430
NBUN	-6.060430
WBUN	-6.361460
OYSP	-6.361460
FICV	-6.361460
KONB	-6.361460
OXHE	-6.361460
XHEL	-6.361460
NSBI	-6.361460
SAMM	-6.060430
ABGO	-6.060430
BGOO	-6.361460
IMNI	-6.060430
FDIE	-6.060430
TOHV	-6.361460
RUMT	-6.361460
OYID	-6.361460
GBUN	-6.060430
YENP	-6.361460
SAYJ	-6.060430
KBUN	-6.361460
GYAM	-6.361460
HOBI	-6.361460
OBIA	-6.361460
BIAB	-6.361460
UNDK	-6.361460
EPTG	-6.361460
PTGE	-6.361460
EWBL	-6.361460
TIVO	-6.060430
OWLL	-6.361460
WLLI	-6.361460
EMNR	-6.361460
MNRO	-6.361460
UBUN	-6.361460
KLEY	-6.361460
IMBH	-6.060430
BHEO	-6.361460
FYBY	-6.361460
YFEI	-6.361460
DJUG	-6.361460
CEYL	-6.361460
KSDY	-6.361460
SDYE	-6.361460
YSYS	-5.884338
OPAW	-6.361460
IMIK	-6.361460
GBLE	-6.361460
YSNU	-5.884338
CETF	-6.361460
ABDA	-6.361460
BDAS	-6.361460
PUTW	-6.361460
KISY	-6.361460
LAHB	-6.361460
LAHP	-6.361460
AHPU	-6.361460
IDOV	-6.361460
IPFA	-6.361460
PFAD	-6.361460
HDOC	-6.361460
LIAF	-6.361460
IAFI	-6.361460
BYSB	-6.361460
AUSP	-6.361460
TJAP	-5.884338
KEXI	-6.361460
IPNA	-6.361460
PNAM	-6.361460
IBOA	-6.361460
FLIP	-5.458370
LIPD	-6.060430
NDAJ	-6.060430
FIEV	-6.361460
TSSQ	-6.361460
EFOT	-6.361460
UAFT	-6.361460
CORB	-6.361460
ELMC	-6.060430
POFG	-6.060430
ERSZ	-6.361460
RSZE	-6.361460
SZEA	-6.361460
HVOL	-6.361460
OOPM	-6.060430
MCOO	-6.361460
TZSW	-6.361460
ZSWA	-6.361460
SWAC	-6.361460
DDRS	-6.361460
DRSN	-5.884338
HGER	-6.361460
CLAU	-6.361460
TPOT	-6.361460
XOFS	-6.361460
EDRS	-6.361460
OKTR	-6.361460
KTRE	-6.361460
YDRS	-6.361460
NGLB	-6.361460
GLBS	-6.361460
LBSO	-5.759400
EFLB	-6.361460
FLBS	-6.361460
RKLB	-6.361460
KLBS	-6.361460
SHLB	-6.361460
HLBS	-6.361460
ITLB	-6.361460
TLBS	-6.361460
FIRK	-6.361460
ERLB	-6.361460
RLBS	-6.361460
LBST	-6.361460
XELL	-6.361460
LBSC	-6.361460
ELSQ	-6.361460
ETCC	-6.361460
TCCO	-6.361460
GENW	-6.361460
DTEX	-6.361460
XELA	-6.361460
DLEY	-6.361460
NGII	-6.361460
GIIM	-6.361460
AUXC	-6.361460
UXCO	-6.361460
NBUM	-6.361460
OFUD	-6.361460
FUDD	-6.361460
EPYA	-6.361460
OZYI	-6.361460
IPIF	-6.361460
LSKE	-6.361460
UAME	-6.361460
REOA	-6.361460
OWAU	-6.361460
WAUG	-6.361460
BBMO	-6.361460
BMOU	-6.361460
RLEC	-6.361460
RIBF	-6.060430
IBFO	-6.060430
TPIG	-6.361460
IGSU	-6.361460
UHIT	-6.361460
WVAT	-6.361460
LSIC	-6.361460
IPIB	-6.361460
PIBE	-6.060430
UBSP	-6.361460
RGIG	-6.361460
CFUL	-6.361460
QUOK	-6.361460
UOKI	-6.361460
QUEY	-6.361460
PDEY	-6.361460
LGIE	-6.361460
GIER	-6.361460
ALMV	-6.361460
LMVI	-6.361460
MVIL	-6.361460
LAAT	-6.361460
AATP	-6.361460
PUPE	-5.884338
AASE	-6.361460
LENN	-6.361460
DBAM	-6.361460
QUOB	-6.361460
GGIF	-6.361460
ICVE	-6.361460
CVER	-6.361460
RTUH	-6.060430
TUHA	-6.361460
NPUP	-6.361460
RRAR	-6.361460
CCAN	-6.361460
IBSW	-5.662490
BRÆW	-6.361460
RÆWE	-6.361460
ÆWER	-6.361460
CFLA	-6.361460
CLOW	-6.361460
JAWV	-6.361460
AWVI	-6.361460
WVIB	-6.361460
MOCL	-6.361460
ICYG	-6.361460
CYGL	-6.361460
UNDV	-6.361460
RUBS	-6.361460
GAIR	-6.361460
PETF	-6.361460
DAHM	-6.361460
RWOV	-6.361460
YIDL	-5.884338
LWOV	-6.361460
ATHD	-6.060430
RIMG	-6.361460
UOIV	-6.361460
OIVI	-6.361460
EALJ	-6.361460
TUHE	-6.361460
OKYJ	-6.361460
KYJE	-6.361460
ROIP	-6.361460
KIEM	-6.361460
LRIB	-6.060430
RIBH	-6.361460
IBHO	-6.361460
TSKU	-6.361460
CEIQ	-6.361460
NICM	-6.361460
EUMT	-6.361460
NHUL	-6.060430
ZEBY	-6.361460
ENDK	-6.361460
QUOS	-6.060430
UOSI	-6.361460
WOSK	-6.361460
UOSE	-6.361460
IBSL	-6.361460
ICFA	-6.361460
CFAN	-6.361460
TIMF	-6.361460
MTAT	-6.361460
NKPA	-6.361460
KPAG	-6.060430
OEDP	-6.361460
UAPA	-6.361460
SESK	-6.361460
ZEDG	-6.361460
LBUD	-6.361460
OLEJ	-6.361460
AWTE	-6.361460
WTEE	-6.361460
QUEM	-6.361460
GUNR	-6.361460
PNEW	-6.361460
WLAI	-6.361460
BOWR	-6.361460
WRIB	-6.361460
GRIB	-5.884338
IBSD	-6.361460
BSDI	-6.060430
EMLY	-6.361460
BSIC	-6.060430
BSON	-6.361460
PTHN	-6.361460
RIBM	-6.361460
IBME	-6.361460
IBON	-6.361460
WVAI	-6.361460
MIDU	-6.361460
MPEY	-6.361460
PEYS	-6.361460
ODDV	-6.361460
BRÆI	-6.361460
RÆIN	-6.361460
ÆINA	-6.361460
LIDC	-6.060430
VYMA	-6.361460
MBYG	-6.361460
OTAI	-6.361460
CINV	-6.361460
DHAW	-5.884338
LOPD	-6.361460
PDEC	-6.361460
LFOM	-6.361460
FOMN	-6.361460
LFOS	-6.361460
EWAP	-6.361460
UGEQ	-6.361460
GEQU	-6.361460
SLEX	-6.361460
ICOG	-6.361460
COGR	-6.361460
ULKM	-6.361460
LKMO	-6.361460
IROG	-6.361460
PHYE	-6.361460
LSGI	-6.361460
ESUV	-6.060430
SUVI	-6.060430
UVIU	-6.060430
VIUS	-6.060430
RBSS	-6.060430
FFOS	-6.361460
FDIT	-6.361460
DCIS	-6.361460
ICSD	-6.361460
CSDI	-6.361460
LYAK	-6.361460
KASC	-6.361460
NFOS	-6.060430
NLOM	-6.361460
AAMO	-6.060430
DAUP	-6.361460
AUPH	-6.361460
ECUV	-6.361460
MEUT	-6.361460
CSWA	-6.361460
EAGH	-6.060430
OSAU	-6.361460
SAUR	-6.361460
SOOW	-6.361460
WENR	-6.361460
TERZ	-6.361460
ERZE	-6.361460
RZEU	-6.361460
ZEUG	-6.361460
UGLO	-6.361460
SKSJ	-6.361460
KSJA	-6.060430
RÆAL	-6.361460
ÆALL	-6.361460
YAFL	-6.361460
RNEB	-6.361460
RNSG	-6.060430
AOSR	-6.361460
OSRO	-6.361460
MSHU	-6.361460
LEHS	-6.060430
EHSW	-6.361460
ARAO	-6.060430
AOHS	-6.060430
OHSM	-6.361460
MOSA	-6.060430
AICU	-6.361460
CUNS	-6.361460
EOTY	-6.361460
YPEP	-6.361460
ARLB	-6.361460
RLBE	-6.361460
TFOS	-6.361460
RWEF	-6.361460
QUEF	-6.060430
BEOM	-6.361460
NOSS	-6.361460
OHNL	-6.060430
HNLE	-6.060430
LERN	-6.361460
NEMT	-6.361460
VEXP	-6.361460
XPAR	-6.361460
MELS	-6.361460
EOIS	-6.361460
AYNT	-6.361460
ESYD	-6.361460
FMAH	-6.361460
HETJ	-6.361460
SILR	-6.361460
RYSY	-6.060430
NCTG	-6.361460
IODP	-6.361460
EXHU	-6.361460
XHUM	-6.361460
HUME	-6.361460
AMAO	-6.361460
MAON	-6.361460
OIFW	-6.361460
FBAN	-6.060430
WNCE	-6.361460
EYDA	-5.759400
ISKU	-6.361460
SKUR	-6.361460
KURO	-6.361460
DLAC	-6.060430
ÈDET	-6.361460
LSSC	-6.361460
STEG	-6.361460
VEHT	-6.361460
EHTA	-6.361460
IZEC	-6.361460
FPHA	-6.361460
OHSF	-6.361460
LCOA	-6.060430
VOCW	-6.361460
OCWH	-6.361460
FEVA	-6.361460
IDSS	-6.060430
PHUN	-6.361460
LPOD	-6.361460
SYOK	-6.361460
DPOD	-6.361460
VASI	-6.361460
NNAS	-6.361460
ICYF	-6.361460
CYFI	-6.361460
FLOE	-6.361460
GARG	-6.361460
YSEM	-6.361460
ULTG	-6.361460
LTGE	-6.361460
SCEM	-6.361460
RHEO	-6.361460
HEKR	-6.361460
EKRE	-6.361460
REML	-6.361460
FROT	-6.361460
RGYU	-6.361460
GYUP	-6.361460
NPIV	-6.361460
STYY	-6.361460
BHAV	-6.060430
ACMI	-6.361460
CMIN	-6.361460
RSHP	-6.361460
SOEQ	-6.361460
IEFG	-6.361460
EFGO	-6.361460
FGOF	-6.361460
CTEA	-6.361460
MEGU	-6.361460
LTYM	-6.361460
LICG	-6.361460
IMOG	-6.361460
MOGE	-6.361460
FTCY	-6.361460
TCYM	-6.361460
DSGI	-6.361460
IODB	-6.361460
ABSD	-6.060430
BSDE	-6.361460
APWA	-6.060430
MIDC	-6.361460
IRZE	-6.361460
RZEA	-6.361460
FLEU	-6.361460
WLEG	-6.361460
TUDS	-6.361460
FJAW	-6.361460
AWIV	-6.361460
WIVO	-6.060430
FFMI	-6.361460
BOFU	-6.361460
YDUP	-6.361460
NODU	-6.060430
MSYB	-6.361460
KORN	-6.361460
GAPT	-6.361460
GCAG	-6.361460
OCTS	-6.361460
BIGV	-6.361460
IGVI	-6.361460
HBID	-6.361460
WUNM	-6.060430
GNSH	-6.361460
LTEE	-6.361460
FIVO	-6.060430
OPBL	-6.361460
PBLO	-6.361460
HUSV	-6.060430
USVA	-6.060430
HEEZ	-6.361460
NBAB	-6.361460
MBSP	-6.361460
BSPO	-6.361460
TUMI	-6.361460
PARV	-6.361460
RVOS	-6.361460
VOSH	-6.361460
NPOC	-6.361460
KETK	-6.361460
ETKN	-6.361460
ZESB	-6.060430
WSTW	-5.884338
WEEZ	-6.060430
EZER	-6.060430
WLSP	-6.361460
ILFI	-6.361460
OIFH	-6.361460
HUTC	-6.361460
UIZI	-6.361460
MLYF	-6.361460
NEEZ	-5.361460
ZESY	-6.361460
WGET	-6.361460
ADLU	-6.361460
ZESC	-6.361460
NEEJ	-6.361460
EEJO	-6.060430
HTPU	-6.361460
PPOL	-6.361460
GSIV	-6.361460
ETRH	-6.361460
TRHE	-6.361460
DLOT	-6.060430
KERJ	-6.361460
EGGO	-6.361460
HYFI	-6.060430
AKBO	-6.361460
IPIL	-6.361460
RKUM	-6.361460
KUMM	-6.361460
UMMS	-6.361460
MMSO	-6.361460
IDOD	-6.060430
EKMA	-6.060430
TBUC	-6.361460
IDYA	-6.361460
MUDW	-6.361460
UDWE	-6.361460
NEHW	-6.361460
HYWO	-5.884338
PARB	-6.361460
YIHU	-6.361460
IHUM	-6.361460
OKPU	-6.361460
KPUT	-6.361460
HYLI	-5.884338
OIIS	-6.361460
WDOS	-6.361460
YSTN	-6.361460
TEOV	-6.361460
NKID	-6.361460
KIDI	-6.361460
KYEP	-6.361460
EEKG	-6.361460
EKGO	-6.361460
BIDF	-6.361460
TPRÆ	-6.361460
PRÆT	-6.361460
ÆTOR	-6.361460
AUCT	-6.361460
UEIB	-6.361460
EIBR	-5.884338
BBKN	-6.361460
BKNO	-5.884338
EERQ	-5.884338
SIRQ	-6.361460
TTYQ	-6.361460
FEBO	-6.361460
LIMS	-6.361460
BOHH	-6.361460
OKDR	-6.361460
MUTB	-6.361460
LOAI	-6.361460
OAIA	-6.361460
AIAL	-6.361460
EOVA	-6.361460
PNEX	-6.361460
MIWE	-6.361460
PSPU	-6.361460
OSAA	-6.361460
KFOU	-6.361460
NIPH	-6.361460
MAIA	-6.361460
AIAN	-6.361460
SIKO	-6.361460
IKOK	-6.361460
KOKE	-6.361460
EGBR	-6.361460
GPRU	-6.361460
FAJA	-6.060430
ABMI	-6.361460
PBUR	-5.884338
GJAP	-6.361460
PANH	-6.361460
LALE	-6.361460
AKSI	-5.884338
AKSN	-6.361460
AKYC	-6.060430
AKYS	-6.361460
LUGM	-6.361460
UGMY	-6.361460
LUGI	-6.361460
BOWN	-6.361460
KYEM	-5.884338
IPSK	-6.361460
PSKE	-6.361460
ABDE	-6.060430
BDEV	-6.361460
KNAY	-6.361460
IDOE	-6.361460
DOEN	-6.361460
DODA	-6.361460
ABAH	-5.884338
CKEX	-6.060430
EKSY	-6.361460
DTUB	-6.361460
UBEB	-6.361460
BINP	-6.361460
DSTB	-6.060430
BBEW	-5.884338
CKPL	-6.361460
URLT	-6.361460
APSV	-6.361460
PSVA	-6.361460
FINU	-6.361460
KMID	-6.361460
CMOL	-6.361460
LDYC	-6.060430
FHOO	-6.060430
WHUL	-6.361460
EMIJ	-6.361460
MIJO	-6.361460
IJOH	-6.361460
VYWA	-6.361460
MSIE	-6.361460
HLAP	-6.361460
DTAT	-6.060430
IEOR	-6.361460
HENZ	-6.361460
ENZO	-6.361460
NZOR	-6.361460
ZORO	-6.361460
NODY	-6.361460
AWCR	-6.361460
IRYH	-6.361460
OLAI	-6.361460
ZONS	-6.361460
HDEV	-6.060430
NOEL	-6.361460
EAHP	-6.361460
WEJA	-6.361460
STTY	-6.361460
OCKQ	-6.361460
OCKD	-6.361460
RTPL	-6.361460
GODY	-6.361460
OJOB	-6.361460
JOBE	-6.361460
NLID	-6.361460
WRAR	-6.361460
MAII	-6.361460
RROV	-6.361460
YROV	-6.361460
EGOY	-6.361460
GOYE	-6.060430
DIGD	-5.759400
IGDI	-5.759400
RMTW	-6.361460
DIGH	-6.361460
GHUZ	-6.361460
ZAOH	-6.361460
AOHF	-6.361460
UTBA	-6.060430
KYEI	-6.361460
MHEJ	-6.361460
TIDN	-6.361460
LCOW	-5.884338
TEMG	-6.361460
IEYE	-6.361460
CKCI	-6.361460
KCIV	-6.361460
GSGA	-6.361460
WUSE	-6.060430
OPYP	-6.361460
PYPA	-6.361460
HICM	-6.361460
LDAW	-6.060430
GOHD	-6.361460
YAWF	-6.361460
OHNA	-6.361460
DEBB	-6.361460
EBBA	-6.361460
WUNC	-6.361460
FMIX	-6.361460
WSDR	-6.361460
SMSR	-6.361460
ULSL	-6.361460
NROV	-6.361460
WBUI	-6.361460
DLAV	-6.361460
FICZ	-6.361460
BAYT	-6.361460
LHEU	-6.361460
SUGA	-6.361460
USKF	-6.361460
LTBR	-6.361460
MLIP	-6.361460
LTAO	-6.361460
OLWE	-6.361460
JOBF	-6.361460
OBFO	-6.361460
DJEA	-6.361460
OTYM	-6.361460
NOMU	-6.361460
MURN	-6.361460
KHET	-6.361460
WKNE	-6.060430
MBNE	-6.361460
BNES	-6.361460
GDIL	-6.361460
HIED	-6.361460
XTYH	-6.361460
DDYC	-6.361460
JURO	-6.361460
HNOU	-6.361460
PYNE	-6.361460
RNUR	-6.361460
NLUL	-6.361460
OSLU	-6.060430
ROHW	-6.361460
HWOE	-6.361460
OEON	-6.361460
NWOE	-6.361460
HPLU	-6.361460
GDAI	-6.361460
OEUN	-6.361460
XENC	-6.361460
OWEQ	-6.060430
YEIC	-6.361460
DANV	-6.361460
LOGW	-5.884338
ABPA	-6.060430
BPAU	-6.361460
KHOV	-6.361460
LEWC	-6.361460
LIVS	-6.361460
IVST	-6.361460
VSTA	-6.361460
UNKV	-6.361460
DPIK	-6.060430
BPAS	-6.361460
EAML	-6.060430
YANV	-6.361460
AMOH	-6.361460
AYEB	-5.759400
UNSM	-6.361460
REJI	-6.361460
FFFL	-6.361460
DNAI	-5.884338
WEBL	-6.361460
RKIK	-6.361460
KEGL	-6.361460
ABTR	-6.060430
BTRI	-6.361460
OLTA	-6.361460
WNIR	-6.361460
GIRO	-5.759400
BISN	-6.361460
YRAZ	-6.361460
ZORS	-6.060430
SUPN	-6.361460
WYSH	-6.361460
YYEP	-6.361460
LYEG	-6.361460
RBHO	-6.361460
PACL	-6.060430
ODSR	-6.361460
RBSW	-6.361460
TIZO	-6.361460
IZOT	-6.361460
ZOTE	-6.361460
EBAP	-6.361460
FHIC	-6.361460
KORY	-6.060430
BFIT	-6.361460
PEHU	-6.361460
DWOV	-6.361460
ABMO	-6.060430
BMOO	-6.361460
DOHP	-6.361460
OHPI	-6.361460
HYWR	-6.361460
RUPR	-6.361460
AMYQ	-6.361460
VETP	-6.361460
PAWB	-6.361460
AWNV	-6.361460
HUMY	-6.361460
CMOO	-6.361460
DENK	-6.361460
GOHG	-6.361460
OHGR	-6.361460
OHEV	-6.361460
OLLL	-6.361460
LMSW	-6.060430
LMSC	-6.361460
GHFI	-6.361460
HFIX	-5.884338
FIFB	-6.361460
PTET	-6.361460
OOGA	-6.361460
HYKI	-6.361460
YKID	-6.361460
BFIS	-6.361460
BBTA	-6.361460
BTAK	-6.361460
NJOL	-6.361460
BUNT	-6.361460
TOMD	-6.361460
AWSL	-5.884338
ZENL	-6.361460
TTLA	-6.361460
AULK	-5.458370
ULKE	-6.361460
RMEX	-6.361460
UMSC	-6.361460
HUED	-6.060430
GFID	-6.060430
USJI	-6.361460
JIGM	-6.361460
BHET	-6.361460
ORNG	-6.361460
RNGL	-6.361460
LJUB	-6.361460
JUBI	-6.361460
BINR	-6.361460
WOIS	-6.361460
OLMU	-6.361460
TAFU	-6.361460
PWEN	-6.361460
LRYT	-6.361460
TVIA	-6.361460
EBYU	-6.361460
YUSW	-6.361460
OOPB	-6.361460
OPBE	-6.361460
KYSU	-6.361460
PGRE	-6.060430
YMNS	-6.361460
MNSS	-6.361460
OOWO	-6.361460
LVAS	-6.361460
UNOH	-6.361460
OEIN	-6.060430
KSFU	-6.361460
OOFD	-6.361460
NGTY	-6.361460
GTYP	-6.361460
ISDY	-6.361460
OHTR	-6.361460
DHIP	-6.361460
OHHI	-6.060430
WEDJ	-6.361460
NEJE	-6.361460
KERF	-6.361460
THYU	-6.060430
MBUO	-6.361460
WLFI	-6.361460
YFOS	-6.361460
CKGL	-6.361460
RFUP	-6.361460
EMOA	-6.361460
MOAN	-6.361460
ENGH	-6.361460
FGOM	-6.361460
RAHR	-6.361460
AHRA	-6.361460
ABFA	-6.361460
BFAC	-6.361460
IEON	-6.060430
DSTD	-6.060430
CAAY	-6.361460
AAYE	-6.060430
BSEA	-6.361460
HHOI	-6.361460
VIDJ	-6.361460
GFOC	-6.361460
SYOC	-6.361460
ZONF	-6.361460
EGAH	-6.361460
BSOO	-6.361460
UHIG	-6.361460
TOYB	-6.361460
OYBA	-6.361460
TYAD	-6.361460
HYCU	-6.361460
JOTM	-6.060430
CECU	-6.361460
UVAI	-6.361460
VIDN	-6.361460
SIFG	-6.361460
UQUA	-6.361460
KNOL	-6.361460
YLOG	-6.361460
EAAY	-6.361460
LMSQ	-6.361460
TIIP	-6.361460
IIPI	-6.361460
ROUE	-6.361460
ODUM	-6.361460
OALN	-6.361460
BMUT	-6.361460
TNUR	-6.361460
FCEA	-6.361460
SCUB	-6.361460
UBAK	-6.361460
BAKN	-6.361460
GBOM	-6.361460
RKMR	-6.361460
BREG	-6.361460
BBFO	-6.060430
SOHJ	-6.361460
ILSU	-6.361460
AMYJ	-5.884338
MYJE	-5.884338
YJES	-5.884338
STYJ	-5.884338
JOKY	-5.884338
OKYH	-5.884338
KYHO	-5.759400
YHOK	-5.884338
HOKY	-5.884338
OKYP	-5.884338
YPOK	-5.884338
UDAL	-6.361460
BBCR	-6.361460
ARPH	-6.361460
OPMY	-6.361460
KSUD	-6.361460
ABGR	-6.361460
BGRO	-6.361460
RODW	-6.361460
RIFK	-6.361460
IFKE	-6.361460
FKEP	-6.361460
AASO	-6.361460
WSUD	-6.361460
AUXT	-6.361460
UXTO	-6.361460
XTOL	-6.361460
AFTQ	-6.361460
FTQU	-6.361460
KAVA	-6.361460
FTCR	-6.361460
CWAX	-6.361460
AXTA	-6.361460
TGOC	-6.361460
GOCR	-6.361460
LMYV	-6.361460
ONOA	-6.060430
ETEK	-6.361460
TEKE	-6.361460
KELU	-6.361460
KCLU	-6.361460
SGLE	-6.361460
ICJE	-6.361460
CJET	-6.361460
JETN	-6.361460
RODA	-5.884338
GOOL	-6.361460
AUAL	-6.361460
KGOI	-6.361460
NKES	-6.361460
KUPI	-6.361460
KCAU	-6.361460
BBSF	-6.361460
OGLI	-6.060430
BBAG	-6.361460
RBYF	-6.361460
WCOH	-6.361460
GPEN	-6.361460
KEAK	-6.361460
SPSF	-6.361460
WIGI	-6.361460
NEUM	-6.361460
UMOT	-6.361460
SUPC	-6.361460
UPCA	-6.361460
RDEY	-6.361460
HYRI	-6.361460
PISD	-6.361460
UBEK	-6.361460
EEIO	-6.361460
SOEE	-6.060430
IGOY	-6.361460
HLYL	-6.060430
WOEC	-6.361460
MIOW	-6.361460
TWRU	-6.361460
NSTC	-6.361460
OHOH	-5.516362
OGYB	-6.361460
UNIK	-6.361460
FOHT	-6.361460
OUOM	-6.361460
UOMN	-6.361460
TYAG	-6.361460
PUPA	-6.060430
KYIL	-6.361460
EAPW	-6.361460
EEIB	-6.361460
HSFI	-6.361460
ARBT	-6.361460
RMGO	-6.361460
BWAV	-6.361460
ABAG	-6.361460
BISB	-6.361460
IBLO	-6.361460
CELM	-6.361460
LTSS	-6.361460
ABSM	-6.361460
SIDS	-6.361460
MUPN	-6.361460
ODSN	-6.060430
TIRN	-6.361460
DHOG	-6.361460
CUDS	-6.361460
TCOW	-6.361460
COLI	-6.361460
CISA	-6.361460
RAON	-6.361460
AONI	-6.361460
ICYJ	-6.361460
TOPN	-6.361460
SKMI	-6.060430
SATY	-6.361460
REHY	-6.361460
SROD	-6.361460
TIAO	-6.361460
TYEB	-6.361460
OOIW	-6.361460
GCAB	-6.361460
DWEV	-6.361460
TMYJ	-6.060430
TOGS	-6.361460
HCOC	-6.361460
YTAR	-6.361460
ITUM	-6.361460
UMUM	-5.458370
MUMU	-5.759400
MUMS	-6.361460
RUMU	-5.884338
MUMW	-6.361460
RUMG	-6.361460
UMGI	-6.361460
MUMC	-6.361460
UMCH	-6.361460
ETDU	-6.361460
ODSJ	-6.361460
DICM	-6.361460
CMOT	-6.361460
GVEL	-6.060430
JIBA	-6.361460
RMTR	-6.060430
IFPR	-6.361460
LOAG	-6.361460
ZEBE	-6.361460
EHOC	-6.361460
CEER	-6.361460
SNEU	-6.361460
YTUB	-6.060430
GLOG	-6.060430
RYTY	-6.361460
ATYW	-6.361460
HYOW	-6.060430
WNFL	-6.361460
YSTT	-6.361460
VEVO	-6.361460
VOWD	-6.361460
HYVO	-6.361460
BSGR	-6.361460
OOCE	-6.361460
IWAK	-6.361460
KICL	-6.361460
CKSV	-6.361460
GDUM	-6.361460
MBDR	-6.361460
UBEI	-6.361460
PMRS	-6.361460
UBBG	-6.060430
BBGO	-6.060430
BGOT	-6.361460
SAYC	-6.361460
DSGU	-6.361460
SGUR	-6.361460
KPUS	-6.361460
ZEAB	-6.361460
DVAS	-6.361460
KSEM	-6.361460
FMOL	-6.361460
MOLT	-6.361460
WRAY	-6.361460
OHOA	-6.361460
WIBR	-6.361460
LMHU	-6.361460
HUSK	-5.884338
SOUE	-6.361460
GIDL	-6.361460
GYAS	-6.361460
TUEB	-6.361460
CSTE	-6.361460
FESK	-6.361460
LREQ	-6.361460
UNMU	-6.361460
MLOW	-6.060430
SMSH	-6.361460
LOTY	-6.361460
YIWR	-6.361460
IWRE	-6.361460
BISL	-6.361460
NPRU	-6.361460
ABSN	-6.361460
HFAS	-6.361460
GICM	-6.361460
ABKN	-6.060430
NROD	-6.060430
TIZI	-6.361460
DVIB	-6.361460
KYEF	-6.361460
LUNK	-6.361460
MPHY	-6.361460
GAFL	-6.361460
KSRA	-6.361460
NRIO	-6.361460
OTSF	-6.060430
OGTW	-6.361460
ZLYM	-6.361460
FYEI	-6.361460
TDIP	-6.361460
LOGH	-6.361460
OGHA	-6.361460
TYTU	-6.060430
LDOL	-5.884338
MSTT	-6.361460
UERP	-6.361460
OLLN	-6.361460
WSAP	-6.361460
EGEB	-6.361460
VIEN	-6.361460
RNJE	-6.361460
LOGC	-6.361460
GFES	-6.361460
ETUG	-6.361460
ICRU	-6.361460
LOGL	-6.361460
LUPM	-6.060430
LPEH	-6.361460
PEHP	-6.361460
FYEH	-6.060430
GONJ	-6.361460
ERKH	-6.060430
MTAH	-6.361460
ITIJ	-6.361460
TIJE	-6.361460
RMJU	-6.361460
ETCU	-6.361460
IPTR	-6.361460
PTRY	-6.361460
ZYLO	-6.361460
NLOL	-6.361460
UBOY	-6.060430
SOHG	-6.361460
IPFI	-6.361460
PFIV	-6.361460
DLYQ	-6.361460
MYEC	-6.361460
OYAH	-6.060430
TAHN	-6.361460
TSOK	-6.060430
ULSM	-6.361460
BYOH	-6.361460
OOHB	-6.361460
BOYN	-6.361460
OYNO	-6.361460
HEEU	-6.361460
NLOY	-6.361460
HIGR	-6.361460
BBAB	-6.361460
ZEDP	-6.361460
UBSM	-6.361460
BSMU	-6.361460
EMII	-6.361460
MIIN	-6.060430
YUPR	-5.884338
GPHA	-6.060430
LALR	-6.361460
UOYW	-6.060430
OESQ	-6.361460
UOYO	-5.759400
BBMR	-6.361460
BMRF	-6.361460
AHUF	-6.361460
BAUL	-6.361460
LKSN	-6.361460
BOXF	-6.361460
SCOB	-6.361460
OBSS	-6.361460
GCOB	-6.361460
GJOB	-6.361460
ALDH	-6.361460
NIKE	-6.361460
HBAT	-6.361460
JOBB	-6.361460
OBBU	-6.361460
MLOC	-6.361460
JOBO	-6.361460
BORB	-6.361460
WTEN	-6.361460
KUMS	-6.361460
OYMI	-6.361460
SOHL	-6.060430
OPIB	-6.361460
IRIP	-6.361460
IRIV	-6.361460
IRUM	-6.361460
MUMG	-6.361460
UMGO	-6.361460
LKWO	-6.361460
MDOS	-6.361460
UTSQ	-6.361460
RLEO	-6.361460
MEOA	-6.361460
KUMQ	-6.361460
UMQU	-6.361460
PTAP	-6.361460
APAH	-6.361460
UMBM	-5.884338
MBMI	-6.361460
TTAT	-6.361460
KOHH	-6.361460
HAPM	-6.361460
APMA	-6.361460
NDUI	-6.361460
DUIT	-6.361460
HELN	-6.361460
HELW	-6.060430
HOTN	-6.361460
OTNI	-6.361460
NKBL	-6.361460
FEFL	-6.361460
GSBA	-6.361460
ABSV	-6.361460
BSVO	-6.361460
BNEG	-6.361460
EWKE	-6.361460
KIMM	-6.060430
ABCL	-6.361460
BCLO	-6.361460
IFTC	-6.060430
FBUB	-6.361460
LELL	-6.361460
OPIO	-6.361460
WPAL	-6.361460
KEIB	-6.361460
CILY	-6.361460
IPIW	-6.361460
BOHI	-6.361460
YSAH	-6.060430
BWEM	-6.361460
NEML	-6.361460
RKVI	-6.361460
UEAP	-6.361460
NANV	-6.361460
BMOV	-6.361460
PCAT	-6.361460
WLAD	-6.361460
OOCU	-6.361460
LTHD	-6.361460
FYEO	-6.361460
YEOH	-6.060430
OHSP	-6.361460
AZYB	-6.361460
OHEG	-6.361460
ERTP	-6.361460
BSPU	-6.060430
MYIV	-6.361460
OWIQ	-6.361460
WIQU	-6.361460
BGOE	-6.060430
PIPD	-6.361460
PDIN	-6.361460
OLTN	-6.361460
PSFU	-6.361460
PMON	-6.361460
DDFE	-6.361460
ROLA	-6.361460
ANGD	-6.361460
GDOG	-6.361460
LUPA	-6.361460
CSIX	-6.361460
HSNI	-6.361460
WFIX	-6.361460
GSFE	-6.060430
MORF	-6.361460
YDUM	-6.361460
NOGL	-6.361460
BSEY	-6.361460
AHEV	-6.361460
WANB	-6.361460
LUNE	-6.361460
MPGA	-6.361460
PGAT	-6.361460
FDEW	-6.361460
DEWU	-6.361460
WOON	-6.361460
LLGN	-6.361460
LGNA	-6.361460
TNAK	-6.361460
KCRE	-6.060430
RIFB	-6.361460
FARP	-6.361460
RONV	-6.361460
WSFI	-6.361460
BTEV	-6.361460
YEAH	-6.361460
GOOQ	-6.361460
PEUN	-6.361460
YIFU	-6.361460
KALM	-6.361460
WKSW	-6.361460
FTCI	-6.361460
FCUN	-6.361460
KHAW	-6.361460
AWKD	-6.361460
WKDA	-6.361460
TARQ	-6.060430
ANAQ	-6.361460
UILH	-6.361460
ODAH	-6.361460
WKFL	-6.361460
KFLE	-6.361460
WSPL	-6.361460
KIBU	-6.361460
OMBT	-6.361460
NOHG	-6.361460
HUPL	-6.361460
LMCR	-6.361460
IRGH	-6.361460
WGLI	-6.361460
UOYH	-6.361460
FHAY	-6.361460
SYEF	-6.361460
YEFL	-6.361460
IALY	-6.361460
NUSY	-6.361460
WUSY	-6.361460
GAZU	-6.361460
VEAI	-6.361460
SAMS	-6.361460
PSFA	-6.361460
EDGN	-6.361460
DUNY	-6.361460
UNYI	-6.361460
UINU	-6.361460
BSCL	-6.361460
DELV	-6.361460
PYAI	-6.361460
KYDI	-6.361460
OBOV	-6.361460
IFOV	-6.361460
MHEY	-6.361460
GSKY	-5.884338
HYFR	-6.361460
HFRU	-6.361460
DYCR	-6.361460
LWIF	-6.361460
IWED	-6.361460
WWIF	-6.361460
IWID	-6.361460
NZYT	-6.361460
OLOL	-6.361460
LSYT	-6.361460
PLOC	-6.361460
HIWE	-6.361460
YMOC	-6.361460
GMOC	-6.361460
GHJO	-6.361460
ICGL	-6.361460
CGLA	-6.361460
THAZ	-6.361460
YOMY	-6.361460
NAPN	-6.361460
BOYV	-6.361460
BOYE	-6.361460
OYSF	-6.361460
BSGL	-6.361460
TCIN	-6.361460
UELR	-6.361460
ISOK	-6.361460
DJAM	-6.361460
TIDU	-6.361460
IDUR	-6.361460
BISI	-6.361460
TIBY	-6.361460
IBYH	-6.361460
LBIC	-6.361460
BICO	-6.361460
SGOM	-6.361460
FISD	-6.361460
EMOW	-6.361460
NHAY	-6.361460
MIDG	-6.361460
SSCY	-6.361460
LFCU	-6.361460
BCRO	-6.361460
EAAI	-6.361460
AAIR	-6.361460
SLEH	-6.361460
RODO	-6.361460
DOGV	-6.361460
OGVA	-6.361460
GVAN	-6.361460
ICYD	-6.361460
ASOI	-6.361460
CLIK	-6.361460
ECKD	-6.361460
EECR	-5.884338
ABFL	-6.361460
BFLA	-6.361460
LYTG	-6.361460
YTGA	-6.361460
LVAC	-6.361460
RLYJ	-6.361460
FFAP	-6.361460
BBRI	-6.361460
MBMA	-6.361460
LMBR	-6.361460
UPFE	-6.361460
PFED	-6.361460
TILU	-6.361460
ILUS	-6.361460
ECYG	-6.361460
HFOA	-6.361460
GVAL	-6.361460
YFOW	-6.361460
OSYT	-6.361460
WLSH	-6.361460
ROSK	-6.361460
PYOV	-6.361460
HRAV	-6.361460
HBEW	-6.361460
SRIP	-6.361460
LMOH	-6.060430
MOHW	-6.361460
OUGL	-6.361460
EJUG	-6.361460
EAAM	-6.361460
KMOV	-6.361460
IMSL	-6.361460
LEIZ	-6.361460
UESP	-6.361460
DSAH	-6.361460
WAWH	-6.361460
POTN	-6.361460
NOBI	-6.361460
OBIG	-6.361460
KSOP	-6.361460
FBLE	-6.361460
HYAW	-6.361460
XISI	-6.361460
GEMM	-6.361460
KSLO	-6.361460
WSFU	-6.361460
AWCU	-6.361460
HUPI	-6.361460
ARLW	-6.361460
LAHG	-6.361460
ACAH	-6.361460
ABFU	-6.361460
OEWH	-6.060430
YJAW	-6.361460
ENZI	-6.060430
NZIE	-6.060430
ZIED	-6.361460
AILG	-6.060430
ILGU	-6.361460
LGUN	-6.361460
HJAW	-6.361460
KCLI	-6.361460
FTYU	-6.361460
WLAY	-6.060430
ITVI	-6.361460
FBAF	-6.361460
CUDT	-6.361460
LWAK	-6.361460
MULB	-6.361460
TIOC	-6.361460
BHAL	-6.060430
LFSM	-6.361460
EPAF	-6.361460
DBUB	-6.361460
RNFE	-6.361460
DDYT	-6.361460
FULZ	-6.361460
ULZO	-6.361460
LZON	-6.361460
CAKI	-6.361460
DYSD	-6.361460
EABB	-6.361460
HSUM	-6.361460
EFVI	-6.361460
VASH	-6.361460
DASJ	-6.361460
DTHT	-6.361460
DYOV	-6.361460
SOOV	-6.361460
MPAU	-6.060430
PAVA	-6.361460
RHAH	-6.361460
NEOM	-6.361460
BBIS	-6.361460
YATD	-6.361460
SHDY	-6.361460
GHNI	-6.361460
HNIG	-6.361460
ULSK	-6.361460
WIMF	-6.361460
OTEU	-6.361460
GWRI	-6.361460
ERNR	-6.361460
UPTR	-6.361460
PTRA	-6.361460
PACC	-6.361460
EMPC	-6.361460
RBYL	-6.361460
LHAH	-6.361460
AWEG	-6.361460
BBIK	-6.361460
WITY	-6.361460
PEBL	-6.361460
MADF	-6.361460
MPBL	-6.361460
PBLI	-6.361460
MBUB	-6.361460
MIDP	-6.361460
GBLI	-6.361460
EMPY	-6.361460
MPYE	-6.361460
GCEN	-6.361460
YTUF	-6.361460
EAHH	-6.361460
GYEN	-6.361460
CRYN	-6.361460
YMEU	-6.060430
UPME	-6.361460
NYEH	-6.361460
KCAS	-6.361460
NEOD	-6.361460
ODDJ	-6.361460
DDJE	-6.361460
KEYN	-6.361460
RVIB	-6.361460
FRIF	-6.361460
LOOO	-6.361460
YBUC	-6.361460
NLUN	-6.361460
JETL	-6.361460
KBOD	-6.361460
CFOU	-6.361460
RNEN	-6.361460
AVAD	-6.361460
UERM	-6.361460
YFAD	-6.361460
DFAD	-6.361460
LRAP	-6.361460
EPNE	-6.361460
DTHW	-6.361460
BSUN	-6.361460
OSHR	-6.060430
EMAZ	-6.361460
DFAG	-6.361460
GTAN	-6.361460
GIRR	-6.361460
URFB	-6.060430
RFBE	-6.060430
GMAE	-6.361460
DNUT	-6.361460
NUTM	-6.361460
ETCI	-6.361460
SKBO	-6.361460
KBOB	-6.361460
AMYP	-6.060430
CUEW	-6.361460
LSAH	-6.361460
ABSY	-6.361460
BSYE	-6.361460
TUMO	-6.361460
AYOA	-6.361460
IFSA	-6.361460
DICP	-6.361460
RSWR	-6.361460
HFED	-6.361460
SYFL	-6.361460
HAPB	-6.361460
APBU	-6.361460
KTIS	-6.361460
PIPU	-6.361460
PUTG	-6.361460
BBDY	-6.361460
BDYE	-6.361460
ZEOL	-6.361460
RIGT	-6.361460
IGTH	-6.361460
ROHO	-6.361460
RUEU	-6.361460
CKVO	-6.361460
KVOM	-6.361460
LRIN	-6.361460
MNAI	-6.361460
UCAP	-6.361460
IMOL	-6.361460
LIPL	-6.361460
NKAH	-6.361460
BISF	-6.361460
DTWA	-6.361460
ABHI	-6.361460
TOWD	-6.361460
CRYE	-6.361460
WNDR	-6.361460
DYEF	-6.361460
WVAL	-6.361460
TBAF	-6.361460
USKD	-6.361460
SKDE	-6.361460
FHAM	-6.361460
KENK	-6.361460
BSWR	-6.361460
IOTR	-6.361460
OPEG	-6.361460
PEGL	-6.361460
DUEE	-6.361460
UEEA	-6.361460
UGOE	-6.060430
KSAU	-6.361460
LMFR	-6.361460
ZENC	-6.361460
LDSK	-6.361460
IUSL	-6.361460
VAHO	-6.361460
OAVI	-6.361460
BTBL	-6.361460
HAAC	-6.361460
AACO	-6.361460
RKNA	-6.361460
KNAK	-6.361460
TVIG	-6.361460
DVEE	-6.361460
WMYK	-6.361460
UNAY	-6.361460
SOIV	-6.361460
OIVE	-6.361460
RTAY	-6.361460
YEIH	-6.361460
MBYL	-6.361460
JAWM	-6.361460
WMUR	-6.361460
WHAU	-6.361460
ILGO	-6.361460
PUSB	-6.361460
WETM	-6.361460
EUPC	-6.361460
BSBI	-6.361460
BSWU	-6.361460
BDES	-6.361460
KOND	-6.361460
RUPC	-6.361460
OWDH	-6.361460
WDHE	-6.361460
WSOY	-6.361460
BOYF	-6.361460
OYFR	-6.361460
LMSL	-6.361460
RERQ	-6.361460
BYEO	-6.361460
YEMI	-6.361460
FOFV	-6.361460
FOPA	-6.361460
EADK	-6.361460
EIMG	-6.361460
WNAY	-6.361460
UEAI	-6.361460
HABJ	-6.361460
BJUS	-6.361460
ULSS	-6.361460
KTRU	-6.361460
EBBT	-6.361460
BTID	-6.361460
BTOS	-6.361460
KYTO	-6.361460
FWRO	-6.361460
EMOP	-6.361460
WIMB	-6.361460
WGRO	-6.361460
UFAD	-6.361460
WKSE	-6.361460
LAGF	-6.060430
AGFL	-6.361460
GFLY	-6.361460
KHAH	-6.361460
BSHU	-6.361460
BKNE	-6.361460
RNAI	-6.361460
IRUT	-6.361460
NYEB	-6.060430
ADCI	-6.361460
KLYU	-6.361460
IFSI	-6.361460
YSSL	-6.361460
GVEI	-6.361460
ILKR	-6.361460
EMTU	-6.361460
KCRY	-6.361460
BISE	-6.361460
IFBE	-6.361460
EAOH	-6.361460
AOHA	-6.361460
EKES	-6.361460
OOSW	-6.361460
ATAJ	-6.361460
TAJU	-6.361460
VALG	-6.361460
AWTA	-6.361460
GOOE	-6.361460
WIRO	-6.361460
AGWA	-6.361460
RFAG	-6.361460
NGAO	-6.361460
GAON	-6.361460
ABGL	-6.361460
BGLI	-6.361460
FTSM	-6.361460
DIPH	-6.361460
WROW	-6.361460
RKSJ	-6.361460
GHPU	-6.361460
LMTA	-6.361460
ELML	-6.361460
LMLE	-6.361460
OKYM	-6.361460
NADN	-6.361460
MCLU	-6.361460
HTYV	-6.361460
TUGI	-6.361460
WCRA	-6.361460
INOA	-6.361460
BAYB	-6.361460
FOEO	-6.361460
MIDF	-6.361460
WBLI	-6.361460
FWAD	-6.361460
GSPL	-6.361460
GOSM	-6.361460
LFWR	-6.361460
LMUP	-6.361460
WHUG	-6.361460
HUGM	-6.361460
KDIE	-6.361460
YYEF	-6.361460
NAYU	-6.361460
TYTE	-6.361460
UGRI	-5.884338
BORK	-6.361460
BBAW	-6.361460
BAWA	-6.361460
BSOW	-6.361460
FASG	-6.361460
POHO	-6.361460
FLYY	-6.361460
BDIE	-6.361460
LDYA	-6.361460
SOHF	-6.361460
OHFL	-6.361460
WOHS	-6.361460
BBIH	-6.361460
BIHO	-6.361460
WCOP	-6.361460
NKLA	-6.361460
GSEM	-6.361460
RFOA	-6.361460
IFTV	-6.361460
FTVE	-6.361460
CEET	-6.361460
FLUM	-6.361460
GOLE	-6.361460
UUNC	-6.361460
UNCR	-6.361460
RMDE	-6.361460
MICU	-6.361460
TFON	-6.361460
FHOH	-6.361460
OHOF	-6.361460
WINY	-6.361460
EEIR	-6.361460
REWK	-6.361460
VYEY	-6.361460
RKEM	-6.361460
TUBK	-6.361460
UBKN	-6.361460
HDIM	-6.361460
MBEW	-6.361460
UMSS	-6.361460
GFAD	-6.361460
ANAO	-6.361460
EVOR	-6.361460
PARY	-6.361460
MLYU	-6.361460
AGFA	-6.361460
YHAW	-6.361460
ASPK	-6.361460
SPKE	-6.361460
PKEP	-6.361460
CSHR	-6.361460
BWEN	-6.361460
GOEP	-6.361460
SUCT	-6.361460
GVOR	-6.361460
TEXW	-6.361460
OLRO	-6.361460
KBUB	-6.060430
LCEN	-6.361460
WLIB	-6.361460
EYGL	-6.361460
HPAD	-6.361460
WKSS	-6.361460
