[2026-10-03T23:55:38Z] chunk 0:100
progress order=qt perms=100/40320 candidates=107318484
vocab: 119 x 123 x 141 = 2063817 triples
T8 permutations: 40320
candidates: 206381700 in 23.9s (8.63M/s)

==== TOP 32 HITS ====
[ 0] -6.6876  order=qt  Q5=CLOTH Q6=BEFORE Q7=HEMETME  T8=[perm]01234567
    UTAOURELOLOASUSUMSRIASASKSUKXTOTYSXSTLOLDYLUSYZYHUVAISTUEAMKUNMHYKRTDLVDKAZEMYMICQLEHLLOWLDXEGUCBNMWLOPEYKESXHKALYIJBTDYNYMOITRITSOGDROMOPDAIZID
[ 1] -6.8532  order=qt  Q5=TIMES Q6=DAYAND Q7=SHADING  T8=[perm]01245637
    SAINEARJOBNSMSAUGUAMGELEATSYEGNEHVFFRBYFVPDISPTIPIBIKVJYOITQARSGILYSMMMDVOSEVGWFZCETIZXLGZENSHOTABPNWDRAMEMTCNMOQNSOIWINNNJAKUTPMGAXMDBSJSKGOHHO
[ 2] -6.8559  order=qt  Q5=IKNOW Q6=TURNOF Q7=JOURNEY  T8=[perm]01243576
    LLRITRILULOSONSAYRIDHADFORTPUKPMDXQWOJAWARONYMFOKKAMVIHSEEDSXAISUJSEAPGPGSFYDEMYXBSOQATZPHLYIUTRDTKXFOYCGTTUTSGMWSATRCPRWSZOOSVUENSEBHUGYZQTEBLU
[ 3] -6.8756  order=qt  Q5=INTHE Q6=TEMPER Q7=LEGENDS  T8=[perm]01246753
    JYANDUEAIRIAUILMELSANEGHAEUTOLEZBSVASTWMYINKOMRFGUDLUDANKDPHXSHOUCPIBKRJDWATANMWWOJOORKTHFGFALSOMZZNHIMCTNZVEXTIOYRTLCDPLOGSFMBCNEKQNKQZNZFBNSVS
[ 4] -6.9246  order=qt  Q5=SHARE Q6=SOFINE Q7=GILDING  T8=[perm]01247653
    RCSUSESITELSARERTOUTRBRDSTWBHPEHIXADOPYZQPMIAJOGLOUSELIBILTOCBAGCTAVMACTRLLMWDDHGYVRAFOMWNGRSHKAFUVPEEJQPQMOWBSOXRUQSEZSQFLEUDYUBKOSAWMVLJHAFUIY
[ 5] -6.9552  order=qt  Q5=BRASS Q6=ASHORT Q7=AREONLY  T8=[perm]01234576
    TCDCHDERESFISANSILEPIPTPIWDAPPLYCOIUORIYFBWBNCINVIOTNVVYSIWUBIHYQIXMABAHSJJGLHMMHUJZTAKUSAUKLMUJKOUIZBELLBEMPFROVLOYAPSCOTQHXURKAQLEMEPMRNDPUZLX
[ 6] -6.9628  order=qt  Q5=SHARE Q6=SOFINE Q7=GILDING  T8=[perm]01245673
    RCSUSTSVTELSAMEDTOUTRWRUSTWBHSEEIXADOEYLQPMIANODLOUSEOIQILTOCTALCTAVMOCSRLLMWJDBGYVRAXOSWNGRSSKIFUVPEDJUPQMOWJSWXRUQSKZLQFLEUMYGBKOSAIMTLJHAFSIL
[ 7] -6.9783  order=qt  Q5=MONTH Q6=THATIF Q7=WHICHIS  T8=[perm]01245736
    ADRTBUSCAUDIRGYENNUARALESDIEOPSFCDIOLMQNJMXIENYAWCIQTYNGNLAEKBOBENNZXQNJNSQTLNDIAWMJVTZJZNDOKJUVRAHHONAEFCSNWOKYSXVEUPJCEHEMKFDHFCXDTNINOTLOURGA
[ 8] -6.9797  order=qt  Q5=LEDME Q6=HAIROR Q7=IWORKED  T8=[perm]01256734
    SYFROVOAYEPBETVSAUEUWORMASONOFAUXPXZMMSGONOZOYBOURZRDYVLGQGASAAOIIEPOYAFYAPFSLMCBBICFJNDCEWHEJVVINKELHUBPURWAVTUAFZRIZBONZQUIJBUKWWNJNEALFWEIBTF
[ 9] -6.9850  order=qt  Q5=OTHER Q6=GILDED Q7=INBOOKS  T8=[perm]01267534
    NOPUTXYVECORNISPOTHBEGHDHOUDSDUNGFSYTHAXVUYYDARKAPGVVZASMEETHQZSWIIFUTNEVYSKENKWHRJEWCBUOWHGCEWNBEOJQZUNIXSAEVMRWHARIBNIDUDHTHFKYQXYLIVEHQJLZZDX
[10] -7.0009  order=qt  Q5=ITAND Q6=QUENCH Q7=SUNRISE  T8=[perm]01273465
    EWOROFFLASRTHUNDVEIYODGSYOUSSXFUJIQOSNRVBFEIGRNQGWAJBTBKAAQLISLMHJFRECJEEMNABOANHBNSFUTDITMBRYRVUAFURZTAAHSAPQASIKSTYCGLLTRUDYDUISSDMTKSQGUBKMTC
[11] -7.0046  order=qt  Q5=INSIX Q6=ANSWER Q7=ITINTOA  T8=[perm]01243576
    IRICFMHAAMAGUSRTCALLTEMNCMFASESCAJBCDEKAAHJFYVYCBYPREOJPHUKXDVMNIAMIXNBVPSUTSDSCRKNRLDFJYTCFXGORQHFQFORAYRSZZVHJOBCHMXBFUUISTFREYVICGAJIEFGKAFTT
[12] -7.0059  order=qt  Q5=LETME Q6=ALLOYS Q7=METMEAT  T8=[perm]01267435
    DTLSILPRFBIMPANTEOAITOIEWEARYINWLPALVIGGFQIRUVWABHCXRLVQBBLETYERTERHOPGJJSJFITAIINYDFAOWRDDRBSCOKUUNUCOPAHJZKRZRGNAKNZWSFJASIIBJZYIMIWQBPYBASCAB
[13] -7.0070  order=qt  Q5=WEEKS Q6=TURNOF Q7=INBOOKS  T8=[perm]01267354
    DMVIOFTNFUNNONLYTOBICOWNMATTWPFSSHARSMBDDFHGUKKRRMEGOREBROYJOHMBXULDVIAYBALJDPQFFEZTRRLIVJONYQXZDBSKBMAXKWOFOAJESWECXVDBRBPEOZHWPSFAPSADGUDZWJNA
[14] -7.0074  order=qt  Q5=WOUND Q6=STRAIL Q7=GOODBYE  T8=[perm]01253674
    DPITHCLCASTALOWEPEDWTARCAUBTVISUNOHGXDUAXBTVQAZARAZISPASCUYOKZSAXNJERVVNZKDIRMYVAKPPWOEKJOXLSCOZFDIWRUCULEITOMLJHGBTRLGFGBHHINEDGCZDFWHATPGZZKLN
[15] -7.0164  order=qt  Q5=LASTA Q6=BEFORE Q7=THROUGH  T8=[perm]01256743
    WEWAMDEMYIPANDHENEDBAJMKGADMOILLDEYBPVNMACKARQUWEFEGSETCOPCHKODKSCLELXVIJGIWNVUGAGUWNUTSSPZEITKLWIYMRTDJSYMVVROLKZGBFWVDBPWFNYPTUNSNHHRAUEITSLJF
[16] -7.0216  order=qt  Q5=TELLS Q6=MASTER Q7=SOTTILE  T8=[perm]01253476
    XQIIAPALTHADUTYAYENCUESYOTBESCLMEUVPLFGASMPUECZFLIGGNHEVOYCOYRPNSPTOAPYPMOYVZNMXRJVUMUOGIDOIFIFROENTZEQOJHGZTFGGPORKKCYGQKNFRYAEEVIODPATBJHKJWTL
[17] -7.0228  order=qt  Q5=TOOLS Q6=GILDED Q7=IWORKED  T8=[perm]01245763
    QKINBINTRADODUBDALGARCEDGECMTTMNRUWEZIWCFJEANCORWXDSTOHVLJBQNEHWHNMPOMJCBKSALLHSNOHIPBESTAEXUAPKVJZOAPYRSZRQCKAMSTOUZIHRAWWIJXAMZNTXOGVELBZOAFMT
[18] -7.0247  order=qt  Q5=FORGE Q6=ITINTO Q7=IWORKED  T8=[perm]01245376
    DEUSDFLRANCEFDOMHKIJUKERSHEDITETAJZNWTEYEUGGJMRTZTTVIHIMNENVCVEZJJJJETMGDIPJXKAUGVZQVERLIARJRYLTQOOLSBYMPBBSESYOLGXIRDHUWBPPMUAFOOPCAYRSXLRARPKQ
[19] -7.0259  order=qt  Q5=IKNOW Q6=TURNOF Q7=JOURNEY  T8=[perm]01243567
    LLRITRILULOSONSAYRIDHAURORTPUKKUDXQWOJZOARONYMWQKKAMVISHEEDSXAXWUJSEAPDSGSFYDERNXBSOQAJGPHLYIUMGDTKXFOTAGTTUTSFNWSATRCHJWSZOOSQWENSEBHGUYZQTEBQM
[20] -7.0277  order=qt  Q5=TRIED Q6=STRAIL Q7=TOAREAL  T8=[perm]01245637
    FANYIFIXITSLEOSTOKIPDRATJEARLEWEVBBAYHFFFSNRPFKWPJMPJNYRVRBMITSIXDPJODXKPLAWDEDECRTNLEGPUKEFNHHREDSXRKFVEGNKVVOIPUSLBFIDSDPEFDXMNMILUIHSLSJBBEUA
[21] -7.0312  order=qt  Q5=MAKES Q6=STRAIL Q7=PATIENT  T8=[perm]01237456
    ZZEMANTAGETTVRDOYRIPNALASWIDEDILEVZYOXGJFGCZJAPHJUYPUOUSLHEXTJSUKZCCJPGGUPEZSUBAAUAOACHYUMDKSZWNNFAAAAREYKENEMYPNNGDGKEIJATIURKEVBRJQXDOWUTPDMLA
[22] -7.0332  order=qt  Q5=TELLS Q6=MASTER Q7=SOTTILE  T8=[perm]01253467
    XQIIAPALTHADUTYAYENCUELLOTBESCHUEUVPLFOISMPUECDRLIGGNHPTOYCOYRFDSPTOAPZSMOYVZNRIRJVUMULRIDOIFIKGOENTZEVPJHGZTFFHPORKKCGYQKNFRYOGEVIODPZFBJHKJWAH
[23] -7.0359  order=qt  Q5=WHICH Q6=FILLED Q7=KRYPTOS  T8=[perm]01243567
    LGBEVRILOUICALIOROMOFEWMTHSORIPEGYNAGNPOZELZHDMSDOGZMYGBWUNIWOBEYPBDNDFXYSQYFANRXEDZECOLBOWDAFNVQDVGLLIIYHHQJDQPEBRKFUKLELEMHVHEDYAOKSDBSQHIPKEH
[24] -7.0391  order=qt  Q5=SMELT Q6=THESUN Q7=THESAME  T8=[perm]01247365
    FWCDNTHEJANPSTRETWISTETMNPUFOSNOQMHVTTXWNNZBUMRYOFWJCCMRUWMDNGGIIYCITYINOVAYNXSMMILRZMXRGNLTTZJAEDJQIRXVGFGYGITFRTDSESPHWOMORSHCZQERAIGEIFRPVXVB
[25] -7.0415  order=qt  Q5=WROTE Q6=TEMPER Q7=LONGAGO  T8=[perm]01254376
    BKKNEHEHOUOFINKIWHYANEMKOIDRETWINGWDTOOELBMAYBLYXUBYPCXOMIAHBECVRUNXCOXGPONNTQNKGCFFMXHLDCSEEHXJAZCZMFYMOEWMKEFTTMUEIKUWILDUGIQNWCTIQRJWCDNOMBRU
[26] -7.0425  order=qt  Q5=OFTHE Q6=VIENNA Q7=TOOLSOF  T8=[perm]01267354
    UEVIETOLYNEVIOGBMOREEITGCTHOSLIZYUBCRBXTCDHNCSDBITAIFLCKRKPTTHCONUFVNTVQKGRPIKYJBCGIIGCDNEZCGCNUFINCIDUEOKTRGANTDYLUFXYNIJHVAJSXBIISFCSOFSZQJPIF
[27] -7.0460  order=qt  Q5=INTOA Q6=ASTONE Q7=TIGHTLY  T8=[perm]01234675
    KPURDTEABPTOCASEPTRYMETUOOYDIDORESVDZLYJGCPUKYEIWLQDUSQURTTTJUPSGZWDMCCRABHSAGOIBMRNSJFITZHEJDKLBBCKXKPMKTGFUWAGDWYFHISTDDXTOHOIJDAFUCTCBTEYRWVC
[28] -7.0478  order=qt  Q5=WROTE Q6=QUENCH Q7=GILDING  T8=[perm]01253467
    VSCATUGBYADAPREIRTTHUZUTMWESHASEMLLJIWAUGGSDHUVXKIOURHQUPIEAAULRNDSPGARNIXMFCEYCWEBNTTCMTJBTCKLAEAQKUYSKTZIECNFADUAGOTKPICQDVQSRSVXKMUOLHIWOEBBB
[29] -7.0491  order=qt  Q5=WIRES Q6=BEFORE Q7=USEDATA  T8=[perm]01237546
    KEMZARLAPSMSAMAPRELEBROSCIEBALRAPGDEPYAVDBHNMIGBEVGJSVBLSJMCBCLOINTONPTFERTEMZANVNCBPBHBGGKNYGJXXRTDEBYNHOMLDNRQHKTPMVVPDEWUPQXTTIHPKGKUBTLNCSWM
[30] -7.0532  order=qt  Q5=TIMES Q6=DAYAND Q7=SHADING  T8=[perm]01245673
    SAINEARJOBNSMSAUGUAAGELVATSOEGNBHVFQRBYTVPDTSPTKPIBWKVJQOITEARSVILYCMMMAVOSYVGWUZCEMIZXPGZEOSHOMABPLWDRCMEMOCNMTQNSQIWITNNJCKUTRMGASMDBXJSKDOHHB
[31] -7.0535  order=qt  Q5=INTHE Q6=TEMPER Q7=LEGENDS  T8=[perm]01246357
    JYAEDUEIIRIBUILLELSDNEGEAEUROLEYBSVMSTWAYINLOMRUGUDJUDAQKDPJXSHPUCPGBKRMDWATANMWWOJRORKBHFGNALSXMZZNHIMCTNZZEXTFOYRULCDFLOGZFMBJNEKKNKQNNZFTNSVD
[2026-10-04T00:01:18Z] chunk 0:100 exit=0
[2026-10-04T00:01:18Z] chunk 100:200
progress order=qt perms=100/40320 candidates=107318484
vocab: 119 x 123 x 141 = 2063817 triples
T8 permutations: 40320
candidates: 206381700 in 24.5s (8.43M/s)

==== TOP 32 HITS ====
[ 0] -6.7352  order=qt  Q5=JUSTA Q6=QUENCH Q7=ISNOTMY  T8=[perm]01342756
    RUTHOZTWECAGUNGSOBEWPUMORININGHNYMVONFQUUTCGDAYIELZURVAFAWDIVFMRSIXSLMCSFPZYESYECYLUUURMIURALOFSMLIJCSHRNTEREAURATUGECKVOGKNDBFYTOOMOYKYZZBDRNYC
[ 1] -6.7427  order=qt  Q5=INNER Q6=SUBTLE Q7=BETWEEN  T8=[perm]01274653
    WMECEDUPYNWORUTCHSISWNUSPCTRALIDEAGSTHCXUMENEOSSRTQZZEAMNQCYDUNGZBIXHVACYTCYMPTLUFQECLLLNEXERYZPIGUYCNBDERNSASCXNUMBPMERITVJNUYNIBYCJYDDRBFUNOMX
[ 2] -6.8274  order=qt  Q5=METME Q6=HETOOK Q7=UNRAVEL  T8=[perm]01342675
    ZYOFGMWELEANDKETEVEDNYHOROLJPGAENZAEVXVQTGEVOSISHLLEOFIXMKMWBTHYNNFKLJPJFWDUDAAMFBTSLTSVGFJUGCLAIHYGPKTSADFCRVDSALINDUMQVZARLAISIGIWXKVMEWARKRVH
[ 3] -6.8436  order=qt  Q5=EIGHT Q6=MASTER Q7=SAWSUCH  T8=[perm]01327645
    LHCMEKMHOWEISEOIOGOWNHEROLLECOHICSESMWZEAEDJHISRLLWFHJQKRTHTVSSMSPEVLRNUPSFORFNGMSTFDRTRFQWDUMNSCFRARVMIIAAPRBLHASYODINTEPNAJJVUUVJQWWGVYHYIJDEP
[ 4] -6.8673  order=qt  Q5=JUSTA Q6=QUENCH Q7=ISNOTMY  T8=[perm]01342765
    RUTHOZTWECAGUNGSOBEWPDPORININJENYMVONQFUUTCGDVGIELZURTZFAWDIVPRRSIXSLUSSFPZYEWEECYLUUCGMIURALLKSMLIJCTJRNTEREBQRATUGEXEVOGKNDDDYTOOMODMYZZBDRJOC
[ 5] -6.8852  order=qt  Q5=ROUTE Q6=THISIS Q7=SMELTED  T8=[perm]01354276
    ISMIDAYSUKHEREHUWITAGIEPRECOMFRTCFIEGQTEEQVBGWFCNPLSOAKNYCCAASLTDQUXHWRLUXYELDSOBORUPTUQCSZGENJDORNGMZILPIOYVEGMUKSWLCFPXMBSERRGBYDWZCSXWMGOYHIF
[ 6] -6.8973  order=qt  Q5=PEACE Q6=SOFINE Q7=GILDING  T8=[perm]01347652
    TFEBSHCIVEHIANETAOCBTERYSARASPHLIJWWBPQZWSDIANBGCOVEECIEMLMCFEAOCAVDDAFARCQMKDYHJOABAIBMINECSSKDIUDAHHJFPWUOIBCBXNAECELSWIGAUGOUKKGTAIMZQJYEIXIQ
[ 7] -6.9262  order=qt  Q5=BERNE Q6=TOWORK Q7=SURGEON  T8=[perm]01354672
    BSVOLFOCUEXTRVAFINOVIDNTOSTLLIREHTCDTAVOXEZZIUTIUFKELLOFHRJLNIVJUPUQWISHZVGEJDHXWNNPPPGNRMYJQIIYOUVECPYLFCAFEGATPHZPVDNCHOOEOLHGUATPDPRYCEBOGSPA
[ 8] -6.9357  order=qt  Q5=LEDME Q6=HIDDEN Q7=ASKWHAT  T8=[perm]01342765
    HEQLITMAXAFBBCMHSANDREWOEDIMEACLIXHACIAJPANOKFELRRZAPRFIKYGHLTVTKYVXIXEEAPFULVPSLEVKOHLOIWTOHOYJNLDUZLBTHQNEEKOMCEJKFHNUDVOTIYBTDMMBODIPISEDCCMX
[ 9] -6.9437  order=qt  Q5=SHORT Q6=THESUN Q7=WRITTEN  T8=[perm]01342657
    NHCOVEYONPSINFCATOTHVAITUSAFYJIEPIVYUXCKKIMYLOHRGNHNLQSGSJOHVATAYXVHRLWIAHYSIQKZQVGYSLBESKDGWZETVBDEECOMONEROLIRHAMOMTLUDOYCBVQVEVPROTHWUUBPPMLF
[10] -6.9601  order=qt  Q5=BEGUN Q6=CHISEL Q7=ATURNOF  T8=[perm]01357246
    YHJHXUISMBRONMONEYNOIBESTICERAOLYRCMBMPVHRXOMSUIUQXJNJNXUOFTDSWBQMKLOGWFHWODASXNLDNLPEOTANESIMYUKARNSXPONALIBHFMSFCSAWWXKYSKOAILADMFBLFZEKWUCVLE
[11] -6.9687  order=qt  Q5=AREAL Q6=REFERS Q7=HAVELED  T8=[perm]01354672
    TXYGORRESTRYHETUTOHTDSWITUNDULDLCTFWOVUGNXDNZMBNNMKQCLVJRZAALGSHPPDXHFZSWTFKCFLLELPMMFGOAKIFCKELFHEGICILKVORYUGLEBRKEHHISHBENUNEWWZRFRQYUILYLXXI
[12] -6.9803  order=qt  Q5=PEACE Q6=FODDER Q7=FURNACE  T8=[perm]01362754
    ZSVTMBLIMSTAMUSGOSEMILNOLIGHEAOOZOABVNYWIMNCHIMDOSXSIRISUJUDIUBBEAYMUHXHEKNAZURICMWQLCIFOGGDURZPNWHSPIRUAPTOKJMEAWLYGKJBEOFQEZCYMVGXQJLJNBQGEWXP
[13] -7.0036  order=qt  Q5=THREE Q6=MYHAND Q7=STILLMY  T8=[perm]01346752
    XWLATISTPUSEYOSSSONFFWISGAWSEISALWBTTHXJWIERANKXSITMDSELQJMPWFZIQCKLAKINWPJKBXHTSBHMYYAWEUCJUHMCRIGKIOCGFEPHQCEQEPWSYKCOULDEVXDYXRDPFWOTDUIZNHIQ
[14] -7.0101  order=qt  Q5=LEDME Q6=HIDDEN Q7=ASKWHAT  T8=[perm]01342675
    HEQLITDIXAFBBCNGSANDREIGEDIMEACLIXHACIKWPANOKFLERRZAPRNBKYGHLTIEKYVXIXFDAPFULVQILEVKOHRUIWTOHOUWNLDUZLSSHQNEEKCHCEJKFHZIDVOTIYPCDMMBODPIISEDCCEO
[15] -7.0168  order=qt  Q5=GATES Q6=FINGER Q7=IWORKED  T8=[perm]01326574
    FXWLTHEGOTHMNEWWORCEWARAHYDISDGLKXGUXRCGPWJUSKSOTXMPDGPSGHCAFSCAHNTMBMOIDSMMTFRIBKENNWNQDJORGEUAULBSICPCTGZTJVTCANXKITCTZUQVHEHXPJCKXIFEIMCCIITK
[16] -7.0188  order=qt  Q5=FILES Q6=WERISE Q7=NORTHEA  T8=[perm]01276543
    XFWLUOUTISTSUMEASRUETNECKNITTMALLVOXIVXOCBECGVIBVXDULIMLNLWJWYLLEHUAWNANJABQGEBZXYAWJQARRSVHXGWPYELMRHLQZBHERFWPURZHVILEAUXYLOLEZEGGUIVOCAUFAWKL
[17] -7.0268  order=qt  Q5=WOUND Q6=MANNER Q7=DRAWING  T8=[perm]01342765
    RTNAITERNMSOAAATOHGAPOLIBEKIAOMOQYSJJOWAEVRLEWJFGAIWMLWBQGOASSNLSAXQNAYHEDPQHKPBYAZBZUAEGTEJZHPRCOWMFIMZWYTESBTSUASYBBCEOPENTOASNDEQAHFAUFQDLEKI
[18] -7.0288  order=qt  Q5=LEDME Q6=PORTAL Q7=PATIENT  T8=[perm]01274356
    PQRYEQPASCGBONOESLEALSINTWEVIONJRMYHNGSHUCYWBEARFIPSKXNUGAFVEEVEPKBUSRVIHUSMZETWBQOCACDBVGHUUUKUMRKVLPQEWTIFEFPULFEUMNFJQYQYEYZVISDCLJOBREKFPLIN
[19] -7.0326  order=qt  Q5=FOUND Q6=HEDOES Q7=SMELTED  T8=[perm]01346725
    QCORKMEREYSENSEFRIGEKWISMPHSECSAHXRKPWQSTQSVJYTIQATAXWWMADOBSDRCICDRDXIMEFLRLZVKYSUSAEXOXAEJLXRMUTEINJSPCOOYJIHWZELIYTRDPUMMFHWEXTIWHHVYRMUCIBAJ
[20] -7.0353  order=qt  Q5=OFTHE Q6=MASTER Q7=COUNSEL  T8=[perm]01356724
    QNJONBNNAMEAGREADCFHEANSEFELCTZYATNCOBRTEEJMXNUEHAYLMKMVRIKDBSIFREWQMMNPHNMCMPDNEXFCHQEUREADMRXYDMLYAULFODEHIJZDGBYXLYZENBEVCUCNWYQUEPFKMFVOJVHX
[21] -7.0363  order=qt  Q5=GATES Q6=PIERCE Q7=WILLLET  T8=[perm]01347526
    GSIGNTAXUTALULSBURNETEEKAEEATBDTLDGPIIRJONLPGVPXNJOPLFSKGBCAPSMAXWNRLDTEAJATWQPCKUHIOOLYUSRNDERXTWRKHCQBMLBBCOOCRLKDFJLRJCBLMACHZFPJVAMPRLHIVCSE
[22] -7.0387  order=qt  Q5=IKNOW Q6=ITDREW Q7=EYESARE  T8=[perm]01327546
    EEETSKUSINAVERYNSEOIHTAKITDEGMYAGKURILNCEAYAPOMASVQJBJGYASCICBWZMIPATFFNFMPFNODCDFSYIROXCGZWJWNQCFRVCIPCURRGGCHCVXXTCEHDIACAOFJWFSKUWDIALKVYPPUJ
[23] -7.0406  order=qt  Q5=STRAW Q6=ILEAVE Q7=TELLSME  T8=[perm]01364257
    REDEIFUZPAYOPERVETHEECXTTRAWDUCOORUPDWOTMIACZLISTJWKMQLMCCNJIAGNXTEGBOMWXMMXDZDRAPAFBTORWBBGJJTDHLVAKHOYQESEBNOMDZPIQKAPIDSKEFUGPIVFAHHQLOMIPLPR
[24] -7.0429  order=qt  Q5=TELLS Q6=NUANCE Q7=STILLMY  T8=[perm]01342576
    WARINSIPTHAGEARNNHFXNSCALHATINOLBOWPSXZJALBYNGZRZRLCTSCLTHRAVIETCBWBBQTQSTLHUXMZGZSESNNEIZHKFIRIPSINZOLJXZWWGZEAOVRGFTGPQRANEMSXZQTOUFATWTVEKXUQ
[25] -7.0429  order=qt  Q5=ANVIL Q6=ASHORT Q7=CARRIED  T8=[perm]01325476
    PEHUSMEDVOTHASSRASUCESCTBYPOIIYHXYFTMEDUNBCJUERDOYNPRXLUFQNNDSLLPKWQAFSJREWSYFPLNAPFITMDRYJTWMHUHBINCUKHXAGGQCBOOYVIDPIVKVAESRAOBGDELTFPGBDAYNFN
[26] -7.0486  order=qt  Q5=METOA Q6=TWELVE Q7=IREREAD  T8=[perm]01356742
    IBUNAIIWINONORTEDLNSEIFIUTHEXYDOWTRSJYWJLCGIMESOMIVILQHKLSZVGULYXXAZWJIXFTPGXGELEANIFULKQCRIOACKPCGWUTKCETSHPZEOVENGNNTZXPKGTOMAEEZJXJIDKWQKUHGI
[27] -7.0506  order=qt  Q5=GLASS Q6=DAYAND Q7=THEITEM  T8=[perm]01275463
    ZOVNDSYADTOINSBOARWICEDOYSFEEGSBDCAGDICWUVWCBIANPLZLDFLCOKOSFANNITUOYGDCPOLRTKENEMTMYJBBPAWOLIAGGHDLRPZPGTJFFTGXAXYSCJCRDGVZZACJNBCFULQYCYGOGFYF
[28] -7.0540  order=qt  Q5=GATES Q6=KNOTIN Q7=WILLLET  T8=[perm]01276345
    JYJACTPORRATOFPAINISYOOEDANYLPGTWAZVDKAGZELBNYEGVFUWBOIENOXWJKPXMIGANCNCDFRTIFURSMEHCOUFIXULWRRLANCNRRXFXHPPEXMZUCSCWVEZNOQPBSMSOCKNBWBZUCMPXDHV
[29] -7.0560  order=qt  Q5=MEAND Q6=BUTTHE Q7=MASTERY  T8=[perm]01362475
    BTWITLTRYBRNOTALWEREMSTHESRPIIITRCHPZSGAOLLWADEYBEPAKEYPUDPJYTWOWPUXWAKLDIVSOVCTIQYCFSJWHFEHVTFAOJTRSMROWHIJFXLVXLLFSPFGHDAFDEAOCMLVGMFHOQVAMHJO
[30] -7.0597  order=qt  Q5=MEHIS Q6=CHISEL Q7=BEGUNTO  T8=[perm]01326574
    LACKEKIELPIONGBENAINRLPOWOLLCSPQRBMACDIROBJTYBCFBSPXSKGAQWWWLDBLKJCJITAAUCPRONFBGDBTPOEWGABONSRNRGIZYUPGGVAVUTDLTENYVBDUCDQSUUQRUPEGVNYOLZIIUTFF
[31] -7.0599  order=qt  Q5=BLOOD Q6=NEEDLE Q7=NEEDLES  T8=[perm]01345276
    STFLADOFOWFATISLCAREANSWQQRUSEOYJAMFNGHUYADLIVEQAQUJIZFNAYSDMPIFJBRTWMOAVAQKPFWCFYINIQGGNYALGGVETXCLLAPNFLXGSCDSVRMKYIGFCCCHSWGGESHSPZMGJJWGOFPG
[2026-10-04T00:06:25Z] chunk 100:200 exit=0
[2026-10-04T00:06:25Z] chunk 200:300
progress order=qt perms=100/40320 candidates=107318484
vocab: 119 x 123 x 141 = 2063817 triples
T8 permutations: 40320
candidates: 206381700 in 26.0s (7.94M/s)

==== TOP 32 HITS ====
[ 0] -6.8582  order=qt  Q5=AZURE Q6=METIER Q7=LEAVEAT  T8=[perm]01367452
    DVITSSTLJUSIRTATEICHRNITBRAYELIEGDHZWNGPGESUOPKUHUTAWOEDBAMAPPACUWDQCJIAEZSKMYGMBUGCYCRMCITETXVQRDVENXPKQINEYSVPHIOIMCOFEOUNSYDOKHUFGGAOYJDHTHTK
[ 1] -6.8807  order=qt  Q5=BLOOD Q6=COPPER Q7=THEWALL  T8=[perm]01372654
    OAUENUVEDTURINTHITMEEKFILDSLWIFYBBYEKEQQYSSQFGMXSIAWGOILTSIAGAHXNMUQXJXMSKRRGOTLANLMPELSCSOFEYVXBNAUHOWKCGOWPLIPLBENHRZSJILOTHOQNKBDNYPECDNBUOOH
[ 2] -6.8935  order=qt  Q5=CLOCK Q6=WORKED Q7=ISNOTMY  T8=[perm]01436725
    OIVERDXHJCUBSTUSAGHCOALTOFTHARMGGSNSTEZUKFTRXVMQPHYEAPLCULAUOWBIEKRDCUCHDHDJZYCBKZTJPSGFBSGPKOWLNBUUCFGFDTOSPONXSPDYAMNACAPOLUNNCOMHIURYRTIDIGIB
[ 3] -6.9244  order=qt  Q5=MEHIS Q6=THISTO Q7=THELOST  T8=[perm]01435762
    KTAGREYAHOAMYTUCYWISSMMESNEWNMAXISKGUREBDUHTFCRYHDONNAYIXQABHEGHTTLLRYQLYGSGDXBRLXYGRTREBLAEUAQFTHDRIFWCHKEDTVKVIQQXXIPLEFVMTUUNWAWEWRAUYZENPNDU
[ 4] -6.9386  order=qt  Q5=HASME Q6=STREWN Q7=FALTERS  T8=[perm]01376245
    QZICYGUPSISIAMGAATARPCPTFRONGSSSOPEOFGLAKCPIMACUAAPNETHWBTAAIZPUGHTJKUULYACPOUJEVLMXCRZJSPHIAGRVETGNMHVTULSXEHOJVDXAAWQOQQXSOPWRYDBMXJILKGANFETY
[ 5] -6.9472  order=qt  Q5=CLOCK Q6=WORKED Q7=ISNOTMY  T8=[perm]01435726
    OIVERPOHJCUBSUTSAGHCOALTOFTHARMGGSNSTEZUKFTRXDTQPHYEACECULAUOYPIEKRDCJHHDHDJZLQBKZTJPTIFBSGPKELLNBUUCGFFDTOSPFFXSPDYAMNACAPOLRGNCOMHIOLYRTIDIRRB
[ 6] -6.9626  order=qt  Q5=INNER Q6=ATLAST Q7=EYESARE  T8=[perm]01372546
    NMNMANDLYCDVNULIMTHEAOFSNTSOFADMSHVQTLSZJAGRMZTWBMXLGPLLAKHTLIJANBFALYLZQFVSOXFRPGXINROOBYSTCEQHXFSFHIEEDUQSIOAPREVTCOGOWHSUSOONZVSUOTTKPNOXVTKV
[ 7] -6.9764  order=qt  Q5=ALONG Q6=OPENED Q7=OWNHAND  T8=[perm]01453276
    CKTHEIIBOPIPWALWATETILKYRGNCARFSKYLMOGVNRTFORARGPGDPXEIXUAJOVWEPAYEPHBKVYWRYLWESCPGEMTOKUMMHZCUWDYCJEFROOWMGYLPNJYULQTRXFCOPPLICIJOHZSPWMRIXLDRV
[ 8] -6.9771  order=qt  Q5=INOUR Q6=ALLOYS Q7=THEMAND  T8=[perm]01436275
    KNSASATUSEFAUXIFVTAUREMFALERIVDFQHFIDADNYSEUIXVLZFOFPMOYHTOEFBDJESPUSAWABPATXLOFLIVKPSPDYBBKYVMNSHYAQRKIETBMQIVOKGGWFFBIERUEXEMTIFSIWBYEUOEITXSQ
[ 9] -6.9778  order=qt  Q5=SMELT Q6=MAKING Q7=METMEAT  T8=[perm]01367425
    DASMOUETTOPDEMLOGLTZSHLONSIFFINKRQOGTMODSSKCNWZNXORLPEMIMLSSTOUMQIMBWKAYXLKRLJWSLYRABYISEDNUMWZCBXEMIUGHOILFJMRDIGKXPBASFNEPONJNLZSAWBMCOHWZBMCY
[10] -6.9977  order=qt  Q5=FILES Q6=METAKE Q7=SEEKING  T8=[perm]01367425
    JSIXMOOSSTBENEWAYOSAGETSCMYOWISLGVGUARZFAYSESLLPUELUBITVPNXXQMYMETGQGWSAEEJLTXPNZCYSMMAKSXTSBTBRZOZXUMPTJPGRHBOFHULSXXWMSENGDSOCFWIKBVFTNSLDDPIY
[11] -6.9993  order=qt  Q5=METAL Q6=PHRASE Q7=DIGETAL  T8=[perm]01453726
    UPPIIIJECLEEFRMAXADRATHEYQUINTCTHFMRUCUWAYTHGEIODNDRAZZYSYQPJTIIJVUVVCIDERNIUMAHEXUIEJRKIZCTMGZATEYSEQAJTNANNOHBLUNXGPEQEDXTJXMYLRHOUYLMSTVYEDGP
[12] -7.0047  order=qt  Q5=LATHE Q6=ANSWER Q7=LEAVEAT  T8=[perm]01364572
    ESTCAHAARGVANDOUPSASFUSYNCWERLJMYIHIIUXGPPBKKLMCFGMLUZVTXJOAASVMUGGPLCORGTTBZDETVOTVIRLIVIOUMVVMTNAPDHOSMWEYTYDOOYJWLXMWFIDXNGGSESETNSOUQABSDLUY
[13] -7.0086  order=qt  Q5=ONTHE Q6=METALS Q7=REGIONS  T8=[perm]01425376
    YYTPCDTOPWYLESTWOBURYFALICOWDIAUDNSGYFACWDXLJWUMZERFMATVTSMAGNWXIHXRKQKDVNWRGDISLIWVEWJFVXECNOJOUZBIGOLYMINQNQFAIWORRETBGOUCZOTHAPSFLBXLCBMTTGYT
[14] -7.0144  order=qt  Q5=MAKES Q6=THISTO Q7=WILLLET  T8=[perm]01437562
    AAILIOSPLZADEMYXKEARSSOSSADETHROLOKQXQIEOZCASFNBMLTLAMWVCAOBYARYPXUNKORLDLQBHTEDLJELBRZRKFAVBSQZPYUKCIZCHAHMBSUTDWHXJIAADDDDZBSNUAEDEBSNSRDNDTML
[15] -7.0215  order=qt  Q5=IKNOW Q6=ITDREW Q7=EYESARE  T8=[perm]01372546
    EEKTSKULINOVERYUSEFIHTANITSEGMYEGKURILNCEAOAPOMTSVOJBJGLASIICBWNMIWATFFZFMAFNODODFNYIROECGXWJWNUCFNVCIPLURBGGCHYVXMTCEHJIAGAOFJNFSRUWDISLKPYPPUC
[16] -7.0218  order=qt  Q5=ALONG Q6=HEWILL Q7=MEATTHE  T8=[perm]01372465
    GTOTOCOLONCHHOMSGAYORILIYBIEFYFILEZBCLFBKVGPDDCENMLIZFPMVWZAHUADGACLLDTOOZANGMWFADHQPWLGMJAMRMGFSNECGSWCMHYESFUWWAAAHAOZIGJBLALLITSWKYUTVWPODNDP
[17] -7.0230  order=qt  Q5=PRIOR Q6=QUENCH Q7=YEARSIN  T8=[perm]01375264
    RDSLOBAGORBOVMSSEPESSLISEKGIRLDXLQVOBWIHEAJALROPNDKRRABTHCMZBORDAHZUMOSXISHMPJOHKQCPPINYFTXHVBDLILKLZPOFBTVTHNDREXTTWMNTGNBJLFLWIIFIVSNTWHMZQNBW
[18] -7.0292  order=qt  Q5=TELLS Q6=ITINTO Q7=HAVELED  T8=[perm]01437256
    NUETIREONAYSCIEALKNEHSEUROPRAVYLKFOLLIWXNIANRGTLUDZUVOQHHEVHOQUMEADFQERUPRQCTONIEZJOSWTPQFEEZIFGHIXUMNUGBLUVWFDAYZIYFODJUEMLZUYQDKOSPAVIBDIWAYNL
[19] -7.0294  order=qt  Q5=GLASS Q6=WERISE Q7=SEVENTH  T8=[perm]01432576
    DTDNEENWHEAMMJAACTLEITIENGUEXFERVBHDZEVMIZHNIHQZQEANTINSTUBBFAINOMNGKFXAOOUEMBMYJUASSGFORGISNWDTAHSUAOUZMQGKKAVNMKJFMSIPKXPTTWVECTVRRASMKFLFQIRE
[20] -7.0364  order=qt  Q5=SHARE Q6=WHATHE Q7=WRITTEN  T8=[perm]01372564
    KHEAMELAWXGWOGOYEEEAARYOUSEFOLVIOLVDYIQUAWWYPGIMQFMURCZBDJFITKGBYSPFTGPXFHZBELJPXXMDURYVGRLGMQMNPSHSCIFRYUMAFHIPNIMOJDMYLOTESZSVILDCRMWBYRIVKGPR
[21] -7.0366  order=qt  Q5=BRASS Q6=FAILED Q7=ISNOTMY  T8=[perm]01427365
    LPDEUESEOFISIODSWEDEMSKTDEGHDURTWMUMOASGRYGBTSOILSMHOSBIWXKMLEVTORSPXXFRNIMIIKLIGXRTBOPUEKMLDLZLQTLIDYWHJHVALWXRTSDFCZADUULBEVFYXBDRXVIJLYALYFYP
[22] -7.0372  order=qt  Q5=WATER Q6=METIER Q7=STUDENT  T8=[perm]01425637
    OUVENWDKGLUREEDTIMMNFEWSTELLHETITHXYUTKGEPNUMYXFTJJRPCGHEONBIOROFNIQPXAEHRRDADZZTGPVJFJWZGUWKMMXARSKNREPTDMGRXWHJFABAPSAYCKPIQTWYDHINSULSAUWAXVH
[23] -7.0388  order=qt  Q5=UNDER Q6=BYNOON Q7=BELLOWS  T8=[perm]01375246
    IENCDPHOLOTCOMMYGGMLTAGEAYOUJFWCIQGYQENPIWRQDAAUFWKGFWQMBYSTFXYFEAPQNSIRVPASEDYWDLDOUJWOELOCASDURYSOPJULGQBQPGPDHGSICPNNADIZEYAULGZDMGNJNIJOLITV
[24] -7.0388  order=qt  Q5=GATES Q6=SUNAND Q7=LEDMETO  T8=[perm]01432576
    JTAISFPOLOGEFDTIMRERSEONPEGOUGHQIEDKKJMBYNWTCIZPIJIWGNDOESYYEACEMOGHPPKMECENXRTTLUWEFPJCLHIUTFJGBJXPSCWDCLDJOOTQWVNUMLSNLDAILAFTXOLFTAHFJXPELAPK
[25] -7.0419  order=qt  Q5=STRAW Q6=ILEAVE Q7=TELLSME  T8=[perm]01367254
    REDEVFUMPAYOFERGETHEECXTTRAWDUCOORUPDWOTMIACELIQTJWKFQLXCCNJDAGXXTEGGOMMXMMXUZDJAPAFDTOZWBBGDJTJHLVAZHOPQESERNOZDZPIQKAPIDSKOFUNPIVFWHHTLOMIILPI
[26] -7.0445  order=qt  Q5=TRIED Q6=ITDREW Q7=CASTING  T8=[perm]01452763
    XOCOSOMETEMAPELCDLXSJULYTAGHEAIOCYSTRIAZTTEHMFQVXEEMXXKTBOHKAFBMKOXIWKVJUHFBTVBFWPOOAVUYUBANSVVXJHIKRZRDSHYVDESYYGDPPFLJUENISTICEUTAYCINMVOCLBAQ
[27] -7.0461  order=qt  Q5=HEHAS Q6=SHADOW Q7=RESIDUE  T8=[perm]01452376
    OAGAUNNMASPPEASESAJREDCHSMTOPALKMUMGVSESXVPUZBDIGGKXQANOCNXUEJOYSUFCYWPROWXGYOBIOIDAYXYZDDBHSLAKGATLWTHTIPQKFDXALGWIRYMVJLFBHVXRMOORHEKFPYJRMEEQ
[28] -7.0474  order=qt  Q5=VENNA Q6=HEDOES Q7=UNRAVEL  T8=[perm]01365742
    UYLEARCHDISGYJRRORDHRYCJORERIEDEXXORHCTLQABUPJPLGUREAEIRFESUHCJQLCLESIVEWVNLYRLGYBEZVXILSDSUZHIJIZQLFUXPOSZHZAWDFDNICSKXMZSKEPXFBLULMCWYOYMOFIFK
[29] -7.0498  order=qt  Q5=LASTA Q6=HIDDEN Q7=LATTICE  T8=[perm]01375624
    THRXHUAGEAHELAGOSTLFROMOBCHIEDOUMDPWFIABRTDMINQGBUDAOQUTQORELEFOPXURKJYLADCNPOALDHFAHERLYZOZDUMIUHIXFICZEDHEMDAFPXRNCJSTCVQLIRWJQIZDNXSYFCFAMKEJ
[30] -7.0510  order=qt  Q5=WATER Q6=THATIT Q7=JOURNEY  T8=[perm]01436752
    CLICACROCYACANGIEXOSEWISRKMEKTUMNAVWBNURIYFLINCBQPLIBDJFXIJTUHPBAJEGBGJOYAOOOLRVDJVQQVIGGMTPVEVQPKDLIBMBPEGEXOSTYBICVAGEISTDNEUFZTNECRUBEVDKQWDJ
[31] -7.0543  order=qt  Q5=METME Q6=ITFROM Q7=FROMTHE  T8=[perm]01376542
    ARKORIPOREONGHYNANYHCMPLITSKODOHPKGYOFMXRROUNJTENAUELEMHNVCQCDIOEWOZYXCQANOVHXGWNTPQKZVHOLIETJOKERYCMWVLOWWGHXPLJLDIZGASGYBWDHDCPSWYFVDCKWIHWNDI
[2026-10-04T00:07:19Z] chunk 200:300 exit=0
[2026-10-04T00:07:19Z] chunk 300:400
progress order=qt perms=100/40320 candidates=107318484
vocab: 119 x 123 x 141 = 2063817 triples
T8 permutations: 40320
candidates: 206381700 in 25.1s (8.22M/s)

==== TOP 32 HITS ====
[ 0] -6.7935  order=qt  Q5=MEHIS Q6=GILDED Q7=BEGUNTO  T8=[perm]01526347
    GSANEDEDIZIAILSANHELDHPRNTIESIZVZTMIWBGOOIFFEUCBTORLXDCHMNWYVESTKWOZDJALLBRKHWBXESBMEWCAGHTSOKRFWFGLTSZDEMASJKBHTMITORDLOCMLNGJYNZEODAKCLSESVBFJ
[ 1] -6.8240  order=qt  Q5=IHAVE Q6=PHRASE Q7=ABSENCE  T8=[perm]01523746
    RAEKEANERTANRORLYTHOWIMPBBWMOFNRVUFAAWSHBOTSPEWKRYWOQYPESSYCCTMPPSVTHBUHIFFJDTZRHSISLTOWEPETOPOUZHWNNFIZJZFWPVIELGRRMSYPUHZKHCMSCANKUYTYPFCHJELH
[ 2] -6.8874  order=qt  Q5=ITAND Q6=PHRASE Q7=INSEVEN  T8=[perm]01456372
    NSAYTHHENOHDOGEOFTUABSAHCORAYANENVODXGCNSAERRHMMVULBTUBVBUSARAIONSOTSHBFIIZZKDSEHGYZGIGGEYVAEBFZASCBURGYCLENAQQCCOVMYVWJDXWGNZKKFBATJETHGCPICGOX
[ 3] -6.8890  order=qt  Q5=METOA Q6=PIERCE Q7=LONGAGO  T8=[perm]01457236
    HFOYNCYTERALSHEGIORICPUTDJOTEXPTRHTFOYEZXHPVAICVXULGYXPQIMSIGWLNAJQQBEOLOKACTENSZRVLHZESEPHTMITPXVEAYMTFJMMONEXTAAPSKPVSUPARLDEXPIVAAVRVRREFQKTU
[ 4] -6.9008  order=qt  Q5=HASME Q6=QUENCH Q7=CALLING  T8=[perm]01456372
    CBGEATKEVASEAGSSUVFLOWLRESSYSIMULPAHJVQGVARAOWNBFNQBVKBVRVNWMIFKRNOOIAFMHPUSKHYMZOMPRUIVJJFPHFYTOSSABITHTFLSENPKGINSVPRMSPBCAPFSMIFJSEOMRHOGSDMJ
[ 5] -6.9026  order=qt  Q5=TOOLS Q6=TOOKIT Q7=GRINDER  T8=[perm]01467253
    OSHEEYILCACRSWISNOELASEPTENEWPXHPOPNHAZXBOOGMXLTIDISIGKVOVMBWZZFSINPTGMBAMELBNUUGOLTMYFKJGODRIKUOCCEHMBFREVJKMQITSAGCDHMFWSIHOVERERTCAUIUTKXMABD
[ 6] -6.9278  order=qt  Q5=AHAIR Q6=SLIGHT Q7=SEVENTH  T8=[perm]01526437
    ARABORSLLMACTSIITEMYSDAXIGHSOKBRBREIQTZAGCYTIGPUYDHUNJUHNWETASSPYONPGCLQVJBLJFIMBKFOCSZUDZGDAHGPRBLURNGBCYRSEPUZDXMLDOXTWUENJUVAFENQPAABUNMATYAS
[ 7] -6.9314  order=qt  Q5=HASME Q6=QUENCH Q7=CALLING  T8=[perm]01465372
    CBGEANEEVASEAEBSUVFLOTDRESSYSEVULPAHJVQGVARAOKJBFNQBVEWVRVNWMUSKRNOOIRMMHPUSKMXMZOMPRBYVJJFPHEPTOSSABAFHTFLSEKVKGINSVWAMSPBCAABSMIFJSFTMRHOGSLEJ
[ 8] -6.9412  order=qt  Q5=BRASS Q6=ASHORT Q7=AREONLY  T8=[perm]01534762
    TCICHGENESSISFNAILAPITIUIWEAPOHYCOOUOKAUFBIBNKKZVIPTNZHCSINUBLWUQIDMAXTISJNGLERCHURZTKFOSAJKLJCCKOLIZFGILBEMPCKCVLLYAKLIOTJHXSZUAQVEMKUSRNSPUAQL
[ 9] -6.9542  order=qt  Q5=TRIED Q6=LETTER Q7=SURGEON  T8=[perm]01523476
    ZDOFASDIVGEXDEKLITNGISMENTEOFDUINGKPFWFAMQCAFWGKJAMKFOQDLHGMAXZZFSNARTYWXXMBRACNQTSNIOQSZMKUKVZOYRSDYARNSHATYBRIOUNGJOKCOCFVCVMNVCAROLIACVDDMHCH
[10] -6.9556  order=qt  Q5=AHAIR Q6=HIDDEN Q7=THATIFI  T8=[perm]01523476
    RKREFTTUNDLIHAOIVPHEDIACHNEEDBIALVGDCUESBNVSCWVCNHJRPOZAKWPMPKOLYOMADERZPZLMMZIMQAARPOULLYTSCSLSECXQNEBTGARHDCEKISZINKKYFFWBEODTSUKIQEZMOBYNEYER
[11] -6.9559  order=qt  Q5=AREAL Q6=USEDAT Q7=ANDEACH  T8=[perm]01472356
    LLBEERERULFCENEPDATDESYEDDVOUKOPQAYACOESIVEUSNUWUTUTZKOQCHMASTRFELEWDOYKICFSANEDFYWWVSTOETWKWQXVQIQXXTOOWTQMRCGIFXNBDVGNKOIEGIGBDXGJZVPSIRGUICBU
[12] -6.9615  order=qt  Q5=AFINE Q6=WORKED Q7=BETWEEN  T8=[perm]01534672
    HIRCAHENRGOSHCRYREFOFWOLYANGODSKVPZIQKBDCKJFBHNEYDAOCHSGAYPMRGTNULLNGAUGIFCZOVOUDWIIBMOKLYDIFIUNOAJOWPUEBGSEBGXBPHPFLPCWSRPHIDMCHYUKPGAOHGCBBLYG
[13] -6.9630  order=qt  Q5=TONGS Q6=MYEYES Q7=ITTOTHE  T8=[perm]01456273
    ISORURSETJRORGODBPALLDORTQDEPOLYITWIWIEQCNRLWDTBUESINXQRWPEQIIRJAXNXZOHOJGEFYPFPUCTVYRTFTBAETULAHHOSPETLEAWETYMUMOTTCFSZUEKWIWDIDWEZWPGSGQGLDSJI
[14] -6.9750  order=qt  Q5=HASME Q6=METAKE Q7=INSEVEN  T8=[perm]01465273
    OSWECTAILTVSLICSIODSSDAINCMECYCELWUKSLAMGTHHWMMNBWHSEAAKYVITGGASXAEDTAUCRNUKPIHGFDOTWSQHMRIKCBMKIDAAYJASOMLLNPESJSWOVLDIVXHUXTTTDAQUYJZIJDEUALOZ
[15] -6.9851  order=qt  Q5=IHAVE Q6=QUENCH Q7=SUNRISE  T8=[perm]01476325
    EGDWAFULTOUTNMCDFENTSKYPROCPOWIEJFRJUNSUBYHIPRFQDVWZERUKWAVGLVGIGJETXBHREITMUODMHXJRTUSDFPRZZZMVEAANOIPTSHUPWNIVIWYUICZJLQUOQYBUFOPVARLSDGLIBBIS
[16] -6.9888  order=qt  Q5=EIGHT Q6=MAKING Q7=THESAME  T8=[perm]01463725
    NAWOFOAITXDYPHOACREDUOFTOOATOFAFPFXFPCQZJYFIPTSCQNNLJMAVCFYNOWFSLPALONJOISTPDYWDXCHFIQEHMZAGENECKIYFADIOXXLDYVEYRGNLAUPETIUFOAARGEOHPZINQJIYZMKZ
[17] -6.9894  order=qt  Q5=WEEKS Q6=METALS Q7=SUNRISE  T8=[perm]01475362
    OKGOTOAWAVOILITHAISNOIRABAVENDSXNQSJKZRFMGRUINTXBETHZEHYAIRKEHQWDJNDRQKFCUAVJXYAGGMOEUTMKJAFYGWVJGBDIRYDMMLAUISEPRXWZLXPEAKGLBORIVUAOLEDOLFTAEMD
[18] -6.9928  order=qt  Q5=ALLOY Q6=ANDLED Q7=WILLLET  T8=[perm]01463572
    IMPRFEWHYMENLNTACIDAVEIMAGOOPGJGOKWKEXBVCDIEIFYCUJQACNRHTOTGDMORKTBLEXCTJMPFWBJPAUGOCANGZEISVRDGJSSEGKFEWAWPEOFRFXIXEGRLMUXCVHWISKIVLCSRIOGZKCXA
[19] -7.0019  order=qt  Q5=LEDME Q6=HEWILL Q7=FALTERS  T8=[perm]01526347
    CHRYBACHDERBULLACYINTOOGTLFCNAULOZSOKFUPPAELVBEBZKKBGBSMBVDATMPMNGUITOXHJKXZAJBNWCCARSZWFOPSAHAHZNKEUJDHZDOZPASBXFOKAPKRCCALESEHSSHRFTNRYEDTGASW
[20] -7.0075  order=qt  Q5=IFELT Q6=METIER Q7=MOLDING  T8=[perm]01476253
    RIAOFFWESMEMTOETHEMOEOFWRIOTVTNHNBWSINCSNISPNAFJIRRBVELBQWQVNTHFBOAFWHKSEUCCNEAEFTAURALRIDQMMXHCYEOQOWRSMSIEUCCKWONOXAKXCBDUFEKLKAIMPVUFRVTBPAEI
[21] -7.0102  order=qt  Q5=STEEL Q6=METHAT Q7=HEHASME  T8=[perm]01465273
    HLDIFFMESCRSOTTIPEANVAPULAHADECMYJJJLTMUAVDPCWTHWMTQPEQJSMACECDANHMUTYWRHTOQAMPZXVFKMVISBUOTFKCOEGIYUTMSAQUETGFDOYCLIXMLFNGETRBACXEXOXRBJYEWJUEL
[22] -7.0112  order=qt  Q5=ONEOF Q6=WORDOF Q7=WILLLET  T8=[perm]01467325
    RTMABNOREINZASPAGNOHAGROAPCICTYYQAEENALRLSJYHTSJOQWOUMRMEMNXVYQTVTGHQWLXSSESRFKGMKERCRKFOZINERSOXKLAUVYXVJKPUSWHXVKOMCAQTAEPMUOLIWIHALOYNCKEEMDJ
[23] -7.0154  order=qt  Q5=WHICH Q6=OPENED Q7=AREONLY  T8=[perm]01463752
    LZDAXWTHEDAQISATMPSOADOFCERAIIBMTHGKTPIZGICEBKPEUDLHWSEWVNSGQFBTYQZAKECVKJHHYCYTYQCPIERCNNPIEBDHIKLEPLHIFOHEUPIBTBEDERZRMQERTOMJAXWNWWAPTOOOZOSB
[24] -7.0156  order=qt  Q5=HASME Q6=QUENCH Q7=CALLING  T8=[perm]01465273
    CBONANEEVAADAEBSUVIHOTDRESPOSEVULPMPJVQGVAMJOKJBFNNCVEWVRVUUMUSKRNPAIRMMHPUSKMXMZOHARBYVJJNVHEPTOSSABAFHTFQPEKVKGIDIVWAMSPRJAABSMIMDSFTMRHRLSLEJ
[25] -7.0270  order=qt  Q5=GOING Q6=THATIT Q7=INSEVEN  T8=[perm]01473625
    QONSMNEAGOASVQFPYPORTINPOALONALLOZEBVOHRZGGXMBELUMOLGAWRRJSHYAXXAIKNKGTVSIZNJXJDDIWBCSTAYSEOWTRROXOCHXPCKVKVSLFFMFPPUEOIEWAPASEVSBMHAYLDPBOTOBVC
[26] -7.0328  order=qt  Q5=UPONE Q6=WILLGO Q7=THEMOST  T8=[perm]01472563
    TEANGALRBIEAMCHGROMARMMWAILLSDEEVLFDDQTAXPMHOWKOLTSUMVTATMZPMIQVJRKXUIBYMAHHCMESEUKXPXAWUFLEYNOCNVOYPMGGAFLNSFUJIJVGTTJRINBRJODDLJUDGMKDKBYSXXDR
[27] -7.0348  order=qt  Q5=GLASS Q6=SLIGHT Q7=CALLING  T8=[perm]01465732
    XYBEATISTMYDQRCHSOFBYKTITEMAGKEIFUASQZYLMAHLSARWFYLWJAJBGRKNAIRERTCAWFHNRNVVERXMVRFIQGHEWORTCPPBCCHQTAZYONYEECNKAEFOBYHGUWPSAMFTKKBYNYOGFWOPPGOO
[28] -7.0386  order=qt  Q5=ITAND Q6=PHRASE Q7=AHAIROR  T8=[perm]01526743
    REDSTESEXTPTOMNEEKCDAZFOOKEYBAMAHYWAEVOAFZTIPAGTHPLBJWHUJKTRRMASXOYRUNJMHEOOTTERDBNUMXFNSBUBZOBGGXKGMMBSRZJIYIKOLDRWQDITIWUINNBKETETOOCRCTJEJITG
[29] -7.0406  order=qt  Q5=BLOOD Q6=GOINGI Q7=HEHASME  T8=[perm]01524736
    LDLJERSIREEBROACDSBLONDBPEWOESBEWLSUZKGJZXIKEDKIBOGQAYERBNTHIRSRQRGTSWHTZJFVSUPPETRAGLSLBLBEBKPEPZNSDCQJPGZOVNZVOWDSPGFNIFLDAFXHTKSMOUHIWWAGGNTO
[30] -7.0412  order=qt  Q5=AREAL Q6=ITINTO Q7=MOLDING  T8=[perm]01534267
    FAVITEMHORKMMYVISAOMTOTDLTOTHIRYBHLDNMKIBVCORBRRYUXDARNYQNETOLANYCUQPHLFHFEXPUHQCEHFKZOFSNOLBUJSJMTFLSOHQDAAITXATECKDSYRQKZPBUSVZJTBUJOANMLCDIAH
[31] -7.0419  order=qt  Q5=FOUND Q6=GOHOME Q7=THROUGH  T8=[perm]01467253
    WNPMNENDEFFCOBESTVIEPDOBOMBPROUYNVCGMOYTUEIXNZPOLIEIDNEROHREUWGHFHXYLLJHVTGYMOWODIVBHALNKKRNIVAUQSAILZXBRASAPPRWQDBNIGVJBEUWOPVBTJOUWHUJSVGADIPI
[2026-10-04T00:09:29Z] chunk 300:400 exit=0
[2026-10-04T00:09:29Z] chunk 400:500
progress order=qt perms=100/40320 candidates=107318484
vocab: 119 x 123 x 141 = 2063817 triples
T8 permutations: 40320
candidates: 206381700 in 24.1s (8.57M/s)

==== TOP 32 HITS ====
[ 0] -6.7754  order=qt  Q5=FORGE Q6=ISTUDY Q7=EYESARE  T8=[perm]01576432
    HTOAERCAGEMSTVETYXTSISKSROAASROTEXBAPSLRIWCKROYLXSBABSOMBTPROPKLOGWSPQEITBDASILINGHFEUTCYQUZANFNTYJFECVAGDWZCJTPIETYJSAWMKOZGULCDXUBPILIGGAEOFYV
[ 1] -6.8114  order=qt  Q5=LASTA Q6=FROMME Q7=ANYWORD  T8=[perm]01572436
    JJRYCGMETROWYERERNMIDEVILATSEOFJADOWGIBDYGZWGFSPENLLTBSNCEMOOSJADBYBEYAGEOTOWOWAVJZGVTFJOIKSDHEAOPPYAAUULFPQTRLOSQQEITCVZFHGCBJMRHQWYANVFRAUPVDO
[ 2] -6.8692  order=qt  Q5=ROUTE Q6=SOFINE Q7=MORNING  T8=[perm]01547632
    RYGCSEIVERAINTSJPBHISOWWWCALSISHRUWYXWJZZFLAWCHZHKBWHXIGNGGOHFNONZNOIXCWPOQSSOLTCENDYTTUQNGNYMLFUADISGYLPQESECEHOBWRIKVRCEJSUUSLULIANMYLLYADFILJ
[ 3] -6.8877  order=qt  Q5=INTHE Q6=ALLOYS Q7=THEBARN  T8=[perm]01546372
    KNIFOQUVGRUIRYOFVIEGAINNALSFREDVUGBKKMRCQWUBBJVDWYSJARGNHODHATYWRSINMYWACQWEPIFYRINCIUPUCJMKOBMNXSCHZIRHMTOVEOHVRQFMTNSOERGCTSMOVFKTPDMEOSHEAYAE
[ 4] -6.9051  order=qt  Q5=ISNOT Q6=FEWHAD Q7=LEGENDS  T8=[perm]01562347
    BIECLARKNWTFOTUSYNPLSSUESETRELAIHTWCPARPSNYKATIWHYCMAQUQBDLHKHHRSKIXBGEVGSRNVCITMAHROTUBRDSSQSMIWDKIEUPMSBWRESMHQYFUTFPDCMUWNICRWANTOFUBDRWEDCTD
[ 5] -6.9068  order=qt  Q5=FIELD Q6=SOFINE Q7=THESAME  T8=[perm]01563274
    TCOYERNRIMDTENGOCOFSTCHEESUSPAMHNCEGOWOKITSHPESAPIGLJNGJWHMIFPYDETQUYRISPOPYGPSIECKESDZSIUEIVUOLFNESYJPSSWUHEMXXPFOMAEKRILSCUFNDXOMJVNWTQQLXBVYO
[ 6] -6.9171  order=qt  Q5=FIELD Q6=SOFINE Q7=THESAME  T8=[perm]01576243
    TCOCERBOIMDGENEXCOFSICUNESUSKAHUNCEGWWOBITSKHECAPIGEBNXNWHMDUPBKETQKZRCDPOPGVPDLECKGMDFOIUECDUTDFNEOTJUGSWUADMOZPFOMMEQVILSPNFWHXOMSHNXUQQLDEVCC
[ 7] -6.9217  order=qt  Q5=THREE Q6=DAYAND Q7=ATLASTA  T8=[perm]01625743
    OMOVEVEXINCJOFSSTIOLEENTOGRYPMEFHEPNTITREDPHLSOFCCEHLOPAOJICKLOHQANCPNANPBXLRPTWYNGXDCBAVCNOHTRQWOAVSHOVNDPFEWTIDPCWTPMTPDBMSRIWBETVXCYYQSMEKZPT
[ 8] -6.9398  order=qt  Q5=BUTNO Q6=REREAD Q7=PRICKMY  T8=[perm]01623475
    HDORREMPEWISXHLKEDFOOTOSMEAKERMZMEKNYDUJOBGNSBJIIIEEOWTWPFUMTGBGIONPCONHEQEDYIBDWHBNGSTHSRPTBHLPEPTYHTLXOSEMHXGOWXKGDBRBERTMOVUXPEMEWLFBWCOSQPHR
[ 9] -6.9644  order=qt  Q5=GLASS Q6=COPPER Q7=THEBARN  T8=[perm]01572436
    KANTIRYCCBOUTVACILLFANAHDOVENUDLSWTHERWXGTTVAQRFPNYGZHDDTTHODMBWWGDRECUMTHOXELPULNOFPCUNBKXUJMBNXISWCVUIEBOQQVWRIAIKOMODEITXLGFMMNPWUTRSXBBCFSAY
[10] -6.9670  order=qt  Q5=ATURN Q6=BRONZE Q7=ANDWILL  T8=[perm]01547362
    TNEVMAMEASLLNAIMITIOPGELCALCHNIIBVOKCMPGICKSGUPREAUMTRKAFURFSNPILDHDRBADMBNIWJGLSBINPHNGLGRYUBSSVAOGEDYKXUMRBODADWTRWXCTGANKCEUAVRPXGDZXBYDUXXCI
[11] -6.9708  order=qt  Q5=METER Q6=GOLDEN Q7=LEGGERE  T8=[perm]01546273
    TJOGYTOUNTOOUZYANWASFOGASVEMBEZELEYFOYZDBKNCJPLWYEOMNGLDCPTTQXDBOHDPUIXORTPPDIFVNHSESACEZGXKBTHZKKZVEOLPDCDTPWEAOGOOBHBIONRDOXAQWFJNOFORZIANLBVV
[12] -6.9830  order=qt  Q5=GOING Q6=SUNAND Q7=KRYPTOS  T8=[perm]01574623
    AJEMTHVINSERESIMYOUKROAREMEIOMNMEYQLYFDJRQKUJUZLSKEFUURATOSENDZDUGSCREIBBJOALTSASTZLOSVFJSVATDOGCTBWETNBRBHGNYSVPXOTGYHXRQPFELXAXGSTAOWEAQCVMRVE
[13] -6.9980  order=qt  Q5=BALES Q6=MYEYES Q7=ANDWILL  T8=[perm]01564237
    NIREBECULDOMEVILKGXZPREFFOOTHEEESPLEVUULYEEIWEHVLNGZAVSZPJAERILLMHZFOFXLFWKHFZUHZVPTNFCDUOWOMIKTCDINJFPHOESSULTHYMXNBNBVYPDFHIFTSOVFBZWTNEFHXFOV
[14] -7.0008  order=qt  Q5=WOUND Q6=MASTER Q7=THROUGH  T8=[perm]01563742
    ALNFOOHANGADQFNSESACATFUKONTSLOWRWOFUUDJLUNDTFDMFGCVAGSAGISKDJUFNGUUBCFRLYUAEPMHAJAJSWZMADTWSHHUITILEENOCWDXWYXQRQFSQLPLMCDTSBLNFLUIIIPYGSFNSLDA
[15] -7.0035  order=qt  Q5=HASME Q6=INDIGO Q7=TAKEONE  T8=[perm]01537462
    NDOADTHEWYBVATURBERCALXJVMAIONESYAOLVZNCMMEPSTVQNKUZUKZHAKSCOVNOWNJQKKIZDESURHRLSNHPMRUMVZNDLOFIDDFQLZQIAUGPZOVHHXIPDIDUEVISMJHJDZMYXTHOPADYTEQJ
[16] -7.0071  order=qt  Q5=PEACE Q6=FILLED Q7=THESAME  T8=[perm]01572634
    APOIMEOZMILMCLIOUDESBEDYTOWONAHIMIAIPLNOSCRCWMXFOTXOYYDMVJENIWTSMHILOXPIRPFPZBWSIEHBZCCAOUGLURFQDGITNUMEKTEEGAORIUAYSGRVMEMAYVBBRYGPQLHYSZEYFXPM
[17] -7.0090  order=qt  Q5=PEACE Q6=FILLED Q7=THESAME  T8=[perm]01542637
    APOIVEOUMILMYLIFUDESREDCTOWOWAHEMIAIPLNOSCRCBMXROTXOWYDWVJENHWTAMHILSXPHRPFPDBWUIEHBDCCVOUGLYRFGDGITYUMYKTEEGAORIUAYFGRJMEMATVBSRYGPPLHNSZEYNXPE
[18] -7.0142  order=qt  Q5=COUNT Q6=ENOUGH Q7=SURGEON  T8=[perm]01623457
    KXXGENARGYTADIEUCELECMHOOLSBYRUSFHTEHLGTEPCLLTIVHOFOTKBOFLPEBLVLJHUNMYCCXBWFUKTBHCXXRITWIERCNSBZTGWZUHOREMREKOUUWKOKEOTLSWOWGXXAGXKDOXINPPBBFMOJ
[19] -7.0167  order=qt  Q5=ATURN Q6=BRONZE Q7=ANDWILL  T8=[perm]01567342
    TNEVHAVEASLLKABMITIOUGNLCALCANVIBVOKRMEGICKSGUPREAUMRRPAFURFJNNILDHDWBEDMBNIUJILSBINTHMGLGRYYBZSVAOGTDCKXUMRAOEADWTRYXTTGANKOEZAVRPXVDJXBYDUQXGI
[20] -7.0197  order=qt  Q5=NAMED Q6=VIENNA Q7=SUNRISE  T8=[perm]01542367
    OKMBADABISXMNINGCALELEMYKANMETSQOWKNJXCVQJTSAOSONPASCUSATVNUSGSRTNHZVWYHXSEHSXGHDOANZFRHGEGFJILMJYLQVALFADKZSKPPQIJWHFEMEAMJCCOHWSADBGKNACEVANCL
[21] -7.0225  order=qt  Q5=HEARD Q6=FINEST Q7=SAWSUCH  T8=[perm]01542763
    QDLPHIDEODEDEVEIHJOOEITHOSTEBULBYFDJDOSCCFZGUGCADPMAYYGBMPFLISSUOWISUYQZIEWXFFUDYPYACOEXTEZRAPZRNDNJDRSNVWWSUQWAMJVSVYOFHZJCNHESUCNKKWSBELYWTEPU
[22] -7.0234  order=qt  Q5=BUTNO Q6=THREAD Q7=PRICKMY  T8=[perm]01623475
    EAORREIKEWISUELKEDCYOTOSIBAKERIVMEKNZAUJOBDJSBJIFFEEOWRQPFUMRDBGIOJKCONHBLEDYIOAWHBNDPTHSRKRBHLPBKTYHTHUOSEMEUGOWXWDDBRBBXTMOVMUPEMEQHFBWCYPQPHR
[23] -7.0238  order=qt  Q5=FOUND Q6=SUNAND Q7=FINGERS  T8=[perm]01543276
    VYSRENTNOMPEESOFEISAUNDYTFICWASRXSJSHIITSQHUZFRISLORQHCOMEBCAHLBDWWLEHSJESMRGFMLWWAICNCWCGJRENLHGXQGPQSOTWTWYXBUEDWUFKWQHPBEHMNCASHMKNSTWASGKGPW
[24] -7.0243  order=qt  Q5=ANDHE Q6=FILING Q7=TOSPLIT  T8=[perm]01546327
    PTHATAOMVVLXYNONDAARTOOSALIEDGMSOIXRTNSWWOUNGNUXATIEIDQKHXAFKMETNFFOTAHFPRVURYJKHUQLDHBXBUXYBPSVOLEGUGSKAYVHEWBYTVWAQITGWBDIZVGFRAZCAFRVNCXYIRIS
[25] -7.0245  order=qt  Q5=UNDER Q6=TEMPER Q7=HEHASME  T8=[perm]01543627
    GYONAYOFMDAEANHEDIPCBADGUMENEPRSIRCTSIITHDNLHGLAEBQVNDYCPTDAONKCOYJLPVRMPTJOYTSSUMZRMXWSTHEURDUODHPTAUXTCJXVMVFAYOAYTXZZETOYHGXDUZTVBCKFWSSRJAWL
[26] -7.0253  order=qt  Q5=BRASS Q6=METHAT Q7=FROMTHE  T8=[perm]01625347
    HTCRTHFLUPSFACTWITTERFYXLAYBISEGBZJRFLVJCZDCSDSEYOBOFMJVESMEJJNOHUGZVGDLRXPVVXTDERCRYTOGIDPJCHALMLOWKVNGMQORWKHHELMULSONQOIEGZIWWXHESOBWBBOTIBUB
[27] -7.0270  order=qt  Q5=PEACE Q6=FILLED Q7=THESAME  T8=[perm]01546732
    APFIVESGMIKMYLOGUDESREAFTOWOWALBMIAIPLBJSCGCBMUMOTMOWYLVVJSNHWACMHQLSXKFRPWPDBFUIEJBDCEMOUALYREQDGHTYUNYKTTEGACTIUAYFGDAMEFATVUZRYPPPLMZSZWYNXUA
[28] -7.0272  order=qt  Q5=ISNOT Q6=FEWHAD Q7=LEGENDS  T8=[perm]01563247
    BIDDLARKNWHYOTUSYNSHSSUESERTELAIHTBXPARPSNOWATIWHYYZAQUQBDHLKHHRSKMUBGEVGSFBVCITMAFPOTUBRDAOQSMIWDZJEUPMSBNOESMHQYPTTFPDCMBDNICRWAIBOFUBDROPDCTD
[29] -7.0281  order=qt  Q5=HASME Q6=IWROTE Q7=BROUGHT  T8=[perm]01537642
    IFCANPGPFAABEARLFUNDOWOOFSUSDNSMPVUACJEESNAOTTPNKMDTGFELFJDNTWYEFBSBGLUZOWADKTXBOUYTTPCMWXKYGDTRIGLDWCDJWRYMENHONXDIOTSELGHBELOMHZNRLVLDYNIOJRLK
[30] -7.0306  order=qt  Q5=LATHE Q6=POLISH Q7=THEBARN  T8=[perm]01576423
    YLIDIDEFGLIMGHONTAKVILINERIOJPFRUPVORTRAHRDPHTTYRHVNANLSKUITFYYPWVYAIMLIGSSZKAJJZLROTOIDOBBLOXHYHMETDNOAMMFEMLFZWFRERCYMGZESLVBUVYFYTVMJGXURQTPA
[31] -7.0306  order=qt  Q5=NOTMY Q6=HEWILL Q7=TOTALLY  T8=[perm]01564273
    IVBATITYFATAYUDAYONCUNSEDCUVTMDLOCTKJOMXELOYUPBCPLTYTYHFVTKEMBACTXULFMDNCWJAWTSXMCDITSOFSXOGARHQIPZVONMKFJJIBDALFHFTVNDPCYRMFBUQNFPEHFPTOECUTIMW
[2026-10-04T00:09:53Z] chunk 400:500 exit=0
[2026-10-04T00:09:53Z] chunk 500:600
progress order=qt perms=100/40320 candidates=107318484
vocab: 119 x 123 x 141 = 2063817 triples
T8 permutations: 40320
candidates: 206381700 in 23.8s (8.66M/s)

==== TOP 32 HITS ====
[ 0] -6.8516  order=qt  Q5=UMBER Q6=ROADTO Q7=LOGITEM  T8=[perm]01654732
    GINEOHOCCTSNLORENOWANGKGJKATEDAYTRLIJHLDYKDKPRMPAENPORIAFOCZJYBRMZIPIUUNCYQZAGFGXHPTOSPIGLNANSMDUICTAICLGSGGQTRWBAKEFMVCQFFISKDLADUBAKSFWSGIODIR
[ 1] -6.8850  order=qt  Q5=ONTOA Q6=STRAIL Q7=LOGSAYS  T8=[perm]01632754
    XIVAMWEHUREVBORTASUNRANAHHUTSEMEENFRDEFTJZWAIPPTQSUBRIGDLFCSNUTDRPGCIKKSBMSPMPGBPGPCVXBOOBVKWVDEXSVBETOAZZBSWUSERRISHGPLOFEZMFTVNJAUBJSOQUEKGBBT
[ 2] -6.9031  order=qt  Q5=WHICH Q6=THISIS Q7=DRAWING  T8=[perm]01647532
    IHDCALERAREEREGAMIEPAFFLMTUSGNBMTZXNUIPOABAWERKDEVGLQULBISSPQMXLXYBYAHIWOGHNRRIFSEPDCDOSNUNCCMFUHTDZBRHPWIDETKCHWFJMPMMENGIDVNMMANWPRWIXBGTXUEPF
[ 3] -6.9219  order=qt  Q5=TONGS Q6=SUCHAN Q7=VERDANT  T8=[perm]01643257
    QSDPOOREZAKSUBILIEJNICSSEXASOTOAHGBUMLMGBGSOONZOHERFEOWWMDMANRCHTHKWCVTHOIDDRAZTMQPHPYKCOJKLRNIPUYKHIFJLQHQBEOBLIENSKKOQKUWHFGGLISFLTFNOFTQNBCGQ
[ 4] -6.9271  order=qt  Q5=METER Q6=ENOUGH Q7=NEEDLES  T8=[perm]01674235
    TYNOCTHCOUSTEDRINOPNDHIVEYGCKLYAWJOAASXRVDNSAGPMCULRODOTNMTUVVKEPUISLUGHONCLLUVFBWQANTHYLBOXNJHLMLCGPCJFRVBDIPSYRMCOBOZGAAJLWTODETBSGRYCKHZGBNFB
[ 5] -6.9428  order=qt  Q5=MEAND Q6=IWROTE Q7=GOODBYE  T8=[perm]01642375
    STROPJOTABOLINYMBOWAYDRIXAPLELTVAAICCOQCHBISOPURMHBTKHRMPEHBURVCCTBCYWYNTAYALRJPFVEAZSXJREUNRTHDWOFXKFMYLMRQVZNFGNEARRUMCCTPYYAOGETSKUPHCWHHEIXZ
[ 6] -6.9519  order=qt  Q5=INTHE Q6=TEMPER Q7=LEGENDS  T8=[perm]01647253
    JYTNDUGBIRDAUISBELOANELEAENTOLDYBSWASTAAYIYKOMUCGUALUDPKKDRHXSGBUCGIBKQGDWDTANKFWOWOORLSHFIFALOTMZUNHIUDTNYVEXWNOYTTLCXFLOYSFMSVNEEQNKOPNZTBNSFX
[ 7] -6.9548  order=qt  Q5=AREAL Q6=ANNEAL Q7=ONEOFMY  T8=[perm]01643752
    ATSLIOSTGIRAPMEDCKGETASATMONYGLIAWHEGLNESUGOKXXAUNACXBFWPGFPDBCJEPDYSJMDYYDEABVEDVJXBNDUSBLHLMCTZHGXYWMKROGBULVPHESDIFGNHLAMYHAFRPXXGEJRUCTFFBEP
[ 8] -6.9799  order=qt  Q5=VENNA Q6=ACLOTH Q7=LEDMETO  T8=[perm]01674235
    SFNOMANSESPDAGERPBOTUSCIRHBEPEPCYOCOEYVLBEDBJLMDSRRMLBDECNSAYGKUSMEATSQHUGWDRBMLDNUKNDPUXCSDMZCNPGLWCREUDDLVPGWNWDBPYGRCAMAOAREOMSNGPODVROYMQCAM
[ 9] -6.9817  order=qt  Q5=PRIOR Q6=OBJECT Q7=THEWALL  T8=[perm]01637524
    HQOFTINGWOERCLOCALASPKONTFSTZUWEEKOPQLSUCNWQBJRHDUEXOCOTAHUBVGNVTQLQEMUZKWLFOCORZRWEJWGREFVRHGOZYSURUJUIODIDARTMCOCGLIXSZYFUIEDESRWEGGHCRWFLGSOM
[10] -6.9825  order=qt  Q5=OCHRE Q6=HEWILL Q7=ANDLOST  T8=[perm]01673542
    KTKAHEINIMASFOEKMENEMENTLCODINGDAEBEJJCCDERNPJGDMOOXVYWRISCWVGKGASCHJLBONTNUEQUEVLIYSGZLCKDFLHNGVLGKHRICRRUSAJSFZLSBIWAFCMHRSCJKTNWYDEMPLGIXTIZB
[11] -6.9830  order=qt  Q5=ISNOT Q6=ITFROM Q7=SHADOWS  T8=[perm]01627534
    JNGOACIERJCLISTADFANSPOCTSSHRTOWGTZNOUWTUEAXGRYJEQSTMWFATQNHYSTTOXNMCDESJHVYIIUSTBJCRIJQLITOHRNRALTRLDCGLSIUDTJBALUWMIGGPOPPDVNEHUBUDIIEGAKZPECL
[12] -6.9891  order=qt  Q5=MOULD Q6=MASTER Q7=THEKNOT  T8=[perm]01652734
    FLYKARIAUPBUYESEREEYENWGOFREEVUYPAICPRRMTOACCZCKXGQXQDUVGIPCBNDHNBUZUSTRACFHFLSTLMGJQXNWEMZOMBLYWHMMTUJINYLSOTETRVYRELWLWZUKJUNNTVFOAOIWMBDMBQWH
[13] -6.9911  order=qt  Q5=YEARS Q6=HIDDEN Q7=THESAME  T8=[perm]01647532
    SPNTRKSHARRCKQSEURLECLEBASTFORIEZTFARMALAKELQCISECKFWXJTPWHIGUGRWSMLUQQKZECEDYKIWMJAGLCRGLSLCMIEBGPJPBQEFFTYNIDIIQDPNWSFLENVCPLFJHTQRDIESJPARWEX
[14] -6.9920  order=qt  Q5=ANDHE Q6=SOFINE Q7=WHICHIS  T8=[perm]01643752
    JODYAHERMGENBUSERPOBANKYATWFLTHAGITZRYIEWOWLCJMLEUNCCOVAKIIECAGGDOIICHHPKOUDZWURGXBNWFUHEWHMTPZBEZUOFAMDDCHEECSPEICQYFJGQCEOZJXSWRDIEKBNGHRYRLVX
[15] -6.9955  order=qt  Q5=ANDHE Q6=HEWILL Q7=ANDLOST  T8=[perm]01634572
    XQTOACONYMOXAMEOBISTORWCLAUMONENEXBCHQVRBROPSHPHOOPPHIWVODVLJPTDATZXRLSLWLNIAXBCQANYMEIVVKBPGRNMFUKBELNIRZEPYJTRPTSFQRQLABMDHASKLNULSXMDALYLGOPL
[16] -7.0082  order=qt  Q5=ONTHE Q6=SAIDHE Q7=OBJECTA  T8=[perm]01672435
    DCOFORDCULAAAMUJOADYIOLLOCONAGIDUOBEMGDDITCMEDYYDETZVMAYISXGNAIAUSBKHUGFORFVMFRCDBYSKSLFUBUJGNYIVYELCPPYSBSBFGJTHUBPIWQQYSMASNJZNTSBGXEYJZKHAZSA
[17] -7.0093  order=qt  Q5=FILES Q6=SPLITA Q7=HEMETME  T8=[perm]01635742
    QHUHAPDONINGOFICLXMODUESDENTENSEEINAKYEKTBZVSFUECEFZFDXZBETFXSVZARLKKFAHJBOXECRORFGBFXLOGPTBYULLFIYUFFUFOGDXEBNYYZEUJLPOMFWHFMETMTTNBSEETURWVCRP
[18] -7.0094  order=qt  Q5=MEAND Q6=FILING Q7=NEEDLES  T8=[perm]01672453
    PSOPNOGDEMJOLSSUGPLPROSIRSTICSREBHOJLZTXJEFLITWJKJFIIUUBAUNTMCECHVEDKIAIRIPHVYGAVPGHAQYOPKPHOYZMLMJBVFFBSYSCYWQBMEBXGNEOSEHLUPTELRSIOIAIQFBOTYPR
[19] -7.0096  order=qt  Q5=STEEL Q6=METHAT Q7=HEHASME  T8=[perm]01642375
    HLEAUNCESCLAMGLIPETVEAHULALTIETMYJORATYUAVAQFCRHWMENVORJSMDESTIANHINLADRHTQQUPIZXVHVHXNSBUTEHQAOEGJYKPGSAQZHTSFDOYMBAXKLFNKTYUDACXITNHGBJYPNNABL
[20] -7.0102  order=qt  Q5=PRIOR Q6=ENOUGH Q7=LEGGERE  T8=[perm]01653247
    UFSRVANVENMENTPERLIMONTABWAVOUIDMSKSCNRAUIDIYDNSDWSWPLINOABHUIDQPBVZCLTWMVIVJWYZQGNQCTVPPMIYJREOFRLFLZENVGMODCOAMXASCDKCVIYEZJLWIRPMOMYGACINHDZT
[21] -7.0111  order=qt  Q5=GLASS Q6=SLIGHT Q7=CALLING  T8=[perm]01657432
    XYBETISATMYDIPVTSOFBRNIFTEMAETSMFUASUZFSMAHLITXQFYLWGVWIGRKNOCSHRTCAAMRJRNVVHWDAVRFIRKMGWORTETRACCHQKIQPONYEHYNTAEFOEBVVUWPSVHHLKKBYTRLLFWOPUSYW
[22] -7.0122  order=qt  Q5=BRASS Q6=METHAT Q7=WRITTEN  T8=[perm]01635472
    PTURVLTSUNRTERNWOMETERYZOARATSRXBYBOOADBFLHPYXSZQQGLAMNSKSCVCNEPHEKYKOZHLFMDOGTCZRRBRTUGIGHOYTUOUCESHDNMDCOHIKLOKLYXWCWNQURQELTUGFOLFQBOVBRAWBEZ
[23] -7.0178  order=qt  Q5=FILES Q6=CLOCKS Q7=RESIDUE  T8=[perm]01643752
    TKNOCBATOANSMAHIAUCUTZINPLYSCLINLMWUOMNKOCCETENCSDXYILMEALQIONBMEHDKGQXIZJEOLLXPCFHVUXIAERRSAULFSRRNCDFULSHMOSYBNKQWLOANIDOMLEUJJSYMVGWPTJUJZTLK
[24] -7.0203  order=qt  Q5=INSIX Q6=POLISH Q7=OFMYOWN  T8=[perm]01674253
    PAXIOURCHWXBOASWEENGHENETOAPLJSUUSYSSPJVQIGTLIHTKKAKMDTBGUKWNZZRFLWAIHEOTEFOPJZVAAGTMSGHSZPTTZSSSJANSEBDONSYROEGQGGNKBITLSDAUMNUHUTQSLMEAXLHGNDF
[25] -7.0223  order=qt  Q5=ALONG Q6=MAKING Q7=YEARSIN  T8=[perm]01645372
    ZBCTGOHAYNNERMEGEHVASOBERDERASDIFDIPQUTXWMEJRRYHAFBFVQBECWMFOPLDEEGPJWCORSGUHRAHABGWTZLLHNIHXXOURIWOQHNOATNMYUMHEEPLXSXXELDUWCCLFAMELSUGWZDNBACS
[26] -7.0262  order=qt  Q5=GLASS Q6=SLIGHT Q7=CALLING  T8=[perm]01637452
    XYBITESATMYPIDVTSOFJREIFTEMHEWSMFUAHULFSMAHLITXQFYLKGNWIGRKCONSHRTCEAHRJRNVXHUDAVRFHRRMGWORWEERACCHRKBQPONYFHRNTAEFKEGVVUWPDVDHLKKBNTDLLFWOAUYYW
[27] -7.0280  order=qt  Q5=CLOCK Q6=THATIF Q7=DRAWING  T8=[perm]01627453
    PESECABEILMYNDCWINTSGNVESMTUSRVIVRFCPSEUUZYFGEWHEDTXBBOVQMOYEVJNFDSIFPPHIGUKGHIKYDXMBHDMNPHMRRKPEHRGGQXPNOAJADOGASDUNXMNADCHRSIYICQYBCEHOLECSLGS
[28] -7.0291  order=qt  Q5=ROUTE Q6=REFERS Q7=WEEKSIN  T8=[perm]01657234
    RJUSPPLEOUNPCOSHESOGANDMUFBIINPRDPQYWWBFUEBUYCSBGIRLTORRHEWPPOITOQIBMCFVXMPHANGHYXECLHGMUYNBIHKKTUOGOJQIWNKRCFFFMACHMKORBUYNIMLOEHVJCUEEYJFXKJAH
[29] -7.0320  order=qt  Q5=IKNOW Q6=ILEAVE Q7=CALLING  T8=[perm]01653274
    GNMEGSHYCANENTCLIFASKJULTCDTASUSTYNOMGLGBLDUEBAXTEMBQJWZBUULMKXZYUINHALYSQCSWTYDXXHUOXGUJAWGVEYSLWNBJZZOMWHKPEUNGOPMIYICDHHUTOVWOITTPYTPUTNWRPBS
[30] -7.0333  order=qt  Q5=CLOTH Q6=DEPART Q7=THROUGH  T8=[perm]01645273
    PRTOIHRRESSTEBOJCNARSEWITIALFEVAQCVWZWFJISBAPPOZCOZRDPLDTYAHVRNOZXIFTCWEIGQPEBRIXRPTCJQUSPARMRMGEJACJNFMBBETURIRRSAJSJDTHNVDJUIDTDZJTIHZENOWRFAK
[31] -7.0348  order=qt  Q5=KNOTS Q6=CLOCKS Q7=KRYPTOS  T8=[perm]01635724
    LSCCEPBLVELDRDIEANATYEETICERGTORCIQBEJFSADAZWFUEMEFLMMBYTGHUXRZKUTIXCWEUICKPADIAAHYUESIOXLSTVXPTMMEEJLTMVNNRXQTCSLCRGVNQEDRRODMFRMFPTGANFBUHOUAN
[2026-10-04T00:10:17Z] chunk 500:600 exit=0
[2026-10-04T00:10:17Z] chunk 600:700
progress order=qt perms=100/40320 candidates=107318484
vocab: 119 x 123 x 141 = 2063817 triples
T8 permutations: 40320
candidates: 206381700 in 24.4s (8.47M/s)

==== TOP 32 HITS ====
[ 0] -6.8115  order=qt  Q5=ALONG Q6=DAYAND Q7=PASSING  T8=[perm]01742536
    SFRITPARTYOTOBYOFFUEDIBBTROISDQFRHUFSAGINRSHKAEDUEJHLADRSCXLTVLFIIENDHQPDRLBQHVPKAAVERRWOMCQKBUSOUUNUEHPEETMOBFPDMFSGRJPWMCZNOFREDNVORYZMNYSORSO
[ 1] -6.8558  order=qt  Q5=EIGHT Q6=SAYSHE Q7=THATIFI  T8=[perm]01754236
    OALWALEMYEMOSPDUMOAREAXENWESEMNJNRMSOGQZRKTFEKMBYNXJRATUAUTRDYALVCVEJZQWOBEFPIXEXDCXDOYMIABUDGERMEXVGWDIMAKBWHITSIITCJXDJNJOMALFIVJTKBTURDKGABYE
[ 2] -6.8559  order=qt  Q5=DRAWN Q6=TOWORK Q7=PRICKMY  T8=[perm]01725643
    CDSDRFSREINNLAYDELOWITAORIOPGWERNGMRKGVKCFAAJKZNBAGORCDERIWCSMADAGDEBMACOVRZEETJZHERFBCQBWXXJVEYYSTNQCAYUDEMPWMSKTCLYESASROHYDRAPPVOPPGIWJXDPLCB
[ 3] -6.8666  order=qt  Q5=AFINE Q6=WORKED Q7=BETWEEN  T8=[perm]01734652
    HIRCANEHRGOSHPRBREFOFTODYANGOBSYVPZIQBBYCKJFBLNBYDAOCTSWAYPMRMTHULLNGJUTIFCZOBOCDWIIBIOPLYDIFXUDOAJOWRUGBGSEBFXCPHPFLKCKSRPHITMIHYUKPDABHGCBBJYH
[ 4] -6.8681  order=qt  Q5=INTHE Q6=TEMPER Q7=LEGENDS  T8=[perm]01746253
    JYTNDUEDIRDAUILWELOANEGIAENTOLERBSWASTWLYIYKOMRPGUALUDAVKDRHXSHAUCGIBKRSDWDTANMQWOWOORKWHFIFALSPMZUNHIMGTNYVEXTFOYTTLCDKLOYSFMBQNEEQNKQHNZTBNSVH
[ 5] -6.8829  order=qt  Q5=ALONG Q6=DAYAND Q7=PASSING  T8=[perm]01742563
    SFRITPARTYOTOBYOFFUKDINBTROMSDLFRHUQSAOINRSPKAVDUEJVLAYRSCXBTVKFIIEVDHLPDRLZQHOPKAADERGWOMCSKBCSOUULUEJPEETNOBEPDMFUGRRPWMCRNODREDNTORQZMNYPORCO
[ 6] -6.8988  order=qt  Q5=WHICH Q6=METHAT Q7=STUDENT  T8=[perm]01762435
    OHKHARIDIOWLUVIEFTRSEOSCLESAMUEANLIZINLEINEWHIISSPRUNYVJTUOMGNGFPJYCILHIPPMEAAFCTACUDHXYOWQJLICKKJKHNJCCLEVZSTQBCEHBPNROYYNSUESJTXNONXEGPNTDZTKL
[ 7] -6.9071  order=qt  Q5=GRIND Q6=SLIGHT Q7=SURGEON  T8=[perm]01754236
    RTBYOPUTPTATEDIOFRSMMFINTINNTFWEBVBCFANJSLKJXBDQNRYPJGOOSOONFGHPCQRPOBJECDVDGMFRKUHVYFCKHIYWHAVDGUTYLCFAUVANCYAAYDICHHICAPMWNBPNPKMSQLTMSNYNJBST
[ 8] -6.9252  order=qt  Q5=SHARE Q6=WHATHE Q7=HAVELED  T8=[perm]01725643
    CBIOOFMALLBTOFICTTLPRAHCHNIVEHIPMLOCHWSMASPHAPBIPURFFPSXNDZTKPIVVZYERNGOOABEPIRBLEOTJWONKRRLKFTTPIOVTCWVETOKTONFYCLDHNANEXNQTUDMBDVHYOOGUHBRFZIL
[ 9] -6.9426  order=qt  Q5=TONGS Q6=BYNOON Q7=PASSAGE  T8=[perm]01725634
    EPAWPTIMNEXISENDFITPOKEOGLDOVEVPTYMSQGGSJSLZOCDNOWLYVNXERWFIMVJQDCOMTVCSXFENESTIFPKUCEMEAVLEHIWBZHMYPIDQPJWUGSANDIRHDTPRYCKIMHNMKNLOFJXTMTCQDAYY
[10] -6.9458  order=qt  Q5=METER Q6=LETTER Q7=FELTTHE  T8=[perm]01732546
    ODISOSBISSTWEHPNIXASLIGHEWHYSRLJETLCNNUIUMLHZRDZXDZIZCQHRCPTAPMHOYFOLOBHNAFABINKIRUHBBQPSMNSYBLICQMEKYNFWQHMARTHDOSHADBIRCDZHOYQSRRADVBSBHBQOSTX
[11] -6.9509  order=qt  Q5=LATHE Q6=REFERS Q7=UNRAVEL  T8=[perm]01756243
    GSVIGLISGOVETWNONJOSTNIVHSDETEXLEWVVOXASCERMWFQWOLPASOCCHQWGSACUWHSFCEOOZRGNJFGSOSSIOJTNUSOQFHQNSHWPRAMFZOJPLVAOEINSEUCLDPFULTNFEAJKQGMJNLSWISMG
[12] -6.9608  order=qt  Q5=MEHIS Q6=ALPINE Q7=AFEWHAD  T8=[perm]01743265
    QPEGFENTYVGRETTAGESCRSOSWANTSHTLMVJTDXLIQCZSRSPFOTMULFXCAGQYWYNTLXSZZMYPZTCAPKAUWSBHLOGIDDOTEMZUKONFOZECQHREUPETWJBCNOBODCUTFPIPCMOOYEURADPLIXUL
[13] -6.9626  order=qt  Q5=BERNE Q6=WILLGO Q7=AFEWHAD  T8=[perm]01762345
    HOESCRANDINLIYTINTCCITSBYNBFRIONLJSOFGABDINABHCOERUFAHSUNXZKRTBXMHGLPEVCVYOKANIMNTPHWLXKFEXALFNEDQYTHOIARVEKKKBYJMVFDJOSTEAECNPMLEZABCNCGPRVAVMN
[14] -6.9630  order=qt  Q5=GOING Q6=GOINGI Q7=IWORKED  T8=[perm]01732654
    EDOFUBEARLDNAFTWOYAPRELTSFFPVICONDTWZAJMREAKPHCPURAMWDHKNWOAEZZHOOZTTTSQXBNKTVPSFVENEWWSKUPISTGDVJVXGZJGRASOAUTSQWDYUAJFXALSOYYPZPBYFPOBINAINMZO
[15] -6.9666  order=qt  Q5=MEHIS Q6=FILLED Q7=LETTERS  T8=[perm]01736524
    OSFINDEVIRGANEWSYOFDXWPHEFEDKGCFAKCUSMTJBHTSCHLNTVXIWIGICFJJVFOMKSNDJMXORZAATLCTYAFSLTMSULEWLTMZREWNENBLDYSFCEESUMTDYKCVSMORXRBSYCYEMCKSBHEJDNUE
[16] -6.9754  order=qt  Q5=EIGHT Q6=QUENCH Q7=RECORDS  T8=[perm]01742356
    QVAREFSAVVFLVOTEURTATISSTWAYWEPRXJUZQIDKBSJAWFEAWBZBQIMJREDJTKAATTTFILYWINOMGGGUHEMHFULTBSYPOOIFSSNDXFDPMWFARGBKHIBUQDFDOPNRUCSRTBGLQSXSOUSRQQOA
[17] -6.9815  order=qt  Q5=PEACE Q6=SOFINE Q7=GILDING  T8=[perm]01743652
    TFESSHCLVEHKANENAOCTTERSSARBSPHJIJWGBPQCWSDUANBACOVIECIAMLMDFEATCAVLDAFKRCQDKDYVJOALAIBCINEDSSKCIUDTHHJIPWUFIBCRXNAWCELQWIGCUGONKKGNAIMDQJYUIXID
[18] -6.9878  order=qt  Q5=PEACE Q6=SOFINE Q7=CALLING  T8=[perm]01746352
    BQEXSHDUTEADANORAXCATISSZARODELCIJWYJPYCWSHSAFOACCTBTCVAVZMKFEDBLAIQDAGBRYQUKHZVCOAIEWDYINEIHSMCIUHEHALIPRPBBBGRYRAACEKXOISVUGVRKNGIANTDGJYPNSAP
[19] -6.9917  order=qt  Q5=IHAVE Q6=HESAYS Q7=HETELLS  T8=[perm]01736254
    CAVELCSDNSNYBASNBCINFINEWGPROFDSNGSORDRITIMPIHLHUXNVSZJVQPEBLTWXTGBITVGSSIXTDHKPCBVPGRKJLKORCHIKSVYXWIAXJMJWNKCGHIPDTUEXANEXFGSLSAVVWUSNANOIRAER
[20] -6.9933  order=qt  Q5=BRASS Q6=ASHORT Q7=AREONLY  T8=[perm]01734562
    TCICHDEVESSISANFILAPIPIVIWEAPPHTCOOUORAQFBIBNCKJVIPTNVHFSINUBIWWQIDMABTOSJNGLHRSHURZTAFXSAJKLMCAKOLIZBGNLBEMPFKSVLLYAPLFOTJHXUZSAQVEMEUURNSPUZQZ
[21] -6.9987  order=qt  Q5=LATHE Q6=REFERS Q7=UNRAVEL  T8=[perm]01726543
    GSBIGOISGOHETONONJUSTPIVHSLETTXLEWEVOCASCEUMWMQWOLZASCCCHQQGSDCUWHCFCBOOZRXNJRGSOSUIORTNUSOQFHQNSHSPRXMFZOGPLZAOEIBSESCLDPUULUNFEANKQDMJNLLWIUMG
[22] -7.0045  order=qt  Q5=THREE Q6=MYHAND Q7=STILLMY  T8=[perm]01746352
    XWLTTISAPUSSYOSESONEFWIAGAWTEISCLWBOTHXIWIEDANKISITIDSEQQJMRWFZLQCKRAKICWPJPBXHRSBHZYYAJEUCMUHMARIGVIOCLFEPLQCELEPWCYKCYULDKVXDGXRDHFWONDUILNHIY
[23] -7.0110  order=qt  Q5=INOUR Q6=THEOLD Q7=TOTALLY  T8=[perm]01743625
    PORAJOHNUMALGCORHEBATEIBUDNOORLYJJFEFLFRIDBDOCKFDIGTMTPWQGTXKGUEOCJBRIEPMLFDOGYDBOZLYMHXPSKYNPIVEZDBLBMVZTXYBBKHEMLOKHMHWELOCIBVYWNHVEGULLWAGASY
[24] -7.0146  order=qt  Q5=LEDME Q6=HEDOES Q7=INSEVEN  T8=[perm]01753642
    SYUSPLUSESAXELEEKSESTRYGWSECVEPCAZZYHGFFZOWYQHCLFWSDFRIAMQYHNPKPGCGRAITRRNIHKFARPBQAXJUIASCYBEANISRDFZXBZLZZVVOOREDYCUDWWQEPAYUSTCKSZIJLRENCWBOO
[25] -7.0155  order=qt  Q5=SHARE Q6=WHATHE Q7=SEVENTH  T8=[perm]01743526
    LTEXAMVIGLINOMVOTTADOMACHLIMKAMPJXNLMBUJHYEXASIVZPQMIQHQRSCCHACTMZXTFMWROATARBWBLCGXWLCNXBTOIGWYDESNEBUPAFKAOZWBDOVDALFRAXIXITZHBDPOICUGUFEEXPNL
[26] -7.0171  order=qt  Q5=HEHAS Q6=NUANCE Q7=KRYPTOS  T8=[perm]01743265
    NDJESLEALRUERFAMSOFAOCKWOLLTOZOAXYTICPIUDGQUSKWHOAPKUTHGDQUVZKNIFEHOOMWHVYICLAHKLFQKFJMOFFRAMOPCJOTNYNCIQUVQECGTHCOPZPTFGHEMXEDDVBPAQVYDEQRLVOHN
[27] -7.0180  order=qt  Q5=HESAW Q6=THESUN Q7=TOAREAL  T8=[perm]01752634
    TGJAMEAMCMROPRCRIALSWEDDOLHEEKIJUGOUQGSDVQDUUKDFCNYQXDLCYEAPBTOXOXYIXTBYHEYHCHJEIMJUUTNYNETMEQUQPCWFYVWQHTDAYMESSWAWBYGCXJTJLQJUGSHOWBLMRGSEAUXG
[28] -7.0226  order=qt  Q5=ONEOF Q6=TURNOF Q7=GUTTERS  T8=[perm]01756423
    TBONEAEWONSTOAEAKSTOTAYVGNNALYTXKBCDATTBRTNIDNIQVHLDONIVUPSCNUXTJLNSHGUEFPLAYALMOWUPNJKAECSSAFMDRBRMTMNUQLQGTVHVBJSERJZMLTXALUFNYRUMCQKLSIPWGDTN
[29] -7.0281  order=qt  Q5=TOHIS Q6=DONEBY Q7=SAWSUCH  T8=[perm]01756432
    SKLITDELLHYMHOSTMENTODDPEKDRESSKUXFQPXKFLQSQOKJNXLVOWCAOXVLSTLUCACYSTNKWDAFLOUIUFCUAKUPDHLOOKLNERGTVCHKNKAQKFBIDCTYEGGTIKIPNFXRQAGLKMAYAIFYHPQOL
[30] -7.0323  order=qt  Q5=FILES Q6=DAYAND Q7=THEMAND  T8=[perm]01752634
    KADEIDTHOTHHKECNCHEMISMEZTASCLAYWVOSROQTHSNILDFXSLTEXNJZAJRFBUDNIORILRFXNWSPHFWOCLUASTQZUZAUKEWCAFYNYDDEUOZRRQDBWNHILTMCEIEIXFSBHOVXGEBIBIDJMAER
[31] -7.0385  order=qt  Q5=CLOCK Q6=THISIS Q7=MOLDING  T8=[perm]01746523
    UADVUOSOPOFBEETSOFVSURHENMINOPGRHZTAHISPUOQBIYPHEYIFLUCMTFOUBICBBSIIAYYCOKEXXPPXABZXIQRQNCUDIBHBEHTAFEUSEUYFLHTTZBOBKYTOPKDFDACVWQPBEIHGMWACRTGI
[2026-10-04T00:14:22Z] chunk 600:700 exit=0
[2026-10-04T00:14:22Z] chunk 700:800
progress order=qt perms=100/40320 candidates=107318484
vocab: 119 x 123 x 141 = 2063817 triples
T8 permutations: 40320
candidates: 206381700 in 24.6s (8.40M/s)

==== TOP 32 HITS ====
[ 0] -6.8703  order=qt  Q5=METME Q6=ROADTO Q7=SMELTED  T8=[perm]01763524
    RCZUYOPRIVALTHISYARFTISCTPENISLCBQAEDOXZOIDCABYXBFRKRXXUTVGCHFIAUTLOGJVPINNBALSYZUNLBABDSAMLTRBEYRISEEMHEQSRTWTCWGPRNAIADUFJJYKNYXJACRWSYDCXONXK
[ 1] -6.8725  order=qt  Q5=BUTNO Q6=BRONZE Q7=UNRAVEL  T8=[perm]02134756
    IRASHLRGIRHEHCIRAUDICILEGENATOKEMRFKMKCOQUBBGGQRNRYSVMYZAZCGTGESOLYWCOUVMYRODOFZUOSJJDZMMERWEBVZEKRDEADGFMIXGEJFGSHONMSUFWSDATMEGHAJORUYAPEQJSSU
[ 2] -6.8881  order=qt  Q5=AFINE Q6=FILLED Q7=SUSPECT  T8=[perm]02163475
    RQORSUWERMATEBORZILTHTEIACMATRVDSOALSTRNEMBUNCGGYVIWVFIMNHMMCRKTEHEPYLKPXMQHORLCHRELNCYPLBESGLINMHTVQNIPADDJCPASOOZJMKGZAGGRTUHIVHAPZDDFBTCQYFEA
[ 3] -6.8887  order=qt  Q5=INSIX Q6=THATIF Q7=OWNHAND  T8=[perm]02136475
    YFEMNRAVGODRMARTREARDEUTLSERODONPFDBORTWIPKUPPCDBEIOJMEOWBOFGENVMLRWSECMYFUOHCODOESKIKOHUCOYTUFGCMNYUZYXXJWPDUSSEOATZFREOQUMPOQWWPZCDJSTFIEUOJDX
[ 4] -6.9044  order=qt  Q5=ROADS Q6=WITHIT Q7=JOURNEY  T8=[perm]02157634
    FLEVACCYGEEMOFULGOAMSWITPADLYSUVNIDEAWDREAULOOHYYLXTPHEHPIBCQOKYYECOXYITSPTIDJQOCPGVAJMYHLBELUMIFXJUALUCRCPASKRKZDTCGIOIMODWDELUPXRVMMIXGDOJINIC
[ 5] -6.9376  order=qt  Q5=AFINE Q6=SLOWLY Q7=DIGETAL  T8=[perm]02146357
    PXDFNOOONONPENERFITAPOMOOHSERFLPZRHSAGOYAGDYMSLFUJAPTNBERHOINDOEEICENUDQWBGUWHALMYADDZQPMMTROMKQKZFUJUQRSKDGTAYHUNXWKAHMNTLICHQURKBCUVPAQNLGUIOT
[ 6] -6.9416  order=qt  Q5=LEDME Q6=TWELVE Q7=SHARENO  T8=[perm]01765234
    ZUEEPNOPINAGGLETHECWSOFALOZBWANALOGXEKDESHAMAIPTDQCCNMGCKGMWOIDKAPOYREORDLZHQQAHFAWTOVBGANHAXWSZLBCTXVYHFHVELYNAZEDEBUYRFAGQJIWZYASROGWTKLLKYBTD
[ 7] -6.9427  order=qt  Q5=BERNE Q6=WILLGO Q7=AFEWHAD  T8=[perm]01763542
    HOMACNANDIYAIPTINTCSIASBYNBIRFONLJSQFXABDIOTBOCOERINAGSUNXQPRSBXMHMHPCVCVYJIANIMNTOJWGXKFEMSLNNEDQROHOIARVTTKPBYJMVUDAOSTERXCFPMLEIEBINCGPGHAMMN
[ 8] -6.9463  order=qt  Q5=AWAIT Q6=HAIROR Q7=FALTERS  T8=[perm]02145763
    NOTROOTGUTFELCISCONRTPOCELLPIOYSJAMQVCXCZHBAEFBMYOOEOOZOTKLYTEMEFFWXNAVJNPPWCROTISATAPCDRSALESBUGYTSXLHUHQNIAZJGGSNWXSKINZVIBBLHLDGZSKJOYUNNCNDF
[ 9] -6.9466  order=qt  Q5=LEDME Q6=HIDDEN Q7=ASKWHAT  T8=[perm]01763524
    HERIEVVDXAUNIDENSATSBHOSEDFNATJNIXSWCKIIPAJEIPEBRREEBKIMKYLIMSFSKYXOHVIRAPSGSVOPLEDCQDJXIWFSAFUHNLEMJLIBHQEMEPSICERFSOHMDVWSGUFIDMKWVJSMISKQYOVS
[10] -6.9559  order=qt  Q5=SEVEN Q6=FINEST Q7=NEEDLES  T8=[perm]02137564
    IOLNOMMDLESARIICKANGBREGMTIBASEALLYESPMNIWHDGKGGBRXHHNYOOWKPYYZRMJOVBEIMFNTICGAYSYAJYJWAXTDUAAFFLOWFUNUBUTKPAMPNJPFJQHPZMCWOSNXKWOAADENSAWIPMZKZ
[11] -6.9571  order=qt  Q5=FIELD Q6=MANNER Q7=JOURNEY  T8=[perm]02153764
    SIMPARFOLYTYSGREATOESBWPTTEEZOILKPDEYRUPTKVUFIYTKUXPPDOTTSOTHPHGYPTAYNAKATEOTIRQCHGTBGCLEJYRXCZBAYQEKDXCBNWHTTWAZSOUHSVOFPLNDPLFAIQANNBTACPOITVG
[12] -6.9690  order=qt  Q5=PRIOR Q6=HEDOES Q7=NEEDLES  T8=[perm]02156437
    JNARDONYSCTVALAROFWRWAYLBEBHOPIUAPITZPILGONQOPUTFWDRINSSXDRPOGEBOLGPUFEOLPOVHPLCMMCUHFYVZQEJTNLAZJFPNDZLVGOAHEWYMAYYTJNINWGGFPHOFPOXUXFOFYNUKKGI
[13] -6.9714  order=qt  Q5=ONTOA Q6=THISIS Q7=GRINDER  T8=[perm]01765243
    TCOLIMREEKBERLTHOTWAPRFLPRUSAPWJQEYJBARRAISJDQPWRKTFSEZBALTORXJLOFOUITLEBUKDSXANYEMHHTHFYDTGRGZLLRETERCMJTBIEJCHOJSPBQKPEKWUADBRPTKHAYDNAPFHSXCD
[14] -6.9726  order=qt  Q5=TIMES Q6=GILDED Q7=PRICKED  T8=[perm]02163547
    SENDTHGEPUTFTEGOGSCANHYPOWGOIWITHMSWPPPXFCAWCTUWPTFMSTLWNFLLPXLGDBREAUSWEQDVORMVEJSNJYJIDEASETHNFOIYJDVASWRTSVBOOAQGQNIVPRTRFEGBUQUXRRCUZFHNISZS
[15] -6.9858  order=qt  Q5=IHAVE Q6=TWELVE Q7=LEGGERE  T8=[perm]02145367
    JQFGAGMKHETERAAPOFVAULDNONTOFDBNQDIBEWFRKBGWFOKLKPWAOHYPFSWTSTLADXASJOMGAWKZVFTEYZJTORKIPITFEGRVSAVOPAXXSLAFRYFXLEKAEJWYLVLEDEORMTHTEXCOEEVGKBWJ
[16] -6.9924  order=qt  Q5=BERNE Q6=ISDONE Q7=IWORKED  T8=[perm]02163754
    HYRILLILSOKINEPENTZEENIASYXRJUNVFINSLQDCKFDYDALTNVNEOHDRMFENHMIKRGEECQBYDPFWMHFDVZIDEREIQORAZMCUHOYSFWEBBFRTOVELYYWKQCZURXDXREPOTYCRXYIFPYTWPKMR
[17] -6.9940  order=qt  Q5=PEACE Q6=FILLED Q7=LEGGERE  T8=[perm]02146357
    QOSKMASBUERINEMINGRIRODAWGRODBITHWKUSWRRWFOMSHLMOEPDJHBWCSUODNAQUEYHWAGLZMQEDAINBYRMWCCIRJBWOBTCRIPOKFINKPUGSYKRYZMRBRDPUAEXUJBCZTEBPRULZFRUSKNT
[18] -6.9943  order=qt  Q5=INGOT Q6=FAILED Q7=MARGINS  T8=[perm]02153746
    ACHOLADROTINYUCBWARCHTBKTOPASKIRSCFWQNAINCXORYLEHZWUALLWYTEITLPZSEQCAWOEOTZVOYBQXJPPTBLORORUFLOKRVBLNETGHJLWCHLRUAESPXNKGNAESGNBLEUFEPXWLYGALKET
[19] -7.0019  order=qt  Q5=INGOT Q6=FAILED Q7=MARGINS  T8=[perm]02153647
    ACHOLAYCOTINYUDAWARCHTEWTOPASKFTSCFWQNMTNCXORYBQHZWUALJXYTEITLOWSEQCAWPGOTZVOYBQXJPPTBGCRORUFLFNRVBLNETGHJLWCHQXUAESPXDCGNAESGFILEUFEPTLLYGALKAB
[20] -7.0033  order=qt  Q5=PEACE Q6=HEWILL Q7=FELTTHE  T8=[perm]02145376
    WCVENSELICTITSKLCISSURTATXBACTCHIFQNTOTYTOBVVYTCPQWBNYGNBBEAISVDIKCZTALANOUKTEXYEEBEKZRFYVSSZXRWFNYAJGNFQDIYGUKYRMFHCOTFNAHAYLOEIIFHRYOAYFFZOGUC
[21] -7.0233  order=qt  Q5=SPLIT Q6=MYTRUE Q7=EYESARE  T8=[perm]02156347
    LCELIABLEDUKDEMENCNCPLZYORVENTBSUAWWCDIYDNUBYBNANEVDKHCADUAMITDDRCEUKBSAESMXSTFIZTAEORSYIVZXXGBCPMJEBAPKQVYTKRDZHRUMFYQIUTUFHJJUBBYIVOXSTOIIMERT
[22] -7.0253  order=qt  Q5=BRASS Q6=ASHORT Q7=AREONLY  T8=[perm]02134576
    TBECHDERETHISANSIRRPIPTPICXAPPLYCVXUORIYFEQBNCINVCETNVVYSYDUBIHYQHZMABAHSFQGLHMMHJUZTAKUSELKLMUJKANIZBELLQZMPFROVMTYAPSCOYVHXURKAPBEMEPMRDNPUZLX
[23] -7.0270  order=qt  Q5=BRASS Q6=SILVER Q7=NORTHEA  T8=[perm]02164357
    NUMACRESTWOOGMWEIOADABCOLORTAYSWEECWYCGXBCCRKGULMHTRDWXVLADYHNOJSRREDEFJLTVLYHKDFTLBNDMNRQGODMNDANTEZHKFCLEBOTTDKLIOCFWIYPQNQXMIHGPLHYONMMKTSEXZ
[24] -7.0306  order=qt  Q5=AHAIR Q6=STRAWS Q7=DRAWING  T8=[perm]01764523
    PXSYRAMUIGNEOIREDWHIMERIPTSJUSRRKMULNARRIBXJIJUFPNCXOIUTPGRAHYICPMPWCKDJELXZWCULDDIMADITOBUOTENDFVQCBRZDXTRQPWGSWSFAEZVFAWCOOCHBIOWEBRTXKUZMSDSV
[25] -7.0359  order=qt  Q5=INOUR Q6=FODDER Q7=SHARENO  T8=[perm]02134675
    NTUNLFPOGBRBRITALDIACTFUNEBRORSIWKJMUWNDNNMASDFVZJUEINNNNFIATQNCYHSPQAIFAYEZFQEYIREDOMFVILYDDURQRACYFWJRWCDRGWZOINBKRAUMSISYLUXJKAZQFMODPWWSNNCJ
[26] -7.0378  order=qt  Q5=WHICH Q6=ACLOTH Q7=SHOWSME  T8=[perm]02137465
    JOSHIMIDMYTOALCUOLELLHLEITAJUROWEMTWJECINOGILEWPDZSWCWOILADEPVPVVUQQPNGYTHVWPWENTJCPUSYAGMNEQHSVFGHQFNMCWSVSTEALFMYMUPYAPMNXZQGDAPPGWKWRNOICFPIT
[27] -7.0387  order=qt  Q5=MOULD Q6=ITINTO Q7=ANDWILL  T8=[perm]01764352
    FIRSEAHDAIRVDBAVCDMEINHEENSCISTDXSCURWESZHNGIGWRHGKLDAOIRUSRQQCXUOSAUKUBEIMTUBMOEADCMWATVYCXDRPKHTOVGGYDWDFAMDJZOGSGSUCAUPCDLKLYVDGPAHIXYBGRDVBU
[28] -7.0434  order=qt  Q5=IFELT Q6=SOFINE Q7=INBOOKS  T8=[perm]01763452
    JAJPEUREDRACTMBPISETCBCAMONEISMQUREZHBSKTFTCPFEVBDSWJEEYICNVGPAQFTKWMURUSSELUTRFCHVJWZODLNSAXAFAAXKAYMOKLCJLIZGAMAWJPKOZAWHEFBEERFEEAOXAXVGCJNOA
[29] -7.0514  order=qt  Q5=ATURN Q6=TOWORK Q7=CARRIED  T8=[perm]01763452
    SRYATPAARPEMETHAVENTYSPICPOAPHCSJJDXDOIENRYEDBRFVRIVYYGSMUBVGKBKRTHPFFAKOKRXLEOTDVNGJNCHITFUIHNJSDEHCIGOGAYZEKZUSQLYJICRPFWRTWRGGERNURDSYGQJNWQF
[30] -7.0535  order=qt  Q5=PEACE Q6=HEWILL Q7=FELTTHE  T8=[perm]02146375
    WCVENGTLICTITILLCISSURTATXBACTCHIFQNTOTYTOBVVHMCPQWBNVNNBBEAIRRDIKCZTFFANOUKTVGYEEBEKRZFYVSSZMAWFNYAJFQFQDIYGHAYRMFHCOTFNAHAYEEEIIFHRMIAYFFZOZCC
[31] -7.0574  order=qt  Q5=HEMET Q6=THESUN Q7=ROUTETO  T8=[perm]02154367
    AFNMTHRHOUISECTURYAQCHSHUPTEDNRHCPPLQGSNZCMWHWTULCTGISSNOFRFGAFNXCNTMCDHHKABDOUNFGPGITUXIEEHOYMISEWPINGINNLEYEDMWQZKBNILXKIANSXOUOJVAAVCXMTCXUOY
[2026-10-04T00:16:04Z] chunk 700:800 exit=0
[2026-10-04T00:16:04Z] chunk 800:900
progress order=qt perms=100/40320 candidates=107318484
vocab: 119 x 123 x 141 = 2063817 triples
T8 permutations: 40320
candidates: 206381700 in 25.5s (8.09M/s)

==== TOP 32 HITS ====
[ 0] -6.8718  order=qt  Q5=EIGHT Q6=LETTER Q7=SAWSUCH  T8=[perm]02351764
    MAPMETRCASKIAKSZONANDANTSKYEFCIBEGTSRNBVAQOFOKKTMEFFVEHIPMSTHRIISCKMVYMXTJTOMWPQQDGFZBVZFZMSCZKADAVAZOUDLKUPPTIDANDRRUGUFZZAMMYTWQNQSYRMYICEILME
[ 1] -6.8898  order=qt  Q5=AWAIT Q6=KNOTIN Q7=LEGGERE  T8=[perm]02176453
    YIMICQSBRONNGRELPTAINSSEJORUNSWMKTPWLNAUILLLOWRQEHEFJZRDCNERUPNKXXYFKROWEBGQCXUAJPWARRCGLHJKLIAPRECZCLRMNFORIOBYXDEYNHKAPLWFIPBAOXPAFLHCCPAYPRIV
[ 2] -6.9161  order=qt  Q5=ATURN Q6=DREWNO Q7=FINGERS  T8=[perm]02314756
    WOMOLBROOTISOFTYFNEVIEDLLYHMERAVSIIKELIXESXRRTYKQIRBORVERPITHHZPRNETOXEWAYMXMPSNDZOPCIMLRIEUMTBLDZVLKXYIPXJUWBUDEKSBIAIVIQPECVJXATZCWYOAXSEHQWPG
[ 3] -6.9335  order=qt  Q5=IKNOW Q6=EARTHS Q7=LOGSAYS  T8=[perm]02345167
    CRDRALTTUANGANOVREDEDMFINERGECRTVHJFXRQSAIQRDZKCITGEBHBXDEVSPAQEFGUTJEKFHHYBWOQINEEXFWXWSCYHILTOFFWJEACTCACYMDUTGJARGJRUJIVTOUFENWKEWOGMHKOTDINN
[ 4] -6.9366  order=qt  Q5=SPLIT Q6=POLISH Q7=ANYWORD  T8=[perm]02315764
    DXAISNODAMNTZAMALTDASHBEPOCKISPCDCGWIJPRZQHOGSAUCOMBSXDTREOKWAYYZYCDJIRECKAAGCTUUHVYFQJNSUIWSAHIMUADTOUWBFKAZAIIAZNUJBUANBLEOMRQTLNRQAYAYATUSGHS
[ 5] -6.9547  order=qt  Q5=BEGUN Q6=TOOKIT Q7=FELTTHE  T8=[perm]02314567
    YXBLYGULUPRASDDREETOINEWSTKMUSEWROHKHJYLRUFACILOREDKKVAYKFRHKCLTCUNITLEWWGOADPOLXVTOIXOCMPEDDYCLVXBMOZZTTQLSMIFMWEHFUOOSXEKUKFGGUDCJSMAZTVDOZDQA
[ 6] -6.9592  order=qt  Q5=MYOWN Q6=REPEAT Q7=ONLYTHE  T8=[perm]02175463
    YDMECTATGORDRMNLYSOUDUNHECEJORTSEYVGPATSZRTCHNBXYNQVERDAMSAFJIRWCXAPAPJZBNAIFAXVMXQHWYJNXRTIGHNHBUIUYEDOSSKHLGTJQCLDWEENCJFTUISCUGATGURGWREUSMDH
[ 7] -6.9662  order=qt  Q5=STILL Q6=WILLGO Q7=SOTTILE  T8=[perm]02174365
    LMARUNCINHOWBPSEANTNOFLSISMWAJAXYZMBBSQLYXWJFCIDFJSKKIGIRTQGXRPVNVAYNTUDINDMNSVAHORITKGRGZQIYUGHAASOVONTQESNPNZBPYDAOMENGWFFRQACKAYTEFPSGOMIUDAL
[ 8] -6.9681  order=qt  Q5=RIVER Q6=INGOTS Q7=WROTETO  T8=[perm]02175643
    GAPROPTGAINHOYDSTEVIOVIDGEXEYCNCPTWDRQWWPMAOYHWISENRHTOVPGBKNTZWVZTWMANYIUBVLVOMWDJTZPISSRGYEMOVLYZEDQVNQEBACJZIHEALGDFLTACIODBYCCQZKAIVERNEYPRV
[ 9] -6.9687  order=qt  Q5=BLOOD Q6=THEOLD Q7=GILDING  T8=[perm]02316547
    RODVOYSIRANDMIPMPACKMAYACDCNOOHYMENNVIHDQANDCTRYIDKIFUZLGEIENIGHFIAPENSAOHWWQTWLFKOGEEOSURCQJGYKEULMTAUSOHOBQTCOYLWWCPSBQVVUQTHBOBVZQXXQJGUPAUEE
[10] -6.9843  order=qt  Q5=NAMED Q6=REREAD Q7=THEITEM  T8=[perm]02317456
    YNGOMAUASAGOLSONPILETYKAAGEUMSFDKAXLPMGIRFMBOYMEAVKZENTDJNZSILKJWDITXANGRSMHKCSISIDYAQASDCVJAHRSSSTGAHUFDSKRJHCEBFSDQFOLGIHQANTOIWSLNJZNOEKRBAKH
[11] -6.9945  order=qt  Q5=JUSTA Q6=HEDOES Q7=MEATTHE  T8=[perm]02165437
    TZQBLTOFAAWIGETHIREMOUTVBEEMANDAPRTMOJVXWSPUPZEDBMWETMFHONSPOVCDZBZZNUOETDFSILHAEEILCFZEGENWGWMAYQHWDHPIEREQUZKPYBKUWJUDSAYRPILHLPORZROVXXLDHGNV
[12] -6.9947  order=qt  Q5=LATHE Q6=TWELVE Q7=SHADOWS  T8=[perm]02317564
    ZAURCHTANTOPITMIMADFOFDABYIIRTFPPFQJILWAYWRNACGFGAMWJUSFTRECEFZOAILORGRFJVSXWECSPBWDOQGNLUAYTYTSLQISXJAEEKEMFTHLOBSOMHDGFAWDFRWASUMTDGSNUWBKYQSI
[13] -6.9977  order=qt  Q5=STRAW Q6=DREWNO Q7=BEJUSTA  T8=[perm]02316457
    YCILLSNEPPBESOUSIODIMIBEOBEESRELOSDOKHRHCOVZPWUKGISEDKUFORFMLEWZRWPPZNEPTHNVYRNMPTVVAQNAKBEZLRYJAMQLPJYSXPQMOCKSCXOREXBOQWIDIVKPTMOSFKIOJOYCARHP
[14] -6.9999  order=qt  Q5=HEMET Q6=HIDDEN Q7=ANDEACH  T8=[perm]02316475
    LSODLORAMIMISSJPVDRITELDTEKKEROPHDTDAWBETPYZPRURXULWEIORKIVATYKMQAYWLUFWISFVVHPFSCBWWTNZPBMONYGALSMICPSEECGNAHHTRXKITTOVKBCMEUJHABTSDLRBRZIARVEX
[15] -7.0046  order=qt  Q5=AWAIT Q6=QUENCH Q7=IREREAD  T8=[perm]02346571
    DYHAREGTOFETORANELGETEVDBTISBUOUQZDHVFGXIIZAUKANMFIRTERSODNVXHHWHLQXLHGBNUAVRVEOVZWYXNOEWBWOUUZIRSOXKSAPHZUBTAVGSENKYZANNGPRXTJERKCRVOMORTAODIWC
[16] -7.0088  order=qt  Q5=WHICH Q6=SAIDHE Q7=HAVELED  T8=[perm]02345176
    CELFSULERRSDAEPSTOREDRPBYNJADEMBYUUYGVOLJMSUVSLDFJIBAUUTEACOJDWGNLAXIDXHHOGEOADXMASEPGRYMTUPPXQVQFBLQCSNKVNMHCLOQOFHROBGEMADOTBEMUBCYTHGUIWCLNEB
[17] -7.0109  order=qt  Q5=BRASS Q6=ITFROM Q7=LEGENDS  T8=[perm]02164753
    FKEPDEPEPSTBOTTRCANNGOCOREAPIOEXEAJWGBEZINYINRVMDRPECRJAXVTYKOEISXENJAQLVBVGCZECDQXVFIEPYTOECRMUZOEKNJFXIHEYIDDCBQQMCBTLGYMJRBEGARTUSITBLVMQGKMW
[18] -7.0116  order=qt  Q5=ONEOF Q6=ITINTO Q7=BEJUSTA  T8=[perm]02173465
    XBRULASYROXALTETISANINXSERMSWITPLVDVSCLPZGATDLMRDTPTIDGOFKPTGDGTRECWWEPIIZKNYBDEKWRAGSHFLLABPNDXGKMPNZHHOBQIYMIUHBEEMADVJARMIZXMYNUSWATNJMZRTGBF
[19] -7.0155  order=qt  Q5=TIMES Q6=HIDDEN Q7=USEDATA  T8=[perm]02315476
    GITEIGENOFPEETCKLERMUNTCPURAWFHKHICSJVCCNSHFKKPSOOHMFUYMBYUSHBYTOJZWVUGSHADEZIRCLOGTAZJKPECGSASLMGTKMROJJOVMBNVAGEWKKCFSWPDMHMMRSAHALGYLXZQFWNVZ
[20] -7.0163  order=qt  Q5=HASME Q6=METIER Q7=COUNSEL  T8=[perm]02167543
    ENFUNGCHOODSERIPILLSIEDZEEBOYWQSASQJYGZBYNBYEOWSDWECBKAJBITSBDCKRRQKGTJOFAFMSJYTTGMJKMODWIESSFZMIHIGKLWOAYOFDIEBEOTWCKRQDANPAPDKUKOORMGDWRYWFOOF
[21] -7.0200  order=qt  Q5=INGOT Q6=SAIDHE Q7=LATTICE  T8=[perm]02176435
    HCEYSFTHOBURNWRALIATRNOFNOGSTUMLSKTINJJEKPOYTAYHIKWEQUGHPEORPYPTPACEMXXGBGZAHLPYAWDEUWFDXHYTOHLZLLCZEDESCXHEYHBKNSHKCCEINJJDBOSLHRMPKUBTWRPLEKNW
[22] -7.0221  order=qt  Q5=JUSTA Q6=ANNEAL Q7=LOGITEM  T8=[perm]02347561
    FYOFAURXTIJDISPOGRMSONSOTTOANETHQHRKAGQMTSEJBEIJBCQCNKNOWITYCHPDCPUBJESROQPLWMZBLJVYSBEMLXNADFMYFRSZLLPEUVUTHGNWAIROPTWKNIBRNDUMYLCVYJEQLCRVLUGH
[23] -7.0286  order=qt  Q5=IKNOW Q6=EARTHS Q7=LOGSAYS  T8=[perm]02347156
    CRDRAXTWUANGAYOGREDEDPRINERGESTTVHJFXNYSAIQRDVIWITGEBKJTDEVSPEEJFGUTJGPAHHYBWZETNEEXFEFUSCYHIZJEFFWJEBAOCACYMYVEGJARGRJUJIVTOGHLNWKEWGUYHKOTDTJA
[24] -7.0313  order=qt  Q5=AFINE Q6=THISTO Q7=SHADOWS  T8=[perm]02317645
    CESARFLODIATTAIDOYOUVICBBUSIEGVAHMFSYTAMTXJWHGSABJXPIWGOURXITHPEZOFPIKTGOKYNNSUICHTELLHNTRLSPRIVFMSLYLQIAUXGSDXWFCSXQWPNVEBJYXGOWSQOLEJHBMPCETSJ
[25] -7.0329  order=qt  Q5=HASME Q6=METAKE Q7=INSEVEN  T8=[perm]02165473
    OORESTAILYPSFICSIIRSODAINUBEAYCELHPKALAMGAYHSMMNBLWSBAAKYCTTEGASXSYDHAUCRIVKSIHGFOPTTSQHMOCKEBMKIFCAXJASOTYLVPESJANOZLDIVVRUGTTTDJKUGJZIJRYUZLOZ
[26] -7.0360  order=qt  Q5=OCHRE Q6=GILDED Q7=CARRIED  T8=[perm]02175346
    ZEERDHIGATEGBECLAMTOMEAQBANSNIXVPYRRPDUTEIOTMBRFGNOOMSLLNDILGAVJZUIPLGXXPFJSEHEJMADROWZFOSSACRDDMCNJPZYKRJRMXSAEPEPEESNLVUJCAWEBNWOKOCILGRXVBXDO
[27] -7.0398  order=qt  Q5=HASME Q6=METAKE Q7=INSEVEN  T8=[perm]02165437
    OORESTAILYPSFICSIIRLODATNUBBAYCHLHPMALAKGAYZSMMBBLWXBAABYCTGEGAWXSYAHAUFRIVCSIHTFOPJTSQYMOCHEBMFIFCCXJATOTYJVPEAJANJZLDTVVRNGTTSDJKGGJZWJRYXZLOV
[28] -7.0406  order=qt  Q5=VENNA Q6=ITINTO Q7=COUNSEL  T8=[perm]02314576
    SOHEWRTINMCTMAIKMINUEPEOMINGEWESCLOHCAGKRHXJANIFFRMPJUNRNNDDZGFZFYNBZTHZYROPIZNCERFKNLOAPLSHKAPHHGPLXCTFKJBUQKMMOMEDCCROOBUYKLAFCHTMCXWSKGTFTWMV
[29] -7.0417  order=qt  Q5=BALES Q6=EMBERS Q7=HEHASME  T8=[perm]02347561
    NETGFAMLYIFANAMASCORODUBCEWPULAEMKIVEYSLEFZTNRACTHAVVYCUZXYVEVDSDUGVGNWQIVGMXUBCMYDGSECIHPTZTTANIXGQTXFXHACPEGOMOGWVKFPILPJMNDBYOKUHQGLRNACOGPAK
[30] -7.0423  order=qt  Q5=STRAW Q6=FINEST Q7=LEGGERE  T8=[perm]02316745
    LUDEADGSUMPASGTNOHPTHAUMEISNDOFBMUNWOERSZYEEMSPUAMXKXTVNHGYRLLETHRCDNTIYOBSEQDLAPEFNFQHWBFOYJYWNBKPPUWUUFSAVALULGZSUMYLHMFILDUIBZFGDMEAKERPLWDTB
[31] -7.0431  order=qt  Q5=FILES Q6=AWAITS Q7=RECORDS  T8=[perm]02314576
    SYDEPENSPCATPASBKTHTHEAXIEXTRLIWXTLOAYLDFQJZYUJHGLTISAPPONTXVLANAWEVJQSHXTNMVBPPLSIMDYURJMCZTOMYNARJQMNYQFXBXGEPINSIMJQGLWNNYENIEANHTUKSDNUOTLSL
[2026-10-04T00:17:05Z] chunk 800:900 exit=0
[2026-10-04T00:17:05Z] chunk 900:1000
progress order=qt perms=100/40320 candidates=107318484
vocab: 119 x 123 x 141 = 2063817 triples
T8 permutations: 40320
candidates: 206381700 in 24.0s (8.61M/s)

==== TOP 32 HITS ====
[ 0] -6.8229  order=qt  Q5=ATURN Q6=FROMME Q7=TELLSME  T8=[perm]02356147
    PWKSTIGUINFOUKCDINHORSIDEKPMLSAULHEYORLWURTOSOVFGREIHPCAIIMQUGOHSFOCVYIWAGPFBAWUFQIMPMXVAMTPDTECLEDKTUSXTHULCHLAQCSTEJEALGOUEIYCIYOFXRZBUQMCWDQA
[ 1] -6.8829  order=qt  Q5=GRIND Q6=CHISEL Q7=AFEWHAD  T8=[perm]02413567
    WXYMAYREFFAOUTHIOPLBOYFMLSAFORAOOBYPYERDANDOBEUWZJQHORMIOPGMOLSOUCORVUINVGQUANRWJJGTICEBHSYLVTPIBHOLGPBTTHTTIOTWTZXLZTFAGMUCMUWRNQXCEJOQZWHJOGYP
[ 2] -6.8876  order=qt  Q5=ROUTE Q6=QUENCH Q7=WITHTHE  T8=[perm]02413567
    BDAPMDEBYOTHWEREDCONQUOLHUKMSKIPGPYYDOPSHLPDMNPGYMATDPZNIAEPJZPLNOZXBSGIFTAGTKYVICYUGEMXIRYJLGGHFKBKBEROSWZBYAGODHNOCTYNEHYUFCMENIVRNBOKSTEAONOT
[ 3] -6.9318  order=qt  Q5=GLASS Q6=ASTONE Q7=SURGEON  T8=[perm]02375146
    KUOMEETSRCCGRSTKLECKHEMHADTECOVERCIQGKLMRSUEDNIXOAVOOTBCRSYEIHANBVRGOHERJAFSFWXTEIIONDTFVMUCIRUOVFTJGTNDDNWUGXMZOQHWQXWXSEXXDOFDRSNFCJNHEPOCJACG
[ 4] -6.9347  order=qt  Q5=WROTE Q6=GILDED Q7=GRINDER  T8=[perm]02357461
    PTSCAASADDROMNOPROSSRBADJURKFZIBLIDTDOMCNXDXDUZXNGNYJWCNWUXRNCWIOROAIYZSXQUENIWSBONKEXOJARWCLESVKWFKUWMIDQIDATHCBKIXTUDADEAVYDGRYDMWERGFPEUGOOBL
[ 5] -6.9379  order=qt  Q5=CLOTH Q6=MAKING Q7=THELOST  T8=[perm]02436157
    URRITNROHACTWONBAASOTHREDNAWIZOYGKVHRCNSTNHVNSCFEKETGVQSAOQMCJAHAHFARGFOWTHGINEKIEJJOBVITAPFNLISDYFDCZLRUITERGSTCREHAKHDSKKQAHCJWDPWMRSIACUMRNIY
[ 6] -6.9405  order=qt  Q5=GATES Q6=FILING Q7=NEEDLES  T8=[perm]02356147
    BSESOHICNIFINAUALINEHLOTOUULLLAEEHYOYDYYURSAGCABBENUESPMECGFTPIMMDCRAWNMTVNJCAGKRCFERXIWEDPWIPTJUNZJPWFADVLFSYSFUWZLELOPEYLPTFDFZZGHQHKEXXIGJDJY
[ 7] -6.9421  order=qt  Q5=FOUND Q6=SUNAND Q7=THEBARN  T8=[perm]02375614
    TAMBELCOSMITMTHSNEREIWHMCKOURCEGYOEXIGOJSGDJVWVINCIOTVBUKTOGFISSEGNHDBFUNNWCIFNRYNONSPGRGKWBOYPEGETLYVDFLJJXACECNCRHDFRWIPKGFAQHILXPTJGPYRWJRXAS
[ 8] -6.9608  order=qt  Q5=OCHRE Q6=THREAD Q7=WILLLET  T8=[perm]02417365
    QGEDAUTIIKZEWRESULESAVHERECEEAHPLLEGVUGRIXKWIPHIYZGHJXMCUVPRIPRAUMBYXWEDVETOCEUOMKHAPMEBABUQBTFARUUANBENWRWYMXVWNUVVYOHWWTJSLWTONQAKWFIRRYAPERRV
[ 9] -6.9629  order=qt  Q5=INTHE Q6=WERISE Q7=LEDMETO  T8=[perm]02361547
    WZYUNCTISRIEILDONSELPLETASSMPAZUAAEAOKAPGIWBZOELUNADJICULFXRWOKLKBTERJFBQTDUEKUKAOSEGEAIRGLLOROVOZHEIVIIVKMIDDQRDODEUCVYXBZSNTEJGJTEDHDDLXBGSGWN
[10] -6.9697  order=qt  Q5=PEACE Q6=WINTER Q7=GRINDER  T8=[perm]02371645
    GGYDISTJPAUTOUTOLFLSREWASIITATZYGJDAWPTIGEXNYDUYTNEXASSYETNDDKFDOZEOAAQEFTNEMEZYKZLTLAPAYJAZQOZKSVOSLGTMBROLHTDXSTOMFNEVQAPWAEHUUKFVEGZENSSGTQZH
[11] -6.9838  order=qt  Q5=TOHIS Q6=HEWILL Q7=JOURNEY  T8=[perm]02376145
    MMEEOINDIOSEAMMIEDEIUPPOFSLEMITTNDBGBQRKSPWGWJCOSMYGFRRTDORLCDPJKOMNWKAWBOEZLEGOGCTAYSRAASHSOBIKULMVTUXJBBRHCTCMJUGGORABXXDWSNGHOBVFFBKNEBCUVEXD
[12] -6.9887  order=qt  Q5=FILES Q6=SPLITA Q7=GILDING  T8=[perm]02374651
    UHMSICOMIBYIUNEWMORIWASWEGOWIFONKUDMTUGTPROIDDNTATJAREQNCJVMCCMWPGAYWFMGLBUCITKLYASDZBZUYRPAJTQSEEOFFHSQPKQZQIUWPBZTQRTUHATONBRCNNOTXIMIOWGMBQQI
[13] -6.9900  order=qt  Q5=INTHE Q6=WERISE Q7=LEDMETO  T8=[perm]02365147
    WXYUNDTISEIEIADONCELPHETAPSMPDZUAMEAOIAPGMWBZYELUFADJVCULCXRWBKLKETERGFBQIDUEIUKAPSEGGAIRHLLOKOVOXHEIWIIVVMIDHQRDVDEUMVYXUZSNLEJGFTEDMDDLSBGSOWN
[14] -6.9919  order=qt  Q5=METER Q6=THESUN Q7=THEMAND  T8=[perm]02374165
    KKLAELVPVPWIDETRERECKMELDRIVACATRIRCEEMKSGPORQBOFSLKIIQOYIEPGNUIMZOFPSPSFIHFOOFLQXYRISOCNRYCDOAVLJQRUVOCLIBSHMLGBHFOFFDWEZIVAUUFOOJVJUJXDYIILOPU
[15] -6.9922  order=qt  Q5=UNDER Q6=STRAIL Q7=ANEEDLE  T8=[perm]02375416
    MOUGGEETRRASHEEMCFSUCSUNIONHASOGYWSOAILVEKMDHEMPCSNLIQYERDLFYYIENWYGMZSUTIUDGGVRBYTYBSUCVFVBDDSMCURUWXMUKTRYISRPOODNYATVRSKMYZDEIWJMPFPQIYIXPOKT
[16] -6.9938  order=qt  Q5=MONTH Q6=FILLED Q7=EYESARE  T8=[perm]02375146
    ELVIIENSCONTHATYRADGTSAARKAUHLYUSPWEGUGYBRZWOCGLDEWUBEZPURYECUJTRBIVXYCAIAUNHAHPKNIJRINUDINACAYOAZHISXSAWWDKLETAVJLJWTIFITSMHCHBSNKPKTLGFVSKNKUW
[17] -7.0037  order=qt  Q5=MEHIS Q6=TEMPER Q7=FURNACE  T8=[perm]02371654
    MWDOWNGHTRSANCEWOOALMXVITAMHOFLSDGONTSZXKREWEAXWAPPGBUSAGTRIBIVSJXTOAKSLFYYZZHMZFPFHTHMRZWRTSYTHRCRMHINMTHEXYIXIKTLAOKUYTZWUJDBXTSKXUTEENYUFHTSB
[18] -7.0060  order=qt  Q5=TRADE Q6=ALPINE Q7=TRIEDTO  T8=[perm]02365714
    EYMSAUFEMOQTYOURNUSERNOSTCVIDQUEPPXOORJIETWJAQLOIFKWIRZZQWDBJQUDWJNPSGWBYPCSAZZIWFJITYMINUMJVZZIGLPUSVPGQJAAFCPVATUWRIGSCAREBYSDDOPPOPMVPEYAZAYK
[19] -7.0093  order=qt  Q5=WHICH Q6=METIER Q7=SMELTED  T8=[perm]02374561
    OTGRETONRSPANLVCMSYAYASEDORYLAHOKOXQJHYANEYSUXMQKUIHIERPTIWCWPLSEHIAQBSLGUESFDVAWNCUFVCJBACAYOOFBBRRKFCVEVEGPHRROGETNLVKHSFMFRYKHTXNLTSDMJEOLEYJ
[20] -7.0105  order=qt  Q5=EIGHT Q6=BEFORE Q7=MEATTHE  T8=[perm]02365417
    IDENTTLOUTFVFRONOVAHBRAALHIGALUGQZLDLCDRFDYBTTRXTEKRAPUNCLSVJYKKFLECAXQFPFGZOODDHHMOMLPTGMTQTGOAHEYYZIYOFORCLYPCOJCPRCUBLANWJIPAOPQOXLSRHEGHLNVA
[21] -7.0113  order=qt  Q5=GRIND Q6=CHISEL Q7=AFEWHAD  T8=[perm]02413576
    WXYMAYREFFAOUTHIOPLBOYRPLSAFORDYOBYPYECYANDOBEDBZJQHORKAOPGMOLWHUCORVUMJVGQUANMSJJGTICZQHSYLVTIPBHOLGPSSTHTTIOOVTZXLZTRMGMUCMUZZNQXCEJGFZWHJOGZS
[22] -7.0126  order=qt  Q5=CLOCK Q6=ITINTO Q7=EASTNOR  T8=[perm]02416375
    LWLANYARRHESRSEERMJAMMWTHINIMOGIDAYKEZFQQXDAWTDSFSPCINFTEOCTXEUALTYNBPQLOKZZAEJOGBSAISFDKTCBEZOHHLEMPMSYWRKRFLMYLKAITFRDJLXHEROXBDTPXKFBCHQRONCU
[23] -7.0216  order=qt  Q5=PEACE Q6=FILLED Q7=LEGGERE  T8=[perm]02436157
    QYSFCASBUSRASEMINFROFODAWERFOBITHXKDJWRRWUOFPHLMOBPSWHBWCTUYINAQUUYLDAGLZUQVVAINBCRARCCIRMBWPBTCREPHUFINKSUDSYKRYYMJJRDPUVEAWJBCZIEEIRULZTRSPKNT
[24] -7.0309  order=qt  Q5=TONGS Q6=THISIS Q7=WROTETO  T8=[perm]02365147
    UNTNIKELPTOTNOUCPGONKOWINESFITBQTYALVYBLIEUJUDJAIBHFSYAPEGUZRNWUSSZNHRBEPRRIJZZAMKBLOOFWNXUVFIIFFSUCVTNGGDADMJLXSFGAUFHSFEDJIAFBOHSTHDECDVYIWFTG
[25] -7.0322  order=qt  Q5=IPICK Q6=INROWS Q7=TAKEONE  T8=[perm]02371465
    MERLEAMGISOFXAIFYATOIROLATAETTDHYAZZKSETATACKOJAYCEQYSDYQIVXTVNMXWCXMATBRBRJUADXHEIIPEBSUHNFLNGHHKSDSXESRWUNBJTUUNGDWYCEDKURNDMPYMNLIMBGWXSDFURL
[26] -7.0336  order=qt  Q5=RIVER Q6=MYTRUE Q7=THEKNOT  T8=[perm]02364715
    PJSTZTHEPASAMPTOALECTNRCHMSIALLWTIABNOZTELWLBBMITEIRIEWMOCEPTISWMWOQXLXASYCVAUKMDPXIRCAZATELZDMCGMRSFMQKTATVMMTWJJXKPGEJHFVIUKAWFHUHJAHLXGIAISID
[27] -7.0351  order=qt  Q5=EVERY Q6=SUCHAN Q7=REGIONS  T8=[perm]02365714
    BNDFALLSELUSDCREFOURGYPCDPSEBELBXXMNRUITRKWEFDGTXQPONAQGVDAOISDWBPUKQVOURTLEWJZVSWCILANBNAEQYEJOTBCUGIOPVGHWMNRRMUABOWADNDGKHFIMIEGEREEMJTWEIPFW
[28] -7.0433  order=qt  Q5=ONTOA Q6=BUTTHE Q7=OFMYOWN  T8=[perm]02375614
    BULOURNUELALEMOMPAIMEEFXJCDINGCODKNPRWHXVXXSAGICOEGGSEGYKKLUNOFVUFCALHWBRGLWSRAWTDOSSFARBSYNGFLNRYSZAGRTCZCAZHEXHXURGDQXVBFSXGPAEPFMNPASZNGNVIVZ
[29] -7.0476  order=qt  Q5=SHORT Q6=PHRASE Q7=INSEVEN  T8=[perm]02376154
    YMOWINTLETOORFLAYIAHGHCHIXTEUSYBUSTMTARAICMDZWBQHMBRTDHBXBIISALGZXDVDJLSLSSONDXNWOXDTZPHPHSUBAMRWSPMKDIRIIIMZZPKERIXTPILNROJUTJSTBYCWFDHPQBPHZAQ
[30] -7.0490  order=qt  Q5=MOULD Q6=PATINA Q7=THESAME  T8=[perm]02361745
    RHATETSAWREATEUKNOSBLITAHEPUKFIVLJNUDRGNCRGSVWJASEXWXUJIIMAMMAKPEBXYAGCUVLFTSKCTGWHSUGLSITYVBJOBZSUCXKVYHDJRGJKFNPTXDGKEFZLANSSNSPMIAVOFTIEFGYMY
[31] -7.0516  order=qt  Q5=BERNE Q6=STRAIL Q7=LANGLEY  T8=[perm]02367154
    ULVPTESMODMAYUDICELLYICDPEASMOHITHOBJBAOTWLHONTUDNMLWLNMZXRKSQSZUPBIMKDCOVTPTSEGNGNPMNSPARMSXYRWWECWYOPEZEUPYAQRTIMTFAEVKRAPOGDDZZVSIYHKUWGWDHBR
[2026-10-04T00:18:24Z] chunk 900:1000 exit=0
[2026-10-04T00:18:24Z] chunk 1000:1100
progress order=qt perms=100/40320 candidates=107318484
vocab: 119 x 123 x 141 = 2063817 triples
T8 permutations: 40320
candidates: 206381700 in 24.8s (8.31M/s)

==== TOP 32 HITS ====
[ 0] -6.8382  order=qt  Q5=PEACE Q6=ALPINE Q7=THEROAD  T8=[perm]02453716
    FOVIATNESCODOPYIGOFTRYZEHICEDEVEBRNVMORQCIWDNYRYEFHURVRUDDINKRLEDUNIMHWESHHVIUYNBAGQNPRZZMHAHOYUKFTOITZEILDMWARAAMZQDMPSWRENCQQWIICOUPVRPJKFTPZE
[ 1] -6.8456  order=qt  Q5=OFTHE Q6=GILDED Q7=GUTTERS  T8=[perm]02436715
    UZMWCOCASUBSBEVERSUOITPHOCKRTRUCLAOFTLONUNEWFLJFTOLUCLAZFEZEFCIYERCQOVITDBQRKOZYIOTATELTVZDKVOGHZUYEYMLHOEDVCPXICAKWIKDXBCWCWUDUPLCDVBEEAHUEONOT
[ 2] -6.9325  order=qt  Q5=PEACE Q6=ALPINE Q7=THEROAD  T8=[perm]02453617
    FOVIATENSCODOPPHGOFTRYYBHICEDENHBRNVMOFCCIWDNYMEEFHURVKVDDINKRNCDUNIMHUGSHHVIUYNBAGQNPWPZMHAHOCHKFTOITZEILDMWATTAMZQDMQIWRENCQGTIICOUPYUPJKFTPUI
[ 3] -6.9362  order=qt  Q5=TOHIS Q6=STRAIL Q7=NORTHEA  T8=[perm]02453671
    WARHANUDESORUGUTATXMORBLLUGINNPRQAOKBUOOBAYKDSNOCWXNURYPPEWILJLOYRWFDTCNDCFZYNSTSKSEDXIGHZLEMLIFPNERYRDJZDPIIJRQITIPCIUDSSPFHJOLUAPRMUMTDLLAJKYP
[ 4] -6.9384  order=qt  Q5=AREAL Q6=AWAITS Q7=BEJUSTA  T8=[perm]02461735
    TOCTITDWAIVATCAHARGSVISGHAMAWCLUZHOEOJOGWDISTNDSJDCFMANHFORYUCECVICSNDOPWVPILAMYSYRMCEGRIFGICUXUGTXPUJPDBLFSOQVQHLHRIEPRVBCFUVYJBANOQFXMBROMMCFX
[ 5] -6.9462  order=qt  Q5=LASTA Q6=FILLED Q7=FALTERS  T8=[perm]02436715
    EMPKGNISTOVEAURSNTSCPPIEDWOMINWHIDCRXYIJCXEUPXUDIDNSARFGMJVIRHGSPYIMINTWVMXBOTXNPPYLDGCUSPZSBULYONGVPWJXCNPAQAFGBOMEQLQPERUFRCLAKHWIUNPOFFSIQOJH
[ 6] -6.9557  order=qt  Q5=IPICK Q6=PORTAL Q7=WEEKSIN  T8=[perm]02453617
    EYJRPTHTEOSENSWJAMINBYCYTHEOPNECRTAEACITRBKZSYEISJAHSIAGRJRZLGTRDPSMFRYMYRKGKHCJZZCOISAADIWBEJAUTAGTIAQINWATYPFHMIHUNGWRMUSPXNSELFBZBVMQXRVKRZZD
[ 7] -6.9571  order=qt  Q5=TOOLS Q6=FEWHAD Q7=ARCHIVE  T8=[perm]02437651
    PTSSHEELLLPCGAEMADINOXPPRGSLEWIGSGCNSAWOODLMSIKGWYSNYYESNLUSDBKTHKANRIPYOJIPSNYUKMFZJVELNUALCAGDFLZSYLFUZIIJWAQLMGRMFEWMTLSXEIEOIJDVLAKABSXISNEC
[ 8] -6.9630  order=qt  Q5=TOPIC Q6=IWROTE Q7=TOSPLIT  T8=[perm]02513647
    PMALLFILENLTGDASGIFMIPTASPCOLLIFYOJUAMSCIRNAOSRAPEXJBEFUMWPNDXOGDPIRINCYAYSWYEWQADXQDCDIVOEAFFXRJWKKSPCLZRHRSLWKKJXEPSCLWDIEFREEJJEPQPICVFTHTZNA
[ 9] -6.9695  order=qt  Q5=STRAW Q6=WINTER Q7=GUTTERS  T8=[perm]02457631
    DANSWLSEEIATREMSCAMEFECRCESPEYAQMYNFYQUYQZTTXARURRHSFYTOMESMRJGMZFANDLLMPSSTBYAOFAAXBUUIPBZIWZYUWVAXRMCVLLMASLLAFFTRUIBTWNXMEOUEBNBDIXNQIWMUYHJF
[10] -6.9723  order=qt  Q5=OCHRE Q6=QUENCH Q7=REVEALS  T8=[perm]02473615
    KSVCIETICQPARMXTHEOJUDBULANTOANSLUAQDCYPAMSLKRYYDEABQTPIAYVSCJBIWOXYBGSJRBTSOPKIHPSPCISNIOPBYLCHOOATFDPHEHZWBRDSGKRTYLJUEHFUCLOXTRIQORWGOTEFWWGL
[11] -6.9724  order=qt  Q5=FIELD Q6=FAILED Q7=SEEKING  T8=[perm]02516743
    VMSGERKIIROSTISALEIPDOSTEGAYSEBMBGZFQUBCVCFREICGUXVCVFLNMWILAKPZVLEJUWIEWNNDYYATHJOFDECQIRWODNMPOVBSFWARROLBDBRXCCUVABKSFEVNKEISUSXSSIXJBARSSWLO
[12] -6.9732  order=qt  Q5=HEARD Q6=BEJUST Q7=STILLMY  T8=[perm]02461375
    XHOKCETWELLINSAAVEAPERITXREDPZDRCKIRRASDKAQEPDGMKOKTXTELUDSBYWEMBEYFYJXRRMJODITOQRIILWUNBADFEVAFHZWCGFUJESALHYMOMSUJEUFSUEBVFVNMSFZWYSPMKVVCTKIL
[13] -6.9865  order=qt  Q5=BRASS Q6=QUENCH Q7=MEATTHE  T8=[perm]02473165
    SSMEWEIOTIAMEBERELPXGRWOPATSCFOURFAKMOEEARVFQOAFKSTOBYTAXYSMCRLNYMGFSGEXWRFSBNTCMXJNWFNAGSUZCRYHJOECXZIFEXANDCSCPRUBGRKCBSKNLCROHRIOAOHZQACFPOJN
[14] -6.9948  order=qt  Q5=BOOKS Q6=SOLDER Q7=NOOTHER  T8=[perm]02437165
    NXJEERCEDKONTHTHASGDLOPALGWOFOUPGTIFBZEDBQEEJHLATUTRBEUMGNFZGJWGSAWKCSBAIWVHFATOFNNCDBEOAVNEEMKJPADSXBUPISAPTIPOYKETNIHIYQVQMSDAJDPJAKHEHFSOVJMN
[15] -6.9980  order=qt  Q5=PEACE Q6=ALPINE Q7=FINGERS  T8=[perm]02437615
    TTHHRSITORNSEHUTONSPORRKYCINYSEYYAWHLWKPINISEOFOITGYIUSSYCARQBWSCGAIXLGAXYBXNYRKVRNEELIINXMKGJWHSJVFACNMNCCPERDIZLLHTMXAVNZCIVOCAPPDZFRWLDSCVUGL
[16] -7.0036  order=qt  Q5=AZURE Q6=THREAD Q7=WILLLET  T8=[perm]02476351
    MNTDANANIAWUJRYSOLESOLVTRONTETILDLEESSURGWNWIFROYTEXCJSVOJPRGVJRUIMUXQAKIKTPNGRRJZAAPYAHARNTRMTSEOUALQPRWZAUMWYKFIVQFCPPUFCSLNVQNEODJTAXEHAPCHOI
[17] -7.0066  order=qt  Q5=ROUTE Q6=INROWS Q7=THEKNOT  T8=[perm]02473651
    SCDOICIAGNTAENONIFUTEDDEATNGECGWBKUPJAQOCURGUISIHMMEDIQWMWJZSLGWSOMERKNZDCYDWDZYGWWDETOEFEHEYRSHKKEIGCIZWTFCUJDKILLUTURKLAKQAPEJVBNMOITJSJZJBIPA
[18] -7.0119  order=qt  Q5=PEACE Q6=ALPINE Q7=THEROAD  T8=[perm]02456713
    FOVVATFESCONOPNIGOFTRYZEHICEDEVEBRNVMORQCIWVNYIYEFHIRVAUDDIHKRVEDUNQMHMESHHAIULNBAGVNPZZZMHRHOBUKFTTITKEILDEWABAAMZQDMPSWREGCQKWIICUUPSRPJKXTPGE
[19] -7.0254  order=qt  Q5=TELLS Q6=ITINTO Q7=HAVELED  T8=[perm]02437156
    NLITIREONKCSCIEALCDEHSEURINRAVYLKTGLLIWXNRUNRGTLURBUVOQHHVEHOQUMEJRFQERUPKUCTONIERHOSWTPQMOEZIFGHGKUMNUGBSSVWFDAYPEYFODJUXOLZUYQDQESPAVIBNSWAYNL
[20] -7.0268  order=qt  Q5=TRIED Q6=GUTTER Q7=ISNOTMY  T8=[perm]02456371
    QNONLYXVEGBISOBSWMONAFANOHANOTAGKADOTEQHOSXIEBBGESQRWOLLBFGWQVUJRZNATBHFDUISIFLLYLYBPSKHSTIPGSGFNSJXHQGVWLDBEOUSVWFYQDLKXRXJAENXTOLDIFHILJAZLSOV
[21] -7.0268  order=qt  Q5=OCHRE Q6=THATIF Q7=WILLLET  T8=[perm]02517364
    QGOLTHTICALCLAOGGIESWASCREPMTTHPEXPEFOABAVKWRMSGYZAUSXMCIPUZEAUHGJBYTMPBVEXFTSUOFASOHAOIZSUQWJTORUIHADENLBIKMXJTENVVBKSUWTDGOZTOGRZXYACBNKAPRFNQ
[22] -7.0296  order=qt  Q5=BLOOD Q6=ALPINE Q7=SHADING  T8=[perm]02516734
    OPYLPTPEDALPILMDESSTIORNSALAGAUVKRLAYUVEMSWEJEZMFHCOMWVGYYWIAHUGEXTCVZEOFEOZCAUXQJPCPYWMNKSAEEKSBMSADDMPGETJMXLXALTLSJTOMPTOQHMZWXQUZLAKHFMZNQNS
[23] -7.0310  order=qt  Q5=FIELD Q6=FAILED Q7=SEEKING  T8=[perm]02516347
    VMSOERKWIROATISSLEISDOSREGAZSEBUBGZWQUBXVCFMEICVUXVBVFLQMWINAKPWVLEHUWIGWNNDYYATHJOBDECXIRWFDNMVOVBSFWARROLEDBRUCCUGABKIFEVFKEIGUSXFSIXDBARYSWLC
[24] -7.0329  order=qt  Q5=NAMED Q6=STRAIL Q7=GILDING  T8=[perm]02456713
    HUANYVHTOFDACEGSIORSDOLWAYPOPORNIUULVRMNEDTSJEGZALZUETWIASEKRSDBHNIFSQWBJJAGQUIRECQEFZZGLRVCTOTINEUFWNSDIKLHGEBJLCUBSPYMAFNCYUVXCIGABOBGYIGCAHKQ
[25] -7.0437  order=qt  Q5=BALES Q6=METHAT Q7=FIFTEEN  T8=[perm]02513467
    HMDEINPAYACIREXCYANEEDEFOLBNDLYULTRJEDGCFLQGOMVTIMAZWYCHOJXYYFSKKKCOUXNWDLFHZVWPZOEJFAILPNICTRTDISNDLAKEDSZHDFJKRLMMDGINSHWFEIPZECDFYELJJECHBTPL
[26] -7.0439  order=qt  Q5=INTOA Q6=METIER Q7=OFMYOWN  T8=[perm]02453167
    HWLMNFLREAKFATTTSCOXONWISCDOURIEDBVNRAUGIHHVIIFBUYPSEDVAKBQSPCNFXGZXOCILLHLQSASVQCBZEZWOECBTMYRFLDSETONOCBFXILWGLHEGROLYYGFWOCXIESOLTFNYYVPGJWSY
[27] -7.0444  order=qt  Q5=UMBER Q6=FEWHAD Q7=ANDEACH  T8=[perm]02451763
    FMYEREPGOFIEWPINNDPMENJECTSALLWKESEYREGPRBHUDRIKKGWDYNVOSRKIRXRARPWWQUEKRHYHJMZDFEVLUFGIANGWHOYYFFODDHNGRODFSUFWIROXAJQHUCSDPZPWQBRGETZEXZLDIMHK
[28] -7.0503  order=qt  Q5=NAMED Q6=STRAIL Q7=GILDING  T8=[perm]02465713
    HUANYEZTOFDACCISIORSDFDWAYPOPRONIUULVRMNEDTSJHDZALZUEIFIASEKRFTBHNIFSHPBJJAGQZERECQEFFFGLRVCTTOINEUFWEHDIKLHGMRJLCUBSWBMAFNCYZMXCIGABSAGYIGCAUNQ
[29] -7.0509  order=qt  Q5=GRIND Q6=MANNER Q7=WROTETO  T8=[perm]02475613
    XFTODVISNFKAISUSETEMSVIARCSTIOTCTJAPTGCKDHECDHTRUTRRXRNVEENVZTKRSRIJUDKUNENVFBQUOAJRJPWZLSXYPVIIYNEHNGKWODINZNAIHOULXPWGIRDNUPNUUCRMAEKVMFBHEPRN
[30] -7.0519  order=qt  Q5=MEHIS Q6=THESUN Q7=THEBARN  T8=[perm]02465371
    KBADBYLIMWADAIMBEXAUUMCOITARYTHALMGDURSGXGNDJMBGZYLWELDNYPASFJMUGRIFDGAYYUCATDDDTYDURTTDIANEZAOPCWJMXAYJPFBZGQDPXNAMKQMWESIAMMZXRTJZBRYAQVPNANWW
[31] -7.0529  order=qt  Q5=AZURE Q6=AWAITS Q7=ANEEDLE  T8=[perm]02457361
    OSTFLUTIOCSSATUVHRILMESUTPANTEIDEAAOZEGTDQSDIHBSMERKMTCLIBFELWANQZUNFGYQMWONICHYJYTTJHUPLZCELGUJYIOZKEBTDESOUVBVOIZLGQDLHCCCHQRENGIBSYORQZXGNDPS
[2026-10-04T00:20:19Z] chunk 1000:1100 exit=0
[2026-10-04T00:20:19Z] chunk 1100:1200
progress order=qt perms=100/40320 candidates=107318484
vocab: 119 x 123 x 141 = 2063817 triples
T8 permutations: 40320
candidates: 206381700 in 23.9s (8.63M/s)

==== TOP 32 HITS ====
[ 0] -6.7024  order=qt  Q5=CLOTH Q6=MAKING Q7=THELOST  T8=[perm]02576413
    UCRERHRCHSCEMENRAISFPARTDNANGROSGAVHYRNSTGHEYPCWENECDSQRAFQNAEAGAGFSETFSWGHYMAEEIRJOFEVKTHPOUBIGDTFRORLDUETETHSTCUEBDPHJSOKMVQCMWVPHPTSXAJUENQIC
[ 1] -6.7767  order=qt  Q5=AHAIR Q6=SUCHAN Q7=TAKEONE  T8=[perm]02536714
    COREBWCAROPRHOWNAGALFEMBIAHILITQYDHDGVOOOPXTKFXBOMENRISFRMSONGISGQALSEKAMQMPKZNDHOGMISRJOBDRDCQCFAMOTTRIMHKHBGFTNEUBGIBBROUDICXKHJLAKOLCYBCDJODG
[ 2] -6.7972  order=qt  Q5=CLOTH Q6=MAKING Q7=THELOST  T8=[perm]02576143
    URRECHRCHACELENRAASFEARTDNANGROSGKVHCRNSTNHEVPCWEKECPSQRAOQNHEAGAHFSDTFSWTHYRAEEIEJOYEVKTAPOYBIGDYFRARLDUITEKHSTCREBTPHJSKKMRQCMWDPHITSXACUEKQIC
[ 3] -6.8064  order=qt  Q5=CLOTH Q6=MAKING Q7=THELOST  T8=[perm]02536147
    URRICHROHACTLENBAASOEAREDNAWGROYGKVHCRNSTNHVVPCFEKETPSQSAOQMHEAHAHFADTFOWTHGRAEKIEJJYEVITAPFYBISDYFDARLRUITEKHSTCREHTPHDSKKQRQCJWDPWITSIACUMKQIY
[ 4] -6.8199  order=qt  Q5=CLOTH Q6=MAKING Q7=THEMOST  T8=[perm]02576143
    URRDCHRCHABELENRASSFEARTCNANGROOGKVHCRMSTNHEVYCWEKECYSQRAOQMHEAGAHESDTFSWPHYRAEEHEJOYEVZTAPOYBHGDYFRAKLDUITEZHSTCREATPHJSKZMRQCMWCPHITSXSCUEKQIB
[ 5] -6.8415  order=qt  Q5=BRASS Q6=QUENCH Q7=MEATTHE  T8=[perm]02573164
    SSMEYSIOTIAMOHERELPXCOWOPATSDEOURFAKBIEEARVFFGAFKSTOSTTAXYSMOOLNYMGFMREXWRFSEJTCMXJNBRNAGSUZTSYHJOECQPIFEXANDCSCPRUBZIKCBSKNGGROHRIOFKHZQACFZCJN
[ 6] -6.8464  order=qt  Q5=AHAIR Q6=SUCHAN Q7=TAKEONE  T8=[perm]02534716
    CORERWJAROPROOSNAGALFEMBIAHILITQYDHDGVOOOPXTHFDBOMENAIKFRMSOXGDSGQALREOAMQMPIZTDHOGMGSPJOBDRJCHCFAMOOTKIMHKHIGOTNEUBGIBBROUDUCMKHJLADOACYBCDTOVG
[ 7] -6.8640  order=qt  Q5=VENNA Q6=ILEAVE Q7=MASTERY  T8=[perm]02531674
    WOAUABENULSSEHEDIOHATAQHANANDLWBBGYIABLANKITFECJRJQWAGYPHCAHIFAYMOBPMUELLATGWALETUTOFUQBSQUQVSAPXAXSQVZCNKHTYOCNTTKTBYIJPHHAFELWYJADHLOAWCHLEIEO
[ 8] -6.8953  order=qt  Q5=GOING Q6=MAKING Q7=LEGGERE  T8=[perm]02563174
    TJINTILBYSCBFICALREMISGOICXYHOPIWJJWSIBNOXLGDPFMIHDZOEIGSXPPUYDUEBYEPXRLENCMWDUBILEATDNUCGMDALUDREDSZLCNIXNSJCKBFIDBZXXCODQPCCTASINISYCRWNENSCVQ
[ 9] -6.9035  order=qt  Q5=SHORT Q6=FILLED Q7=NEEDLES  T8=[perm]02517643
    IEDNIIARPAROMTAPMAPCUNILACHICLETDEFOUNWYDLOCIEEXMCKDMKXOTPOGEREOYWYFLDECPLUXDUBLBINCPCSMPIDEHCISHRCFMHDMFXMHJTCDYZRDTVHBMTJAHXJLCYYINDXKZEZEWXOP
[10] -6.9067  order=qt  Q5=BRASS Q6=QUENCH Q7=MEATTHE  T8=[perm]02574136
    SSMMUSIOTIARVHERELPCCOFOPATPDEBURFAMBINEARVCKGVFKSTLFTFAXYSVDOBNYMGHGRHXWRFKKJUCMXJASRAAGSUADSHHJOEDUPGFEXAELCACPRUNZIICBSKENGPOHRIGVKVZQACRGCGN
[11] -6.9071  order=qt  Q5=TELLS Q6=CHISEL Q7=CARRIED  T8=[perm]02546317
    TIDINDDANAFTYEAPOIMEPLTTLANADFPLYXSUGMAGFCSIZAGLRIBAMOSXNJZIBOKOTXLRAIQHTCWEEFHEUSATGJWYIGESRHUWQOOZENTYBQZBGOLGKEFGSUPCRHIWJINTOPSLWOSGEJFYIJUR
[12] -6.9284  order=qt  Q5=HESAW Q6=FILLED Q7=EYESARE  T8=[perm]02537641
    INCUSLOBSUWERNVTULANBTWEMARGEAPENIHOAMUNFTFWVAXAAPRBUTIMIFZWGHOAMHCVUFEUYTFEBYEXTLYCMDCUAZWPVPKBRFEEDUNVHXTGHUEBCVBFLOPWNONGOERZPTTEGFHMSGPQWDTR
[13] -6.9304  order=qt  Q5=AZURE Q6=SAYSHE Q7=SUNRISE  T8=[perm]02573146
    AFRSAMOLBESFGAROVCEITSCRIEWONZEHEFWJSPDBESBUITBCNRTBBRPVULQNMPPWBDSRECVNEWOYLLTSOYORISSCYFDRPFAAHOEASEYGIXQVOAZXVZMKDVINGDXKCLOUJFKMTOJRQEDUXHBT
[14] -6.9328  order=qt  Q5=PEACE Q6=FILLED Q7=THESAME  T8=[perm]02546137
    AZBIVESUMBBMYLOFUNOSREACTIDOWALEMAKIPLBOSUMCBMUROUKOWYLWVRWNHWAAMWCLSXKHRYXPDBFUIGDBDCEVORBLYREGDEJTYUNYKNMEGACRIZQYFGDJMXMATVUSRVIPPLMNSBDYNXUE
[15] -6.9334  order=qt  Q5=FILES Q6=METAKE Q7=SHADING  T8=[perm]02541763
    JKINTKROPLSOELTHSRIPPINGZOMSTEPTGPHENIAWAEKKTILSUCTWQLRIPTDDLVFIBHUSJEYAIIBQIUXBIGDLATFHSPLROGOYZTZLBFVPJVZORBTBHOWBGFYCPILCNDRNJECOELMTCARSUTIK
[16] -6.9346  order=qt  Q5=GRIND Q6=SUNAND Q7=KRYPTOS  T8=[perm]02574631
    AXAMAHKINRNOESMMSETHRCARHOOFOUNVECXCSFDNRNQSNUPLSURBUUTABHHWNHZDXXYSRHIFBIKJUTSDSHAPBSKFJBCZTDBGGYBYEBNBTQAFNOSKPEDILYHRRMEDHLYAXTKKAOKEEANYMOVE
[17] -6.9365  order=qt  Q5=FOUND Q6=FILING Q7=THROUGH  T8=[perm]02546173
    XOTBRTCABUMANTSOPPARINELSMUNOOMIJTJECGZFQUTHNFOKMVLOYRWPYIICLBJBEUJMRXCHWNEMOLYIAANSEKRWZTVCHPORUQSOUZLZXFJOTQOONFOCTSIZCHOGYARJRKDNFANHOPOWDSCY
[18] -6.9365  order=qt  Q5=CLOTH Q6=MAKING Q7=THELOST  T8=[perm]02571643
    UYRECHKCHWCELEPRATSFEATTDVANGRYSGIVHCRTSTJHEVPFWEAECPSGRABQNHETGAEFSDTISWNHYRAVEIGJOYEQKTSPOYBJGDPFRARJDUNTEKHYTCDEBTPOJSGKMRQVMWHPHITYXARUEKQWC
[19] -6.9395  order=qt  Q5=GLASS Q6=ILEAVE Q7=ITTOTHE  T8=[perm]02546317
    CCUUNTWBEPHIPMOVERBOWTSMASHITUETROQFTVMWIBTKKNATOSSWGAWEEYVLTNGCVMRNNGQLOGFXNVVOFDPQRAMAKJULMUSOOEHRHINAETEUHGCONOPWIRYCIYZMYERHLXWHKAGKJLHXTFLH
[20] -6.9427  order=qt  Q5=TELLS Q6=CHISEL Q7=CARRIED  T8=[perm]02546371
    TIDINDDANAFTYEAPOTMEPLTILDNADFPHYSSUGMAOFXSIZAGYRWBAMOSJNAZIBOKHTRLRAIQETKWEEFHQUQATGJWHIZESRHUEQPOZENTTBUZBGOLFKKFGSUPQRJIWJINYOESLWOSOEGFYIJUT
[21] -6.9443  order=qt  Q5=FOUND Q6=MANNER Q7=THEYARE  T8=[perm]02561734
    MHMANYLASWPASISYRIISWIFEPLOICLSKYRRIPEKIHAXAVEXTIEICMRMUKHGAKYEWNQGEDWWRANWCOPMTBNGAQBYSURNOOILQRSTPDHALZFXSRJBBRAIODHSLPZSUQVLNIPSCKIJHJUEERYKD
[22] -6.9573  order=qt  Q5=AZURE Q6=DAYSIN Q7=SUNRISE  T8=[perm]02573614
    PQRSSDNLBDOTCAYOUCAINSENEEWOULTHENVBDPUBDMTUTTXRIQTBINXVUXNEOPOWARYRHCNEASOYACKSOMTNZSYCRESRIFGZDAEAPPXGIQNHYAYXUEHKZVOECIXKDCQUJXZDBOVRNDSUUHPV
[23] -6.9620  order=qt  Q5=IHAVE Q6=ASTONE Q7=GILDING  T8=[perm]02541673
    LOIDSWOULTDSSENETEIPKERKOANMNORDWQJRTQIREFHNIHODUYKJESHDWIVOZYISCRAUOBKSKCPNWXHAFJRSSOGJYXZKHQKSENAGYGIZEHSORBOAXNNDHXTLDERKUARFUBGSSTKOLLRSESIV
[24] -6.9847  order=qt  Q5=GLASS Q6=ILEAVE Q7=ITTOTHE  T8=[perm]02536174
    CRUAITWBETHADMOVENBUTTSPASHVKUERRXQRTVMIIHTQINAIOGSNMAWPEUVHONGMVNRVMGQHOTFCBVVHFQPCJAMNKCULEUSNOCHDOINCEBEMHGCTNEPFCRYQIWZRKERFLFWLLAGMJDHCWFLL
[25] -6.9847  order=qt  Q5=AZURE Q6=DAYSIN Q7=SUNRISE  T8=[perm]02573146
    PFRSSDRLBEOTCAROURAITSBNEEWOMLAHEFVBYPDBDXTUITARIRTBANZVULNEHPPWAYYRECUEAWOYJCKSOYTNESSCRTSRPFSZDOEAOPXGIXNHRAZXULHKDVHECDXKBCRUJFZDKOJRNPSUXHAV
[26] -6.9965  order=qt  Q5=BRASS Q6=QUENCH Q7=MEATTHE  T8=[perm]02543176
    SSMESSIRTIAMXHEBELPXYOFWPATSHEBHRFAKBINPARVFWGVFKSTORTFTXYSMTOBPYMGFNRHQWRFSVJUAMXJNNRABGSUZESHUJOECPPGOEXANDCABPRUBOIIHBSKNIGPRHRIOUKVBQACFSCGI
[27] -6.9986  order=qt  Q5=FILES Q6=PATINA Q7=STILLMY  T8=[perm]02547163
    OGATCORDGESARSTSORYBHADSATNCEZDTEASIMEKYIPIHVKVBUSHAQNLEPPCATRWDZGPBLHCMVWSGAZWNBRMSVMTRECLOIWOPIMZNACCCRDJRCDOIUDTOEOQVYXDZRZJQBMHDEUYMCLLUUSHI
[28] -7.0022  order=qt  Q5=PRICK Q6=MYEYES Q7=NEEDLES  T8=[perm]02536417
    FASTEVIERATIPCATONINVUYGOMAXRZETSDJFUVDUGBIZOPUTTWCAIVPIWMWQRRDASKCJJPEOGQORHICNLMCJEZRZUTAMPJMAUWAHNOUVVIOBSUVOMKZSPRIJIKFJGODHATOILIFBFRECZKGE
[29] -7.0093  order=qt  Q5=MEHIS Q6=WERISE Q7=ANDEACH  T8=[perm]02534761
    TSMDUTZAWINDLFSURPHSSDESNACTISIARRATGIOWOKWYAKWNEYVERUSBCIWBQDLYWDNMNYISDUNRJWDOENLWHNJBTAOEOXXTBOWGEIYCMKMOXJEPDVIAVLLBGDVARPZLFMOYCFJGSTYFXUCU
[30] -7.0129  order=qt  Q5=ONEOF Q6=ITINTO Q7=ONEOFMY  T8=[perm]02543716
    ROSEWHENNTHRUIHTQPRODKOURNTEASFFEJIZGXIBEUDVCIRNIWUCRSAHIWBQTKCDNZZLFTCTQRQOMBNOJHGFOGAGEFFEUPFMZPUUANSLDDFQIFYPLWJRRATDBSLFDBPRASIMOOTUSEESMCDL
[31] -7.0137  order=qt  Q5=ANVIL Q6=GOINGI Q7=GRINDER  T8=[perm]02543176
    NHLGECHARVINNORNAFUSCMPODMERSCBWYSYOABLFAMNPKZQZBJEONHEOAWELSSZZWDGACKJEANLDDOPTKKKNQYPTQWGYYIDIBJPBMUZISTUUNBAKIRCDPPFAKVMTPWWFNRSIWFLRCEDRBRFJ
[2026-10-04T00:23:19Z] chunk 1100:1200 exit=0
[2026-10-04T00:23:19Z] chunk 1200:1300
progress order=qt perms=100/40320 candidates=107318484
vocab: 119 x 123 x 141 = 2063817 triples
T8 permutations: 40320
candidates: 206381700 in 25.2s (8.20M/s)

==== TOP 32 HITS ====
[ 0] -6.7793  order=qt  Q5=TONGS Q6=THISTO Q7=KRYPTOS  T8=[perm]02643175
    MNAMEARHPALWEGOCLIFHAYNTQMOFTOSMERLOTONJZEMVXWOMHOHNUTGQBGCYXGRRLDKALOPCSYBSYBENNAMKRANDEXQQOFZBEOMSLOUHFAMUQJJVHGJQWESIFHEZPRESBIXNTWWTVTRXXXIM
[ 1] -6.8104  order=qt  Q5=STILL Q6=TEMPER Q7=EASTNOR  T8=[perm]02641357
    OMTITCADJEAWILSTANNCASDIBAPUBIKXWITAZKERJMEMSBDIINPFLAYBULQLAKASNOKYDZCESIOMRHRXGXIPOHGTEJWHKUSAFMKLTEDEPRSUIMESKJRESPKFTREVESRCWDKQGPPCIIWPBZBH
[ 2] -6.8388  order=qt  Q5=INTHE Q6=SAYSHE Q7=THESAME  T8=[perm]02654137
    RZKUBASSYNNCCACEDUSHEPEPDELNEEDEDGWYRMYJLFRFKQTPSPPBBINNPIIMHMXGIDAYDVTODOGYPXUPMJDYPRCDWKYLNCAKBVKIOLOOIMAGUIOTINKXGNJIFXDGOALLEAKQGBMMUDEDPTEO
[ 3] -6.8956  order=qt  Q5=ANVIL Q6=ISTUDY Q7=THEKNOT  T8=[perm]02651347
    KRSPRETIZHEATHRTHIDHCHWEREYNEHCMTZYFDROCJZKMINVAPOCKFELCREMQOSEWGXTKVBJHCKNZBIEXTLCRYDACHIBEANEOFGWMMSMMHIEBCXXVRDENDZKMEFVSBOBKBVKTRBDEOAHOXIWN
[ 4] -6.9142  order=qt  Q5=INTHE Q6=SAYSHE Q7=THESAME  T8=[perm]02654317
    RAKGBASSYMNDCACEDPSSEPEPDELNEEDEDQWURMYJLSRMKQTPSVPIBINNPVIEHMXGICAPDVTODHGNPXUPMSDFPRCDWAYDNCAKBXKGOLOOIHALUIOTIGKTGNJIFPDBOALLENKBGBMMULEPPTEO
[ 5] -6.9341  order=qt  Q5=AHAIR Q6=THEOLD Q7=ANDWILL  T8=[perm]02651437
    BNITSLANGUAANNAIGZZMASKTOAHERLUMJPXBHCRNWCWZOFXYRDWITASHVEFFGLSDLLWDTRSSDUSFDNLAKJOVDWSLEESFPDWRJAGUDSVXDYTFRDOTSWGBMMSWLDAOKDUYYOWRYWHYSMGAAOSH
[ 6] -6.9400  order=qt  Q5=OCHRE Q6=KNOTIN Q7=CARRIED  T8=[perm]02645371
    FFWADOWONTATHARTPOLRFLAPUTOFVSDEIXWMXSLYAXMKTHOPKGLELWSDOFEBJPFSUXYZANBEJEYFCOUDTXSMLNKNRMNPHAEBOROVSJNIGVWCFYNJZHJAMFPGCGYIAHYKOBRLCOVSCHEMXTDM
[ 7] -6.9429  order=qt  Q5=INOUR Q6=THEOLD Q7=VERDANT  T8=[perm]02613457
    EAKTHPISISFRNAMILAROFTDAMEAPSMVKKUENLFBRGHDTHLRYBDWANSTNYIIUGQUIZXOMVDCCUXHBMTNJOSOIUXDSGDEDGQDRCTMYEASJWXAOBLUFNOVYUWGBLDVIXERFOLWFLEVPHUOODTLU
[ 8] -6.9807  order=qt  Q5=WATER Q6=IWROTE Q7=NOOTHER  T8=[perm]02654713
    UFARUSNNICWHATOHFONTHRTIGSEACTZSTORGGBBOKYPWLINRDROCQERTRSBUJUCTMAFBULLXAPLNCCXPGFRPIFYCPXUDPNPMMMIAGOIZDMFQLYOTDZALNRGRTOGFSCOPUSUUHSFWNDFEAKRS
[ 9] -6.9843  order=qt  Q5=BUTNO Q6=DONEBY Q7=THEKNOT  T8=[perm]02657341
    TACCIDARSNFOREXTHAERNVLAMEEUCKGLAOJEGQFOLCWIFYVGTFNBSABIDBJSCOHBRYANPTLASBJBBAFKHRPWNDJCFUFDDZZDIOTHNTIJELEKDEBEUSYNNRXTIOZFVTEZIBRYXOATOEIMBWLP
[10] -6.9852  order=qt  Q5=COUNT Q6=MYHAND Q7=GUTTERS  T8=[perm]02653471
    FNTDOOGETOVEAFUCKTESGABLAUDCIFEPPGTBAGGDCIIBORCIQAJJAAORVHFXRYKADKEDGAVDHATTYZWOHPOIGOMSCMRNDDELRIKGFBXXIECFYWJUDLYKYMEZZOCEENDVRCWMEZSVSQEFVDVS
[11] -6.9883  order=qt  Q5=WATER Q6=DEPART Q7=REGIONS  T8=[perm]02654137
    MDWHAONOAKITTEUOANANALREARRWTOVDEHZTFFURUDKHAYOCDFWLFRXFLLPKTZYMIASKEDFRTUXMABWAKPVLFMMKIJUYUCURIWORBRPPPFCMEWUQOSTPKLECPTKLREYJEAAFHDTAENCUWMVS
[12] -6.9910  order=qt  Q5=SMELT Q6=METIER Q7=EASTNOR  T8=[perm]02614735
    LIVESCOSTHABPLANNJOTYUHMAEPGTOFAIPLHWFZGJRRFDEVDRULOSIRAUPQEZPZVSEXOMPCUVESILCGERENNLYGMETCALUNHDTHQVUKETBMUBSZCTVKOKDKJJCPIYBZSEDKMTETPRFCWPVFD
[13] -6.9947  order=qt  Q5=FILES Q6=SOFINE Q7=THATIFI  T8=[perm]02645731
    TGALEOSGUMNOTSTSGARRNONGLELNGFLJOYNOOEWIUUHLVNUGOEVAAUTNWLLZPDWCINGCIBYARFKYQIXHGAXRUNAFGTRWWSCYMANEIIDJSCSTNUTXWOCOOWDEIIIZADUZBZJTUHGVVNQGISWS
[14] -6.9950  order=qt  Q5=JUSTA Q6=OPENED Q7=TELLSME  T8=[perm]02645713
    RFCARVOKSPDCDNTROLMEQUIETISAYITZKLTDPHMNNOKMFXSNLTVUGFXUMDVPCKGFZPUBLASOPLCOKRCOWMERUQMSEFYOFZPBAKRACWONDKEAHOUMJRZOCXPEIZHGBEJISZPREWJTELVIFZSR
[15] -6.9951  order=qt  Q5=ANVIL Q6=GOINGI Q7=GRINDER  T8=[perm]02643571
    NVLGESCARUINNKANACUSCLAODUERSAAWYUYOACRFARNPKBYZBLEONEGOAUELSTPZWFGACDTEANLDDBKTKTKNQCMTQJGYYLIIBJPBMLPISRUUNEAKIDCDPSKAKPMTPFRFNUSIWWFRCIDRBNJJ
[16] -6.9998  order=qt  Q5=WROTE Q6=ATLAST Q7=LEAVEAT  T8=[perm]02613745
    OCHANGTGKHPURBASHRELSHURNCORGLOGJVFVGXAVYFFOFDKEVICLEAPQNGEOOZIEKJBXMRLOFGQDTSADOMYFPHJHEMKLHIZYDHBJDLZPANDOSHNOCYPMWVIKSSTKJEUIDNVVKZSNOWOOBLVY
[17] -7.0031  order=qt  Q5=AREAL Q6=ANNEAL Q7=ONEOFMY  T8=[perm]02634751
    ABYYTOSTGACCRMEDCSATEASATOMWXGLIATAEGLNESJMYPXXAUEIXCBFWPVPWJBCJEHZBKJMDYREAEBVEDYDEUNDUSAMIJMCTZFISQWMKRLRRYLVPHXNJCFGNHEGHSHAFRLDWHEJRUVLONBEP
[18] -7.0038  order=qt  Q5=INSIX Q6=BERLIN Q7=FOODAND  T8=[perm]02645173
    LTOOOGOMERHRSRICIAPESLLELALDOUHKCKDQBMXDIOIOLBPPTTGEJLPBVENDSNXYDBRZINUPFVRAZDRRIOSBNNJOUTRLYYISOLMXMWRRTZIDAOONTNLOQZIWNKOPFTAMLOZNCVIOJKALICHU
[19] -7.0055  order=qt  Q5=FOUND Q6=WORKED Q7=BROUGHT  T8=[perm]02614753
    CHJASEDOEXDMOMABASTDVEDBOLDMONYCHABDERCYRYIEBHIBLXQJOYATHHNVQVIFSWIDDSSOBXCSRYFFANKNCQTSISUIJWVOCWMALDLSXQETDEGBWLJPVLUTEPODGHDBGYKUFDAGWZNLPAPB
[20] -7.0109  order=qt  Q5=THREE Q6=METAKE Q7=ANDWILL  T8=[perm]02617435
    WAYSGINUXERSEATATWIELEWAALUIVYDUPOODKMFALOISYYIULMAGRIBKPCARYUNLXZCNIHKKYXPGRGAIDRYZFMGNSRUIJOTCYXXCTVHSAVULLPICPSIHZJRFSCQAADALGMLKQUEGWJPKLVPO
[21] -7.0118  order=qt  Q5=FIELD Q6=FEWHAD Q7=THROUGH  T8=[perm]02613475
    XEBTRFRUTHTLETISOSCONSEVSPOTFCLCQVYHDLOGSBHBNORGQVEYYTNAFWPLQXNEWRSRQEHAADOBVAFNRGICVIYBGAVCMRJTELYAXHTOMDMZCXMVISOGZPLYCLCVOSITWTVVNMXIARAINNUA
[22] -7.0164  order=qt  Q5=MOULD Q6=ASTONE Q7=ANEEDLE  T8=[perm]02653147
    QCAABONGMUSEROOTNZZSLIDKOSTSWASUHFNTRYMIDKSBVGDGYYNENCQLFQADEBOBSAIABXNHMXCASTFOBYIEHQUIFYXUPAXQVSMEXKDTHGETTHRNJEKSATBGPGFJQTRVSTIRPPFJZJBWDHIW
[23] -7.0180  order=qt  Q5=UPONE Q6=INDIGO Q7=THROUGH  T8=[perm]02645731
    FERBSRDEINILSERWEXTAGLELYBTSEGOGGNUYBIJTLHLUZCATIMIZXGIWEPUZOAFRJVIRBTZZDILMGAAROGIKAVRWOTDUETCNQSGSMSANTKXYRVVEIPRAGBCFWNYEABXWBNAUZMDNGOYUBMUP
[24] -7.0204  order=qt  Q5=FORGE Q6=SOFINE Q7=THEMOST  T8=[perm]02635147
    TINOFERENDOMAIZONFCDVICTXMARTAGIOLZGAWACRATIGOIMHOVJSPOOACEVWKXODGCGIHYNGVODGOVOZWQCLNGMUFFKQKJOBBLGTEDQFFJLYKDJGQKFTNNIIHLETUOVYFKEOFBFMIXWEJCQ
[25] -7.0208  order=qt  Q5=WROTE Q6=FILING Q7=GRINDER  T8=[perm]02645317
    TTSRENYHDONWELEANGAOLDMALMRNEMMBLYYYKODTESEATNHAQONQTOQGWZJVLIMOWUSLMLBBZPUCVJFLBFETREBGZFXELOIGRZFLVFUHDHADOEIWKBJRNDOTECASPEQUYWDOIYJWUEVOJARK
[26] -7.0224  order=qt  Q5=AREAL Q6=MYHAND Q7=DRAWNTO  T8=[perm]02654317
    LLEYETMXDIOLTZEORSINGHFIRFELANDLOHMXQQSWBOYLFDOEAIFDOEIFPRUIXPEGLVVINUREUCCHVFPSWEFKORNEGJTRGNOWYYINFNKOPIAIZYIRWBFKAZXTUTKYBVLYDULIKHGPLZQBNBPV
[27] -7.0229  order=qt  Q5=BARNS Q6=SUCHAN Q7=ANDEACH  T8=[perm]02635147
    OMWARTIMELYSTCTOTERVNEJLDTOMAZMTSCSSKBEGHGRHVLWAXLXJZGACOOMKZOLWVDHUCDITHAEFGQEUGQPENYIKZSSOMVHZPBEHUBBUDHUDPGHOVRSAPLICHWRTMAKRKZHXUGEMCOIYIDVG
[28] -7.0244  order=qt  Q5=BLOOD Q6=ALPINE Q7=SHADING  T8=[perm]02614735
    OPYLVCOEDALPSEADESSTIRONSALAGBQVKRLAYESEMSWETPNMFHCOXUMGYYWIFDQGEXTCLETOFEOZXDPXQJPCRGHMNKSALSZSBMSAESUPGETJZXDXALTLSYMOMPTOKDJZWXQUCVMKHFMZAJCS
[29] -7.0272  order=qt  Q5=KNOTS Q6=CLOCKS Q7=ANYWORD  T8=[perm]02643157
    DDOTHHTMTTOAXIBMABIILINRUMONDCODBELRNBMQEMQDBIQXHUDYNPFZWSVAVCULPGGLHUTOIHLEHWWAGIHTIYIIWRIVESCVVFTEZXPVMRJBTEBYZPERMEIVNWITEXERRMOBCHIGMJCLOMAP
[30] -7.0292  order=qt  Q5=HEARD Q6=FODDER Q7=THEKNOT  T8=[perm]02641735
    VDIDERIWASPIIDYCUORTTHEPEOTNOMOXGXBGPLGFBBMRJFPHQGVFPORYPEOCLJQXNMIIBZBURIQFLQYSLDWSENCORWTRCELSWPOFLSDAINMQRSEMIZUAANGLAUODMWNCJHMZDHEUFWOQIRET
[31] -7.0307  order=qt  Q5=HEMET Q6=METAKE Q7=SUSPECT  T8=[perm]02635741
    HTITSSCTVPESREFOEANBYITHBASMWATIJGZCBOSPIDZTAKVITOUWWZWVALEMPEIIPMSDVPLTIAHGKFOEQWNEDTQQDCXFTIOTGEZUKQRGRGVOAUGUGXKNKAHEQHWIRNEELDEYYSJPQVEXIEJA
[2026-10-04T00:24:51Z] chunk 1200:1300 exit=0
[2026-10-04T00:24:51Z] chunk 1300:1400
progress order=qt perms=100/40320 candidates=107318484
vocab: 119 x 123 x 141 = 2063817 triples
T8 permutations: 40320
candidates: 206381700 in 25.8s (8.01M/s)

==== TOP 32 HITS ====
[ 0] -6.7618  order=qt  Q5=UNAGO Q6=ACLOTH Q7=WITHTHE  T8=[perm]02745316
    RTIAFLDPGSIDETRERICHCMGFASSLACEKUKGNZQVDZPTJUDCCSAAWVRKGUNASTKYKTAXRSWRIGOAMCPWEIDUDYOFIEHUIRLDZENNNXXKFSJJMSPHOPDFHAIGGTBDGUYNITMACBIGIWHIABEUZ
[ 1] -6.8031  order=qt  Q5=NAMED Q6=PHRASE Q7=INSEVEN  T8=[perm]02746315
    IAMDGSEURWMAAYEACDWANDVICEEVIPIDBPXSEYLEYDOCTZITTOUOFBBYOYOAMOTBNDLNRGTKTOKUEHHZDYEACKDONINTYCFFTUNBVIYFCXVBIQJAXECHLOONSGMULNWUQHIRNDTGDHXIBPQA
[ 2] -6.8701  order=qt  Q5=ISNOT Q6=SAIDHE Q7=FURNACE  T8=[perm]02735416
    NGBLHOXTLOSIGHISARIFREEKTEKACAUDBBTYMGRPKNTHASCOIUCTZCAUUVBYEQMHINALMNBZODACROKLMITDKATNSWYIEWVOTCHMHCFRCYGCGPRGMILSTPEYOKUVBEMZLCKAQDDNUYPUJGYO
[ 3] -6.8968  order=qt  Q5=STRAW Q6=FROMME Q7=GRINDER  T8=[perm]02734156
    UAVAINTRNLEHGEORLETWRINDOWDROODMAILDWICZPEIFATTULHVDQJSQSNHCHTTPFIPFUTFUPOUBXJFJEJJMYTYPWUIVSAZEXIUESFUPDSOGCOMLOGTUVVIBYIWCVVGLEVYAQUUSNDNMKJYP
[ 4] -6.9201  order=qt  Q5=UNDER Q6=DAYAND Q7=TOOLSOF  T8=[perm]02675431
    LJKFGTRTHAWEVANSEYSEACCSOCTESRSTOLRWLMQKNULXNOKVTHSGOOFAPINMYELHPGMWPXNJSWXBBWPTRQFOALIPVLLLWJRPLIPAZZVTXBEHOAFYTIFAONGSEENJDOGVQZJBXFEKODWNONSO
[ 5] -6.9217  order=qt  Q5=SHARE Q6=BEJUST Q7=NEEDLES  T8=[perm]02715436
    NICIONNOTVSEUNKHWEALHEIRTGISHLMACADPMEGRIWAXIGZVVSRXYDVOOWDUBSBKKPSENSMBOUIPSLFVCEVRDVEPBHHPSSSEMPDPULFZSQWLXBAZOOXZEYYUVBIRASRLDLAGCPFATIPELTFZ
[ 6] -6.9280  order=qt  Q5=BARNS Q6=WILLGO Q7=BETWEEN  T8=[perm]02673514
    GHUALINRENDHEQUPTUSAUDMTASUSPMAYQEUNZOLSSJCOCOGTYIXTIJHOVLMBUSTMXPELYOBRPDZENMYMNPUAIHGVIZDCTKVJDEYENCGBWSWERETWILUUSPTYOHARFPBLXVTEAHETLVVDPWVV
[ 7] -6.9343  order=qt  Q5=WOUND Q6=FORTEN Q7=PASSING  T8=[perm]02675413
    HTIMPOFVOKHAUKFOSTGOORTHOWOOAAROFJZURBXEEDOODLGHNKPEGOGSNHMYIGSDKXIBBLKNMEAFPTLVEHURWIPSGZFQEDECIAWWTIKDICOQSLWMYAKAEWFIOXQTUNKEFVGADARKFDZBOBYZ
[ 8] -6.9349  order=qt  Q5=IHAVE Q6=HETOOK Q7=GUTTERS  T8=[perm]02734165
    DNYQGOGEERTHIAMEOOFCHALLTPEPPEAGRWEFLMYWLAANOFLDUJQXJNMVWSWUYEPRLYSULRGYSUAVVFDPMMACFOJZQYZYAYRFVQAJUKHHMDHPAANIFIZLFYNOWSASOUZABDOMATSUEHFIMVWH
[ 9] -6.9680  order=qt  Q5=INNER Q6=REPEAT Q7=BEJUSTA  T8=[perm]02745631
    YSOTELFTAMELIBCIFUIBAROFDETPURBLUHMOCQJSFSGHRPULMSOXKENUXVQQHBDECHWDSZLPUIWEDJCRYJJJRGDJBXECAREGRAXWIRMVYSLKAPUPPIDONAAJQVOFSVAOBLBISTIPGAAQLCJT
[10] -6.9691  order=qt  Q5=UNAGO Q6=THATIF Q7=MARGINS  T8=[perm]02674351
    CAYCOUGFODORAGVANARTOCHSENEWWJJRQTAKDDLJCZFNECUCHIZRWTKSDNZCYQURRIYEOOCFNMSHATOWKHOLWVHGIWPIMPOMCLBYBYVAUWGWLONEWCMDKVUFIBUPCROJLYESLWKAGYGATCLO
[11] -6.9913  order=qt  Q5=ONEOF Q6=CLOCKS Q7=ROUTETO  T8=[perm]02746153
    EXSPYSAGLONDINNAHUBSLUWEBAYMILBYVAJYACKMPWQCCPQWMUNPSVARPHYIESUKEISDDQFAJSOHNWYORCODIEOLJMIVNFWJNECMRLHVLYTYVZAAZJFIFYODYTYLYXNGAOQUBNFDETOYSSMZ
[12] -6.9953  order=qt  Q5=EMBER Q6=ANNEAL Q7=HEHASME  T8=[perm]02741356
    QMYDERERLEPSSOFNIACTLAGRMARDIEEXJKHCTLPSYTFFGMORBXNBZDKGPFVHFLZOCYSHYWLLYDAMAYPUTIGCIWRIBPOIYEMTBAYUUTWKBEMTIGMKBYSUTIFWMWHAMRPBQIFPAXNCYNGRZZAO
[13] -6.9965  order=qt  Q5=YEARS Q6=GOINGI Q7=WHICHIS  T8=[perm]02743516
    HLSEMALAYSTWTCYLINOGCIOFONIEDOGLGWBKYXIEBIXTEWXALDPGMUMIOSZFABCXUHOMNJEWVKXEGGTPIQEYURESTEGKTOOAFYASWCDRFUJDLMBTQVQZALUEMCLHDFUQABANARICRPQAPHRI
[14] -6.9992  order=qt  Q5=WATER Q6=ITFROM Q7=TOOLSOF  T8=[perm]02743615
    DOVEGROTTGCSINTWEERPERYCKASKRNWHRIIUGREJODMTPUCLZCQNULTIODASMUEZLKZTVCIAACHMNSRNIXSCLQXNDWDXNJLLXKNFQYNYHEEQWPPQXMAWVOTSTXITAICADWYTYOFJOEMATWMQ
[15] -7.0116  order=qt  Q5=TOPIC Q6=THESUN Q7=WILLLET  T8=[perm]02745163
    UOFCTSBYLIFOUTPREPWOGOEMPOPTHKISMNZQJSIMYZEMDWTEHOTXSAQSIIRMEFYWCAFIGZXXAFVEGYAICQEHRLOIORVLERKXOWWHETVBIDGRTAGZJCXSHUFTXZLTPUBHUXQIVBAMLNNCOXXI
[16] -7.0154  order=qt  Q5=METER Q6=STRAIL Q7=AHAIROR  T8=[perm]02753146
    UDOATEPRSSSBOWEGUSIPTASBELGOAIFFLYJXRZGIKXXUFACMNGRADMHOCHUCUJOJXOSCPICUHYTLHIRLAPVUXRAIOLCLYIYYPCRWSDAYDEHNABJUEJHTGOHTCGYPNBMXNAYROEBGNDRMGEDW
[17] -7.0217  order=qt  Q5=FORGE Q6=SOFINE Q7=THEMOST  T8=[perm]02735146
    TINOFESSNDOMAINENFCDVIOBXMARTAHHOLZGAWWNRATIGOAKHOVJSPPAACEVWKQCDGCGIHHAGVODGOZYZWQCLNXAUFFKQKEDBBLGTESXFFJLYKDJGQKFTNOPIHLETURKYFKEOFGAMIXWEJOX
[18] -7.0220  order=qt  Q5=MEAND Q6=CLOCKS Q7=RECORDS  T8=[perm]02743561
    XBVAHOULWMONGOTHBUTYPUSCCATURGTCDYLICMPTDGXPWUCUPXKPCZIGEDKUBRYFAJGNJVRCSLLDKMYNGOPNLYGQFARDLPSGUHUIKVPYMFSZAISHPOKRTSRFCOONXONEOKLAENJCMVELNRWD
[19] -7.0240  order=qt  Q5=GATES Q6=WITHIT Q7=SEVENTH  T8=[perm]02743516
    DHGTEMPLSTIABATHDOSHRICSNNIEINECVPXLZDHESVBGIIUSILSILLNFELSUAGIDVAWSOGIIBTTJAMGFGXWUYCNFGADEUNRYLGZHPVXMISULUPNOFKPYLDRGKVPTNTSJREINMXPVRFEIQKUH
[20] -7.0241  order=qt  Q5=BALES Q6=HESAYS Q7=WRITTEN  T8=[perm]02715364
    ASOLCIALHEHTTVEDTOTHSYTECXSWATPQVESHMWEALIGTCOBDNANVPEGJMEKWEGTKNUGIUFGWELLSTRIWWNJFCTDGILNZCSCQNSSTNYEIBYMOEKHAUPNCXSQQXEUGWIVLSJVSKIPIUJGVZCON
[21] -7.0274  order=qt  Q5=COUNT Q6=MASTER Q7=PASSING  T8=[perm]02734165
    VQDVDMEEKAYMOAASSHAYERELOCKCDOAXACORDSRRZBZHBLJPGEFSQLPZHAMZKSSISOCAKYWXFKBEMAWFQXUTZPUDGJQZOTKGCPMFNSMPJROFTHOMYOKZIWCUGLISHNHEAJRBBUZKFUNNSQRH
[22] -7.0348  order=qt  Q5=GATES Q6=ENOUGH Q7=MEATTHE  T8=[perm]02734615
    DDRILSDROFXHBOMARYANDNHEFTTERFCFDFPUEDONXIBSSXPFTROFEWQEXDWFHWNLXFJWHEPOCAMUJVZWNSIRICPFTGZVNQLANFFIFNZTLGWIUEERYJTEZYWLFACBITZFIESXBYBTDLGAHWBE
[23] -7.0351  order=qt  Q5=WEEKS Q6=FILING Q7=CARRIED  T8=[perm]02715634
    BMHOANSABLEAFFIAWASMITOPHQLTILTISHXGDGAHEGCZFEBCILGLUTVSLPBKGORLVGHOUGVSARUMMHGAKVOIZONHXDIFXWHGLLQMRQSVSNLHREMTXRCGXTPROLNDSYPGQEOALDKSPTKBGLRK
[24] -7.0362  order=qt  Q5=IFELT Q6=EMBERS Q7=ANEEDLE  T8=[perm]02716534
    NYGBSRSSHGRMARMATTUEOFBCATNAMESRQULTXETZOMFNGJRDXMMDPMKDRUZZRMFSTMTAAUUKXWEXBBKVATLTTVNBTGWDURWAEGHFLIGVJAVEREASMOYBENFFYPMYQPMXYADALHPBDJTSSJRS
[25] -7.0399  order=qt  Q5=ATURN Q6=SUNAND Q7=MARGINS  T8=[perm]02714635
    UNYKGEWBOFILLMLOTHELADUOUTHSOAKTQGIWWWMCNRVMECIQXIRSOKAQGRATHNNICSIIOLPJPBSBMCMHYEGUALXKWMITMXISVOBGMLYAUBXAREXWOPYEPQSBRMULLNAWLQUCRDETXWWNSMLJ
[26] -7.0423  order=qt  Q5=WROTE Q6=FILING Q7=GRINDER  T8=[perm]02745316
    TTSRENACDONWELOGNGAOLDHELMRNEMNALYYYKOKHESEATNSIQONQTOMIWZJVLIHCWUSLMLQVZPUCVJIHBFETRENYZFXELODMRZFLVFLMDHADOEIWKBJRNDLMECASPEJZYWDOIYUMUEVOJAWT
[27] -7.0481  order=qt  Q5=METER Q6=FILING Q7=TIGHTLY  T8=[perm]02716534
    MDCAWLINIDPMGNITERSLYFRSSDENCEKYXWEWYNXTDUUSOSJDFRDOIWYNVYEMPVNENSRWTPPXYPELKECKMASFCKCBXCYLWROPESHIQSZONPCCPWUFDBYOCVCEYOGDOYUFWPURSKRZJVCUWLHY
[28] -7.0492  order=qt  Q5=MAKES Q6=THREAD Q7=AHAIROR  T8=[perm]02735146
    WTCHAACUSWHUEESCALLATHMIBALCIGHSUXNOANGSBCTBASUPUXRVVDEUGHPOWJCFRFFCPKLSQMZCKTPYAPBIUTEIGNEFSDOCCPRVHGGMOAKWCKJUWWEKLZVSEASUVNXMNXDEEYPCOUPVGMVT
[29] -7.0501  order=qt  Q5=NAMED Q6=INBERN Q7=LOGITEM  T8=[perm]02715346
    RQTYSLAHBONLYIELASPYOTIKNOTNECVRNATVOJSZAPLMJOXVNRYQDXJXVYPUBONYFZRSJOFSEXELINRGZIJKVAXWJKBWJTAVMXDMGTAAPNINXHYTRFJOARECBOACMMPTSWFNLGRYEYFEURTU
[30] -7.0521  order=qt  Q5=METER Q6=FILING Q7=TIGHTLY  T8=[perm]02746531
    MSCARLINILPMSNITEBSLUFRSSSENGEKYXWEWYNXTDDUSJSJDFSDODWYNVPEMYVNENORWOPPXYMELEECKMVSFQKCBXYYLTROPEWHIPSZONPCCPWUFDYYOIVCEYPGDAYUFWQURIKRZJICUTLHY
[31] -7.0529  order=qt  Q5=IPICK Q6=ISTUDY Q7=HEMETME  T8=[perm]02745631
    BRSSEODABAMELEPOWEOKYRSHAMONHTMVKMFRERRZUQWUZPDCYSTYELMVAJLAYICWAHCUNFBUCSZGNJWOEXPJBMWQCGNXDLNLIFNHDPDIXJTTOESOXNUQDGYGSIMSJQPHAMANMOILDIAVDIIM
[2026-10-04T00:25:50Z] chunk 1300:1400 exit=0
[2026-10-04T00:25:50Z] chunk 1400:1500
progress order=qt perms=100/40320 candidates=107318484
vocab: 119 x 123 x 141 = 2063817 triples
T8 permutations: 40320
candidates: 206381700 in 25.5s (8.09M/s)

==== TOP 32 HITS ====
[ 0] -6.7433  order=qt  Q5=UMBER Q6=TOOKIT Q7=TELLSME  T8=[perm]03126475
    WBUILTATOBFKLNRHTHECOLOMEDSEDRRKTUGTMDAZDEOHTXELEMDZEOCARVNSBVMORUENGETGYVOQHJUMXLVQGIDGKITAJOSJEXABLORFVIVZEYPDDPZEPITLESHORSVJORLVATLTDVDSYADA
[ 1] -6.8503  order=qt  Q5=SHORT Q6=TWELVE Q7=BEJUSTA  T8=[perm]02756134
    BLEBITISCDOIABHMYOVNINRITOREFULDRPKAEVAWSUXFOPBXZJSWTPQMUSIDUUNILHZFAVBRSGFHINOFPEINDWCXPULYSSMIPCKHKATQLFAAHAKYYCTYDUESKBEJFQVADHYGBRBSPDHOERAA
[ 2] -6.8580  order=qt  Q5=TOTHE Q6=DREWNO Q7=KRYPTOS  T8=[perm]02756134
    FSKAGENESEYSRMIXYTOAMTIVCOCADTRATCWWXAFFDEROFLVTAGMHKXSLFENRNZUTWDQENDUKIHACYBVIWJMGOOSEUNHILRSZOAUENHRYEJPYGXRSHFOMUIYGSRTZAPAHENCRTMEJANQUUHZM
[ 3] -6.8738  order=qt  Q5=BERNE Q6=WILLGO Q7=AFEWHAD  T8=[perm]02765341
    HCHSCQANDADLINTINDPCITSBYSUFRIONLWZOFGABDDDABYCOENWFAQSUNAEKRCBXMZALPSVCVRLKABIMNDZHWIXKFDNALMNEDMPTHSIARBMKKABYJOCFDJOSTOAECZPMLZRABNNCGJKVADMN
[ 4] -6.8755  order=qt  Q5=STEEL Q6=ANSWER Q7=ONLYTHE  T8=[perm]02765413
    BOCEANPAVICEIVETVDEINALHAESXGSLLYDQYUNUSAOMGGNYMBPPBRJCMGNILVOBYAVZIJNYGVCSISTSYRADPNSDOSIDOTHDRKOXEDFOTOOQEWAHYDUGHMNHSIKPTNTYWTKIORZLZLWLIITTK
[ 5] -6.8879  order=qt  Q5=EIGHT Q6=DAYSIN Q7=FIFTEEN  T8=[perm]03142765
    NOGNUSPARTACOSYIFATEKSAWIGIMSOAHWNYLKBFTRLIOPISDQOTRIBNHZARRTTFAQUIAWQBXVTTOQHYCXCEQENCZMTZKDRXZICLUISFFHEYDFMIPWAISNETWEFPLHNPKDOWLLLURKWINMKZU
[ 6] -6.9066  order=qt  Q5=HASME Q6=VIENNA Q7=SMELTED  T8=[perm]02764135
    DZINSIFIESTYXPERLFIGTAIACAROKAKPYPNONBQJQPAVLFLQGNLAJWPITVSEYTCXSIMUTCEOMBAWEGEMZMDPEOBZLEHNTENGEGEXRGUTATDIJDTTSIDSNOKONYHZAECAXCZLVENRLIXPNMAX
[ 7] -6.9202  order=qt  Q5=LETME Q6=MAKING Q7=TOAREAL  T8=[perm]02765314
    GXSOSPORCGLFLUXILSFLOCTOPOFTYHOWBMFLSVUGUSIWMLSQDVFMYJEGGVDHLLITNCBZXRDBYIENEKYTWRJKNUNUDJBMXZCWIMXGRQQJEPNNPMJWDJMANINRAILLORETGIIZEOLSPESWINGB
[ 8] -6.9207  order=qt  Q5=EIGHT Q6=TOOKIT Q7=CALLING  T8=[perm]03154726
    YIFFSLIFSOPQRAYPACLODBTABERTOSEPJLKCHOTSNFUIXNLLSDUYGHZVZUKPFWSJYODOSAHUWNLPTLASBELIAHIMHENOHCWDGLMCYLFSLQYQFJOIKTRUSIZIZCONDJHDYXRXTOBYGBYRZULW
[ 9] -6.9236  order=qt  Q5=INGOT Q6=HESAYS Q7=ASKWHAT  T8=[perm]03145762
    JSYBOFDBIISIOLPNARSEASPOMYESAREGJOTORJXKHIYNEOFRHSZBCANUVITUNOWQJJNKSPVJTJBTMUJLWRTOFMGOEUKWIRMOEQKPDWOUZEGCXMEGIFWOBHIIFJKVOWKORENTYEKBJADTIMXX
[10] -6.9321  order=qt  Q5=HEHAS Q6=THESUN Q7=LEGENDS  T8=[perm]03142675
    LSYNOTMYPRLOENGICZCPROVEFUETYACTORACHZVRNBICLOYTQLVTRAODIDRMZYBJJLMLVOUOKWEPOBDBOOOHDGGAEPIMTAYUKHDWOPAIJPTBMRBJEMMISEXDMBFJAPPRAVSVCFYCLHPWRBDY
[11] -6.9443  order=qt  Q5=WOUND Q6=WINTER Q7=WROTETO  T8=[perm]03127645
    CUSJINSANAREXAUCALOTPACHVNNKGOINXWHFPZCIKASSGOKXJSTQBUHIAIRGIGQVSBMLTTJEBLPYQGILUURUBGNULWILSOITNAMOABIAOJWRNTWABBCFLFWAKUKHIGDEURHKNNKYHAWNKKUK
[12] -6.9456  order=qt  Q5=BERNE Q6=WILLGO Q7=AFEWHAD  T8=[perm]02763541
    HCHACNANDADAIPTINDPSIASBYSUIRFONLWZQFXABDDDTBOCOENWNAGSUNAEPRSBXMZAHPCVCVRLIANIMNDZJWGXKFDNSLNNEDMPOHOIARBMTKPBYJOCUDAOSTOAXCFPMLZREBINCGJKHAMMN
[13] -6.9526  order=qt  Q5=TRIED Q6=WERISE Q7=WHICHIS  T8=[perm]02763154
    YGFOLLUNSACENMONSAEPYEWSLEGAPOOUNDEYYLNEGCSHDNKPWAIRVBZAPUVFVNHMXLOTVILETRBGNMUNRMDVVCQYRTRTPSICFFESNZREVRASWTQMNVSLZAXESBWBENWSEVFASWBEMMKWBCAC
[14] -6.9562  order=qt  Q5=FORGE Q6=MANNER Q7=THEWALL  T8=[perm]02764135
    MGFMELETFSBARCOARLUILESMAHIPILSAVYQIPUEGXTMGCBXZIPICWORMKONEOBZOMWMOUYWLRIVNHKXKGLLALNYXREGOOJUMENDYEIREMBXKNIMZUTHDDTSGPFORCFLXUPSNXKIPUWRTIXQP
[15] -6.9578  order=qt  Q5=WATER Q6=NEEDLE Q7=CARRIED  T8=[perm]03154726
    RLOUASEIPHOUPAZAPRODUSENFNESSYKUNMTJAXLZGJIFEGWRWAPJDDUARQLIEAFCPYNBEPKVASHIGNUNSCSHUVAAIIUALMHLHWIYTBSELXBFJGUJAKONBVPEXRXFNKAGIAGARYOVCDXRANHC
[16] -6.9653  order=qt  Q5=BERNE Q6=WILLGO Q7=AFEWHAD  T8=[perm]02763514
    HCHACNANDADAIPTINUPSTASBYPUITFONLIZQQXABDUDTWOCOEEWNIGSUNJEPMSBXMVAHSCVCVDLIXNIMNVZJEGXKFXNSPNNEDQPOFOIARAMTRPBYJJCUZAOSTPAXEFPMLLREJINCGNKHTMMN
[17] -6.9660  order=qt  Q5=INTHE Q6=STRAWS Q7=RESIDUE  T8=[perm]02754136
    TOSEVCEASWRESDANSLPHFORLREIMONJTBCHDTKDVOLTMSDDGSCAFJLHXALEHEMUNCQXYBUDRIZEXQSRBDFXASAKIEYYWWGDAOZTLRGXCJQRWFIPPCROMEINEISYCNFJRLWHVGHRLPFBGASPO
[18] -6.9739  order=qt  Q5=MAKES Q6=SLOWLY Q7=LONGAGO  T8=[perm]02761345
    EENMLHABEISORGESEXCSVMDEBROFUTTOENOHHTEHJDMQLBJPIMSYHSVHZHAMIKKJKOFWLIXWSSITFGUGOGJTCFSOWMOZESTEZWGDMVHAWIZVCDTOPWWDAOHTMOTQTLHXPMQBOOLEWINTZRAH
[19] -6.9782  order=qt  Q5=MYOWN Q6=ROADTO Q7=ONLYTHE  T8=[perm]02764153
    YGHFGDERCRTCLABOOTORPATXEGALEWEAATZFMOBLYCTIALEQYVJWUFGQHODENZGPFAACKSWEBYPJTKKHHSWGZVEXRYTUBWIEBWEVSELSYDPGUERLWELJYWCKCEBOESDLLZDPLCHKKMERQBLD
[20] -6.9837  order=qt  Q5=GOING Q6=GOINGI Q7=ASKWHAT  T8=[perm]02763541
    NOGOATPIMHOPENTHDFGHMEXCDEPORSUCOUPOBOCTOFSQNXIARRKBNPHSRWVLSVYVVUWDOELEPELBNUOEJHEFOXLDFXTVEYLVKQOAQRELARTLDEOFYRYKMLEQISUVAPNQTUVADZZGNMDYTYIC
[21] -6.9958  order=qt  Q5=LATHE Q6=ENOUGH Q7=ITTOTHE  T8=[perm]02756134
    CCTANSETCENULUSDTNTSSIMESKTTRMEEDYXFMGJHQUEDJTKFRSBFTIVARDWJOVVLKFINJAZFFQGIRDMUHJIZIWBERRUSQRDPNDFDDRKRFJTLDSEROKYEZBPIIOBRTYININYAXEHPCDDXZEPA
[22] -6.9978  order=qt  Q5=BERNE Q6=WILLGO Q7=AFEWHAD  T8=[perm]02763145
    HRHACRANDBDAIYTINGPSITSBYPUIRIONLBZQFGABDRDTBHCOEMWNAHSUNCEPRTBXMWAHPEVCVRLIANIMNSZJWLXKFLNSLFNEDMPOHOIAREMTKKBYJVCUDJOSTXAXCNPMLOREBCNCGFKHAVMN
[23] -7.0016  order=qt  Q5=INGOT Q6=FEWHAD Q7=ANEEDLE  T8=[perm]02763451
    MXVDMOCEELUXONOTLOSANDNLSAWOUACRPTEBRWRVZVCIIAETCTPHQNHLOLOLYZIIXGVDYLUIUOVRUEAPMCCXZNDPDYVYELMPPCEBESMIRTCGIHEVDARTSBXBRRRNATSPZUTHQNGOWPIXGGFH
[24] -7.0050  order=qt  Q5=MAKES Q6=SLOWLY Q7=LONGAGO  T8=[perm]02761435
    EENKCHABEISTYGESEXCHHMDEBROFUTTOENOUATEHJDMHWBJPIMSUUSVHZHAZBKKJKOFVMIXWSSIGPGUGOGJQNFSOWMOSTSTEZWGFJVHAWIZMGDTOPWWTGOHTMOTZZLHXPMQQNOLEWINEMRAH
[25] -7.0208  order=qt  Q5=CLOTH Q6=KNOTIN Q7=FIFTEEN  T8=[perm]03125764
    OLPOAREPBVEATUINDILISSIAIPHYFUNKYOMNBTNVPITPOATMHCMRYXNTQLOLLULNDWPPPADVHYGCAEVGWCSTKATCYQFFBNHRWOSGBOTDRINMSPHPOLUVBUHGWXTPYREVLWXIKZBOXOYWDHAO
[26] -7.0218  order=qt  Q5=FORGE Q6=VIENNA Q7=ANDEACH  T8=[perm]02764513
    EBUTPEDNISFROODYQOLTYENGISOCTPPETLIHQZOGXUEIMEJRHEMMRXOGOAFBRDDYOLKKEPFSXYTMCLINAALMDYEDNQFSBXZFIJIUTUWEPREVRDBYDGEPMPRTQDZPCYDETRXPWUMTZXOVQIGC
[27] -7.0223  order=qt  Q5=FIELD Q6=FILING Q7=ROUTETO  T8=[perm]03127564
    RAYAADIGNSTINDMOZIMTOEIHATEZSFUCDHSABTQTPEWTHVYVPYGCMDMKUDORYOGCQLNRELHEGNOYNAARBKPEPJEQEEEPKGHPQLMJMFFCAFRCAASFSQTWXYELMUFOCOFLCJLTVWDFVODNSWHJ
[28] -7.0229  order=qt  Q5=AGAIN Q6=HEDOES Q7=WILLLET  T8=[perm]03146527
    BPGSTICSMEEMALENGGTMERSRCASHXKOYINXWXJXZCUPKRXCFTRFZFGHTBHPFXTUQCAYPHNPINFUDIVPEASCUAIDWIYVGBPMPGKXAMBAASOKXQVNMVNYNACENEOSEPMXCVTASBAJUNDZIPZIX
[29] -7.0248  order=qt  Q5=PRICK Q6=MYHAND Q7=IPICKUP  T8=[perm]03146527
    JDPMSOMISTILEABANCWDFNYOSETOTRAOQGDOMNBAUTZRMBTJAEXETSNMXJPCIIDSSCMUSEACCCRYQMLIIACXTHQUTAWJBCEQEYBDJXFFVIJHTICPHANHSIDJWYYSTNHVKPQTWTLZOILMEURB
[30] -7.0264  order=qt  Q5=INTOA Q6=HEDOES Q7=LEAVEAT  T8=[perm]03126547
    SRTEMEPISALMURPILEYBURGUJOELAJALXAMUHPPLOIFHWECNHNEPAPTVBUGNSYXDZCUFXORGSLISAOLAQSIOKEHUOMAGVWZREPUWGWJUMPZEXHIFOANSFJUEACBRIDXJJEVTQWSWBNLRWWYP
[31] -7.0291  order=qt  Q5=LETME Q6=MAKING Q7=GRINDER  T8=[perm]03146752
    TWYLESDIGELQSQGHCANTHEIVEBUDWINPCSCJDSPILNRIUVDZKWBNOPMKTUEELLENWMRLUNUVQEEJFEDZOOMHUGXDEPWPCZJKEDGNYPGBRUCVEENJRWWEKVPUEGNOPCSWOKTRDTVCEGITGFFB
[2026-10-04T00:26:58Z] chunk 1400:1500 exit=0
[2026-10-04T00:26:58Z] chunk 1500:1600
progress order=qt perms=100/40320 candidates=107318484
vocab: 119 x 123 x 141 = 2063817 triples
T8 permutations: 40320
candidates: 206381700 in 24.3s (8.49M/s)

==== TOP 32 HITS ====
[ 0] -6.7612  order=qt  Q5=SPLIT Q6=PHRASE Q7=GRINDER  T8=[perm]03216574
    TACYREAPIGUTILNSTEITONICALROCXNTUAGPAOOEISEEJUOBMJQCDIHWEEOQMEWELMFWVCNOVUHCVLYBILANSROURHYTHPDQBUNBLEISAHTEPIPYRQAIRWNXEFCJULPBAPWEPHYHSOETJUFQ
[ 1] -6.8695  order=qt  Q5=TRADE Q6=SOLDER Q7=THROUGH  T8=[perm]03216457
    FOLMVPNOLLSOULOMINSTACARELEZIHSSTAHXTNBXDORFXYLIARNVYFYPSONEBRTGMMZOAEZALWSSSPLIIODURIOTJIHXYKFAORLEYGEJWVHNVYGIIVEHNVSZWELAKUEJDACUPWMCLHENAHOQ
[ 2] -6.8719  order=qt  Q5=BARNS Q6=POLISH Q7=SMELTED  T8=[perm]03215674
    CUGMOANCTAUPOPMOTKLETELSATATFOMERUYOFWXAGJBZYDDUOTERYUOUXYOLVNESXLDYYGRAJYYZCKMNZEWPENGOPCLJWQEUTESANADESECYRSAAXVCXGHWKMUEDNJNJLURTDTIBTXAYODHI
[ 3] -6.9180  order=qt  Q5=LEDME Q6=TEMPER Q7=LEGENDS  T8=[perm]03246571
    HHREDENCENGWIFLINLYRLEAMAVPERLCAYCVXHLNZKMGROVCKCGBAIGADBGZOVABBUMEXTRZWTMAPITHSUNDUOCBHDEEURSSDKLUUFUFATPATAYYNZERIZCSWIAABFEJBIZXHGDQCRSBULAJC
[ 4] -6.9246  order=qt  Q5=FORGE Q6=NEEDLE Q7=FURNACE  T8=[perm]03214765
    CHPROIFIGLTOBEFTORTYOFELDLLBRKBOTBEXURIWKQFVRUMSQGDMUUOLKTDGTFWTOKQNELODDKKYHBHCZIHEBBUMUCVSSCKDMTFTICNESSWIVEALAYXFMUEXURIMEBTYGNCEPHZANXZJIKQI
[ 5] -6.9315  order=qt  Q5=UMBER Q6=EMBERS Q7=ABSENCE  T8=[perm]03241765
    GVQDTEASONNEESTAPHYOMPANDEAKYYYNHCEZPBYQAIMTSNCTTSLZRJWRUIWDEMNDMEWNVKLISARMGEEARYWMMOSMRWULJOBQGBVKZCBSNBGBAYRPUJETYGPMASNAATTRGETPPHZMTLCNAZXT
[ 6] -6.9393  order=qt  Q5=NOTMY Q6=REFERS Q7=GRINDER  T8=[perm]03215764
    NBEUBTHEREGATANJAPHCADMPEAHHEBOOWKQUADCYACKEAROSLUVPYXTQXQARAIPWXDFGBTGCEUOMZXUTLEZUDNSHPULOJUZOBEOSCIOTXWAPYXWKNVEOHISEKGECYVUNNRIHMMRECWDCMANI
[ 7] -6.9536  order=qt  Q5=TRADE Q6=SOLDER Q7=THROUGH  T8=[perm]03216475
    FOLMVPNOLLSOULOMINSTAXAFELEZILSPTAHXTRBJDORFXLLKARNVYQYUSONEBMTVMMZOAHZTLWSSSQLXIODURPOJJIHXYFFUORLEYEEMWVHNVPGHIVEHNESDWELAKWEHDACUPOMRLHENAEOW
[ 8] -6.9608  order=qt  Q5=INGOT Q6=HIDDEN Q7=LEAVEAT  T8=[perm]03216745
    SSFSUSPQSMTOFVSELTGAUNTENSSPACADIMOBHOPKOOKDKICHHEMXXLALBYMCSVIAYCBZXORXWRTRACLSQWDMPEHPODOCGEYUEUJUGDALUXZIXDIDVFTYFEUMAPRVMTXVJWBLEGCXBKHKWVNF
[ 9] -6.9715  order=qt  Q5=BERNE Q6=HIMFOR Q7=THEROAD  T8=[perm]03246571
    KAFETWORAFFELPTFRDOKVINNAISANHDGZYXQRXYTMHZNASPFQVHKHKKEUDSICSGEXPELSHRQOWUSLKKTHXYJBEDXPHSTAXVANMACPOZOKJDISFHSRANTGFADEOKFUJNDJKRLBMLELPKGGUAM
[10] -6.9792  order=qt  Q5=GATES Q6=EARTHS Q7=CARRIED  T8=[perm]03174256
    NUAROLNOGINKEMTISSOCITHHIAUFCUMSPXUOIQRIKUPJJPKKOSTVGFXLEKGIPUVFRLYFUKGTIDDOJVPPKINNXELYMISEROFSVRWPLSHXVHILXEINDOHAMASKJOPMLEIKZBHFCIDIFIZKRULZ
[11] -6.9853  order=qt  Q5=TIMES Q6=CHISEL Q7=TOTALLY  T8=[perm]03246175
    COONLCHEROTOUNFOXKSVEHOMEOUTUIKTZLOBETAPSNGEVNAUIRTCEAKXQDIXSLAZSVSIACZCKKLSINVLIDUJMPJANKWRYFICDDMPBORTJPCIGPEJTZDPKKLZPYSHDNQPBEGGTUBYRSPRQDLT
[12] -6.9922  order=qt  Q5=RIVER Q6=THESUN Q7=TEACHER  T8=[perm]03245716
    LAYLICRZZSUSYETPEKHANHEONEOREFOYYTRCDWCTOFHOYBFRUZOSUHDCXAYZLYPMUNCHLDWYXAPISYSDQPGIYXNEFJSRVIYSUCVYXYTBKYNSJMLUJELTAYBBOTTLERNHCKCLSORJIDHARMFN
[13] -6.9964  order=qt  Q5=DRAWN Q6=BYNOON Q7=THEWALL  T8=[perm]03214567
    TBOMCNUBYTHROOTLECOUNSXFCYOREHELJUCKLONCSDZYRIBNIVELWYKWTDYNLNPOJDOVESRIOUDRXYVKIXFGNVALWEPRZRKWZRYBNRXYDUQLNINLULLNHPAZITWGAIRNEFWZYRJXODMELFJW
[14] -6.9973  order=qt  Q5=IKNOW Q6=SAYSHE Q7=LEAVEAT  T8=[perm]03245176
    HUHDPAETHERSAUTHAJUVEJURBAAREXIELACJWAEMYFYMIAEDVTKUMOJMCPIXTYFMSHCRDEPXZXNOZKDTYORKLLLLYZGDBUKDFHXSLFBRDOILASJPGONDBCMRIUPKKMNPXOOMTOHHXLVICAVR
[15] -7.0013  order=qt  Q5=STUDY Q6=NUANCE Q7=USEDATA  T8=[perm]03241675
    SCPTAKCDCORSUBLITWASFUSMYCRCAXTOHASUEGXTNYCTRRAERHCKAXKDVVEOTBTVEJTIPUEZSSGTWOWAMQAMUNKHSVSHSNNWXVDNRNWEWRUERDKCFHWLPWSMJFBFPMLMDPWLFXISEEANCALB
[16] -7.0171  order=qt  Q5=MOULD Q6=ATLAST Q7=ONLYTHE  T8=[perm]03216754
    VWGLRELCOOKITHOPKOIONANTHUSLIARPAYWSCJTTKRERMQCHYYKOWNRMRIRFBWNDNEWCRMINFQXQDETRTUKHTWEMOFYQYSUHZLCDPCGCRDDFHUXQOAUTIDAGPMSQFAOLGHLGEJHHUHYXVBSC
[17] -7.0204  order=qt  Q5=LEAVE Q6=HEDOES Q7=SHOWSME  T8=[perm]03172456
    ISMNESERFOFOBYNPRAWNTYAZEBTARCAYKOATFCEMMJWQRYBJJKLGDDCBRITHYSCPMCVHWNINOZQNZVBJLNHALVKYNPWSCIHEBNAJESLYAFEDDEUGGGEPOVWXYNBIUSEFRSKRXPISIUVJZCGM
[18] -7.0244  order=qt  Q5=SPLIT Q6=SUNAND Q7=FALTERS  T8=[perm]03241765
    YCILLTSILCWTITERIBEARLAKNONKRVEFYLUOXEQPFOCXANHZDUVAAJAMQEJDGFTOXEXIISCRLAUNINGJFPTIIMZQGXQXWQQGIRYYERFADVEDITGRICYWHJFSYASIQQNJGNCVTYFKBFMMSNFP
[19] -7.0266  order=qt  Q5=LETME Q6=INDIGO Q7=RECORDS  T8=[perm]03162754
    NRLOVININLYELPLTUPONSWTDYOFOEGSOBADDPKAXXVTNSDVBXWQZTQECSEYATSJONSGHEHNQPGZLYOZNCHWLZLAXKFRPBOELINJCOZAWFAFDYBPENUSGNWDITAPHBFLRRHPDZTRIOTAGBYLT
[20] -7.0282  order=qt  Q5=ISNOT Q6=SOFINE Q7=THESAME  T8=[perm]03156724
    RLOLLALERVSTPMLPMASSRAGILITEIMEWEFXPHOLZFJMLCEMOIIPYBXTQSNEACAKILKYAHQSJUGMEVCVFBGBNFPUBROINHCDAUGZGZTGJFSKGWXYEUZOYJUSGFXPURASWDQRRHNTIPPDPOBRD
[21] -7.0297  order=qt  Q5=PRIOR Q6=SHADOW Q7=PRICKED  T8=[perm]03214576
    HCONBYTINGCTOMCSAESANYMALTWUTINJRHBTSANUNGQUROTXJPLBPWBLLDJUAGOYUCUCUKFUUIUCOLQEVKDBHTPTVONJJDMUAHABVEWJUXARRYNMHMAYAVUZEHIAOZSDEGERPBIHNOMXEQRY
[22] -7.0321  order=qt  Q5=ALONG Q6=TOOKIT Q7=INSEVEN  T8=[perm]03167425
    KROGIZEIIAGERPSEJWOTEANDOBASLATDLQEAEXOOOTWXPMNTUUGEQANRLLSKSTABAQHSFLGTJQRIABRWMYATJUCBYDLWEBRSNNAHJFVDYMHGCKLEYGPOHZQCLMNAVFBNBUXTYEVULCOFOKLJ
[23] -7.0321  order=qt  Q5=ATURN Q6=ITFROM Q7=TOTALLY  T8=[perm]03241675
    KROBDOMMHGAIFGFAINDNETERMICSERHZZUXTJEOUCKTOFURLNOTZHJKOBIODWFTHZIEVQRONLCABSIEHIYXZZDYCCEHVYRCOIMOUEILXSCKELKASALLDHYXEQDSPPIFDUAJWUIQTMQAXQKYG
[24] -7.0330  order=qt  Q5=INSIX Q6=PORTAL Q7=CALLING  T8=[perm]03175426
    ZEWANIFOCAAPNTFGEPLEGANCIARACUBSRFHMVFAWWUPHEHUOSJUQUESHZXAVSZLBJHAFFPMAOMRUNIAWBPSRFWIDUTJRKPENDXUEOMQHRFSHBPOTIJBLWFSWVOJHEPEKOKOABOMWLYYAAQSQ
[25] -7.0334  order=qt  Q5=ONTOA Q6=WINTER Q7=COUNSEL  T8=[perm]03241765
    IRXIRTHEPOLYRCEAPICKLATIDLNOVTLGQQIMNKIBEGBJKBEEMRZJGHPHAPTRYMSUOLYGIUUVCBWGVMBIXUIWXROUDQNLFPDYXCITJOGGVPOYNFTPGTTIPVNIHNTAINIENTWOIUEKEGRDDBPA
[26] -7.0344  order=qt  Q5=ONTOA Q6=MANNER Q7=NOOTHER  T8=[perm]03241756
    DCHINTCCPSSQSARMNTSBANNOTLNSFRIDFOOBXJFEEPPXJNMEGZZLYXJFWHQJZCGVOAVGINHVTOIXFLTGGXIGNUCUYQHIFMEQPAOISVBUFTOMGEOTPTZFUMXONLNDIAFNCTIODENRKOSBKVJV
[27] -7.0403  order=qt  Q5=MOULD Q6=NEEDLE Q7=ANYWORD  T8=[perm]03156247
    BAONIUSBETIAORCZTHREEDBCABWIZATTFVHWISIIYMSQXVWPLKPLCHYGOLPDTNKPBSKRLQYHITSTCTMCIUCBYISXNJNEVEIZKSCACHKIBOYQSHLIMBRYOIWGLYSJFOLLBYJNMXQQIPUMPCDE
[28] -7.0446  order=qt  Q5=IHAVE Q6=ALLOYS Q7=THESAME  T8=[perm]03245617
    KYADORANONPRAGIFROAGIJNKCRNANFASMGKBOOSLPJKHBXTOWFBTSWICNQSOANTSRHDANLKISVQUJTINPFHAITSBRFOZYRUOFEOJZNWGKIDTOFNDXDKJCEWQEXJHGJDTHQUXBLHNFNNDALFY
[29] -7.0460  order=qt  Q5=AWAIT Q6=SLOWLY Q7=MORNING  T8=[perm]03245176
    UQPFIFOOANCHAMNEGHANARDSTRUGWSPAVQJSSIRJUIGTERANPFEGTKWABTBPBCFJYEIZETAJLAODJQSNDGXJCUWIEIFYWKNWPADHYRJULUUMKECSUDMETMVYPQIUTKUELDSMADDERBKIGZEP
[30] -7.0467  order=qt  Q5=WEEKS Q6=BEFORE Q7=THEITEM  T8=[perm]03164257
    LSOWPYHUSTBYALLTOSTOFTSLTTSVFCOSVBKUAZGZPTTJUTOPEAYAOPVKRERVAGUYAMGFULVGRPDQLIUTLUZLSJPURDLBYOMUUBYUDCTVPBLUXMQSUTAOHZYQYGWGTHUSINYPWRREAHGHECQD
[31] -7.0483  order=qt  Q5=LATHE Q6=ANDTHE Q7=HEMETME  T8=[perm]03164275
    HOAHERKDWNOSBYTHILLERHPATYOERDOPOHILIZOGIIYWETVHODGOPWEWWVNUHNEHMLVEYWOLYEAQIPENPKFDMOYNKXOQHWTINHSQVIFUAOEUISULONVAQIBJFYDKOPJSVNUKFPRPYUNBCHAP
[2026-10-04T00:28:49Z] chunk 1500:1600 exit=0
[2026-10-04T00:28:49Z] chunk 1600:1700
progress order=qt perms=100/40320 candidates=107318484
vocab: 119 x 123 x 141 = 2063817 triples
T8 permutations: 40320
candidates: 206381700 in 25.2s (8.20M/s)

==== TOP 32 HITS ====
[ 0] -6.7594  order=qt  Q5=UNAGO Q6=HEWILL Q7=TEACHER  T8=[perm]03265741
    GSOSELLLENOTHFAKESYSORWOOWIASDORORRLHIULIZNSFOWMCSZNEHLMBTTWWROAUTUSZWBKPZGFTNOCHTSIIAHLHKYKSTCHAZBIRKMCDKNWPLEBCKPGVBJSROASACASUUNIQSQGIXYSLOFN
[ 1] -6.8395  order=qt  Q5=INTOA Q6=PATINA Q7=WHICHIS  T8=[perm]03247651
    EANHEDESCCCHLYGNRNUTANOFHATOKFABROMHTSATITHIUBRXWIUEIMKTBTYOTOZZHFSGKMJTCETHZADMGTPYTYDVQTHEMFOPHRJDTEWMVGHYWECALITWDMYTIRPHPFJWHNWUQAOIGELPRLQP
[ 2] -6.8589  order=qt  Q5=METAL Q6=LETTER Q7=FELTTHE  T8=[perm]03267541
    OHLYISFGDBNFEMSTITILLISHUDGEDEULEIEYNNZIUGEFCRUOYFUYZGZMRMSSAPLNIGONUICUNDTWBIBYIAFRMBOFDRMKYFBJCMZHKYYGASASEETUDVTUADMERPBAXOTVDZFDDKRUBRYDOSEF
[ 3] -6.8917  order=qt  Q5=BOOKS Q6=SUNAND Q7=EYESARE  T8=[perm]03256741
    RNATISMYEVNSBARTNMTOFCGUIALADPMBMSHTNPIODDVMEKNEQHZEHTNENWESZCAURQQOKKSTCOWLSLGQBAJZISITSJGWUVBIGAMOBSRVPHHYRSNQYPSNUBEOOOJBHIKABOEQQRATTHAERPIJ
[ 4] -6.9002  order=qt  Q5=UNAGO Q6=HEWILL Q7=TEACHER  T8=[perm]03261745
    GZOSEXLLEDOTHUAKESYSORWOOWIASDORORRLHIULIGNSFLWMCFZNEBLMBCTWWVOAUZUSZYBKPHGFTTOCHYSIICHLHSYKSXCHAKBIRZMCDANWPDEBCKPGVBJSREASAPASUONIQVQGIFYSLLFN
[ 5] -6.9146  order=qt  Q5=COUNT Q6=SOLDER Q7=MARGINS  T8=[perm]03275416
    NTPRCETAIONARAAGEIPODSKEDERNMORXVDPOAGLEZCZDOMOSSLUMSWWRHBDDCGNISCGWMXEEPTNUDAKAYBJQQPPNGWLSUCOIUHQZWKYDFYLOOWUNGZMRULOXZPUTRSGERIDEWMVGOYVBHYPD
[ 6] -6.9162  order=qt  Q5=IKNOW Q6=ITFROM Q7=WEEKSIN  T8=[perm]03254671
    ZSKESPORTESTHEINFYLLNBAJUMILDUZDFNPPHSBYPZGUTOJUXYJVBMXSNSQGSLILIOVCFATLFWHYWCRPHNYTIAZMJPIAWWFBUYBEHCTVERXSRARNJASCWFPHSRIDOMWSDKNPARDIPNOPKOWJ
[ 7] -6.9333  order=qt  Q5=FILES Q6=DAYAND Q7=SHADING  T8=[perm]03247156
    XPJIESCDOREHNISTGOAROVIEASSNEDHEIHFORRLFHIECSMGTPSKORBLKORTYZOOMIMYZMQFOWTSUVBWRLEFFIOYJGOPSAVXYAAPNIEYBMMMQCEAFUWSZICXNESLIKOEDMAZMNMYBJJKWWPNN
[ 8] -6.9359  order=qt  Q5=UPONE Q6=PHRASE Q7=LEGGERE  T8=[perm]03264571
    ENWTFSBERIFPYPDASDDASIDASWEARADDSGVDWNAPDENWZFRTTDUEBDSXAHPNAUNPKTMBWMSUDFSTRZDPSOPONYQGVDPKVRDTMHELOLBFJUQZFALMCKYSKNEGFFRETMUDONAUISDRFCLGEENV
[ 9] -6.9407  order=qt  Q5=INTHE Q6=ITFROM Q7=GRINDER  T8=[perm]03274615
    CWECHPTTONGAAREVICTAESSEHEKXEGUOWSAGOLSMACFVFRNHAJKZTDHRDHASYPVBEXDQADHFWTVSVWYGUBUGESYGPAAXVPOWSECADHIXIDILZIONINHJKZFOJYEWUBHCWEIHHNSYLAKADIBM
[10] -6.9479  order=qt  Q5=IHAVE Q6=GILDED Q7=LETTERS  T8=[perm]03412756
    AEFACUHKBHANOPREZENSOCDSOSEAMBEAHAFLFSWNELGNFMKCVTISSRRISBOPYJAJUUGOWNSFAYBAXAFYOYOBKWLRHMOHPEATWZIHMMGSOXEARYAGYTGQGBYQBEQOWCXYUBWENHEROIHLLTHV
[11] -6.9499  order=qt  Q5=BRASS Q6=WINTER Q7=JOURNEY  T8=[perm]03257461
    OKUSPOUYYISASJOQUTURGEREPRELACHKTNOBVWSEBSXIABJOSIVBSUTAMUPQICMJSNFWEFEESDEDMNAOGYFEPCWFVIOYCCPEJQAOTXWGFFWZGKRHPPOTNZAMEONNAAKUMGAWXVFRUCKKIAKJ
[12] -6.9542  order=qt  Q5=LETME Q6=HESAYS Q7=DIGETAL  T8=[perm]03265741
    EDNATDCHNIVAULFBYMATDEEOWEMYDEPACBQKMFOPFYJWLITDHQJPRTISREBKEGCTKGRNICUIKMBYERVWATYOPAAKBCJYVRJGNFHGHLOBOSFOVUDBUYLIOWDORAZNQBCORUVFAURNDVRDSLXW
[13] -6.9598  order=qt  Q5=HEMET Q6=SLOWLY Q7=COMMENT  T8=[perm]03261754
    WARLIFTUEMPTPHUOBRINJAMEORAESPCQIGZBMOSGHAEBCMBHJYTBZQMJPVUTSZCVYDYMHIDPIRCPKFUNTOGPAYPINHHWOURGISWHUIMWKRAJOAYONWROHMILVYOPYQMUTIPTVONRHNTXBKJR
[14] -6.9656  order=qt  Q5=UNAGO Q6=HEWILL Q7=TEACHER  T8=[perm]03275641
    GSOSELOPENOTHFIMESYSORAUOWIASDXBORRLHISSIZNSFOPFCSZNEHUHBTTWWRBTUTUSZWOPPZGFTNQQHTSIIAZSHKYKSTCHAZBIRKCMDKNWPLHOCKPGVBRUROASACXIUUNIQSLJIXYSLORT
[15] -6.9660  order=qt  Q5=BERNE Q6=ITFROM Q7=ONLYTHE  T8=[perm]03276451
    XGFUNAPIBLEULFCEUMOTEAHTOROLEMPTSSWYSDAXEVWZGDTHMSIOLPMXKJKWFLMENSCPYWKYXAYDOLQENDUXLADATJTHBDUDEYFIHIZJOKOMAQGLKEFHODSGODOXOPLQJDYNPHMAJGMWABRT
[16] -6.9719  order=qt  Q5=MAKES Q6=INDIGO Q7=STUDENT  T8=[perm]03256741
    GLEALCHHATEOFOIDGXSIMTVOYUSEDSITYURTSKCNHQWADTNPAUVLUQMDOMVAYLYAOOOBSZAOUMYALSLFPNCKEVFWWPRYANDSDUUUQONUNRJYPTKLMUGAXGGIDUKEYLQFVNPOWWHYTQUQOLJS
[17] -6.9853  order=qt  Q5=PRIOR Q6=THISIS Q7=JOURNEY  T8=[perm]03256417
    PRLOTOAYAMAYLMOSLYIAVCTARTIATCIRKDSBIJNHCFCLJEITKGOSQLJAVQKQGDDDAJOJJIDELUQGHSAVVFKARIGTNPPPOBVOCIFBONAHUHNFASMOLDPDWINMCTIMBARBWBBMCXGQLZQSXOZX
[18] -6.9904  order=qt  Q5=ONEOF Q6=ANDLED Q7=GILDING  T8=[perm]03412567
    RXYETOBTYNEDIDECARFCINGATBUIGPEUGZTOCTAVPONYOUYVFPYAVUSIFNCVHBFYJMBNPOLOVCDMFXHDJFCMCCMHRZHCYRHPSDLYIOGRTOYJMWOLYLOQEEWSQILETARWSQPHHNOEQANOFAKE
[19] -6.9949  order=qt  Q5=BLOOD Q6=KNOTIN Q7=COUNSEL  T8=[perm]03416275
    CDBIECSHLTOFDOGPRIONGCHOTHATGCHEAQCWYUEFTQGFBOFFICAMIVEKWVXSRJIYXYEBJMFOOKEDSZELCDLOVQADSKIIWPUHWFZRTIBEANSCJOWRBMRBRUTHBGSADXVEAKRIWLHCCGJPMDCV
[20] -6.9973  order=qt  Q5=LEAVE Q6=THISTO Q7=SHADOWS  T8=[perm]03261754
    ZRGORYTFAGUAFTADSLFERRABBANEEDNOVIPOETNPQYRLPHRMORBDOFCHVIBYEXBOZIFFIWWLGRXGEWPKZYAGONTZRKEPWFIGGMOIJQEEAMECTCEQQKAGDJIDFJHITFWKQANWAKNKCALMXBZU
[21] -7.0028  order=qt  Q5=ONTHE Q6=PHRASE Q7=SEVENTH  T8=[perm]03276541
    FPIEENTRSSTOCONJAGATTDMEBOMOHAGPZINEZEHPWMOYGTSYSUEFWAHHYIZUNYWCKETRRIRCYNXLYENVXARAMMBINAJUOWEOZFRLGPNUGVTLEZEKUONXGLANYGTBNOQIRUIYUVEZXYNDRUMA
[22] -7.0043  order=qt  Q5=MEAND Q6=FILING Q7=EASTNOR  T8=[perm]03261475
    EAFOLERHISEEWERSMINPSYZFALCALGEDSRQLUFKHVZHKQZXVOVFYURQDIGWRJSERMADWSWYISCCURRODYODGIFPFREAWCNAWWVRHRJIAEPPYBVKFKYRLEHBMDJMURDDEVOIADOZPKETWFPEP
[23] -7.0131  order=qt  Q5=BERNE Q6=ITFROM Q7=ONLYTHE  T8=[perm]03271456
    XSFUNADIBBEULFMEUMOTEAHTOROLEMPTSSWYSDAXEDWZGDJHMFIOLPFXKUKWFLGENRCPYWOYXVYDOLOENBUXLAFATVTHBDIDEPFIHIXJOAOMAQSLKEFHODSGOJOXOPEQJQYNPHBAJRMWABGT
[24] -7.0157  order=qt  Q5=IPICK Q6=QUENCH Q7=PRICKED  T8=[perm]03261475
    HIRSTAMBEPNERSZERRHRSHAFTALFNYWAWRORRIEGPWSDRNCAXBRWMPJXEABOTYKIMKOYJQWYABMHDKGOSYSGZIBUHHNAGJVMLZZKOMMOMDRDONPADLQCMVNCECEQIPMPPSUBELUNGUKMPGTA
[25] -7.0162  order=qt  Q5=PEACE Q6=WINTER Q7=GRINDER  T8=[perm]03271645
    GGREISTJPANSOUTOLFRVREWASIRMATZYGJRJWPTIGERJYDUYTNOTASSYETSWDKFDOZDSAAQEFTIIMEZYKZFCLAPAYJEUQOZKSVATLGTMBRLOHTDXSTSLFNEVQARZAEHUUKUGEGZENSWVTQZH
[26] -7.0172  order=qt  Q5=BOOKS Q6=GUTTER Q7=THEBARN  T8=[perm]03416752
    REROMEPCHMNIASWURMNOFECTSEAYRNESACTQMUYBMVHSWRRQOJKHTDFPIGIGGNHOWTWOSLURYHIQQOQQUUCKMUTOHSNTISHXSBDVMSQVDXDENOBILSELGJEUFAZEYFKUWIXPBLDADTVPXJWW
[27] -7.0184  order=qt  Q5=LEDME Q6=HEDOES Q7=FURNACE  T8=[perm]03264715
    CTUREIISCPOTTSSTOITYREJLIOFTYOIZVKLXQMNYRNBLYUMYQDSLMUGFUDEMTSOTEVNDAVDCSNRYHTJCUIEEGPIHVUVKXCZDLHBCJBVSAOWEVETJTAPAGLAPULAMLBANCADDZCLANJZJEZUI
[28] -7.0269  order=qt  Q5=FILES Q6=STRAWS Q7=SHADING  T8=[perm]03247165
    YSLIADGGSRAMWMATCCETSEVIECANALIHJHBCOFDFDNIFAAQBACROWQGPSRKSPZIMEVSYNWOCRAAUMPDTMEBJNVIJCCACBBBSEDTNEGBENMHXGIAFLRDYJXOWICMIVEGGNAUVWPUBFQTKXKMW
[29] -7.0352  order=qt  Q5=LATHE Q6=HESAYS Q7=LOGITEM  T8=[perm]03261547
    TLNATOFIASMELTOLSHEKCEUSNEMRAMPDCBNNSWOMBNCELHBILNKAWRESXKFVEDBZDBRNIEHOKABXHODWPSXBVIEKFEIZSSFSNFEWHJOBTSKOVLSBHJLECDGAELUWJQSVORVFSHEGDDRCZGXR
[30] -7.0400  order=qt  Q5=HEHAS Q6=BRONZE Q7=LIFTING  T8=[perm]03257146
    GFEGRAIBODCLOMMISGGAMEECIDADLICRISSLXGXKSMOMXDESCRQMRHNTULWACOOZBDHBIFNAWQPAMRYYMPCIAAXGETPOGYXZGJNSURAMINILQMYTAZPCUUVADEWAJSSMHRLUABXIQMSPPXEY
[31] -7.0421  order=qt  Q5=BRASS Q6=WINTER Q7=JOURNEY  T8=[perm]03251467
    ONUSPOUCYSSASJOPUTURGEREPRELACHKTNOBVWSEBQXIABJLSUVBSUTRMKPQICMESHFWEFEJSZEDMNAJGKFEPCWHVUOYCCPOJUAOTXWFFNWZGKRAPPOTNZAMEENNAAKIMWAWXVFLUWKKIAKY
[2026-10-04T00:36:55Z] chunk 1600:1700 exit=0
[2026-10-04T00:36:55Z] chunk 1700:1800
progress order=qt perms=100/40320 candidates=107318484
vocab: 119 x 123 x 141 = 2063817 triples
T8 permutations: 40320
candidates: 206381700 in 25.9s (7.96M/s)

==== TOP 32 HITS ====
[ 0] -6.7354  order=qt  Q5=HEHAS Q6=SHADOW Q7=RESIDUE  T8=[perm]03451276
    OTFEUNNMAIGDEASESGNMEDCHSORUPALKMYPUVSESXOSCZBDIGENAQANOCAUDEJOYSRIKYWPROECHYOBIONBOYXYZDICBSLAKGSPNWTHTIVJEFDXALKHERYMVJLZUHVXRMPRAHEKFPPXMMEEQ
[ 1] -6.8102  order=qt  Q5=EIGHT Q6=METIER Q7=SAWSUCH  T8=[perm]03427651
    LHEBSKMDATELFAATONOCHHEROKNHEYHEEYEIDERKASDCGISRLOZAXBQVPYHLLEBASHENDGNUPRHXIUNCQRTLGCSJFNWYHUNSCSPQPXMELBALYPNPANYKIINTENUXVHVLWZJEKEIEYRYQNYEP
[ 2] -6.8412  order=qt  Q5=FORGE Q6=INDIGO Q7=FOODAND  T8=[perm]03461275
    GEWOEEUITSFELTSHOWADEAGRWOSTTVISONLTZIAZQTZTMZVVZJXCTRYPRUBYAQISZVLEUGGODOTGRHDSCWIMPJLFZTPXVKSWFICIMXTUBBQLYPZCEMRGASEXINHGPIFIDXXANSADSEECSEXE
[ 3] -6.8906  order=qt  Q5=HASME Q6=USEDAT Q7=SHADING  T8=[perm]03421576
    EGROCYSPICBYSDMBANTWONFULBDREERLLNCCBSRVXKHPINAMECBDOHRETFTPLAAFVNFEIGVUWGSJYJOLSMOEPHRFMOMIAOOHTQMEQWYPTLFELEVCMOBXVWPOXYLOCTBHYPWSOKHEDZENCRJA
[ 4] -6.9074  order=qt  Q5=WEEKS Q6=BEFORE Q7=THELOST  T8=[perm]03461275
    LTOUTAYUSISRROLTOKPDTNSYYTEDEFORUPHULAEJBXTJILTNZEYAZDRSRFRQOCCEAZEENBVDRNCZGSUGIPTOWTPOKJOBRLJBKNYUGOPPLILUIMZNUJAPRNJOYIUFATUTISRBVCRPOWMYRSQE
[ 5] -6.9288  order=qt  Q5=ITAND Q6=POLISH Q7=AFEWHAD  T8=[perm]03462175
    RMOFFEBYDENVCFOTAXPERGASWSIXDAMBEDHWOLANDZAOSCWNOPHTMORHKOSACUYOKAHFQHVJDESVCTCIFITPUQONNCEMYHRTEVYCJPPIYSZVUERDLGLEQFFULIRKWPTJLBZEZNQRRWUXRONC
[ 6] -6.9544  order=qt  Q5=LETME Q6=SOFINE Q7=RECORDS  T8=[perm]03456712
    YQVOEGLPLEOOSDGTITHABOOTELDOTHENSITTVVOXMNZAFDNYARFZKLOWTJLRLDQOGCRYWMAHFGBLNRFAAENEWTMXQITLEXTEXOGCPKBEDSZTEWBEGFIROMXCGIUHSDTIZEGTPCKIZWYRDSMX
[ 7] -6.9617  order=qt  Q5=LATHE Q6=SHADOW Q7=EYESARE  T8=[perm]03427615
    MXPGNSIECHELIAMBOLOABEOLDYSOFASJOAGBCEXFISKEIPBVSBUSGBAJPTSHEILADUOGILHFDAMOSQDEEHRXGNWTSFSYZXMMELUWIBRJDRKJHBMNLGNLBKYVVBRLPLEYSITOXEDVJOVGOLFA
[ 8] -6.9670  order=qt  Q5=UPONE Q6=HESAYS Q7=EYESARE  T8=[perm]03427516
    SOPEVENGOLDFSSMAFAMDOUTPYREADUWWOOJUOXCIHRLCJNXFNEMGINKIBSTOZXIOGBRIEMIARONTGDWHBUPDOHSSTPQCZPHOANLKHPMHEKASRHFKNZEJGNCGDIRISWHTYMPKIIOUWUCJYQMN
[ 9] -6.9967  order=qt  Q5=PRIOR Q6=FAILED Q7=MORNING  T8=[perm]03452617
    NBCYINGAARTYSHGUISASFVEWRIBEBOXJTLIYSLFAOWOXRBKMAMCICLNPQCZXECVWESFRXNIAPDJQTKDWTOOMDVORRLEBPLCONEAWAWYGDRTYTLSCNSRZXVPFROZEIMTILOOSOPCPPZHYTQOY
[10] -7.0030  order=qt  Q5=STILL Q6=REPEAT Q7=EASTNOR  T8=[perm]03456712
    BZWEZDBYOFPRODSWERYKASDIETOPANTUFZIFFBJTQFCSMKQPMODGYACADGAPIJWKWTHNFUQSCCNELGVXYTZXFGEMIUZBGSEEINGEPIDEMEVPMNARTXLAPJJKANQRLASYFDMWYQAANRGQQUVA
[11] -7.0097  order=qt  Q5=DRAWN Q6=STRAIL Q7=EASTNOR  T8=[perm]03476152
    ZRACIISPRILLBMSISHLOOODFTADINWUFVJOUDIFUBBFAMKIMALBQYEYSIMNHSDAUGHFBBNBZFRNEFSEHKUZOOLJNRZJMWERQGSCGLXGUMILXAWOOTEDDBAYKXXTZAFTKBKSGOTADHIYZMXVZ
[12] -7.0099  order=qt  Q5=TRAIL Q6=CHISEL Q7=FURNACE  T8=[perm]03467251
    REJPALTAAVGPRSUSIVENGONSHMISTEACQDFKNDLDHAZLEMYLYCEKLOFPKPFRUVPCORMDXFWOHDNHSOXIPFUPPZQMZJJAUZNESFYYSCTAVMDPWRFPAHOLSTDUGKQQCBVSABBCMRSWPOZACEXZ
[13] -7.0187  order=qt  Q5=LETME Q6=ISDONE Q7=ANYWORD  T8=[perm]03451726
    GTOWAVEVENGRSOMSVRFISCWEDIMEXSCKTJMXOYITRMUXUYREQBXJBGZMKHACTMGCOHWWBXSSDKIDIUSGLPHABUPJJJODOISAXZEEDBQNBMJEDMFLANXBPEQPVPPQISCSBURGJYDSATOVSBES
[14] -7.0245  order=qt  Q5=MOULD Q6=SPLITA Q7=SEEKING  T8=[perm]03452671
    VYLEGAILGDIRSSHYBERRUSSILAYAINOSVIGYYOLMWELDSHPKRAFPPBJDKJDEYCHBPGAZDFNWNFOAACXLSLSCNOIYVWYQIWKAUAODIIYAZRRILFISSSHAMMXPFWDRGSMONZWOOAMXZNBWZFVI
[15] -7.0281  order=qt  Q5=STILL Q6=HAIROR Q7=ANDWILL  T8=[perm]03427615
    ZLEYOWTEAMOBSOBECEFMORPEOFEWGSDCTWRNGBVADZEXYSPLIGANENPYYETGSCMLGPCRHHPQMQVCPCBGWMKEPQNEUFPJIOULJAHCRJKTJZFYFROZDISMUBNJBNLIAMDAVRAHZNOLYBUBFFYC
[16] -7.0291  order=qt  Q5=WATER Q6=ANSWER Q7=MASTERY  T8=[perm]03425176
    TSCONIOSBLRCHOUNTAPFFLLSUGARYBADYJKLPENWPLMTOKAILGEXCCLKWOBVKIZQCLSTNMWOHXZFCXAIBAUSIRAAZEBJUZLFDNMIBAVITOILMJDATGABOGLSDPTPAVDDIYHRSFDJFJXRNGIW
[17] -7.0301  order=qt  Q5=METME Q6=ITINTO Q7=RECORDS  T8=[perm]03467512
    MUNRKSNOHANEWNFITDOBTEGAYLARNGOWPENCGBYCSZJBCEOOXYBUIRETRFSAAHETYHMPQERLPHOFBVZWPABLHIYVCUQMBQQIISDOLWAGARHDYRWEYMSRYZNXPJMDUSLPVARDQAVHHPNYSLKV
[18] -7.0452  order=qt  Q5=EIGHT Q6=METIER Q7=SAWSUCH  T8=[perm]03427615
    LHEBSKMDATELFAATOTOCHPEROWNHEOHEEQEIDNRKALDCGTSRLWZAXJQVPEHLLYBASEENDJNUPDHXIFNCQGTLGWSJFAWYHANSCBPQPVMELAALYTNPATYKITNTELUXVJVLWLJEKNIEYTYQNZEP
[19] -7.0507  order=qt  Q5=TRIED Q6=FILLED Q7=CASTING  T8=[perm]03476512
    RXCESSHFWGRYSBREDURICISOASSEEGURYESDTIBXTWKBEYWPRDXDXILIRACTDTWZKKSNJAQSXEJNTXLFJOAFDVKRUBTCZSHENPAFRPPBZCUWGPACYXGOVASMXMSOSBKATEQSOUKSMZQEDAMM
[20] -7.0644  order=qt  Q5=BALES Q6=WHATHE Q7=ANDEACH  T8=[perm]03467215
    HAOLINAYUKHPPANSWERTHUBANELUDASEMBLARZEWAISWUGNGILLGFWCVASTKPAXQILSKDZUAAOFFQWJLIQBDOEGMKUUSUBCGFRNLJISEFQPJUGJVZENUBEBLWCKKLCAXDURCLMRFYTIIMSYL
[21] -7.0645  order=qt  Q5=EMBER Q6=HIDDEN Q7=INSEVEN  T8=[perm]03426751
    FUREBSIRMPSUNREANRESPARSAUBNORFVCBCHZPBMOSDVRIZINUAKXMSSEKBWQYOPWGANOJALPUDRAZPDCYAWENJNHYVFRQJHBYLJQXRACTMUTRIVPMKLOWKWPPIOWLRNEYIHTRTPQGAHTMZL
[22] -7.0659  order=qt  Q5=OFHIS Q6=MYHAND Q7=TIGHTLY  T8=[perm]03461257
    ZEXAGINRHECYPRINDROBVRDRUSWATCEILRXHOPWWWKLCEUFUYQLYAISLXSMXHISEHJPMLOVFFJBTVGUEBRXNGJXLQSIJUFRHTREMEDLDLOWLNRTNKRUAZHEUCUNVTWDEVAYWEUXZIVBGLOWW
[23] -7.0671  order=qt  Q5=ONTOA Q6=TURNOF Q7=GUTTERS  T8=[perm]03451726
    TOFINAMROASFLAZYKNTTOACUMSNRNATVAIHPSETHRGKQSNRDVLLMINHNUXSOUUKYUWNYTMKUNLVBZHYKORYWLJYUENSAFFLFRHRZBMZLZDQBRRAZIPEXXWZKLTOGAUSIYTUTOQUYSWPIUDWE
[24] -7.0699  order=qt  Q5=METOA Q6=METIER Q7=OFMYOWN  T8=[perm]03452671
    EGHUNCLRESSEATORHSEMYRIKSCOMURFJDWPCCAHOFOWGIFKNUPXJEDPVBSBMKLFUXFGMOCGVLHOPHAWOLUFUEVILEYDAMYQWZDOFRGLACYGOILXQLWXWCOWGZYFWOSRGEKKRTFALDKTFGOZO
[25] -7.0745  order=qt  Q5=TRAIL Q6=HAIROR Q7=GILDING  T8=[perm]03457621
    UXBLOREGGEREFTYLOUSJELISMLOCCHOZFOWIQCEADUGTUSSWUIDISJRBZHCKBCTGLRUCHNZRNKQCDVHSFCALWEISWVJGRABNLLPGVIBTQVMPRROSFDTAXQZDHLBLOKANLVMIEXCFMGLFBKPX
[26] -7.0766  order=qt  Q5=DRAWN Q6=ISDONE Q7=VERDANT  T8=[perm]03457126
    OUPOWEROHVACESUEAHOINTYTILDHTSLKZTJJWKWCJEPRHVCGUTGRMSZFUJPHCDJMOZQMEVXUBNOZOPCUECNBEDHYCLMODEEEJRLEMOIWSSBCMBREIGLYEJUIERGGINTXTVSONBDMTABQXKCS
[27] -7.0768  order=qt  Q5=EIGHT Q6=METIER Q7=SAWSUCH  T8=[perm]03425617
    LHEBSNMLATELFXAGOTOCHPEROWNHEOHEEQEIDNRKALDCGMSGLWZAXVQJPEHLLABYSEENDENKPDHXIRNQQGTLGUSMFAWYHGNKCBPQPWMDLAALYENVATYKITNTELUXVVVEWLJEKPIRYTYQNGEI
[28] -7.0789  order=qt  Q5=LETME Q6=TEMPER Q7=THEMOST  T8=[perm]03475216
    RESTIJYSBUREFTGOURIOTUDYKAONCLEAVOZEUHFUTOIXTFCDEMYCUBOIUZZXIHEEMLHMUKLXFQXAPFVDHNRWVBFFXPIBYANLTRTMCIOMSIAFKQZVMNSBUYBOFAUVMKWILDWMARAYQPTWRVDS
[29] -7.0801  order=qt  Q5=STONE Q6=ITFROM Q7=AREONLY  T8=[perm]03461257
    XOEMASTOKHOGIUCFBEIRWFULYHAVEDITGPAYTFTCDKKLDCNVRDSMGHTHOCTQRULDECWDISSKKNJCMEBSMKUABRDIINLNQJNJIBSAKNHTHAAQROOAQPUGQPUOZPGCGHMSVLKWWFCSQBASIAVQ
[30] -7.0802  order=qt  Q5=ALONG Q6=HEWILL Q7=BELLOWS  T8=[perm]03476512
    WBYMAMPROROIDENSPERFAYSOILSTXZOYJRTRBMAALACKLHEYXFEEIDBWSIDAIHBQGORLXGFOUQLHIYPYQRATSNNKLQSXZIMEWXQAANUKWCUIJHQYAOWNDIZCIUWCNOCLOWUOQMGQCFSNYIEJ
[31] -7.0817  order=qt  Q5=UNAGO Q6=GUTTER Q7=EASTNOR  T8=[perm]03467125
    AMTVAQMRBSDIRENOMTOYLOANEOFMATAZNPIKESNFRSJKPAXEDHFOSNXIQUJMHMXHONDLIGALOQGPXGDIFSIOFPBCIPFCQDQXHIMTDQHSPAYHDUDWBEYBGZVXSIZFZNRGILLEXOLPKOBVTSNS
[2026-10-04T00:38:37Z] chunk 1700:1800 exit=0
[2026-10-04T00:38:37Z] chunk 1800:1900
progress order=qt perms=100/40320 candidates=107318484
vocab: 119 x 123 x 141 = 2063817 triples
T8 permutations: 40320
candidates: 206381700 in 26.4s (7.81M/s)

==== TOP 32 HITS ====
[ 0] -6.7880  order=qt  Q5=CLOTH Q6=MANNER Q7=SUNRISE  T8=[perm]03521746
    NUBNAKRUHEMULTAXASUSERYMKFOUNSWIDETLYNJPFUMCUINITOXORBHXFWYFTEYDBIHELNWBICUZYLIMFZITKTWWYMYTYVAIDVXMAPSRUGLPJTSVIIVERZIEZONDCZRYVKXFBYVCOPILOCRK
[ 1] -6.8374  order=qt  Q5=WIRES Q6=HEWILL Q7=THEYARE  T8=[perm]03571426
    EKFICRACDOTIONGGENMIECANEYRPBOUNMGXIBRTFWAYOGTWYREDNONOYFFAPUHYSLNINFOOTOWOQIANINGNAXNPNWIZTYRBNUVBENHVTZONZJJNZIZUMGFYQVEHIEUCMNEUPTNADKZGUBVAG
[ 2] -6.8456  order=qt  Q5=SEVEN Q6=SHADOW Q7=CARRIED  T8=[perm]03516247
    ONCUBYGYACCOALYWEFDIRGOTAFEHINTLOBLUBGUVJPJCQRNSDOOFJOVVRWVENOPAWQPGLXXBYLLSIRWXRRDYTHONRGMKEJHIWALDBGYBPIQBUMWCRSSANFIJYMOFOAVZNPTLTERALCTSLFVR
[ 3] -6.8483  order=qt  Q5=BUTNO Q6=WORDOF Q7=CARRIED  T8=[perm]03517246
    FMAGVENVOWASBMOFRIEFOPWATNASAMEJPKOTAHNDHTLDHZUWEYCYBBGCWIHDKTVTEPYHIFRTPMETOTCDOLYORUPCNFZZCBVTVBIXSHYDWGDEVIQSNCPHITAICLPTNJISLLYMOFEIAFOPUYKM
[ 4] -6.8923  order=qt  Q5=EIGHT Q6=LETTER Q7=SAWSUCH  T8=[perm]03527641
    MHENEUNDAIELAGAIONSCUMERSKNZCTIEEGEINPREASECJWSRMOZMHMUVPGHLWSBMSHFNNINUTRHCRCQCQFTLEFSRFNXYWWNSDSPORKNELNALYTNHANPKFPNTFNUCJQWLWDJEXHIVYRPQMHEP
[ 5] -6.8940  order=qt  Q5=METAL Q6=WITHIT Q7=FELTTHE  T8=[perm]03561742
    ZPVMESSBDICCONSTEROGLSYHISHRSDIDEOWZGHZJLXWBCBLOVHNMUGNARGXPRRLSEOEIUUOUGUAGTCYCIUNXFWOKSTAVYKTHPIUTVPVBAPPPOTTASNDLAWHZUOTWQGXODZGATERATFMSOTAL
[ 6] -6.9018  order=qt  Q5=KNOTS Q6=PATINA Q7=THELOST  T8=[perm]03516274
    NENALPHODAEWSEWLOPTHOORYACESJIPWCIVVTRISGLIJIFAPKTAIEFLARYOXPCPWISBUCFUSFILFJGKLQXMOGQJRTUATDBWCWESEHOSPZULOJVERCVFTGPHCTACXECVHNUSTFTDJOKNSYMIE
[ 7] -6.9121  order=qt  Q5=SEVEN Q6=SHADOW Q7=CARRIED  T8=[perm]03517246
    ONCUBYQUACCOALEHEFDIRGOTAFEHINTLOBLUBGUVJPJCQROQDOOFJOJYRWVENOXFWQPGLXPPYLLSIRBGRRDYTHALRGMKEJBUWALDBGRCPIQBUMJJRSSANFIJYMOFOAJONPTLTELLLCTSLFBI
[ 8] -6.9288  order=qt  Q5=SMELT Q6=FILING Q7=THATIFI  T8=[perm]03571264
    TNTACEYUDEMBEOUTDEXYRSSUGANIPEIDSVGDVLQSRTKUBNUENCHQMCJEIYVATVPKLMGWPPLOREVKSRXLHYSRSSVAADAWLZQSCTSGFGBCPVMWASTMPWCPLLRKIBPRAFSTWEJNFCAONELICNYC
[ 9] -6.9345  order=qt  Q5=FORGE Q6=INDIGO Q7=FOODAND  T8=[perm]03561274
    GEWOJSUITSFEEDSHOWADAEGRWOSTOUISONLTIZAZQTZTDAVVZJXCYPYPRUBYPXISZVLEARGODOTGTEDSCWIMHOLFZTPXLOSWFICIHYTUBBQLYPZCEMRGNQEXINHGZNFIDXXAXRADSEECYIXE
[10] -6.9359  order=qt  Q5=WOUND Q6=TURNOF Q7=LEGGERE  T8=[perm]03564172
    BYFMHSOHROOKERENOVORTYUSSEDOYCARJFHAQUAMCZQJKIKGPPLWNFSIOHKNTHPLYZREWWOMNODJKOCWTGZTNFMEWLULSGFRILASTMLOLDNBEXITQJHWXHFGCVAZSKMGOHEMXHEGEHFACOTU
[11] -6.9382  order=qt  Q5=ONTOA Q6=ANNEAL Q7=CALLING  T8=[perm]03564271
    OYZDERFIREMPAITWERIHYTHEYTCYVEMEEOXYADZZAGADAESAFLQGTLHAAIDGIDKUADTKRSPPPLLXBZXXKAMERDBSOJIGCOCDSBEUJURPKIDJMZWVLFRGHUVNYGULIECDWIPADFKCLKRDLPIK
[12] -6.9435  order=qt  Q5=PEACE Q6=FILLED Q7=THESAME  T8=[perm]03546217
    AATEVESUMARKYLOFURHIREACTIQUWALEMHMJPLBOSITPBMUROHLUWYLWVBBRHWAAMVMCSXKHREWUDBFUIPFJDCEVOBHTYREGDGHTYUNYKIAKGACRINXTFGDJMPOITVUSRBCWPLMNSINFNXUE
[13] -6.9453  order=qt  Q5=BUTNO Q6=SUCHAN Q7=BEJUSTA  T8=[perm]03567214
    TQDIPELANEEBSOLTDSEPIKDEROSOCALSTUSXYCLINKCJSRGWODWCQDSVJLWCLUJROPZALERNOSFAWXAOPWARARLEKNNDCIASQHBJGGERMCTIQBNOMPOTOAHCVBRCKFCFQYCMAWBVEDPJEQJL
[14] -6.9462  order=qt  Q5=ALONG Q6=FORTEN Q7=HAVELED  T8=[perm]03567142
    NDNCSOFJOBLRMMENTALTSBCOWEHEVPSDKLSNVMCSCAODEVYIVNELLZEDVWEEDBQOWZCEIDMRMWREPLOAVDZXZVWTEWTXBNOVEXDVSRNDIMOBWOUJAGQOLCAUULZBODROVYIIIAFRULQULFOR
[15] -6.9478  order=qt  Q5=AGAIN Q6=THATIF Q7=COMMENT  T8=[perm]03564271
    SIASUTTLOOAMANTTBYFAULOOMERITSMUXYGOMEKXWAAASIBCHDSZMJONZULOQUMMIFFSPDNJYEUPIRNJCXAIMIZCLCZXQRHLINGMOOOXCQDLDVAMSCLIDZGFOWPMUWMHXCWMNAYGHSQFRMPQ
[16] -6.9587  order=qt  Q5=MOULD Q6=MAKING Q7=THEROAD  T8=[perm]03524716
    FUNDSTHARDROLMSKNIMCENERTDCDPOVRWNRXPEVUQNTPPDAFMWIPLNLJNVITRVSPETKOQYBIAJYNGLCTVGJSMYDELLQMTUPTUBSAWPKGNYYCEMIGNBBYOFUOWLVEFOINDJLEELKFCKRVYSER
[17] -6.9883  order=qt  Q5=ALLOY Q6=SOFINE Q7=SHARENO  T8=[perm]03516742
    AIEVIOFERINITELEEPLAKOINXXUNDIWLCRHCUUVWNHALKUPSUBNUAROBNJSHVKBGNZZODIFORSAMKUVMUQWZXIHIWBISTELECKUIGNEIQFJNRVCSULKIFTFGQIFLKWNZHIGIHPSRWTSEHQAI
[18] -6.9888  order=qt  Q5=GRIND Q6=BEFORE Q7=SHADOWS  T8=[perm]03561742
    ZHGCOUDAGIVEKJEINPAINOYOOHATHANMLNWPCLZORSAWMJHTTOGUMNSUCBDWQSPCPGTAMJTURAOMAWYTSGGDHPLMAUSJSANENGALZKZLEWXUYHMOIWJQBFUOFPONSJPUKCORGCWOVNFVBQQM
[19] -6.9901  order=qt  Q5=EMBER Q6=SHADOW Q7=FALTERS  T8=[perm]03571264
    WRAMTALLACRYOUKEHTHLIPTAVAHSIESEWMGGCEDMUPRCENGIHOKICCDJLLSKCBZPINNOTQMYKMGEPFLENEBSACVIOHLJEKEUKLHYEPURZHGSNHQSFKBZODTEWZJJCSTIPNPQTBRUABHYSOCO
[20] -6.9932  order=qt  Q5=ONTOA Q6=GOLDEN Q7=TRIEDTO  T8=[perm]03541672
    TIELWHYBCONSMENTCOELODKEYWPERIAOMULOAKMOMAITBMGQHJPJUQRPHRSLBGGRCOSNXIRAZKXHBYGHBEALGTWGSCDSMBEGIOMYVZLSDYCJEMLOMJSAREEVYCDWVLZTRSXQEOOFNLHSLDYT
[21] -6.9951  order=qt  Q5=FILES Q6=HEWILL Q7=THEYARE  T8=[perm]03564712
    VAVIDFEADHIIONSSEHAINCDPEDTGEODFYOSKWETWBTRODIBMRWPNVNKLFKXPCHECLSMPCOLRILVOTLTTTRLAKTHHWWVTERITUASEOHIUZBQCQJTYZDDPVVBOAPKIXSENNNHPMNJMKXDUEVXY
[22] -6.9988  order=qt  Q5=GLASS Q6=SOFINE Q7=THEYARE  T8=[perm]03561427
    PTLQALLOKOFNATLTANOUSAMENMDWEELNWMVOHRQFOETJXHTLHLOLWTBWUSDCGMSFICUNYOHAABJTEALDHEEMSCWYKULBASGYRVXERMASDIIZPVHWADPBVSEQHINQCELJCEPASTREVZKRPQSL
[23] -7.0016  order=qt  Q5=PRICK Q6=METIER Q7=THEBARN  T8=[perm]03562174
    RGDEPEGLOUINFGOHOMOUGWMPANEANRIQWKDZAGNDWSGAUMYTLDEAMEYENUENCYXMPSLOCPSTGTDHRCYNKZWLTGUKOFZMKPUDOZYLNFGZJUUROVSTABFSPXBUFFULTWUKHAGAXUIGHCVNZDSU
[24] -7.0052  order=qt  Q5=ONTHE Q6=KNOTIN Q7=LOGITEM  T8=[perm]03516274
    TBLDLAPABEFFORTSAQXMEPITANOTWAZGDEAMJHSGALSPAQFGOKDXMLDYGWWCYMIEWGGENTAPHUFGSIYXJDMUXFGIZZLONAXNUFBKEUEYOHTMESKXRCBIGDQOENEKOTFFSPSGYUGQEJARCFML
[25] -7.0066  order=qt  Q5=WIRES Q6=HEWILL Q7=THEYARE  T8=[perm]03517426
    EEFICRAXDATIONGEEFMIECAKESRPBOUIMGXIBRTFWTYOGTWORKDNONOGFSAPUHYFLZINFOOXONOQIANNNKNAXNPSWJZTYRBMUTBENHVVZXNZJJNSIOUMGFYHVAHIEUCVNDUPTNAEKMGUBVAQ
[26] -7.0080  order=qt  Q5=ALONG Q6=BEFORE Q7=THATIFI  T8=[perm]03524716
    AORIEFANGUREFALUPTJWOLNOBASONTUBLVEERROMMTTWMYPZUJHOVCNMUVCKFROEKUUARTEOEAPCHCLRMRNRZCJBWEDYBAIAHIMHTJJYZWBOJRCSRBNSWASTMOWCVGGOKQDVSEEEFBTDRTWX
[27] -7.0094  order=qt  Q5=HASME Q6=THEOLD Q7=THEROAD  T8=[perm]03561274
    TOENHETWIDISPDGGNVIRTRUELDICTAMMRDGOINDEKWGUPXMXOPFEYUZSSLNSHGCNFCCGGEIIDHOAXCAOIAMBAZBKMEFCYTEMAIEJYTFAAXORLDBLDZSZMEYRIJLQAFPSXLQFTCWFCPPHAHCD
[28] -7.0101  order=qt  Q5=UNDER Q6=THATIF Q7=BEGUNTO  T8=[perm]03512476
    NADATONIPUSTPVTDAIOHCFPHANGESMOFGUNMLGRBXEYOSXCULXNXOFLTQEPQUTIWRTKUZROTTWQTNZSGMUUMCUGPGWCNFDVUXXNTUVELKAYNASBETGWXGEDOEXDHIBEOAAOREFOTOYOPVSXU
[29] -7.0174  order=qt  Q5=MOULD Q6=METALS Q7=TOAREAL  T8=[perm]03517462
    FTIMREATSIDSRAYAZTNOPRACTAREYUWKGCVOWEDFVNNBSMHJEVZIFQCFIPVEMMTHVNZUNPAYEHARNXRNMHASJAVUGLSHDANTUTNXYDVDBEGQABDMUNSXFQRUSUJGROGEDITMKGWYEOQESWQK
[30] -7.0236  order=qt  Q5=FIELD Q6=SLOWLY Q7=FROMTHE  T8=[perm]03524167
    VSTECHIACCMASANDLEOMENUIZAGEWPLNPWYAMLMPUZMSTLECPFPLFOHFVTWXQUNEKYESBNOOCSXDTTLKSSUJVEGKQHEJVNYIJONFEGZVGVADSCBLWFKALAALYXDTAUAGEOKOSZKDDISEURSZ
[31] -7.0279  order=qt  Q5=INTHE Q6=ISTUDY Q7=MEATTHE  T8=[perm]03564721
    TESTIESEPALPTUSKMPLYCEANPMPQRMDEELKXUAMIZTDDYTHAWLHGHBANGRIEBYLFVZBXFQAIOBVCAOPBMBDNSCANTSSLQVINPWDPGWTDGFZIHNAMOHNPHJFRSDYCGMMHGHGRTAAGRKVUGIVF
[2026-10-04T00:43:36Z] chunk 1800:1900 exit=0
[2026-10-04T00:43:36Z] chunk 1900:2000
progress order=qt perms=100/40320 candidates=107318484
vocab: 119 x 123 x 141 = 2063817 triples
T8 permutations: 40320
candidates: 206381700 in 24.6s (8.39M/s)

==== TOP 32 HITS ====
[ 0] -6.7327  order=qt  Q5=INTHE Q6=ISTUDY Q7=SUSPECT  T8=[perm]03625471
    JREOAHTONBEVNGOINTMANNBYTEIRDCSFTVIDVXPITEVKSETSTPAHBONNZLSFXBPOFKGLQBSTSCLHZCOMNRHKJBFDWESPEXHNBTPNGUMLQXJJENFULTITXARAVEAYORSCHIWSABCKYNOYAIQQ
[ 1] -6.8176  order=qt  Q5=HASME Q6=WITHIT Q7=ATLASTA  T8=[perm]03642571
    BUGTNLONSTRESATHIVMPAHMEMBYPAUHEATABSGUROMHTIMJAINDVNWJBDGMSNGXAXHAEXIROEMKRHIDXJZZLVIGENHUOKLOWLJJLAKGCLOURMEMECIJMTBITSPODHDCIZMZUWJKWOQOJMAYD
[ 2] -6.8475  order=qt  Q5=UNDER Q6=THATIF Q7=BEGUNTO  T8=[perm]03615472
    NALATPHIPUITPADDAIOHCBAHANGESNTFGUNMLPEBXEHOSTLULXGXOJNTQEXQUONWRTOUZBNTTWOTNLPGMUWMCTYPGWPNFERUXXMTUNILKAUNAGBETGWXGWXOEXTHIDIOAAURERKTOYLPVJYU
[ 3] -6.8629  order=qt  Q5=PRICK Q6=VIENNA Q7=EASTNOR  T8=[perm]03621457
    JLNERSMSOFGROUTLYGBGRNYLASTURKEWTAQFUVKYEIZDDUOCOSKBGCRAORYLUZHXYYWIVKTBHNGSEBLEWEXPIGWHERHAAGITWHVQJBMIRHGKBOUNMMNSRGKWIKHREPFOFEMWMARVDCAAAFKJ
[ 4] -6.9451  order=qt  Q5=LEAVE Q6=SUBTLE Q7=SHADOWS  T8=[perm]03615472
    WOZASINGHLYREHRENTSTEMODSTRGUAFXPLSZQODFANLDRNESPCGFLQHKPELVEGQHFIVOQWWDEJBIXWGYSLOAZXILHUTVESKHENBLPGTSHGXPODMMAKLSBADXDOLLDHWXRBELEEFHVQEERUCV
[ 5] -6.9481  order=qt  Q5=HASME Q6=THEOLD Q7=THEROAD  T8=[perm]03576214
    TFENHENRINISPDESNAIRTRYNLAICTAHZRYGOINDNKQGUPXUXOIFEYUDCSUNSHGICFECGGECNDBOAXCEAIUMBAZUZMNFCYTDEAJEJYTTHAJORLDIMDDSZMEVVIBLQAFADXZQFTCXPCMPHAHJH
[ 6] -6.9538  order=qt  Q5=INNER Q6=ISTUDY Q7=EASTNOR  T8=[perm]03615742
    ENMALMAPDELHANDTNAQUTHAWGAIIBASEAPYOLCODBZLLDDVRDPKHEKAPQIDUWFLVDREQKURNLVBMEIVNMTMSEVFTMSYXLRWTFRMLIQUVANTRCUJYWRNPDVAMDGIWXTRPLASDASAHRPOICPOI
[ 7] -6.9591  order=qt  Q5=WATER Q6=MYHAND Q7=MORNING  T8=[perm]03625417
    NASSTHTWYETVSENERLHEMAILUKASMRKIJUABUASLPLAWERPPUWONCVJHITOXCHDRPFSLPWPRBCGDNIUYECUFEQNVGLFALQZEARDARCEFELCGUPDGVKRDVEFFRTAIVYPOFIYKUPZNIDUAPOJV
[ 8] -6.9704  order=qt  Q5=STONE Q6=EARTHS Q7=ANDWILL  T8=[perm]03641527
    YDOWEDDYNFPPSTALKOOXBROTHIMTATICYKJHSPADRWXVZQEBJAMJOEIVJHPHTEMADVBEGIDQOXHSBHSTERYTBJKQDOGJIAJSNJNFWELRDTYAGDJIEWQMRSOLEREDYSXEBVACKWHTNXMHPOEH
[ 9] -6.9710  order=qt  Q5=METME Q6=SLIGHT Q7=ADDRESS  T8=[perm]03612745
    UGEEENNEIOTYTONSNWTZEBIDIREARMBENPCTOCJJKKAVETBGAFIKZNODUCKFEPJRNMKSANXVEADVDLUQAYKMHAOTINCZMMFAYKOFTYRPAYFDHRRGFIHMIMLDGSYSCHVTUBLIKBCIBXQIZYFC
[10] -6.9739  order=qt  Q5=WHICH Q6=TURNOF Q7=SOTTILE  T8=[perm]03614752
    NERESUGWLYHGROOKOREATEMLEHEEWCERMUDMLMDPNDESORDCGSWWBBNVAWNXKQHOTERGLYPJBCYKLBENGIIHKIVDPWUNMIIJJSYBGJHWGMJWTIZZEUNSERTKIOVOFQVQXVANTSZDERSPQRJA
[11] -6.9750  order=qt  Q5=TONGS Q6=ALPINE Q7=SUNRISE  T8=[perm]03645271
    CTXHENNOUSWWAVESEBATHGDANAKECOFLFSIFAEAVCCUJNTOESWWUBNCFHBHDDHBFBIBGYFBCFRBBBEHZALTEMBHPEDMSWMFLAWVTEYADNIXONCRBNVKSXRFPIRFOGVYCPYMHVXITCLSITCCH
[12] -6.9754  order=qt  Q5=GRIND Q6=PICKUP Q7=STUDENT  T8=[perm]03642571
    TRUHCTBEKINGYCRPEESISCPADTHERWOHHYOESKFEEYKPATEDEUSFRMVFFMAOCTGUNFTWPAWFMHLRLBPUCHUQMJDGARNFFKWQYDESXTNNJUUIBAZBUIAJKXEAROHMQIDSITIGEJVBYACQIRCA
[13] -7.0062  order=qt  Q5=HESAW Q6=THATIT Q7=TELLSME  T8=[perm]03651724
    TTLIPIJIANKAMAMMEFATAGEHICTCLCAXTECEHPNMLXACIFFZILFYHTCFSUADGNLXOCHFLFTUTCOWUPATPPZXUXSUTQMOCFCJMHYBXUSOXZYRFWRLFNBCLNVRMSDOFIRTAJAPPBTULBDRELYT
[14] -7.0082  order=qt  Q5=FILES Q6=DAYAND Q7=SHADING  T8=[perm]03642157
    XPHIESTLORVHNIFGGOPROVNEASANEDGEIHYORRRFHILCSMUJPSTORBNQOROYZOCGIMCZMQKDWTXUVBQFLEUFIOLMGOTSAVPVAAKNIESAMMZQCEAOUWMZICFNESNIKOITMAHMNMWXJJDWWPWO
[15] -7.0090  order=qt  Q5=EIGHT Q6=HEDOES Q7=STACKED  T8=[perm]03572146
    UCDISHBUTOSABLKNUHEANLEOSMAYCYEFKUIDZNAOOVLFKNDLZTAAEBWIWLDCUTTECWSHEMUZWXASOTKUEYIJHIQDANTYQFCWEDIALMLLIULYYZBDABJWRKSOMYJPHNAJAFFTOHSDZGEXFJOH
[16] -7.0090  order=qt  Q5=MEAND Q6=FEWHAD Q7=MEATTHE  T8=[perm]03641257
    TAYSTOBEOSMPSORPPMAXSAMPADMXPCOLINWGSATFZMJKAEVOUNZYPEMFYDSTYDKFKCQJQEQLOGUGHSGTVUQSWXKRYOZQZALRHJDEUUZKUWHTOHETORPUCLMPSNREGROGISRRPQREFPGLDPNP
[17] -7.0096  order=qt  Q5=BARNS Q6=INROWS Q7=IREREAD  T8=[perm]03625741
    HQFMANDTEXATWITAGOGROFMSEOSHCTBGDCRTCCPPKGJYPDPGNFEENVKHOTCIFCPKXXRANWLATNZGRZQVOPSEYVVIOHANMTBIVHMBTOUZVFCDTEXUXIIKAYPOWOIGTXCHAFLJJAESPMYHIEOS
[18] -7.0097  order=qt  Q5=ONTOA Q6=SUBTLE Q7=YEARSHE  T8=[perm]03621754
    GISALLSFBNJMVCCREWILIZENNESENEXZOLOITKDBYCCTHEYXIYWTTVRHZWACQMMYNUXAVXGSHQVDEXAWRUYNERAGTAMMDOGMFCFXIISTGDNSYOGCHHRRBTVFZROATGNZMVOMPHNHWPMDUOFI
[19] -7.0107  order=qt  Q5=SHOWS Q6=HEWILL Q7=FALTERS  T8=[perm]03614752
    QNYRSWBEORNFLSENSSLITCHECNOTLDOEDREXOZKNHDOKTVYTQMJHSNAYOCSREQAIXDLEWNYCUOMEDAEXBWPKMHGXAJAWTMESVOFMOEMCTAYISEDBPKTANOCWQYDZXESFRBJTCVCMZDXKCPRH
[20] -7.0215  order=qt  Q5=WATER Q6=MYHAND Q7=MORNING  T8=[perm]03625471
    NASSTHTWYETVSENERSHEMAIYUPASMRKFJPABUASCPSAWERPHUOONCVJSIUOXCHDDPISLPWPXBKGDNIUEEWUFEQNBGPFALQZZAZDARCEHEMCGUPDFVIRDVEFWRSAIVYPPFWYKUPZEIAUAPOJZ
[21] -7.0228  order=qt  Q5=BRASS Q6=KNOTIN Q7=THEMAND  T8=[perm]03617425
    HLXIERODAMORUEEERHEINTAPCGICITWOTERYDPUWVLDYOSUOUMLMEQPUMEHEXXNYNFROLPDDGKWYSYCEDZWEFEXUTVPDHFZOOLOVDSBRMXCLNBBSEBCCNEXFZGDOUOIBJOFWGUQEKDHHILAA
[22] -7.0231  order=qt  Q5=ALONG Q6=GOINGI Q7=ADDRESS  T8=[perm]03625174
    ZAUTDFSTHOMEVALDHUICEVISSLCKTOFLMABTKQIIFIVAXWPUZKIHAGVKIOQZSHIRMINLCSDTPATRVQGGMRGSNYZGISHOPLEHIYFTHFNJODKXAMFWFHEIXELLLPWZDQCQQWYXKPASPROZATFT
[23] -7.0236  order=qt  Q5=SMELT Q6=ROADTO Q7=BROUGHT  T8=[perm]03645721
    EWXUTINIARIMGEATRYNDIPRIANROMATVMZQHQNOXHCRMOGCWICTREWCDUIQXJONTNASCFKNWHILPLWDMAECQXFESXDDPUACJMXHOFRWBXJJARZGEHMJVCSTIGHRBVANMCINZLTACLAADVUQI
[24] -7.0292  order=qt  Q5=ALLOY Q6=TURNOF Q7=GILDING  T8=[perm]03612457
    YXOCLCBVERIDAADOINILURSOLTSALEHUJWQRIPBTAOJKAEAHIECANFPEWEITGIDKSHGEVFFONAPHWZOMWFCJPUSSAAICASUZEYKDIAFZWRDBXRGLYIMJZWSHUIQCCBFIIYAHVPRAYZVGEHRC
[25] -7.0386  order=qt  Q5=MEHIS Q6=BYNOON Q7=MARGINS  T8=[perm]03576241
    BRODUFILLBECOPQCENTSACGWSBLOYDJURRBTSANHVKGLUBNUBKALFOZUSEMJOCPXDEIANQPGBYMLNTLBLUDSSHNOWIBPALIHGVMYVOBLBZQQPLLMKKLUALITHYIGDPEUPKMGHDYCOHJCDLTV
[26] -7.0393  order=qt  Q5=METME Q6=SPLITA Q7=LOGITEM  T8=[perm]03642751
    EYSUSEAIMAKSMAACKGEBOATTRMTNBLOEXVALMFKUOKWISZZOUUMUXIKFCGAUBUYIBEFRTYXXBVIIDGKOLVOPPFKHSTWPHRBEWNNIMGBFNJRTRUQZFEEMIVIWMIFEMWFWJCBAOTFDTUILLBNM
[27] -7.0439  order=qt  Q5=CLOTH Q6=MAKING Q7=THELOST  T8=[perm]03576241
    UCWACHRCHSYNLENRATISEARTDVLSGROSGIHACRNSTYKJVPCWERYLPSQRAPODHEAGAJUUDTFSWTGPRAEEIIMZYEVKTKCSYBIGDYDPARLDUFNZKHSTCDIUTPHJSAGXRQCMWTWKITSXAGTXKQIC
[28] -7.0471  order=qt  Q5=INSIX Q6=BERLIN Q7=FOODAND  T8=[perm]03645172
    LTCROGOMERSCSRICIACOSLLELATWOUHKCKLGBMXDIODDLBPPTTONJLPBVEYRSNXYDBFHINUPFVKBZDRRIOFYNNJOUTKMYYISOLJKMWRRTZRXAOONTNTMQZIWNKZCFTAMLOGOCVIOJKQTICHU
[29] -7.0498  order=qt  Q5=INOUR Q6=MYHAND Q7=VERDANT  T8=[perm]03617452
    WNROFPREFTYMONITIANECYBATWLHTMBFWNJFPXOZEHLAEIZJQVFALSJEZGVAZSMMWXYXNBATADDMJTOLYTCEADAYEDVLDMBAUJGRCAMPQVLFQPMLLOURMUEBPVGGVEGTYICHPWNEFUTJAYIC
[30] -7.0516  order=qt  Q5=TRIED Q6=METIER Q7=SURGEON  T8=[perm]03641275
    XANTNETIVENIROSSIDYAOLVEMLTANENINCEVKGVVMPHXSTUKIOVLBPUDLLJTPQPHFFIRTOJWWFACFDONQWLIPJCUZWZJKSTORKWKEPTNSVDEXBRTOBPKOSHCTCPEMMUNVVTPAVDVCWXCPZGH
[31] -7.0519  order=qt  Q5=INOUR Q6=MYHAND Q7=VERDANT  T8=[perm]03617425
    WNROFPREFTYMONITIATECLBATWHHTUBFWNBFPSOZEHYAETZJQVTALHJEZGOAZWMMWXZXNEATADNMJUOLYTUEAXAYEDDLDTBAUJIRCOMPQVJFQTMLLOSRMDEBPVEGVGGTYIRHPONEFUAJAZIC
[2026-10-04T00:44:19Z] chunk 1900:2000 exit=0
[2026-10-04T00:44:19Z] chunk 2000:2100
progress order=qt perms=100/40320 candidates=107318484
vocab: 119 x 123 x 141 = 2063817 triples
T8 permutations: 40320
candidates: 206381700 in 24.2s (8.53M/s)

==== TOP 32 HITS ====
[ 0] -6.7314  order=qt  Q5=GOING Q6=FINGER Q7=ONEOFMY  T8=[perm]03714562
    VFYSTAYARYLDMECAREVGONOFPARKBATLPJHHTDIFVGTHAVNDTHRORNRXZIVCORDTEZRVHNLFNTHIPELJTABXQRPBJBSCFWMFJURRDAAVOCOREPIQSBOUOFQDPGPTSNMWIYHFOLLBGIGNGUYI
[ 1] -6.7472  order=qt  Q5=LASTA Q6=FILLED Q7=HEMETME  T8=[perm]03715642
    CMSEZUCAKWAADACAMONNORHEPERVEINCVREMYRNVMNTEOOODDEAMJHHEJYTKGYOSZONGACOCUGTAFLOIVCLUOASAGONXGKEAHUCEKLVETMEQFULOSVTEXKSXATBWTDYHZXMRGRUNOWYJLIWI
[ 2] -6.7681  order=qt  Q5=YEARS Q6=GOINGI Q7=WHICHIS  T8=[perm]03742516
    HLPHMALAYSGHTCYLINEACIOFONYXDOGLGWINYXIEBIAUEWXALDRIMUMIOSGXABCXUHEFNJEWVKFWGGTPIQIXURESTEMUTOOAFYSAWCDRFUCLLMBTQVAFALUEMCLHDFUQABOUARICRPUSPHRI
[ 3] -6.8115  order=qt  Q5=UNDER Q6=EARTHS Q7=WHICHIS  T8=[perm]03654271
    WAGNECSASKPIRIRASHSDEFOMFRODUKUOXDTCVBPGHOCCAGWJCUIVZJRDECZFVUXBZABALGOAUOJNBTNMDICWIUSINEYEHDHSSUCRUNGGOMVWJMPDJDOLAMXVRRINMENCEDAVAMPYMSUCOSRG
[ 4] -6.8513  order=qt  Q5=EVERY Q6=DREWNO Q7=LATTICE  T8=[perm]03724516
    HLZITHTGGLOFABJECTSUSSYALGOESKMIFZBKRCXDZCCSAISNIXMEXTOOTOFLSATKKKHEWEYPSCIJUZHVITXPUPIPWOBQDFBADWXHEGBEIHMBSZCDJGOFNIDONGMCMBNRVGHKYETAIBWCESYT
[ 5] -6.8734  order=qt  Q5=MOULD Q6=METHAT Q7=TOAREAL  T8=[perm]03712456
    FTBEEMASSBEBRRYICSNOPRSITARTFUKZGYSAWNMISUABSHGFEVOBVFLBIVEGMWUSSUQUNOQWEHVQPFMRMAIBJTDOWNFHDCIOUTQLFDQGBTTVAAETOUSXFDKESUVSERICDBXQKDOSUABESIRM
[ 6] -6.8888  order=qt  Q5=TONGS Q6=PIERCE Q7=PATIENT  T8=[perm]03715246
    JXOHUSCORYNROOKHDGINOTTICLOSINSABASILYRSSRYSKTEULWPXRWXOCCGVYPPXSOXNPAAHOKTCWHCTEQRMKXSSZTPEDUPFXILSPHERMSVQBISTSJNQZYICAQJWSPOODESRJPKDOYWXUETR
[ 7] -6.9101  order=qt  Q5=STUDY Q6=TWELVE Q7=STUDENT  T8=[perm]03654217
    DJFSOITWASCYNYANABLIMOVWLKSHOTESSFWDYRNDLYVTJHAENGTMOIPNATFOUJOTKBPCTRPTEXBLLOEFHSFUFTOTIIKRPMTOXXLWVYFMVDGRWTTIHROIIJNVAMNDOWSQVGLYOQYSXVZQRMYO
[ 8] -6.9646  order=qt  Q5=COUNT Q6=PATINA Q7=AREONLY  T8=[perm]03721564
    ARITOSEABASWONORNSLOXICSUBUMXYLZOIIDOFTFNDJHLXTZGHAPASQDFOGFSDNKTLELCKEXVJJMSWMAWESMFOMKREKIAUNPKIWKORPOPJIIGGCMJHPAGOFEBZHUYLZLTDFAXWADOPTDJEHC
[ 9] -6.9665  order=qt  Q5=UNAGO Q6=SUBTLE Q7=BROUGHT  T8=[perm]03674512
    LSROONGIDSGEDCOGGEANSEMPREYIOWDFURHNHMBMFGISSAUIHDVSGHPRNBYLYEVEOCPWCBLNGFSQASCFLYHMOOCOILYFWMUUFHIDYNVOVSPOATWGORZLRAUWNUSMFZGIFFZMLHOPPBPNGBEX
[10] -6.9686  order=qt  Q5=CLOTH Q6=ANSWER Q7=LOGITEM  T8=[perm]03714265
    NDIREKORLIFSHOCIGERISBPZWISDEWELBYBSEPACAEXGLIIRBWOARLFBHPEXVJLWXRBDWQCHSOBJRCZCENUWFNYXGHSAWNAXJELTFETHRLDCUPGBTEXEHYNWKUCLFHZLIASATDLKLADXMLDQ
[11] -6.9812  order=qt  Q5=GLASS Q6=STRAIL Q7=THEKNOT  T8=[perm]03721645
    POSTAFFREGERYSDMEIRMSESCUAXFISDUVVIZUMMMOFTLPJYIUMNZVDBASHTOBERXNPRBBSIIAELBOTSBRADNVUNRMELCZCNIWTJNADFAYWQNREXFETXEIVAYHJDJHBBUQUFWZDCHYAKCUXZL
[12] -6.9859  order=qt  Q5=FILES Q6=DAYAND Q7=SHADING  T8=[perm]03742156
    XPHIESCFORVHNISNGOPROVIIASANEDHDIHYORRLVHILCSMGXPSTORBLVOROYZOOLIMCZMQFXWTXUVBWCLEUFIOYAGOTSAVXRAAKNIEYEMMZQCEAOUWMZICXAESNIKOEBMAHMNMYNJJDWWPNC
[13] -6.9887  order=qt  Q5=MEAND Q6=MAKING Q7=CASTING  T8=[perm]03721456
    AIFOUWONSSXIPARFMISWEISORPLUNDRQRGXNIFLDBGGBEDLOGSVYUWOJBGMRHCLXMALCCBPSKLMAIFHSNCMRESCIOWLAKAKMPMZHRMTPJOPYYAPRYYGZSEJWTXAZGVTZGOANMAASKIGNOSTT
[14] -6.9966  order=qt  Q5=EIGHT Q6=HEDOES Q7=STACKED  T8=[perm]03672145
    UCDISNPUTOSABESNUHEANGIOSMAYCPDFKUIDZCLOOVLFKEMLZTAAESZIWLDCUKBECWSHETCZWXASOAWUEYIJHKCDANTYQAHWEDIALHULIULYYZBDABJWRFQOMYJPHIEJAFFTONRDZGEXFFCH
[15] -6.9999  order=qt  Q5=GOING Q6=FINGER Q7=ONEOFMY  T8=[perm]03724561
    VBSSTAYARCDDMECARMIGONOFPPOKBATLPJHHTDIFVYIHAVNDTNVORNRXZJUCORDTEXYVHNLFNNZIPELJTVNXQRPBJRGCFWMFJFDRDAAVOCOREPIQSYEUOFQDPEOTSNMWINWFOLLBGBQNGUYI
[16] -7.0034  order=qt  Q5=TRAIL Q6=MYHAND Q7=RESIDUE  T8=[perm]03715624
    PEQSROCSMCBAKCITYKANDTOFCOTOBOFXMWEMDZAJQZUGZXWSNRIQEWUEFESFOMAMATFNZCWIKEKRRPHTBNLDJARFHMHTREIHEAJEINCDWYBOMMTUDEEAJSGRHCTJEWIKPQCTHJHYZJENLOKK
[17] -7.0204  order=qt  Q5=BALES Q6=FINGER Q7=SURGEON  T8=[perm]03714265
    KBYSFACTANICPRIDCRBANGRTYGCAIINAYEIMKAIQHQMQXYMUUQPGLPUFVEJBEDLEJHIUCEUBRTVADBWARSIIKBEXZYRSBBLMRYBSZWSLUGTCEBARPHGMTSEJSUFGKHINARKWFMVWPHTCLUDI
[18] -7.0213  order=qt  Q5=HESAW Q6=HESAYS Q7=THEMAND  T8=[perm]03652471
    QELEAFAKOOPTBENETCESFDUKTEAARTPKTAOCFFNUPCKCGBXJSHXOZRXCADVATUNYIMRHIDLIKVENCRQVPRWWAXGAJERBHIUQALYYLMUCKIQOTZREZHNEBIDNOCMRLHLCHYEKKEYDPLDOBEUB
[19] -7.0227  order=qt  Q5=TONGS Q6=PIERCE Q7=PATIENT  T8=[perm]03725146
    JFLHUSCORDEROOKHDWONOTTICDFSINSABMUILYRSSAVSKTEULRZXRWXOCFDVYPPXSYRNPAAHOIICWHCTEOJMKXSSZTPEDUPFXSKSPHERMCNQBISTSRBQZYICAEZWSPOODBCRJPKDOLBXUETR
[20] -7.0288  order=qt  Q5=MOULD Q6=METHAT Q7=TOAREAL  T8=[perm]03712546
    FTBENDASSBEBKYYICSNOENSITARTFUKZGYSATFMISUABKQGFEVOBINLBIVEGZJUSSUQUMSQWEHVQFPMRMAIBSHDOWNFHLYIOUTQLHBQGBTTVPEETOUSXSJKESUVSJVICDBXQFXOSUABEGBRM
[21] -7.0291  order=qt  Q5=HASME Q6=LETTER Q7=ARCHIVE  T8=[perm]03716254
    HSQADDOMCIBORSIAREMIDSUILAACARPDXVMEISTQLYWEFILILMSHUDBMDZRYLSUFOKCSOQFYZKYNPREXCECJLFTLHSXCVJPBOZITDXAWGIXFLYAMGRUIIQRDILEEXHLYATJSJSMMYURJERXA
[22] -7.0358  order=qt  Q5=UNDER Q6=FORTEN Q7=SHADOWS  T8=[perm]03725614
    GCAMTPYUSBWERIGGLETTEDASDCTDICKBAQVGUMPHCPNERIMMBSETUWIVYMAXZUVQYZCMHACEYIDEVFUJCDNDADULOTRTBLMNWZCROWLCOBVMADXEDBRMJTTPKCWYAYXLNRVRVFHGQOWEBGTK
[23] -7.0374  order=qt  Q5=LEDME Q6=ANDLED Q7=SHOWSME  T8=[perm]03715246
    VAHENUMAJSVREINTRIEEFOTDMORMOBHIWGMKKSIJMITJUNBSREDRKXJARUODJQSKMMSPKOIYCCOABUNQLPCAHKKLWROXGZHOIGDTGRUNAKAPLEURDOCUZVRYCCMAKDMPOBVWHLISILIBSBDI
[24] -7.0442  order=qt  Q5=PEACE Q6=THESUN Q7=MARGINS  T8=[perm]03714625
    RNYINSMPOUCCALADUNVINTAHOIZEUSSTJSQNMMMMUEMERHSZMTWJLCLOHJIEQNIBIRMYOKOKNATOCHFPHOLFLYZIGLBLHLURLKBVQRMSEGKRUKDLLFDXTCVAAMCMWHYMLPPGLCRCIYAMMFPZ
[25] -7.0454  order=qt  Q5=PEACE Q6=SLOWLY Q7=SHADOWS  T8=[perm]03652417
    EOURSWNLTOADEATSNONBYMOUSITQBQKOSPSVQCKRUYORTEETJDDNLOHKSYCOZEWZFBLCDDEVEOKDXYKWWZPPZPMFREXKHRKWEJZXLTTULAOFMACKARLXEQWVXOKEDAWTLXCKERILVZFIMUCI
[26] -7.0455  order=qt  Q5=BARNS Q6=MYEYES Q7=YEARSHE  T8=[perm]03724561
    XRSULEEELONCTIROPOIECOREBRIJELASOOFLTIRDOFKCKJWWIJLMNQSABWZIDJWMKYXPKYZGODQCMWNHUEEDXRGEVAPWJFPMFTURNTUGEYEHCPSQWOJLLIEIDKOULDGSRIBCTAHYIWMTPFQH
[27] -7.0473  order=qt  Q5=RIVER Q6=PORTAL Q7=THEWALL  T8=[perm]03721546
    MSLOSTFESUBITHHAUPEDONVTSTHGMBYZNBIEKGOFGRMEBZAHSVOTMJOOBYAGCYWVSICTLZELUBBEYITFJXLRTYZMATNDDHYGJRERRIFIQFTTYTUTTZSZPISAPLXKIKQOISMGKDBPITFKAZVI
[28] -7.0490  order=qt  Q5=FIELD Q6=ACLOTH Q7=FOODAND  T8=[perm]03741256
    UESETYIDNLUMYDATTTEUNMNASIITHENBHZRUGAVYPEWDIQDKPRLCVSJWDUGQDPZACGIEWUUPBEXWHTPOYWHOBFIITVEXAQCODIXKSANPYMNXSGMDDODWBLDNWNWNETBUZCAHOTMWOMIQYHJZ
[29] -7.0499  order=qt  Q5=TOOLS Q6=ALPINE Q7=ONEOFMY  T8=[perm]03742165
    DXUSHHAINICKCDSHNUPMWHATIALBSAMIPRGGCAALWCAHRFEDEWSPMFGOIKUSGWDTDURTFKMYBNKVLEXUPJBJNFNJDOKAGJLEUQQSNWVVYNTREOHMBELYRPHALYCTRZWOATZYNEHIOTBXOWTA
[30] -7.0543  order=qt  Q5=AGAIN Q6=HIDDEN Q7=ITTOTHE  T8=[perm]03742165
    JANGLACOPHHMTOYOKESETRYOUHSYSRICYFZMCHYLSDHAHHNTWYEAXHWUJMFEEUMRQLFFECGRSWHYBLBLNUMRIKENYHALNTFBDEOGOAUTZENXSYBSTQTRQDIYVPKNKOXQCVFJROCXOYATECLR
[31] -7.0568  order=qt  Q5=UNAGO Q6=SUBTLE Q7=BROUGHT  T8=[perm]03672514
    LSQOFNGIDSTENCOGGEANSEMPREYIOWDFURHNHMBMFGPSMAUIHDYSAHPRNBALWEVEOCXWHBLNGFUQMSCFLYFMAOCOILBFLMUUFHJDRNVOVSDOKTWGORZLRAUWNUFMSZGIFFCMAHOPPBLNZBEX
[2026-10-04T00:45:42Z] chunk 2000:2100 exit=0
[2026-10-04T00:45:42Z] chunk 2100:2200
progress order=qt perms=100/40320 candidates=107318484
vocab: 119 x 123 x 141 = 2063817 triples
T8 permutations: 40320
candidates: 206381700 in 24.3s (8.48M/s)

==== TOP 32 HITS ====
[ 0] -6.8644  order=qt  Q5=INTHE Q6=SUBTLE Q7=DRAWNTO  T8=[perm]04127536
    URSSVCLOCTDWHALLEONHOCLANGJRILISMYAVANUSYCREIEAOFFWHJAOLLSXRHUQHZTYYFRAGHWOMMAEBUZFBNEMNBFHWUIBQVMUTALISIEPLEMGNSPWNBQOCZZCPJTAVCABBUETBRSNYJBBY
[ 1] -6.8693  order=qt  Q5=INNER Q6=REPEAT Q7=REGIONS  T8=[perm]04127536
    CRJDTRUCARYMINIKIOINCEYEJESTEXHXVCKFYBEWWIKHXFOBNIMRNOOKOKOKAJCNCOIEOPKDXMBVRBCVBSMLLELOCHMJRODIFFFWESNTPGPPRKPEDPSERCLCQPAGUDUAEMSKDACUNFFUTLWQ
[ 2] -6.8935  order=qt  Q5=OTHER Q6=ASHORT Q7=MOLDING  T8=[perm]03752641
    VSULTWITYWUOSCHESESAMOVEILSXDEEVSOZSJPJPGIENIRAASRBBNLXTMGGGNAXAUWWPYOWXNOLTWACOFYJMFUGFOCHSHAYHUEYCWCBFEFENEMOMTUJANCASTIDLNVSUVBGCBXDMNPGPYPKI
[ 3] -6.9055  order=qt  Q5=ONEOF Q6=FINGER Q7=PASSING  T8=[perm]03765412
    SSENRIAGRIXNOTORMSAGOTPOPOFNUWXYTUTXGBDDPHDHJKYGAHUVWETUGIICAINQXBFWTSODYIFVISNVELERUWNERIPWPIELRALHVNICUMPDQOWUFGEYOXMGWKSINPDGBENWQEUUXFKCOEIY
[ 4] -6.9229  order=qt  Q5=WROTE Q6=PATINA Q7=LONGAGO  T8=[perm]04126357
    CPWASTOMNADSATOPIMMERLDCSOPIJLXVAMOTXRNACOVEAVWEZNIJWKOLSJQBUZYRNHAYLIEDTOUABFCURMKSIPKNYACIQCVVBOYGEZTQNEIFBHANVGHIJNGSJNVCOORZESDCWHHNRUWCOMAF
[ 5] -6.9462  order=qt  Q5=VENNA Q6=LETTER Q7=SUSPECT  T8=[perm]03752614
    ATELMNASHPROROTOKRMSCELLSVNPAMULIKMTLTZYVOBJNMQIWQEGNJMLAYSLGOFFILGWLCBTIBZXSLROFFEVVCRILTVSIENTHFJHOFWCXATYREBUREEMIIXIGFVHILRUCYJIDWXGCBORTAVL
[ 6] -6.9797  order=qt  Q5=INOUR Q6=MYEYES Q7=MARGINS  T8=[perm]03754621
    RNTAGEVLNJAHUDLYWIVEANNIRELLNASBMXHQVSSSNOSEELBHMOEFPOGOSWGBQVLKCRVJNIPOAVHWEHFZYJPGGGLUEABUJJIYUOVDMISSUOYJUVXGPASXVUQTAQEDLLSSOBRMOMERLDAHSIIK
[ 7] -6.9829  order=qt  Q5=ITAND Q6=NUANCE Q7=HETELLS  T8=[perm]04136527
    TSPYAVEOUNEAERSREHUDOOFONIFIHBOAMUAKZNPQWWAVQBQRNCEQATFDPTHTPWVEXAFOUFSWRTAMHKXWBRORPRCIGKARCXCJEHSGMMYGJMIMOUBEAHNKKIASYLIIFPEPBORRTYSFDODSGXTU
[ 8] -6.9839  order=qt  Q5=FILES Q6=FROMME Q7=GILDING  T8=[perm]03746152
    IBBTFOKERSSGLUGATTRAYTITOFTBOBYJFPPWXWHEIHQHNAYWROQDYAUYUILRWEAZIAFOICRVEDSDWKCOHKXESDGVHTVOPROKOGIASDRLIKMCALEQIUSOFXZZBYDTRTBGOVOLLLBXLIQPGLXB
[ 9] -6.9892  order=qt  Q5=OTHER Q6=ASHORT Q7=MOLDING  T8=[perm]03751642
    VZYLTWITYHTOSCHESESAMOVEILSXDEEVSOZSJPJPGPWNIRAASAYBNLXTMMBGNAXAUMYPYOWXNQYTWACOFKMMFUGFOIBSHAYHUFRCWCBFENTNEMOMTUJANCASTUTLNVSUVMPCBXDMNLZPYPKI
[10] -6.9913  order=qt  Q5=AREAL Q6=ENOUGH Q7=LONGAGO  T8=[perm]03751246
    LITYDLTUISHSEBANURLDANDPMDUNPESCKZJUILIOOTHDSSISHOBNANEWOOKDUPJVNTVRUAFLJBPMVRCKJUEQNSRVOULWKNJDKDIPAZICFYXDBWIGVIEIGYJAXCSGWMGEACPBIJWXAMRBDJNS
[11] -6.9988  order=qt  Q5=PEACE Q6=THEOLD Q7=DIGETAL  T8=[perm]03761425
    CKJMARNEWBIPPSAPGEAREGNEAVERTARSRNGDUSCTEFKPMLIQAWIOJPZQVIAVYORLEMQGQJQRAGIMGOILJTADWQYMYEWZASRUPAJIEFFMKPVXNENAPAXKSVTXZDETKFNDOAMBYLVXUPNABOSD
[12] -6.9991  order=qt  Q5=TOOLS Q6=TWELVE Q7=FELTTHE  T8=[perm]04132576
    SPAGEDRANFANOVLHDWHIABRONEGHOFMBPYRGGSBOXLPVAYOLOGSBPNYSKBFIJWDKIOOMVGENOEKBUTKUVICXXDNFIAQKAIRYYCONPXOMEACAPDESXJHJBVLWYRYSSCURNMTPJTVTPQIPVZMA
[13] -7.0039  order=qt  Q5=INNER Q6=CLOCKS Q7=ROUTETO  T8=[perm]03745612
    RSYNGISOEIRMATHWHUBEADMONWIWCOUYHBBEACOPNLABQVWIFZREXTELPGOLRYDQVTLLTPOABCIONUAJLZPXKGPCDDTWEXCSNOROLJOJYHJBJMNALTDMFCJUMCHLGVSORYXAKONKEPFKVLMN
[14] -7.0047  order=qt  Q5=BOOKS Q6=WERISE Q7=ANYWORD  T8=[perm]03752641
    HFSOTORNFWKALMADIKEIOOFTANDKREAPFXMAEVRXWDIEFRERTYTFDOUZIXBHDNWNWYNLMNKYRXCCQQJDCRFZYZHXUIXEVWOHVMESTHEDVDLDNMADNEDFIKJOWXNYRIKECSINTITQKIKVWTNS
[15] -7.0110  order=qt  Q5=GLASS Q6=CHISEL Q7=THEROAD  T8=[perm]03752461
    KYATLHELWWFIXCUNIHNSTOMCLETANDADVUGZEBDAAMTAURHGFYJKSNVLMDHTFXHZWBLFNYMITEUAQIFXFXZGPVURDPAZTLPPMGQQCMZUBLONRITAITIKURZYEKZOETDESEOUTCAIOAYNKSDJ
[16] -7.0111  order=qt  Q5=BERNE Q6=MYEYES Q7=TOSPLIT  T8=[perm]04126753
    VXAWTMASWALFQUESKATEDAVERIDDVMEXQHHVZWAUTWXDGBEOVEWANYHEYAKLEMKHRLMPNPUZSOTAATOGNEDWGWVJESDJLQHCAINKUKCBGKGRHCGKUZFYIBAEJRPTEVIRYPWMGLAHCJLNKUST
[17] -7.0210  order=qt  Q5=EIGHT Q6=THEOLD Q7=IREREAD  T8=[perm]04136275
    VFTOENEOSSMPTBAPENGARTBIXSANDYLDHXQTGYHFPCUMINALCUYJPLLCGVWUYRBFSORFSTRQPKSQLQYFMDEPWKGNJLIVCPLIZETLAMLEHCDSCEMCMTGULJKWOSDHQEHFYCLRCAMIRSAIFICH
[18] -7.0326  order=qt  Q5=BOOKS Q6=WINTER Q7=MASTERS  T8=[perm]03752614
    PQDCNIOTSTHELMTASHOESONDKSMIHAPMHRLSOHYPMCTNOOKEBOXNSCUZFTZLUICNTOFAPBDXWVEQDNYYDMAGOAMYDGYVYTNMVQBPNLOSBCXJGBIZPMSRSEITCHQAXPINGYTPJKXRHVKVLRDC
[19] -7.0369  order=qt  Q5=STUDY Q6=PIERCE Q7=THEMAND  T8=[perm]03761425
    GATHUEBYWWGSTEVOTITWITHEDISXLJRODDEFTNRHTZNYPERNHEGMPXWWCSJWWZQKPJUUADOBVTUACVJRSFIIGLERSAYEQEEHZZUPMEVTJDFEFJTZPSDIDKMFXMJTOIAVSGQYVUSRPEAVELYR
[20] -7.0393  order=qt  Q5=ANVIL Q6=HIDDEN Q7=SHOWSME  T8=[perm]03764125
    ZLDUSPAZNIODCOSUNTICETETOFNGENUEEBNRNXMLYTOWMVEEWGGKYFXUNNIUIENDFJJUREKEJOBXSEKMRGGRGJPFKFIQNPISKVIOVCEKRQUBUYOKXDJCSLDGFVELYOOUBSMSGHMWAEMSRNOC
[21] -7.0471  order=qt  Q5=ALLOY Q6=THESUN Q7=FROMTHE  T8=[perm]04125367
    PDMDJKITIGNANAUSEINFTTEDCLOSMUXQLZSGETXYVWHAWNOFLKYWTTXQHLOKGWAHTSEFBZSFOMKODZOEOHEGYYOEYPMWOWSPJSZCGLUEIIRYRRASGTDNVTIBCDXQEEADLNRSTPYSTKQONKVQ
[22] -7.0473  order=qt  Q5=GATES Q6=PICKUP Q7=LONGAGO  T8=[perm]04125376
    NINICESEARMTBSHYAWEBSICLEAMOAPBOPKBMMYANLPWVAXRRMJQZVETEUSELOANMVYRUOAXOOJUSKWGRSRZPQLLUNJNRJCNXYXJANVTANDALRNORUDNLOXTKKOMLBRIJZKMAXLTDNKJSDFMF
[23] -7.0495  order=qt  Q5=HEARD Q6=ALPINE Q7=REGIONS  T8=[perm]03752641
    TBLFGAILLBIRGIAFESKGROOMRADYNISZBOOAPPSQFBCFUPMAWXTUPTILGTCMQIWXHEECWNGTTZPEOXGICUOYQUUTANFOKEVBHHHDKJZEQDSWJBABDMEBASSAIRWRMGJEUDVUVHSPIGWJUSNG
[24] -7.0613  order=qt  Q5=THREE Q6=HIDDEN Q7=HAVELED  T8=[perm]03764215
    QESERGGFTPUTEDTOANKVIRGLWTOCASAYUKNVOYBFFTXBAEOGYTTHCOEZJYUGAWISZRBOFMUWQTQBFXEAJWZSEKLNNSFLUJAXFQCMBKUEBEEFEWISEIEXKNIEVIGDICYWUDXMCDOCXYVGVOCZ
[25] -7.0617  order=qt  Q5=ITAND Q6=ANSWER Q7=INBOOKS  T8=[perm]04136257
    IKMTLOWSHEJPHYSIOTEPSBYEEPTEEDGIOBXCPXDYFAXJLTTYODEFENIFPMRQRWWSHGONGAPZCFEOFMYUICTEHESLWRFYYWGFHJTRFDKSLGCXWOKATJABGVOISILWRMVWOAZYJIZTHRSBGNXE
[26] -7.0661  order=qt  Q5=BOOKS Q6=WERISE Q7=ANYWORD  T8=[perm]03751642
    HOGOTORNFHCALMADIKEIOOFTANDKREAPFXMAEVRXWXREFRERTBXFDOUZIPPHDNWNWWXLMNKYRGQCQQJDCZHZYZHXUUMEVWOHVNDSTHEDVLDDNMADNEDFIKJOWTGYRIKECJONTITQKPFVWTNS
[27] -7.0690  order=qt  Q5=WIRES Q6=SOLDER Q7=GILDING  T8=[perm]03761425
    DOFFATLWITYWULPTERMPIROHEKISOURFJKYVILYNEURDGNSWABIMPZJGCJAEUXOAVPILKQPSAUPANLERLDAUWCHQUGORAUGZEKOINMOGPRXCJHAYFHWJEEFCPEFFZODZNBNRDUUUXAPZOVHM
[28] -7.0717  order=qt  Q5=SHARE Q6=WHATHE Q7=SEVENTH  T8=[perm]03746521
    LBERAMIIGCIDOMGOTDATOMACHTIOKAMPJONDMBUJHWEIASPVZUQQIQQQRICUHAHTMDXXFMMROSTNRBFBLIGQWLANXATKIGPYDCSQEBVPAXKHOZTBDMVWALFRAMIXITOHBXPAICOGUZEDXPAL
[29] -7.0727  order=qt  Q5=NAMED Q6=USEDAT Q7=ANEEDLE  T8=[perm]03756421
    OIAEFERELICALECTPSBKRBULLBOLIHMMDYTPTOAQUHROUAKOQPUSIVDMPJLPISYGMIATBNEAATDGAHVYKZVQDNUYTYVHMBEOSCLAAOVHATSUKHKFOADMTYFBHMKLRDGPONSBSCQOCTJVUAHH
[30] -7.0733  order=qt  Q5=OCHRE Q6=TWELVE Q7=FELTTHE  T8=[perm]03764521
    OTOUPCRNCRITOFONSDIEFTEHHESHBAUSQBHOJWXMWOLSERFOUSLLMCMIVUSYPNKEDJPWMBESVTIWOURTUVHWWCKSOWRJPOPMXVVARQODSSWFFODPIMQVLGGURNEKRBNXCMEYOQKSZAQTVUJX
[31] -7.0736  order=qt  Q5=LEAVE Q6=ALLOYS Q7=WITHTHE  T8=[perm]03756241
    OTEYTHEUTKHAMIFIEFCLONIEROXANIIKUZRGZFGTOBJGIEALWRYHUIKCPDEWMQALKVIDNWYOGOKWLAPWNSZAWHMITYOCBCFENCBIWVRUKUIEVBZGOXDSQUSIBDWLGDAAUQAOLWLNANIDBFEX
[2026-10-04T00:49:53Z] chunk 2100:2200 exit=0
[2026-10-04T00:49:53Z] chunk 2200:2300
progress order=qt perms=100/40320 candidates=107318484
vocab: 119 x 123 x 141 = 2063817 triples
T8 permutations: 40320
candidates: 206381700 in 23.9s (8.63M/s)

==== TOP 32 HITS ====
[ 0] -6.7744  order=qt  Q5=COUNT Q6=SLIGHT Q7=GUTTERS  T8=[perm]04213756
    XBYTHATHPMZLKTHTOPALPNCINDUPDEXHYAKHRJYWHSTNMUSRSGCDUDINUATTYWUQIAVUPWGLKPZXBPFAGBOUWLYDHOLTPEEJGCRANASAHOKMZAINIPIEWLYEEMSOPUMYKFEXPNDTEAHWFKWO
[ 1] -6.8070  order=qt  Q5=EIGHT Q6=TOOKIT Q7=MORNING  T8=[perm]04163572
    NLYACONEBURPMIFTWASETCZOSETLCRORJLBACSYGNFRKOWYESROJGMQIJWAIXKOHTUEEKTSVGLBLJWQOSEONQRJSHEOREZYLGLADNSUBLEOPLNOELSSSNKOKRZONDAALMVCVSNNTEBZYIFHY
[ 2] -6.8204  order=qt  Q5=ALLOY Q6=KNOTIN Q7=TOAREAL  T8=[perm]04162573
    IREEISLALGHZTSYTISWETLUNTOHOSHAPJBSDEBPICLPARITTIPIXRJFRYIIIDVWASTKYUXXOATPHDMAGYCEEHLBJRDINAXVDRUOALAZIIZDWVEURRKSHUTDRCPZVXMWZUFRAYYUXRNFXASTH
[ 3] -6.8548  order=qt  Q5=OCHRE Q6=WINTER Q7=ASKWHAT  T8=[perm]04165327
    LFHEARIESEAWDLYOBOFCONREYBOMEZNVYFSFUEWEITPOEMGHCUHFFJSYNLBTFEZZKOLTEZRAQJWJCZGSQHSJOXCESNICUBUGFINWTFYUOXGYAACWOUMIFJOVGVDJNFOAMAFGUEWILEBYMOME
[ 4] -6.8624  order=qt  Q5=YEARS Q6=FINEST Q7=STACKED  T8=[perm]04215763
    SUCKOWHEBICOXEITTFTAYEATSTRILPNOWLYYSEPBNVNJCYTOHQPWFRIXMHRMHODUFEORALSYOMTBSTXTEILEVPRUZNHRTQKBLUVWOURLTUNVSKAEMFTIXFCJPEETZSECEAEXAFGDBSJOVXNM
[ 5] -6.8702  order=qt  Q5=TOHIS Q6=ALPINE Q7=LEGGERE  T8=[perm]04176253
    XCCTAOLPPMENSPECLOCIIGUNADOPOFNFUNIBDHCBHLINNIIUTHANHAMIPRMASWHIMCVANHTWWDFFXZHAUDHIJSPUGQMQSTRHFSCFDLGQNTBYNOGCGMSACVVGZEORVHNYAEVATNHRWTCYZBTT
[ 6] -6.8906  order=qt  Q5=TONGS Q6=MYEYES Q7=ITTOTHE  T8=[perm]04156273
    IOORVRSETHROPGODBGALADORTSDELOLYIUWISIEQCVRLQDTBUOSIZXQRWJEQYIRJAWNXKOHOJCEFSPFPUTTVARTFTFAEKULAHJOSRETLENWEMYMUMSTTBFSZUCKWLWDIDSEZHPGSGEGLNSJI
[ 7] -6.9017  order=qt  Q5=UNAGO Q6=ASHORT Q7=AFEWHAD  T8=[perm]04176532
    LOISWATONORCAMERWCOSHENTXRPMCNTZHZXKURJJCEIJETJPADOCPQGDHLFHFAEEDRKNTRIISGZBPHIUCPEERCSYTVUIREDRMZDXGXLRDABLEMOSVKMYAGLOADXBCKINKFHFFTPVLICMAVOP
[ 8] -6.9122  order=qt  Q5=THREE Q6=ANDTHE Q7=LATTICE  T8=[perm]04163527
    XYSUPINDTAXWESROVRLKBADGETARHESSWKVBORIDEBVGJITIBAWDIHQMGPLJYWHOVMUCBUILNUOTQPMXWBHLEMCLMAZIJUEPULBWXITOAITOSXLEOKTHIMEYPCZMHCSIGKCKLCOFYGFCMAXD
[ 9] -6.9231  order=qt  Q5=YEARS Q6=THATIT Q7=CARRIED  T8=[perm]04156327
    EDSAABILLIYLSHIAROTEHBDAVEENOTDLQBRDEMOIDNRORHCHVZYCEREKRWPYAKMWKTTENTMRNGGIWWCEOEOARHOHRLOSGBLFZLPRYENMJZSOVORISLIIUZIVBQZIJYXHPBDTICHLAHWYOURT
[10] -6.9249  order=qt  Q5=MYOWN Q6=WINTER Q7=ANEEDLE  T8=[perm]04215763
    TIACPTEFWOFACHRSTIGHEKIASTTWITHFIVCHICOMMACOMLXTSSXCAXEAKBVSPBEOOQRNODDZMQANCBYGNUBLWXSYHPFCLRSECVZYSOBIJEBWWPEKHTYWWIAOGJEORMBVEZSTWIEWDRPLOZFW
[11] -6.9291  order=qt  Q5=EVERY Q6=WINTER Q7=ANDWILL  T8=[perm]04165723
    EFANIEISNDRBPTEGEBEOFSLTERBEEUPSTYYUUTWTZTSRDFZXVTUJIIOBSAXEOHIRVITBRUUOGJOKCYKOHKZAHOFDOMVIEXTGIONNHZTERMGMAINKBBLMXCMVQZGVMNMJBJODEENOTGXYFOEA
[12] -6.9487  order=qt  Q5=INOUR Q6=SUCHAN Q7=LOGITEM  T8=[perm]04215736
    HSIWOUTVWEITSPNGINFLLIVIEAPPEMCEOQXAPRUSOLJKMSSMMBZXAHBWCFKEPLOGIPWJWEDTAFIRISKWYKMSVCEHKCZJILDYICRKEMPLEQCYFUOMBYCRVEUUULLRPVKTUPNNARCHNIYZBFEP
[13] -6.9505  order=qt  Q5=EIGHT Q6=THEOLD Q7=IREREAD  T8=[perm]04136725
    VFFOENEWSSLPTBATENUARTBAXSANDYLDHXRTGYHOPCIMINAWCUUJPLLJGVTUYRBOSOKFSTRUPKIQLQYPMDRPWKGPJLVVCPLBZESLAMLCHCSSCEMGMTAULJKPOSIHQEHAYCPRCAMPRSHIFICA
[14] -6.9566  order=qt  Q5=METER Q6=HEWILL Q7=USEDATA  T8=[perm]04215637
    ZWTEMRAEMFAESBYAIREBEMIKBETHANWEIDZYYHALZFONSAMEOHAAPWSJZEYMIJOJTTYXKULIYEXTXORCJTJPDIPWWMZTRYFLVONXKANMBFSANYXAUGPGGMWYCECAKSIUNAPDELKSVIEQGMKX
[15] -6.9694  order=qt  Q5=TELLS Q6=ITFROM Q7=IWORKED  T8=[perm]04163275
    MTOUSHIESHEBEISMAADMAFGDEBSINVWXQUTPDHDZMOSSMTORUPFIELIKJKFLCEWGQDQWXSKQQAHOABHKXPIODUCNDPECBDYZHLKISHUHEQTAUTGLKWSSOFIGOKOTKDPVTEUQQHMSLOITMRJP
[16] -6.9703  order=qt  Q5=OTHER Q6=ANDLED Q7=WITHTHE  T8=[perm]04162753
    LTFORMPCVTAYNOODCOLOASMLEHIREHOPUBLYAUOPBNSLKEYIBEYRUNZJLUJFFCRHRMNFPLEMSESVAQDBFJEQIZNPSGJGUIHUKTREKMYKLULFVIEEINPPDAHXQNDDVHDGGGHVTIATOFMOEPHW
[17] -6.9735  order=qt  Q5=INSIX Q6=FEWHAD Q7=NOBLOOD  T8=[perm]04217356
    SJONALSTINGGODSPQZEYEXUSSJUDIRBVISCAWAEWEBAVFROPKNEDTHEVNEEHVEXQMLIZUXBDOKPXWSKTFZWGLAYGORRLKDECIKLRJKUHBMCNDZWTOLEIARCHISKRFOMKMTMVBWXWLVBGMRIB
[18] -6.9738  order=qt  Q5=SMELT Q6=BRONZE Q7=USEDATA  T8=[perm]04215673
    LKIRANSHTOEDOFLIKKETIAKEEAISNVIEKKHYRLNYPETFUIPUOUETHWCTDKHFANJINVRTFHUERIGPCTRZQNRLGEHXCULNFMRWUBOITSMXWQLANCYUSGSXXACJRHQZIXHVOKALDUISAHEXLAER
[19] -6.9786  order=qt  Q5=TELLS Q6=ITFROM Q7=IWORKED  T8=[perm]04173265
    MTOUSHEISHEBEIGEAADMAFOMEBSINVJOQUTPDHYAMOSSMTORUPFIELFPJKFLCEAPQDQWXSVXQAHOABFYXPIODUDMDPECBDCMHLKISHHUEQTAUTFMKWSSOFQBOKOTKDZKTEUQQHRWLOITMRFA
[20] -6.9874  order=qt  Q5=FILES Q6=SAIDHE Q7=ABSENCE  T8=[perm]04167253
    RFRITINCXTDRVLEANTSLUMNEDTROXIWDXQQDTYPOPAWDHHZGCBJUMPKYLSBCLINHKBISPNLDYKMRNSMYPWBNRERFHFETQQCWUGEQHCEMAESSKATEZZHEOJELUMMYNSJJSMEIYLTSQNSFISSL
[21] -6.9878  order=qt  Q5=WROTE Q6=GOLDEN Q7=SEEKING  T8=[perm]04215637
    DBCASOFOKAMELIGYOBEISVIOCTOFCYNEFAIDBNTTEHQRYLKNAZPVMQBETDIJPLTLUWWUXDAMYBFIBLTORESYJENEYLICRHMYMTUHRZEJXRLTEJDJIGQXUATOKRXEANIUSFVPONLSVTTDPYOG
[22] -6.9958  order=qt  Q5=ALLOY Q6=ITFROM Q7=ITTOTHE  T8=[perm]04165237
    ILSDSRBEENTABLDBYPMTPSSFERWEONULJTAMWIMAFXSBWEUGSAYVAOJTDNZUYAVJLBDUATWDUIHNKWNVLNFTHCTPMTAERPYTOJFGTOLUHLLKPEAEKYEDUCKSUURTRFWLLEHNNDIFARXVIYLB
[23] -7.0012  order=qt  Q5=ANDHE Q6=WILLGO Q7=BROUGHT  T8=[perm]04157632
    HAIUSZNAKNOCASEFLAIDOHMITANCUTOHCOFFJDZZTJULBYBUVQRPJIPSDGOCEHBPPQFBNMNNNOLPWQQJVMIITHAYMBZOSTUHUNOLUBXYABANVROASCYCOSRLJAQVDYEVYVLTZVROAFECLSTD
[24] -7.0081  order=qt  Q5=LASTA Q6=MAKING Q7=FURNACE  T8=[perm]04175362
    OAHRDREKAPLQUIRFRODNOOTHIERBUYTHDVPCGKCENGKUAZHNTYHYJBDFCZGKFNPOASORZEXCSZMLVJXYOFMQCOTWYCGHANYPLXYRCSIAUVNWGKGAKLIIHEMILOLCGAPDATARREHKIHOAQAGA
[25] -7.0142  order=qt  Q5=AREAL Q6=METHAT Q7=HEHASME  T8=[perm]04175263
    GNDNGELIDAKCABEASUENEDUALMLAYERYYEJIPTHPSYDASVAHRFPWCILMCOECWFQRNFUUCYMBHTONHMORWQFTWUNOFZTABTJWHINYMAELAOXEVGDHOACJLXRFEQGISKAEGADRVYDXNNIWXXAZ
[26] -7.0159  order=qt  Q5=FILES Q6=FAILED Q7=ONEOFMY  T8=[perm]04167352
    WRTSHAVEGMMDAKGILETETGEADEUTPOFJOTUXGWCOWLYJCGCOFDSBREEENHTMMSYCMTLEQUVKLSZEOCRWCWSZWKVEXTAGCBMOSVGYFJFCJSUOKHUGTIFBFKWQTGOUGJFORLIGONNQPRULLHTX
[27] -7.0218  order=qt  Q5=SMELT Q6=EARTHS Q7=ANEEDLE  T8=[perm]04162753
    YXLIIMEHUASFIERMEIREIUHBANALMENTRFEUEPEARCUNZKONXDSNXEIRYAKJRTGELHTUPRWTXQSOJLVDWCBMXSAVLEERPIEMONQLIEUPWWVFIMJDOGILZQOIEDZEGLBXCKTCPECCLGOHCXAX
[28] -7.0222  order=qt  Q5=HEHAS Q6=THATIF Q7=USEDATA  T8=[perm]04173625
    GEINILLYFOAASMGILASIOPAYGAMMGNEFUCTNFRRWOHBWLBQLNGLSUKEFILGHPBETRKUCQSWUYXUZKEIFDNOXIMNCPJVNAECASGEPSENYNRADAGMMGTOPPNPBWDCTWCZDGZSAEBETXAXWAIMH
[29] -7.0235  order=qt  Q5=ATURN Q6=USEDAT Q7=RESIDUE  T8=[perm]04153762
    WUCHANEECLLNLUINEPANTLEOTNARUGSIAMPYWAOFPZNSOIKATYWFLSCRFZWTJOPRLQCAODOYCAMCELBRBLPBOGLYHQQYLWSNODOOKTQJXVMJLOKMBGUGPUABBTURRVHWQRKOCZRABONHTMOF
[30] -7.0238  order=qt  Q5=TELLS Q6=INBERN Q7=THEROAD  T8=[perm]04156237
    PXPMOUTANXIEINNLOSOMESAMEHHYBBGFNIBONNHMKTLWJOANUZZEISTNOZDQTZAOAPQOSWCOHMGNEPRVYHWMUKQWCSEGUROOMYIITVBRIULMUDYBIOKYTFGFHOCABEMMYRQOQNSXUZNTAAUZ
[31] -7.0262  order=qt  Q5=STUDY Q6=INGOTS Q7=ITTOTHE  T8=[perm]04216735
    JXTRAUDDOYESTSASJKHIPIDVEMEPROMFEEAODVFHHKNHVQFFREOOTSRIVSWAPKWCMBGYRONALCDJHJMALXYEHWPLHMSCVHYXMYDCSPORGHYBXIHWWRBVARJCVLAUYNHLEUOMISIIUFRAIWUE
[2026-10-04T00:51:53Z] chunk 2200:2300 exit=0
[2026-10-04T00:51:53Z] chunk 2300:2400
progress order=qt perms=100/40320 candidates=107318484
vocab: 119 x 123 x 141 = 2063817 triples
T8 permutations: 40320
candidates: 206381700 in 24.2s (8.53M/s)

==== TOP 32 HITS ====
[ 0] -6.9270  order=qt  Q5=GOING Q6=LETTER Q7=CALLING  T8=[perm]04236751
    GXSETHOTYFEMPPEWUSMIPSSOFTHILNVAIXGLTIKNULPDAGNMHNTULCCHDEQOCEDAWMXCVJEBBEWATJTLAYVTAAXFGKUIBAXEDOJPOWXUCHLARKEUYHBSTHXCDCDSOGLYXJSBLPDVROESWWAU
[ 1] -6.9319  order=qt  Q5=LETME Q6=THREAD Q7=HAMMERS  T8=[perm]04236571
    LINTHENISSDANCEEMADSCSUTKRPKLFTWADKZEIPZGCVBEAUSCGPAOFJAYIXWVGOPPTTUMNSMOBSHCTMXONPPLDQOVEERVNPCCQIXTOKGUXIBHAYEFSVXOJDLNZWTPYNIRDDEVDIVXELFLPUN
[ 2] -6.9359  order=qt  Q5=TOOLS Q6=ANNEAL Q7=LEGENDS  T8=[perm]04271635
    XOOBEJUDEATOSTOGPSKITSNECRBMICJFSYOQDPTTLVIKPDVIAJQIEZYMGITFXPCLTDHPMKNLSKEJINWOAINXJMEDISUSZMJKPIUMVEGABILTNVDMBVPMEIYAZEENZISCISIDMWQOECSBCCAX
[ 3] -6.9428  order=qt  Q5=PEACE Q6=ANDLED Q7=ABSENCE  T8=[perm]04267531
    CCNDYLVAOFRSOBECKEBECASHTYFOPEOYGOLFANDNITWEHVSXDIADOGQZKOIHZKBCXTBRDBPIENIFKBNELOHBUMDINPLDCBAAXAVDKFQBAGDJRQMBFHONHZJGPSMULENHGEFFEUTBRKIXPVNQ
[ 4] -6.9490  order=qt  Q5=ALLOY Q6=THREAD Q7=CALLING  T8=[perm]04261573
    SYAHNPLANAUTHIRUGUNTFORMDAOYCUNMJOYHOPLTODHDUMBRIAGANUVDRAFBYIOUFDZPGURFNEEUVVRBJAXXOQYNOBHNCAHIERAXIKLBWQCVYFGXTNSPUEVOPKEEQOHYITJTYYWANBFASWYA
[ 5] -6.9546  order=qt  Q5=FORGE Q6=CHISEL Q7=METMEAT  T8=[perm]04257163
    GCVDDIPANKEGEBYBBSDAYPROUPISHBISVZXNBUFFBRJXEEQZEBJETSLYJUGLVDKOUHOWPPOELGMAGABMVKVMBKHZWOGVALAZTZYJNGZECAGMHTOSALOWWAXUIFFFNEBVSUEUVHOFKPEATUWY
[ 6] -6.9601  order=qt  Q5=WHICH Q6=FILLED Q7=SUSPECT  T8=[perm]04256137
    EITMACDEEDIEMEKEWHEFIUMHTLYTTYYESJUNFTEXUZEYTTHYFJNAOLWDLFINBXSOBBBOPITTXOGMTFOWXSSIHTGLRAZFABEIJDJQSKAETWQBTKXOOMWEFSLELKEPHAJLSVKCOPBTSVDSPLMH
[ 7] -6.9614  order=qt  Q5=LATHE Q6=EARTHS Q7=VERDANT  T8=[perm]04263715
    YVDFEOPSSTELQUOISTEYESPURCIOSIMJEUUUTYIPHTAMYONXBTZQSZSWXRFINTRZMVCKTTWWIDDABKAGGQTKYLYTWESPMHODHOENHUOTWVBDNIPYWUSAGHINBZOWTITGVLAYLADBPVVYCHXY
[ 8] -6.9754  order=qt  Q5=UPONE Q6=EARTHS Q7=GUTTERS  T8=[perm]04237165
    ABSXANRILYGNEHULARYGONDDARESDOTPSRNKXXBHYFIKZANFRQEDEJUXECTIEKBSBJNRLYXHEYSLDBJZITUSEPTEHVKLASMRDKILAONMUOYZQEJBOFPIGOGEQUDDVCGIHEZWHECOGDCNHBJU
[ 9] -6.9794  order=qt  Q5=METAL Q6=HEDOES Q7=ANDLOST  T8=[perm]04253176
    GXMEDUMZVISITLFTVILORCORESITOORRTAMCIISOPSNGTACOFJASYPIEKEGYLBNRAGUXIXGDPWWMAKMPVRQABIUFCEYDRMHMQZXTANUVBGZRJASNIKHUYSNVVPIOHJDSELEEHBTCULGMHBEC
[10] -6.9830  order=qt  Q5=GATES Q6=FORTEN Q7=LEAVEAT  T8=[perm]04265713
    DXTDIRYGCPSCOLINPOCUIESONEROLAISADPLPXSTALECREMWDJPBWLVPPRFJMWRAKAVPNTCDBPEBEACHOJNMEUVMZICTMLRWZANWIWKUYOEDCZNYOETRCKUJEUNJXFBINDDLJRISQODUMYUS
[11] -6.9904  order=qt  Q5=TONGS Q6=WORDOF Q7=SEEKING  T8=[perm]04235716
    NKEYLOSCANLANSAVANMYIMTSTJLOSHOTHJKMQOKQDLVMWDEPHRFUDMTPJSFMFGTDSNCEOIBNTWADDDEDDBXZETCNZDXXPOVCTCYKKYGANNNXMUJIAJIFANDBCNKSMNBKGKUWADSOXNENFXRA
[12] -6.9906  order=qt  Q5=GOING Q6=VIENNA Q7=PRICKMY  T8=[perm]04237516
    HKRTERMARZERZENTINYFAITXIFBEINNHWYJLOSRBHATFYFFDQGPBLZZYCEHANRCRUERQJGHOOXONAAJTBHICBNUAQCRLAGMNSHIQZWANGTIPTIXUKZODFSRMEOESXGFLNRGPWNZGRLAGVAGI
[13] -6.9995  order=qt  Q5=INSIX Q6=BERLIN Q7=FOODAND  T8=[perm]04265173
    LTTOWGHMERFRURYCIAGEALSELAPDHUNKCKRQRMHDIOMOEBSPTTAEPLVBVESDXNNYDBKZPNBPFVWAIDIRIORBYNFOUTOLVYLSOLQXEWSRTZRDUOONTNMORZAWNKPPJTOMLOBNFVPOJKXLUCLU
[14] -7.0007  order=qt  Q5=WEEKS Q6=REREAD Q7=HAMMERS  T8=[perm]04263517
    HMFENOAEXETOITMOMEOUPSAEBUPICLOPKQONHEUFAQMSJRMHTGWMXTGFYLJBNJMFBUAEDXSURFEFCWCWZOVBZAAFHTBPIECIFMAUXOTSKLIBCIIFOCTIOCBEJKJKBVMGNATFMONXXAFREPAB
[15] -7.0023  order=qt  Q5=WHICH Q6=FILLED Q7=SUSPECT  T8=[perm]04263157
    EITEAOUEEDIYMMYEWHERIGEHTLYATUSESJURFVEXUZEOTTEYFJNUOHFDLFIIBBKOBBBPPEDTXOGXTDRWXSSRHOKLRAZTAIFIJDJNSNIETWQJTZLOOMWKFEWELKEEHPFLSVKROFATSVDLPGEH
[16] -7.0037  order=qt  Q5=HEMET Q6=WHATHE Q7=RESIDUE  T8=[perm]04267531
    HEELINSAPSCHMERBWUZERKIELOPATHTPHTUSHGAVIPYEXQFKMAVWGNZNCTDJANKKZMHTZYUEDMBYWYXWORHOMCGGWWJUXNATVRPRFAYZLUTTOIXUTBVCKIEZZESICZCOHRAZDTEDQWEDRSOG
[17] -7.0047  order=qt  Q5=FORGE Q6=ILEAVE Q7=DIGETAL  T8=[perm]04256317
    IDLBSUPNNIAROMOFHREANDRYVANIEDPDAOKMXCOMWHMBSLNLMSJKKNZSYWNSWAGASDSZAIKMYKPSIUTLAVEADNUANMQBAAUSXEHEZKZAKDXMIBLETGJMBSICOOWEBTMCRGAAPNWMVWOGJJHR
[18] -7.0056  order=qt  Q5=SPLIT Q6=ROADTO Q7=IPICKUP  T8=[perm]04236175
    TYPLCIADAMAOIWERSERYLEIINPELVOUWZOGHKPCMAJEXIELTMRFNTSSTPCAMUBISLUXYUSNCXPMSWUYLNCZHKFZYGDYLANVDKNEDURROZFTPPOGWRCCRMNNYEFGNNYPIRACTIIQEMDPOUQHD
[19] -7.0121  order=qt  Q5=ANVIL Q6=ENOUGH Q7=NEEDLES  T8=[perm]04231765
    ILTOVIEORHVIDSOBENKEISTYUKAXCREMONHKMHYVAEMYBXXSOPOVISONEHYUNHGDGFWMAOAPGPJTUPTENNUYZIPUGWHCVFAYDXCTIRVZEKWNMGJWCRJEGGMBMZCLAILCAFBIWWCLMWPRMENN
[20] -7.0127  order=qt  Q5=GOING Q6=SAIDHE Q7=MOLDING  T8=[perm]04273615
    ITURRTIENSISHAREMHPKMSBETOPOOHTZTDDXLRAYMMONVPNYZSUKUAGHJJLBQSVIVOJAEGYPNOFORHYSPBNACREYDTSCZGPRUEVLYMBBXXJTNOVFJLNENWFOWESTYOSLGCPZYSWNOXVLPJFP
[21] -7.0169  order=qt  Q5=OFHIS Q6=FILLED Q7=LETTERS  T8=[perm]04253671
    MCATICCRINSTRPAGREOLOFSUEFFSGQNCAARBXAIXUBRCHUNVTHUZOESMBUEVKBYWKTCTOUHGRXUXTYQJIFINESIPUJIUMTNUKCZEKRAIDRSNWBQTUOALHIKNNEEOTWQKYWMETFVJARFWDPPD
[22] -7.0207  order=qt  Q5=PRIOR Q6=FINEST Q7=KRYPTOS  T8=[perm]04265713
    ETSYSYSCASHEVENSNYVMORDOLMLENETUEEEANBGCXDLINADPHYOFDNPRBNYPCUVWQEUICKIIYMOGQYZHJVIEAOINLELLZUTPADXOCEVNGZSNBRGZJJHQTDTROVCVDCOTFRSHPHFHXJMHREQQ
[23] -7.0219  order=qt  Q5=INTHE Q6=THATIT Q7=LOGITEM  T8=[perm]04253716
    JCMAGUSTSMADCNEWARUPNMIEPAOLDREMBPSTOCTSWSNLDGXBRYRVKZKTEAZFOMBTWHZVSLYNDXALAMCQTEEHHPGZZURIMCMLLDDZPISOPPRKUEAYRPRWXYQKWQQKEAYFTFEKDHRXEREADITZ
[24] -7.0242  order=qt  Q5=INTHE Q6=MANNER Q7=FURNACE  T8=[perm]04275631
    AKMUHILYTIANWOODWITWHISJEHUSNDSYNXLTRYZPPODODWJAQVZOKDGHTNIIHAOLESAYVPCCBMMXMTOXHALFOACUKFQCJOZLOVPUNSIWXQIAPVKLDOZECCVWNITKLUFFTRFGPROXEXZDPLJC
[25] -7.0309  order=qt  Q5=MEHIS Q6=ANDTHE Q7=TEACHER  T8=[perm]04267351
    WSEECASPVPEEVENTVOASTONSEMDUWFITEDPMTMSJUGNBMJBHHWIPWTWQPBOGIOENWGDKYCHEPIZZAFDITWYUPJCWIOFSZUEVVDNWAIMKVHTEWKROOTCFNWLQEOGYLDVTSOZWHTSOKWASLGBI
[26] -7.0330  order=qt  Q5=DRAWN Q6=TOWORK Q7=WRITTEN  T8=[perm]04251637
    IAWINTIFEXEISMBTEYFIAPARSXACCREAIREZRGRFJTDMDYUMLEQWVQLMAPYWDNJFANYTAAGUOICIFGTNTHVVKUCDTCOMPWJNCHOUQVPOTCELWFZISLLAKXIZSRFBLIAPPSTTSBGQYGYVNDCC
[27] -7.0352  order=qt  Q5=GATES Q6=BERLIN Q7=GILDING  T8=[perm]04251673
    MAQCAKENOWHOWTRRISCPSUBPCTICLAYFPNJUPBPQLENZLAJOOYZEOYMAASXYMZUOMUFNAHSOYIACXAXALEPCNXWALUTYHUCKLLWSRLLONTPKZBDYOVXAOANHEGOZBZADCRYOEXBUYFYSVTVZ
[28] -7.0371  order=qt  Q5=LEAVE Q6=SOLDER Q7=LOGITEM  T8=[perm]04217635
    FTOKLMTEHOCTTRYONCEWARNPRUPOSKTFUWDWEIWIZLHIKQROLHIDRZWMCHUNRDWNRNOTHDYRORWPNAZMMFFWFZAMULWHOHPLWWMQOLRANVGMEQXBYNZIVGAFNIATISROFWGNOSWQWOROXDRF
[29] -7.0375  order=qt  Q5=BOOKS Q6=MYTRUE Q7=MASTERS  T8=[perm]04253716
    BARCOOMHUANDTOMOVTHTIBSZONSOLWEPPTLPPRSABZPIZBZDGMCQTZRCRAHULYVQQUDKAEYXYCBERCAMZUHATQEFKPSHMAYDRAKOEADIWFAZSURONBZRBHHWHRADQNRUYOOLAGAITFUDNTTL
[30] -7.0380  order=qt  Q5=TIMES Q6=COPPER Q7=ATURNOF  T8=[perm]04251763
    SJKSAIECHADEVETDANTWHALCLINDRDSNCUUYOVLWMVDJEGYPOHLGTJXTPLXPVEGMAMFANPXRCTRQULLKAGAYXXZKLRGSCOPJVDRODDKWMADKADRGRZNOLUMMTAXCKRCBPXEPWDPYAFIGCUIN
[31] -7.0383  order=qt  Q5=OFHIS Q6=FILLED Q7=LETTERS  T8=[perm]04273651
    MCATIOCOINSTRDASREOLOTSPEFFSGGNJAARBXZISUBRCHUNVTHUZOBSUBUEVKMYGKTCTOLHLRXUXTKQMIFINEAIYUJIUMENHKCZEKQAVDRSNWAQOUOALHQKHNEEOTNQTYWMETUVAARFWDZPH
[2026-10-04T00:52:52Z] chunk 2300:2400 exit=0
[2026-10-04T00:52:52Z] chunk 2400:2500
progress order=qt perms=100/40320 candidates=107318484
vocab: 119 x 123 x 141 = 2063817 triples
T8 permutations: 40320
candidates: 206381700 in 24.3s (8.50M/s)

==== TOP 32 HITS ====
[ 0] -6.8474  order=qt  Q5=MAKES Q6=PHRASE Q7=SMELTED  T8=[perm]04351726
    ZRCARERNYGOTHTATTESFTFICAAUZAFEYMEDIOIEBPVFRWONOGSAPEUSCHLMAPTKIXTNNIRNELOTNDKKROSUCOGAXEEJEIETATUYLEMEBVJBMWJDNZRSSJPHCBJVXZOKPITHJWYZQTCHDXENN
[ 1] -6.8757  order=qt  Q5=STEEL Q6=METIER Q7=YEARSHE  T8=[perm]04352716
    KUMICTHISANIESWISETRFESWWLUOSMFXYMRIKEXGAONEGZIRWHEYEPPWMCGVXAEEISUCCATOUMQQAPMWTGHMCCEUTITUBATRIGYOVUCBAJUUXSJGGPZEHABFFMSHSKMYJCEKVCMYMUAREGAN
[ 2] -6.8845  order=qt  Q5=STILL Q6=FILLED Q7=PATIENT  T8=[perm]04327516
    OUINTTRALBARBECACDMMSMSBIBASZSUCSOBODLLUYPLOPIDSTCLPNGTATATZZRRONKNVECPWKQXGHTVEPSMDHQRPNRMJUYJFJFJAZISQRGMEDKXVBMHNVACEVLWRRIWEKNOFOUCATPUTWTSB
[ 3] -6.8926  order=qt  Q5=ANVIL Q6=PHRASE Q7=CARRIED  T8=[perm]04371256
    AKINOMISCFAAMANMYOCRIITOFACPKOSGEAMWTUWRHDNBVSVPCMDROPUJZSLFPYTOXZXFEFRGOLZTXZAESCCOLDOAVKQVTXCAMZNLSITGEXESCNUTKBEANFDDTHECHFERUCYTRTZMBYPZSSAJ
[ 4] -6.9140  order=qt  Q5=INTHE Q6=ALPINE Q7=LEAVEAT  T8=[perm]04315726
    GTALYALRTSJEDYISCUMBEHODNTENSDHBOTXAVFRHWGNYQXGOFYIGIVRIISSWUZKNGLXOHHXSGJJMLIKWRMBFEAWAHEUEJPAPMYFEONVSUNJMEBIOWERRUITNHRESEMZPHEWBUFZNKLEBHOSE
[ 5] -6.9440  order=qt  Q5=GATES Q6=FILING Q7=AFEWHAD  T8=[perm]04316752
    QLINTHEGMALMODAALMYINUTAMOFGNCAUHAOLYYIJZLGSAVDPTNDUHSAGWOVZILESLGATPIOITQUQWLFKHRVAUXISHHXCRDLKZXCIPPIESOYFBTDEAEFTJKRSDEXSJTVTZITMDCZLEFSCFOJE
[ 6] -6.9490  order=qt  Q5=LEDME Q6=ILEAVE Q7=ONLYTHE  T8=[perm]04356217
    IKRISCPIDESKINDPTRORQCHNOYTHESQGXNALHVCMEHWJYUGRNETNKHMARDBLMQDAYRNSUUKBITSLILUGEJYRIDEAHEWOQXTREBDEJPJUSDLYNBOEKTINYJJHVUFLROLVMVGCKNNCZHERJSRO
[ 7] -6.9564  order=qt  Q5=RIVER Q6=BYNOON Q7=OWNHAND  T8=[perm]04356271
    FAOFTFAMOUREOJFLIDJUPAIRDAGOCTICROCZGWVNGMMBYRWGBMBINDTOIGTAFKLZZDDSIBAIBOOTPWONAZYRSEWWCQUJVONQCDCNUOBHCPKSUTBCOHTFGRIRISSWWHQNITLMVILLKHQRXKTU
[ 8] -6.9595  order=qt  Q5=INTHE Q6=ALPINE Q7=LEAVEAT  T8=[perm]04316527
    GTALYSDCTSJEDFSOCUMBELOANTENSAHEOTXAVWRPWGNYQRRHFYIGIIAJISSWUVOLGLXOHLNBGJJMLKIWRMBFEOUEHEUEJTGVMYFEOMWSUNJMETVYWERRUSTYHRESEOODHEWBUBCGKLEBHGQI
[ 9] -6.9626  order=qt  Q5=FOUND Q6=METIER Q7=THEYARE  T8=[perm]04361725
    MDESIALPURUGHOUSRISUSIFEPGTUVMSVLOKAVWINHATKJAXTIAHWKZMLIMOYLQKRNQUXHGWRAIQRSSMKWWODHILDURSMUHLQRYNCFDAGHJCAIFWFRAGTFTSLPUGOKMLITAFFFJOMJURBPYKD
[10] -6.9648  order=qt  Q5=GATES Q6=FILING Q7=AFEWHAD  T8=[perm]04316275
    QLANTHEUMAMMODASLMOINDTIMOCGNFAUHAJLYDIWZLTSAEDWTNCUHHASWOXZIBEGLGOTPMOHTQUQWBFCHRMAUFIVHHOCRVLAZXCIPRIGSOOFBODAAEPTJIRKDELSJSVCZIDMDLZPEFYCFYJM
[11] -6.9678  order=qt  Q5=TRAIL Q6=MYTRUE Q7=STILLMY  T8=[perm]04365172
    XSUCHATSCHTWEMFELAISWOKCALQSHEDQULKPDJTWUGOWOYBEYKHEIIQDLRFVIUWXFLGERXNTLXQSCWSAJPSGOHLGOQCPNBEIHANKSJEEJSHATEHCPYLSSICMULHGMONRTUBICEBVUWENCMKV
[12] -6.9735  order=qt  Q5=GATES Q6=FILING Q7=AFEWHAD  T8=[perm]04316725
    QLINTHEGMALMODAALMGINDTAMOCGNFAUHAWLYDIJZLXSAEDPTNYUHHAGWOOZIBESLGTTPMOITQTQWBFKHRBAUFISHHFCRVLKZXEIPRIESORFBODEAEWTJIRSDEVSJSVTZIVMDLZLEFCCFYJE
[13] -6.9771  order=qt  Q5=INTHE Q6=ALPINE Q7=LEAVEAT  T8=[perm]04317526
    GTALYSLYTSJEDFIVCUMBELOANTENSAHEOTXAVWRPWGNYQRGYFYIGIIRVISSWUVKVGLXOHLXPGJJMLKKFRMBFEOWCHEUEJTAYMYFEOMVAUNJMETICWERRUSTYHRESEOZJHEWBUBZWKLEBHGSP
[14] -6.9812  order=qt  Q5=INOUR Q6=SUCHAN Q7=LOGITEM  T8=[perm]04315267
    HSFMOUTTWEDDSPNFINEDLIAFEAROEMSHOQZZPRGUOLZWMSLRMBVBAHKXCFXSPLHEIPAAWEASAFMIISCWYKZCVCWMKCRAILXUICWYEMOLEQFPFUTIBYFTVESTULSAPVXEUPTVARRBNIQKBFHA
[15] -6.9820  order=qt  Q5=GATES Q6=FILING Q7=AFEWHAD  T8=[perm]04316257
    QLANTHEUMAMMODASLMOINUTTMOCGNCAXHAJLYYIOZLTSAVDFTNCUHSAHWOXZILETLGOTPIOLTQUQWLFKHRMAUXIDHHOCRDLNZXCIPPIESOOFBTDBAEPTJKRIDELSJTVEZIDMDCZEEFYCFOJI
[16] -6.9821  order=qt  Q5=SEVEN Q6=EMBERS Q7=AREONLY  T8=[perm]04327615
    YLDITMINFORJTIGNOLLILDMEXWEAELFCKNMODIRLHYAHPHVOGKSUSJTSYFGEMLAGAWWTYLAKGAWUNWCZVWWVCRMFROUYPKIBFTRLYVMZDIRRRDFWABSKJLMCPKCOEYSABAAERHYSLMTRYGXY
[17] -6.9858  order=qt  Q5=PRICK Q6=BRONZE Q7=THEBARN  T8=[perm]04371256
    EXBSESNOTAEATLEPLOMISKERLSAIMIUEVEASDOMHCNKQZLPQRRPWFLLXMQQVDLXTINTHWBLXWPQSHEROZWAYBQCULRDSKBKNIDKIAKHJIUPPPOORNAGLILHSVCAEVAPHGAUSQYOKKLHQEOEI
[18] -7.0073  order=qt  Q5=TRAIL Q6=MYTRUE Q7=STILLMY  T8=[perm]04365127
    XSUCHATSCHTWEMFELAKSWOKXALLSHEDWULMPDJTOUGJWOYBKYKSEIIQMLRUVIUWIFLDERXNALXPSCWSXJPMGOHLROQWPNBERHAUKSJECJSGATEHDPYYSSICAULFGMONPTUKICEBTUWHNCMKN
[19] -7.0088  order=qt  Q5=TOOLS Q6=ALPINE Q7=ITINTOA  T8=[perm]04362571
    KULLHNSDBDUSESIWITEINATARMTIONUZEPBQLHRADGWSLINKSHUNLNPJOGLOGFUZZNGEGNFKTOBOYRIPIYUSMWHZMEURVNVYBIDWBCEAWSNCEJYFXCGIJATQSOUDMGLHPDAXLAQBLJUDRBTM
[20] -7.0104  order=qt  Q5=INSIX Q6=BERLIN Q7=FOODAND  T8=[perm]04365172
    LTCKWGHMERSAURYCIACIALSELATCHUNKCKLTRMHDIODGEBSPTTOGPLVBVEYHXNNYDBFGPNBPFVKTIDIRIOFWYNFOUTKVVYLSOLJYEWSRTZRDUOONTNTNRZAWNKZAJTOMLOGHFVPOJKQUUCLU
[21] -7.0166  order=qt  Q5=LASTA Q6=THATIT Q7=THEITEM  T8=[perm]04356271
    RFINLNEWAXKEAPNEUHTELLTOABIHAVETSUEZBCHLUAGFJEXKERGSXCDUDGCIPTEBMLUGJUBUDZHWNPZCYEJIOMZGCERGAUYVPSPWPROLAIANOIFDFNDCDKTEFDABIOASJXQWBESDWVGRUMMJ
[22] -7.0203  order=qt  Q5=GLASS Q6=REPEAT Q7=STILLMY  T8=[perm]04315762
    SNVBGORINACHYMONITIBIOSLCSOVEPEUVOZREASLKXVWLCSXYXSEPONZYHCHWVBJEMHYEZQVBCSGATTKBMQPAVPGYFLTQALSIAPREAUCYDFHTGOGLANHLOEJPRIFLPJGHZGSKEPLNIEURMDO
[23] -7.0204  order=qt  Q5=INSIX Q6=NUANCE Q7=RECORDS  T8=[perm]04361257
    LILPCEANZEMUNTARLLAHOESTESTEOQTXCVFWDVGVTHRWRBMCWFMAHLQDRSSRNVLYDCTCSWZBWSKEZWXTHEWCYLYVAQKWDTYSPFUQGERXYFTHINBVUTSHRLLOYZLEOBOTAFOOOOLARSHIKJNO
[24] -7.0250  order=qt  Q5=ALLOY Q6=KNOTIN Q7=TOAREAL  T8=[perm]04362571
    ISESISLALAHOTSYTIYWITLUNTSHTSHAPJXSQEBPICCPIRITTIRIKRJFRYEINDVWASJKJUXXOAAPEDMAGYQEKHLBJROIXAXVDRLOELAZIIZDWVEURRFSYUTDRCZZKXMWZULRYYYUXRIFYASTH
[25] -7.0295  order=qt  Q5=ONTHE Q6=ALPINE Q7=LEAVEAT  T8=[perm]04317526
    WTALYJLYTSKEDFISCUMBULOANHENSAXEOTXLVWRPAGNYQEGYFYZGIIRSISSWOVKVGRXOHLBPGJJYLKKFEMBFEIWCHEOEJTAFMYFEIMVAUPJMETZCWEREUSTYXRESEIZJHEABUBZAKLEBXGSP
[26] -7.0332  order=qt  Q5=STRAW Q6=NUANCE Q7=TAKEONE  T8=[perm]04357261
    WIOOSIGHETUSIKFOIJESCOAUSEDEDSIADUBPPMANTDPCEEPNKTOOGXCQGDWVXMRFISGDOWRVENWECRBPLXNFKPRNESTCNHTLCEKZORUXXEWYLLAGWJJLFBZPILJIWJGNXWDEOROCDNGESGPU
[27] -7.0372  order=qt  Q5=INOUR Q6=SUCHAN Q7=LOGITEM  T8=[perm]04315276
    HSFMOUTTWEDDSPNFINEDLIVWEAROEMCEOQZZPRUGOLZWMSSFMBVBAHBJCFXSPLOQIPAAWEDPAFMIISKSYKZCVCETKCRAILDCICWYEMPNEQFPFUOHBYFTVEUIULSAPVKCUPTVARCKNIQKBFED
[28] -7.0382  order=qt  Q5=METOA Q6=ITFROM Q7=IWORKED  T8=[perm]04367512
    TCKCOMILMAVWXYOUARNUNIKEDMCROMCRAIMZDFVSTBYFLAOLAMZEXYHKJMVIUGDUNOVPDPFMAOGZAUKODKSBCPCMVEJBUPRPHYFLMHBZDORGASZZGSHSOJRRLQZHZIPLJAROASLDLLONTWPK
[29] -7.0393  order=qt  Q5=IPICK Q6=FEWHAD Q7=TIGHTLY  T8=[perm]04315267
    UVHOSXTLEFECDINYONLINMGAALWEDMKIAKJUPRFVZSVCOAAQHSXXXCIXXMDLWESDSFMAIYQULCOCUMOBIJCQTCZCFGEQAPKTNZBNEMIAHAMYNSDUEGAIXUBROLCNXUURNOTIADTBDHQRAMTP
[30] -7.0407  order=qt  Q5=SHARE Q6=DREWNO Q7=TRIEDTO  T8=[perm]04356712
    SOHAPDERNWDWASELSRMRELFURWHASTFHUTOCBLLACWIITAAEUYBYWOAGZIYHYLNEWQHNVEIRZYKVURCOGLVTUPDAYRFNIRXNWAYGSWMFFSSGSMKRANOENGJFTDGFHYQKEWIVHREFJLUWYOCI
[31] -7.0421  order=qt  Q5=STRAW Q6=NUANCE Q7=TAKEONE  T8=[perm]04317265
    WNOOSEGHEWUSIAFOICESCFAUSIDEDYIADUBPPMANTUPCEKPNKZOOGPCQGCWVXNRFIAGDOVRVETWECJBPLCNFKMRNEGTCNATLCQKZOMUXXEWYLLAGWVJLFYZPINJIWHGNXSDEOMOCDKGESSPU
[2026-10-04T00:53:40Z] chunk 2400:2500 exit=0
[2026-10-04T00:53:40Z] chunk 2500:2600
progress order=qt perms=100/40320 candidates=107318484
vocab: 119 x 123 x 141 = 2063817 triples
T8 permutations: 40320
candidates: 206381700 in 24.7s (8.36M/s)

==== TOP 32 HITS ====
[ 0] -6.8078  order=qt  Q5=TRAIL Q6=HAIROR Q7=TELLSME  T8=[perm]04512367
    TSRSINUPLTEGINDTOATKPERSETCUSGOMUSAJANEJEBZQMVCDWNYSOSUTBLOTTIGLUYFRJBADNTCCJLRLOPQUENORSTDYROBVMYEIQPNTVOTMBDYRUQNTSPUNMNCGBTULLXNDTNZYEPPWKRDP
[ 1] -6.8083  order=qt  Q5=UNDER Q6=IWROTE Q7=ANDLOST  T8=[perm]04532176
    CTNMATCAROUTWHERUTBYAFSMKLLYBEWAAPORSAEUANMQPRBQAQLGPRTVROLAGNVWTONFQRLWVAHESRGAYNTEWTVSFVZLTFEDEAKYERHSADOCEEFEJLIFPBVAMCQWEDRHJATWATPSQSMIQWFK
[ 2] -6.8123  order=qt  Q5=ATTHE Q6=WERISE Q7=THEMAND  T8=[perm]04376152
    MDOUNDPSPDITBEUPACUYIRIVAINGSTYHEPGYMSAASYOOMAAGJZTXSFONNSSRLFRPWMTITDRUNIGHGVVDIVWSBSBKOZNNIATIONZBVGECLLJHZDQEWNVNJHEUPCNDFFLIFFTEZGBKSDSBESPK
[ 3] -6.8367  order=qt  Q5=GATES Q6=HEWILL Q7=SHADING  T8=[perm]04516723
    NNGEONSMDESALLYOWRDPDITAPBLEVOCFAUVTXYVIIDWKOSEGZXQWPENHMPETFTYALGINEPBCSEWEVYBBUKXEQPGNIXACNOSUEZSCCHFPWSRFNBMBDOZACLKPSNPRSPUSWYWAOLLUKAUSATVQ
[ 4] -6.8611  order=qt  Q5=ISNOT Q6=MANNER Q7=CARRIED  T8=[perm]04513726
    DOBIGIGTRINISTHSDEFLICYCDDTUOTCKVOAIYWIGRTROLCTVTRPSPANNQLPDSLISSAUPPTHANTPYSKYQSWWBIFKCRXTLIGLCJLGINHMUSWIKTHUBXBPMHSIMATRCVQCYGCRJIXQUJBOPSBOZ
[ 5] -6.8835  order=qt  Q5=STEEL Q6=ANNEAL Q7=ANDWILL  T8=[perm]04513672
    SCAUTYEDCRDRNOTDAASFLUOFFAPTOILQTRZDPDXIBCERUTRYYTBANEDYXUCEKRMLELIZLMRSPJAGOQUUNALOIWINZIPCESNCWSAXWTEZFJDCGIRAFKANJJWEIEIEASLLXBVVRBRIKKRWLSTH
[ 6] -6.9000  order=qt  Q5=TRAIL Q6=HAIROR Q7=TELLSME  T8=[perm]04512637
    TSRHINGPLTEFINETOATBPENSETCUSGOMUSAWANTJEBZHMVIDWNYZOSYTBLOETISLUYFKJBBDNTCMJLMLOPQEENIRSTDCRORVMYELQPLTVOTHBDSRUQNXSPRNMNCMBTJLLXNVTNGYEPPTKRPP
[ 7] -6.9118  order=qt  Q5=PEACE Q6=FILLED Q7=THESAME  T8=[perm]04526317
    AAJAHESUMANNLLOFURTXYEACTIROSALEMHABVLBOSIXIYMUROHGFDYLWVBOFSWAAMVUMQXKHREBQKBFUIPRMNCEVOBHDVREGDGWYUUNYKITIRACRINGBNGDJMPHYBVUSRBFLSLMNSITUZXUE
[ 8] -6.9377  order=qt  Q5=TIMES Q6=STREWN Q7=EYESARE  T8=[perm]04512763
    OTDNAMISMETOPKYTOIIYLSARISKPEINIWLKSDLHRDYINWWYICKZIGLOSROWSEUJSWJLQZCBEVVAJDAVETTBEWOEGLHMPGOFDPQVZBBIYUHAMOWASEIMROZAVCHWGMFBEIDKIRNATJZSIAFGV
[ 9] -6.9472  order=qt  Q5=UNDER Q6=IWROTE Q7=ANDLOST  T8=[perm]04532167
    CTNMATCAROUTWHERUTBYAFLAKLLYBEQDAPORSAPPANMQPRNCAQLGPRVTROLAGNOHTONFQRHKVAHESRVXYNTEWTBQFVZLTFZVEAKYERJTADOCEEEFJLIFPBAVMCQWEDZJJATWATUHQSMIQWIW
[10] -6.9554  order=qt  Q5=TOHIS Q6=HEWILL Q7=JOURNEY  T8=[perm]04376125
    MMIERINDIOXEIMMIEDYITPPOFSREBITTNDAGCQRKSPPGLJCOSMFGYRRTDONLLDPJKOKNIKAWBONZCEGOGCVADSRAASRSMBIKULMVTUXJBBFHXTCMJUEGARABXXYWHNGHOBYFSBKNEBZUSEXD
[11] -6.9643  order=qt  Q5=TRAIL Q6=HAIROR Q7=TELLSME  T8=[perm]04513267
    TSKAINUPLTUPINDTOAAWPERSETSXSGOMUSMOANEJEBYLMVCDWNUGOSUTBLYATIGLUYIXJBADNTQXJLRLOPMWENORSTERROBVMYDJQPNTVOKVBDYRUQDGSPUNMNVKBTULLXIHTNZYEPEIKRDP
[12] -6.9698  order=qt  Q5=FILES Q6=SPLITA Q7=GILDING  T8=[perm]04372651
    UHISMCOMIBEIFNEWMOAILASWEGMWYFONKULMWUGTPRHIRDNTATHAPEQNCJDMUCMWPGGYLFMGLBCCRTKLYADDUBZUYRBAETQSEETFGHSQPKGZRIUWPBFTARTUHATONBRCNNPTKIMIOWHMAQQI
[13] -6.9836  order=qt  Q5=INSIX Q6=HIMFOR Q7=THESAME  T8=[perm]04561237
    NMTHABAVEJUNJENONKSNIBAFISEESPAPMUEFFMRWKNPPHEJEWITYLOLEGDBIMIRSELBMGJKIKECVXMKBYFNETWIYOVKCVKODKGAVIVKVFJOUNQIXVECJDNJFTPOSRNAAQMPTOEPFTDEIFUUH
[14] -6.9888  order=qt  Q5=LEAVE Q6=QUENCH Q7=STILLMY  T8=[perm]04526713
    CEMISNAOURVTCACANFZIPANLEEAINGLLHZMPXAJTQQHITLGHNSIARRCEKJJUKLVMTKYTGOFMIATTEYREVLPHCZGODTRUFBYMYJHDOSRCIWJTULREIFRFIEBRSNCDDGEPJUJAAVBOWRCYISNO
[15] -6.9904  order=qt  Q5=IKNOW Q6=ISTUDY Q7=THELOST  T8=[perm]04562137
    MNSTONSMCMUGHEBVATHIDMIUTHAVEPSQUNPETHHLAUFVPLSCGMZFHJPRQEJTNPCAANFJWIUAFTIZNTCMOVIRTSVUFCOEWRJETISHDPHRBPWALSIITEMHNCYFPMBCCZZPMUTBXTMPASXSKOPF
[16] -6.9982  order=qt  Q5=WHICH Q6=ALLOYS Q7=GOODBYE  T8=[perm]04516372
    CIDINEBYRIENTINGARICBELTYZDCSLBZCXGCAGTOEJRVOSKXDPARAOCNDEUCJBZNAJMADASUTANYSUKOLDAVFVHBGMMVWNGDYDOQJMIMWZNLYROCARIBIANNFBKGTSHPATLBPSXCBHMJVJYH
[17] -7.0018  order=qt  Q5=MEAND Q6=GILDED Q7=ATURNOF  T8=[perm]04526317
    HLSCPCTMMOCAPSPHESAFFILICHHENMLJSXAJOAPRTHQINICHNFBCISTANZEMTDSRPWZSWOBXJSWZZOEFOXHAJTRBCVWASHLFVFDQVKSOKTHOUVAAFNPXAAZHFNNGVSLJAUETTTPREPSUAIES
[18] -7.0047  order=qt  Q5=PRIOR Q6=THATIT Q7=TOOLSOF  T8=[perm]04372165
    INGJUCTMIEYITIBRASXWETIMELTESAYIUEFGWSPPIDRQYFZWJSLMGEBMJILNILFWACVYUSXHAVALOCRWHEIQETZRSTQNANHRIPPFWVUPNSKJYNXWPMOUHLQFCICORWODUBDCORPURADGCKTL
[19] -7.0089  order=qt  Q5=EIGHT Q6=METIER Q7=SAWSUCH  T8=[perm]04527316
    LHETAUKDATEDHGSTOTOMTABROWNXZTLEEQEANPJKALDUDFIRLWZXTMUVPEHYTSSASEEYETUUPDHWNCNCQGTNMFDJFAWBDFFSCBPMRKMELAASJTJPATYTHMYTELUEXQPLWLJOLHCEYTYPYPIP
[20] -7.0091  order=qt  Q5=PEACE Q6=FILLED Q7=THESAME  T8=[perm]04526137
    AZJIHESUMBNMLLOFUNTSYEACTIROSALEMAAIVLBOSUXCYMUROUGODYLWVRONSWAAMWULQXKHRYBPKBFUIGRBNCEVORHLVREGDEWTUUNYKNTERACRIZGYNGDJMXHABVUSRVFPSLMNSBTYZXUE
[21] -7.0100  order=qt  Q5=AGAIN Q6=METIER Q7=TELLSME  T8=[perm]04531726
    WONTAJOLYFENEINHGHEDEEDCONOHKERZSMLYLITEYZMDROSRNXVYZSWVACPZWZIOGNXKRMRVITFPXLHEGJYDOFMCKREFFLFKYJWBELGKOUTITTETIHXFOITBEAFBKRASYCMRKIJLNDHYBRRZ
[22] -7.0241  order=qt  Q5=TRAIL Q6=HAIROR Q7=TELLSME  T8=[perm]04512673
    TSRHINGPLTEFINETOATWPENLETCXSGOIUSAOANTBEBZPMVIUWNYAOSYVBLOYTISKUYFPJBBANTCCJLMKOPQZENIGSTDURORDMYEIQPLSVOTIBDSKUQNGSPRTMNCQBTJILXNTTNGQEPPRKRPS
[23] -7.0268  order=qt  Q5=METOA Q6=PICKUP Q7=WEEKSIN  T8=[perm]04371625
    BPWECESCANASSABDESDSGOSGWTONAVBUTQESBDERDLLGHMIZDGSSCFKUERCORVABIFSFCWEZGRNVBYGDHAXHGBLAKHAIDLFGVACTVTOMTSVVQFRDIVOVYVGHIERCOYXHGRWJDAPTYEJZZHVC
[24] -7.0298  order=qt  Q5=BERNE Q6=FEWHAD Q7=COUNSEL  T8=[perm]04527163
    WFSUNGANERONTOPDIFUSECEILIYEUJZYNAOGOLWCFIZRFPWYIQESANDVENIWYBOKOBBOEUVMWCPZXCOTLLMSHLCJKBPYODDILIYHDBRTHFLBTFWOQXPPHPCEVMRPNEBORFFMSSPLWIRWCDDY
[25] -7.0315  order=qt  Q5=COUNT Q6=BRONZE Q7=BEGUNTO  T8=[perm]04562173
    RVRHUMALWEBEURVAEINTHERAKEPXTJLGTCSFCIUJKSGONUXEOFAINOOPDHERMOOKHHDBDCBNILNKXIOWSOKLKQHPUULNWGJBBLGDZEOVZASUSJVDCLJDZEXPNJREIUWARFATYLGRCANKRODH
[26] -7.0422  order=qt  Q5=TOOLS Q6=TOWORK Q7=WRITTEN  T8=[perm]04527631
    UDBUSREALQTEBEURATAYGDCANTBEICLPLAHOWZAZVFIXWOLBWMNNXATTPKPDJQMWQTESGANFASDUBRDUDFQYGOODDJGHORPOOIJBKGOFLBANPZOMBWVGVBUFFLFHTWPECCXKBKKDXRECZPEP
[27] -7.0431  order=qt  Q5=TELLS Q6=CHISEL Q7=CARRIED  T8=[perm]04526371
    TIMIEDDANAWTLEAPOTLETLTILDDANFPHYSGUSMAOFXFINAGYRWUAOOSJNAAIKOKHTRPRUIQETKAERFHQUQXTVJWHIZLSUHUEQPFZTNTTBUEBROLFKKOGGUPQRJEWQINYOEPLKOSOEGSYUJUT
[28] -7.0488  order=qt  Q5=LASTA Q6=ISTUDY Q7=TAKEONE  T8=[perm]04523167
    JNITUTHOLNRWHOOREWBARERAKFLOFKBNBAFLTFGAMAVATUZCABNTALPMGOVVLCZBTYLREXIADERJOLINCIYAQERHGFWVLGNCDUIDNYQILRJGXVZRLNZAFCRYBVWMFJHWTLRSTOXFSNOKXOWN
[29] -7.0489  order=qt  Q5=EIGHT Q6=GUTTER Q7=SAWSUCH  T8=[perm]04375612
    VTAMANWEAIMINHALOTLCTHEQDGIEZONOEOESXCREALTYDPSXVGTFTVZRPVITCWBFSEIBEVNRBKPONRXUQXNFWESHFAUVDXNAHXQARWWCLMAPURNAATRLHINDJANAXVRPWYAQVNIUYTKRYXEV
[30] -7.0500  order=qt  Q5=TIMES Q6=FAILED Q7=TIGHTLY  T8=[perm]04517263
    SHNOVEMELPMLASURIJICFASORSNSTEEAFUSVLFMGSQNPACLOFTLALPCNQFTABYEDVWSQUFRTHEAQOWPUBRYPXIURSAVAFWJUAKHSMCFDJIYZLWPGTERJQPYUJCHDHTCBZVEBTWSKQEMUKNWI
[31] -7.0502  order=qt  Q5=IKNOW Q6=ISTUDY Q7=THELOST  T8=[perm]04562173
    MNSTONSMCMUGHEBVATHTDMISTHAZEPSLUNPNTHHCAUFEPLSQGMZQHJPNQEJUNPCJANFNWIUTFTIJNTCROVIITSVAFCOWWRJZTISFDPHPBPWBLSIHTEMPNCYWPMBECZZRMUTJXTMUASXPKOPI
[2026-10-04T00:55:27Z] chunk 2500:2600 exit=0
[2026-10-04T00:55:27Z] chunk 2600:2700
progress order=qt perms=100/40320 candidates=107318484
vocab: 119 x 123 x 141 = 2063817 triples
T8 permutations: 40320
candidates: 206381700 in 25.0s (8.24M/s)

==== TOP 32 HITS ====
[ 0] -6.8615  order=qt  Q5=METOA Q6=ALLOYS Q7=USEDATA  T8=[perm]04631527
    SSIORELOTHJIGMALTNOTLOOLCRBOYUSOUKJUCNMUHKINSQXVMGPQMADDORYGVAGSGCMVFYVKCIDJGREWVRYNEAYAMVILANNYPLPCILTMBPQNSFRLDXRYNNIAJCCRCTAIOFIFMGIJEAWFNDWI
[ 1] -6.8768  order=qt  Q5=BEGUN Q6=ROADTO Q7=RESIDUE  T8=[perm]04567312
    JQUNDBYUNENUNIFBALAWAUTAXLTSTASFNSSEDKWROQUJCEVETNKXYMSBCFSKCTODQRVNIWELEKVNADDLEAHEZLGFWYGWPRYJMLITYLPXYQHNLSTINIITKEEJRMAQTVONTXYNEMVDTENWABQC
[ 2] -6.8786  order=qt  Q5=ROADS Q6=POLISH Q7=ONLYTHE  T8=[perm]04615327
    LVSFREWTFREXTEXEKCALTHEXVETACTUOURCOSEUILLSNRSPRGOAHNTOCRUGLQMSAWMDOWFZETKHYEUWTUGEGSZYYFSSZLWXHPTHTVXBIONCOGSBCNTKXYOYJXLHSVVAEQDOWIHPLUMFDKEDD
[ 3] -6.9377  order=qt  Q5=TOOLS Q6=WILLGO Q7=HAVELED  T8=[perm]04627153
    EFAYARTSLYENITICHURAYHMUNTHEFVNFDSELXJOKDAOWVICPGJNBOOHPMDDIDICQYJEFNGSRAIPKOLBTCCBQPFWLEMPZOLBGFHOHAZPYSBIBPRBIOPVEINIJGNELMUTUBVZPXVILOOMOHDKL
[ 4] -6.9484  order=qt  Q5=ATURN Q6=POLISH Q7=NOOTHER  T8=[perm]04627315
    WABNTIBUCAVINGWDGEHABRENAHIPTORTWOHEUCYMHYTJKDQTSRMRPWUNHOXYTLYAXQGACHOUYONZVTQMGOZSOCIDEPPFLFCTANJOYVDYYXZPQYORLSQJNQUISKYOFQQLITSREZTAQJYASFBO
[ 5] -6.9797  order=qt  Q5=HEMET Q6=FODDER Q7=STUDENT  T8=[perm]04613527
    QOXCLOIMATEHORSMEPJEOIDSALKEYOULDKGNSANIQOETSNEXDSJJUYNPRTPRLTCDCHGDXPSASLJTAAYYAOJBXZZHZJLLYXGACKNRKVACUDGAUWWIYOIFVEPTLAYJHJLIVCSPYBROYGWENAJH
[ 6] -6.9842  order=qt  Q5=TOHIS Q6=FILING Q7=LONGAGO  T8=[perm]04576213
    NVITEFMOUSEUILWIEDBOASREYHOCOMBHEIUSEYUFYXDRZFNAOSZGHNRWIFFOOBSIXDLGNETRFXYKTEIPAEYNELCULINVXIRJUFUMTLFDEPHQHFGIGNUCZGYEKRLODXHDGBKNOXSUWOMDEIXY
[ 7] -6.9859  order=qt  Q5=HEARD Q6=NEEDLE Q7=WHICHIS  T8=[perm]04572361
    VEANYYEDSEWEGBYREFOSYZFOUTSLIAMJLHAPILESMBRROEOHEBNIRYKJCSCCATVYGCOIEEMHJEFNZHAAALETQYREKWKUYFERSQDDKLSKFNODZOZGJIWXMWYPKOUDSIGFEUINTDAQWTIOROKV
[ 8] -6.9912  order=qt  Q5=BUTNO Q6=STREWN Q7=RECORDS  T8=[perm]04627351
    EEETHDCORUPSBLNARESWMLOMLTINGONGLKSWUIZWWJDNKWZLSJRDYOAHOEEDGETEIGMFBXONFTDPCLNPRNKTBIDTIZQHMBOEHTSLSREFRQEEXPUCCMRIORAJVBBTDAMPCPRSQMYSEFBLGVTA
[ 9] -6.9967  order=qt  Q5=INNER Q6=CHISEL Q7=STACKED  T8=[perm]04623517
    VDDHOVTBYSTRIFTULOFGNECTHEYBYMERITMYREIARRGUMWHIAWGKUWAGHLAITUWHFAGERTOCVARINJODYGVFTIKMDMSKVJLRFPUBGZQBGFSTZYZORQTPQVWLNKROZNFOOKAGXZZVUPFZGPPZ
[10] -6.9979  order=qt  Q5=FILES Q6=FILLED Q7=MEATTHE  T8=[perm]04621735
    DZDIVETINAFLECEAUBOINITHEFRUJJESEXFMURMXRHKDEPHFPNAOYRVGTWAKKNVNKINDVIVEULJXVGUTBHUSDHYDSCOZIXLHDYAFJIITOKPORIWKLCVUMNVXFESBLCRMPASPVSEQTNSAYNOA
[11] -7.0077  order=qt  Q5=WOUND Q6=TURNOF Q7=LEGGERE  T8=[perm]04563271
    BDTILSOHRTSCYRENONBAXYUSSHAMICARJRZHGUAMCBEZLIKGPTJUUFSIOFYAJHPLYRZLLWOMNODTFOCWTLUBIFMEWDYVRGFRILAOOMLOLAVRMXITQZODEHFGCPKZSKMGOBLJKHEGEMBBBOTU
[12] -7.0168  order=qt  Q5=METME Q6=POLISH Q7=USEDATA  T8=[perm]04613572
    DPIWNPULLYFOLLPAKTENLURACLELECDHUPJGGOOZDIBUYDQZCDEUHFDHOEYAKNGMOAZYZHMIGDWDCNYHVTFEENYCREOYAVEBAEHGECBNTFLMWQRSSCJBNCXSQLEBRVEZMWNOVFEXAMERNKNW
[13] -7.0220  order=qt  Q5=HEMET Q6=KNOTIN Q7=ATLASTA  T8=[perm]04571362
    OSALMOPAFFDESITLEUVIAUGEVTWEWICDQUHEMVCKOGENINISNYPNQMDAOJQCBAJHOQOTMVDJVDLDKEKPIPIECTOBKFFPASURDRUSKEVNWVDIDEJMWAQMSPNLPRFHZSVPONIVEBPXRAUYWUIS
[14] -7.0355  order=qt  Q5=STEEL Q6=REPEAT Q7=LEGGERE  T8=[perm]04571236
    YHFFBOOFAVURINCETENUGEDTYISAUDWNXLJOLIGRXOXHBHHOHGOJPYANTCBFDZFWNUPGWXNOSFRWEWCYNXPFEGSYPLVICPVNNFGAQRUTBGUEPRTHYIRVDSFCPQBAWZQEENSAGSNPDXNKWHOI
[15] -7.0388  order=qt  Q5=ALLOY Q6=REREAD Q7=MORNING  T8=[perm]04623157
    KSSONEERUASULLOWPVEAFTHWEADYKWAVJJMODPZFOGEPEDOJMQBPLHSUMSWEOZDPHPGRGQOLFWZDVVMMHOQVZIVOOCNNETDRHPPROKICWAENPEGZUFLTUOTEBSALQDDCOXTHOBEOLJMXWSIY
[16] -7.0426  order=qt  Q5=BALES Q6=THESUN Q7=NOBLOOD  T8=[perm]04563127
    UGESEDTWORKSYLPRMITHTEIRSGLDOFROJPUQLERWTLAQJGHUFFQEONSQLESKEIXRVFMBEIYMYJNYUKWTOTUDLHEFUDZZRGVRCPOYCORHFDSPVIJLSWBYOROWTSUKJCHSBRBPOREYILNQEVWI
[17] -7.0466  order=qt  Q5=HEMET Q6=FODDER Q7=STUDENT  T8=[perm]04613572
    QOXCLOIMATEHORSMEPOEOIDLALPEYOUHDKUNSANAQOKTSNECDSXJUYNURTQRLTCNCHJDXPSTSLATAAYEAOTBXZZKZJPLYXGUCKLRKVAEUDHAUWWHYOTFVEPILATJHJLGVCHPYBRWYGQENAJL
[18] -7.0468  order=qt  Q5=HEARD Q6=ILEAVE Q7=FIFTEEN  T8=[perm]04567231
    ETCCKSSTOLAGUISRCLIFIGHITRAAUSSEQUKUMHXFLUNHBNPUYGEHROEBQBTUHYZVAFLEIRYAWDKCAZFBFWBACUPSXRMARMTPHRQHXVQJZAUCBYTDVHULUTOBPYGUOYSCHPCCUIWRWAONFAYB
[19] -7.0488  order=qt  Q5=BERNE Q6=SUCHAN Q7=WITHTHE  T8=[perm]04573621
    IKANURESILLPARTYSOUNOUNJYDSLAWVRCNPJRXCECULULBOGRWFPFFQAEAJXDUMSUMIMVRCOQTLETFMADWJRSWXBYIVDCRBCQEUORTAZBUSWITFTSHOXTKUQMSJEJBUASEWJMBUAYFKACKQL
[20] -7.0492  order=qt  Q5=LEDME Q6=HEDOES Q7=FALTERS  T8=[perm]04631725
    CEDXDWESWTHEPENMINACKEIRTTMKINQHMJTORYMXCREEPDEDZXDHCLYLUQKIFHITZTLMCRWWJHCQOTJNDWJACLPPMUDSANFSZMSTRWGHFGDAMAFUTDDIVZQPCCJDZGCANHPISCLLBWSIDGYT
[21] -7.0501  order=qt  Q5=INTHE Q6=SUNAND Q7=ANDEACH  T8=[perm]04615327
    XMHASSPISERECHIOSAWRESROOTNIJPEMNDHNIOSIUTTZRLZGPBLIKRYYCSPAKNTCOIDIVFVREWTRAKJJVTSDVUNTMDFNMBWRLHSAYOOKUEBNWBWKATZECUBGAQSACCHXUTRMFMVMEVDFBOAR
[22] -7.0519  order=qt  Q5=METAL Q6=REPEAT Q7=HEMETME  T8=[perm]04612753
    NMIMIANDENRROLMAMGRNRHUGTHELYBOAFTOTDZPNUUOAPAVRMOKFFPMEKDDOOSWANDUTDAXUBHWETNDFCEUTHXCVHRCWJEPHURUOPQGBBWMHCARDFZORDNTWLTTQSAQCDQOLQDHCOOXWHSED
[23] -7.0520  order=qt  Q5=OFHIS Q6=ILEAVE Q7=ONLYTHE  T8=[perm]04631572
    RMORECTEGALFETTIPFOUSMHADLSIHTOCQTRNGPVIWJYVAGSBVTLEVUNEKYCLTVONAEQIXWOTEGELHYSRWRYKQARILBYSJRBRDPGUYNIKETGXVJDCVVPWRWATBYIMSBHJUNNVVNCGXUMCYQGE
[24] -7.0539  order=qt  Q5=INSIX Q6=SLOWLY Q7=LEAVEAT  T8=[perm]04613572
    HTPSLIGAREMOCESWEYALCCCKATFDAPHBRUUSWUBKZVAAONWSFIUCIWLBGVXQVVKLYKYDEVHHFIMYNAWNZDVPZODGIABFFURNNKAGARZASENSELGNWNTGNVNCIRCZKHTSEJASQAOWYXBOFODK
[25] -7.0581  order=qt  Q5=EMBER Q6=FEWHAD Q7=WHICHIS  T8=[perm]04615327
    SBROUTSODCNONCOAHOGINDHPEEDFIMTOTKMAISAEOGTLYJOPBFVTDWKXJKGNLXTISHAHIWVAVFPMYSMOXLBUDHEUKHMHIZUXSYIIGBHACMKDVULYZFXRZTOADKKVZUNCICDGDIADKERHMTDS
[26] -7.0597  order=qt  Q5=LEDME Q6=SUBTLE Q7=YEARSIN  T8=[perm]04617325
    RBVJCTSAULENWHOONDQUIVOPIPSANDFDZPEUOYWNISPPIHDHQGBPSLVRAETJZJTMIIYDWIREBPJVFCQBIJVKRPICLPOSOTCONPMMOUKLRLKIPYKGBAYNPFRLGOUAOURSOLYNRCISOJKAVDSQ
[27] -7.0603  order=qt  Q5=ATURN Q6=POLISH Q7=NOOTHER  T8=[perm]04625317
    WABNTBBYCAVINTWNGEHABRENAHIPTORTWOHEUCYMHYTJKXQJSRMRPPUGHOXYTVYYXQGACCOKYONZVNQPGOZSOAIFEPPFLMCXANJOYWDRYXZPQCOQLSQJNQUISKYOFKQEITSRECTWQJYASKBL
[28] -7.0611  order=qt  Q5=GLASS Q6=ANDLED Q7=TEACHER  T8=[perm]04621573
    YNRIFOLLOASOPUSONGOPCTHREWCMCGIUMSVGXMZUPVPKMHYNWPGEAUTEWAFFQMWNKHLCEWCBDGGLTEOCCYBCPOAORFNNSDFDJMADIBQDVGRJSTSTIHRKGWESJOMOQEMPIYUFURMOWNNDVGIH
[29] -7.0617  order=qt  Q5=STUDY Q6=MYEYES Q7=STACKED  T8=[perm]04572316
    VERMTNIVACEETTRRSHERSOPCTSLAPTFSLCLAAQDDDROEURUCZBEFNFUPANHVTXUMERGXSWKDEQBGBVKSISAVQPTOEYOYXNEYMGMDVPOTJZYCLDFXZSHIGUDANRAWXXHLDPLCGRAMDFEMKTWM
[30] -7.0667  order=qt  Q5=AGAIN Q6=PHRASE Q7=BETWEEN  T8=[perm]04567132
    BRCYAGJEOLDEATEFORDSSIBCHBMARRANTMVSSZRPHDMALALUKDAQXLHMSHFNAPCFMZDHEMPCLSRJUPHDDLYNJCNGKZTFIFMDXTQCPRSOKUDLGVUBJUIBPTAPKTEAFCQJMAKAABYJMPAGACKR
[31] -7.0683  order=qt  Q5=SHORT Q6=TWELVE Q7=FROMTHE  T8=[perm]04571236
    TYMEGEMENERLOLNIGOACOKEIADRAUKYMPBHPHLDIVHSVUPVLUNABIFTALNEGHJDSRVEHFOCXLOGTFRKESIAIKEVWODNXLIINNSQXGOOIGFSMOCCXXYNOZNAQDSRMBMFIUUXPJCBOSTGRQBTG
[2026-10-04T00:57:49Z] chunk 2600:2700 exit=0
[2026-10-04T00:57:49Z] chunk 2700:2800
progress order=qt perms=100/40320 candidates=107318484
vocab: 119 x 123 x 141 = 2063817 triples
T8 permutations: 40320
candidates: 206381700 in 24.0s (8.59M/s)

==== TOP 32 HITS ====
[ 0] -6.7850  order=qt  Q5=AFINE Q6=OPENED Q7=NOTHING  T8=[perm]04721365
    UQUGSELOWPADIEOURKNCYINDPMONALXGBCOIEMHORIBKIVCKKZXJQBCOFPYTRPADRWNHISCDAESGWHFECTMSEEENGZISPLESIHTCXBEATYFHJEYVMARBJHCITPTBAFTWTJKIPCIIWDKOFKCW
[ 1] -6.7986  order=qt  Q5=AFINE Q6=OPENED Q7=NOTHING  T8=[perm]04725361
    URUGSTLOWFADIYOURKNCYINDPMONALXGBCOIEMHORRBKIDCKKNXJQHCOFXYTRBADRYNHIRCDAVSGWPFECSMSECENGNISPWESIGTCXCEATUFHJMYVMARBJHCITWTBAMTWTSKIPNIIWVKOFHCW
[ 2] -6.8895  order=qt  Q5=UNDER Q6=PICKUP Q7=CARRIED  T8=[perm]04635712
    NSRGSODOOMPYTRANGDDONEORYITRISLOIDBATHPCEIHHTYIPGNIRYPGOLPTOIWFNZUKDAAFMLHAECZBIDTDGAAFEESZWBRIRMEINPVQANCNKGJZHWODDEQGNJOVMIHIPLHNKGZYBNEELDXBL
[ 3] -6.9070  order=qt  Q5=IPICK Q6=METAKE Q7=ISNOTMY  T8=[perm]04651273
    TQRKGANSGERYPLAMSBEDFAVEDGINSTJUKSWZSUSUOBODMQEPBSKWHWMJSHEULTQIVZUNAIAKOVXMYYVELDITGOIENDOTCOALFLJOFBEBADBUVZPRAIUDLAMKBIEVTJDBSVEMRXCRKQGWIRSH
[ 4] -6.9227  order=qt  Q5=TOHIS Q6=SUBTLE Q7=STUDENT  T8=[perm]04671532
    DDTMCORDOSINIASRETATLRBEEAEMMNEEJYGEMULNXTDASCEPFZDHNHWMCQDNAQIERBYKVADTJRAHARTUNTYBYNACIPNIBKOHUSISTMLXUAHNWOCRKEBLTUNXARDDSJPOQHMAFHRTYHVBONHA
[ 5] -6.9471  order=qt  Q5=THREE Q6=FINGER Q7=TRIEDTO  T8=[perm]04652317
    SLOTEJERRAEVEBMYHESFORTFZESUTBEPNTGJSCCSNRAKVNCTCHBCEZRYLOOJYPJCOKAUTUMAPTAEPEOLARBONLNRKOMAGROMUZENJRZHTMUKQTGBUGPYEPYZTVLRVBJZNACEMPHMXRWRVIGG
[ 6] -6.9742  order=qt  Q5=AREAL Q6=METIER Q7=THEMAND  T8=[perm]04652137
    WGHABXGUATRESERDOFAPFFAQSINTBISGRDYQKAURRILICAZOYNALQSKXNZGDVOJEFYALBBIALVNKERJNFZCQAOZBAPTOOAMMGFTKLAFABLUJEODHEDUJJYRNBFIERKWSJSCUWEDLTGSRBGAD
[ 7] -6.9775  order=qt  Q5=YEARS Q6=GOINGI Q7=WHICHIS  T8=[perm]04723516
    HLHEDALAYSIWNCYLINTGDIOFONSENOGLGWIKUXIEBITTOWXALDJGOUMIOSAFZBCXUHLMAJEWVKBEPGTPIQYYTRESTENKXOOAFYHSJCDRFUYDOMBTQVGZHLUEMCGHHFUQABTNDRICRPHACHRI
[ 8] -6.9798  order=qt  Q5=AFINE Q6=OPENED Q7=NOTHING  T8=[perm]04721635
    UQUUSECOWPACIESURKNLYIEDPMONALXGBCOVEMAORIBQIVIKKZXCQBJOFPYERPKDRWNGISDDAESVWHPECTMVEEUNGZIGPLTSIHTEXBCATYFDJESVMARYJHIITPTGAFZWTJKRPCPIWDKFFKYW
[ 9] -6.9873  order=qt  Q5=METER Q6=SHADOW Q7=ATLASTA  T8=[perm]04657231
    UMENOSMIDMLSHAEOUONORTTHNOMNANRESIFDFOZWEUDMJFVNGTVSMALNPNSIXAWHMLWVJSASTKMCDCBICZCWSRSPDOCINYZMTNNOSFSJXOWUTNENUPBGTPSDNKLGFVVKPSRTNRAIEPELLMHC
[10] -6.9909  order=qt  Q5=EVERY Q6=HEWILL Q7=NEEDLES  T8=[perm]04723165
    BUSHABORWNRAMYYITTKINCEHARLENGTZXXINFAXJZBPROKLOJNYDVLLKJYAGFNSSXBTOPKZGUDRDHEIOWQXKENBOWDCGISMNTJDLAUTZBXJBPDQWJPQCMTYLELKIMBEGPPHDONSBEGLOVHKF
[11] -6.9918  order=qt  Q5=FIELD Q6=WORDOF Q7=ABSENCE  T8=[perm]04675123
    DEPCCANYSUMKETBCYBLICANWITIERGRJMISCGMURFISSXLOIFPWUADFNODMTKGMYOLWHEGGILZERYLAVLTGFSZNOLCRSHSFWTLUJWAUVLHEEPGMTHUGGNEVMTCLVXGRQHZSHLOKOPJJDPLMP
[12] -6.9919  order=qt  Q5=FIELD Q6=MANNER Q7=GILDING  T8=[perm]04712653
    CHNRAINEANTISCOSEDIPIPOBUGJKIHNDTESHEWOSVMBWUSFGILFRYETVALWJCOVMMQRJCTESECPBQJBUKHCUOTWRIDVXIQCDZVVKSQKOWVSECANNYHVFOPLOYOBLBHIGEQVIQOFWXJVSOJNF
[13] -6.9939  order=qt  Q5=EVERY Q6=BRONZE Q7=FINGERS  T8=[perm]04652713
    UCOHOYSIESHYBOAYHINCEOMEDLIAMNTTVEASHCONRBNNITFTVPRMEXLAIRWEXFNAFORKOWIZNKPRSCODFFGBXDUOUAHXPRXAQYRBLAMIKWEZSKWVIZFJJJWAGXNEQJTBGBGJENWAKSHRUGEA
[14] -6.9959  order=qt  Q5=PEACE Q6=SUBTLE Q7=FELTTHE  T8=[perm]04723516
    OTNWEENYTHIERSIBCYGNEITSFFHUMALSTORHOSNOTHVCOJTFEKZKSRUNWXNJINEJIIPFAULTRAQKQYSSKNZNLGJKYEQUBDRQQAXNCMRTCQRFCAIHRUGGOATURLZOSDGATWCXFHQUYLHAKSUJ
[15] -6.9981  order=qt  Q5=WHICH Q6=FILLED Q7=SUSPECT  T8=[perm]04673152
    EICEAOFIEDCYMMITWHARIGVATLPATURISJERFVUXUZPOTTBGFJLUOHNOLFEIBBOTBBQPPEWOXOJXTDGBXSLRHOTYRAQTAIDVJDFNSNDQTWQJTZLOOMCKFEOLLKAEHPHNSVOROFNGSVSLPGBU
[16] -7.0075  order=qt  Q5=METER Q6=ENOUGH Q7=NEEDLES  T8=[perm]04671235
    TZNOFTHCOTSTYDRINEPNTHIVEIGCGLYAWWOAKSXRVNNSXGPMCNLRADOTNSTUBVKEPRISEUGHOACLPUVFBRQAITHYLGOXHJHLMJCGTCJFRIBDVPSYROCOUOZGAAJLWTODEYBSIRYCKIZGANFB
[17] -7.0087  order=qt  Q5=OFHIS Q6=SILVER Q7=ROUTETO  T8=[perm]04637215
    HIGDIENDUWRITEYODODASTGYLCASPODFALPADJHRMPSFWODOEVXMOZFAXOMZSSOTSNZDYJQKJAXFOJPOINNJARLDUDXFXRLVPFEQCRLEEEITPBHBEOZWHRXAOMKVRORHEDPJENLFAGALKWQT
[18] -7.0088  order=qt  Q5=HEHAS Q6=SUCHAN Q7=NEEDLES  T8=[perm]04652317
    GTSBGANNOISKWOMAZACTTHEYEHFSWEERCKUZOQXPSEEHICCMMXXIPTOEIALTLNFWTYLUEXWBKPINCLOQBVMJILDHREGIKBICWODGHGEOMMMZOVSCWIMGLBCWJWIWXODVEFVIDFNESIKZAABK
[19] -7.0122  order=qt  Q5=STILL Q6=OBJECT Q7=LETTERS  T8=[perm]04675123
    XJFISPREHIRRASYEENLGOABAAINEGEROAVKGGGGRVGDKTPQRCCEASKORLYJFSPTLLAAITDOOAPWHHEVHIVGZAZLAUMTTMABNIIVORALRKCILYELNVKKWWHWCZNOPUSQDRXJIDMRFLYJODXFM
[20] -7.0153  order=qt  Q5=CLOTH Q6=ENOUGH Q7=SMELTED  T8=[perm]04657231
    KNMOFLTDOKBERSRIGPWSCHADLEATAREJCTHPGOXROUOSEKDQFGNUZZMQKNERTIUECIYMMOCUTMCKNMVPDDNDILBAEQDOSTQFFDPNGOYEDTUCVPIZGOVAYDYACUBEDEFSMXTKDTBNGGSVPGEI
[21] -7.0231  order=qt  Q5=WHICH Q6=CHISEL Q7=LEAVEAT  T8=[perm]04652731
    PBPDATINWNATWFSAVEDILUSCHUAINOPJBMERZTTQWRCGOVBHIACLFDXDBOINERAAMYZSAKFOKGAOTQKWAULBSIOORUPYNMLIUETIOKGHSQEKHRUNQTENHNODTAVHJKSUABITBNOQGNZAQFAD
[22] -7.0342  order=qt  Q5=STILL Q6=OBJECT Q7=GUTTERS  T8=[perm]04675123
    YSFISPRITIRRASSRENLGOEXAAINELRROAVKLPGGRVGHJTPQRCGRASKORUMJFSPTUAAAITDCUAPWHHIFHIVGZEILAUMTBBABNIIKURALRKGOLYELNKJKWWHWGINOPUSXKRXJIDVLFLYJOHHFM
[23] -7.0371  order=qt  Q5=TELLS Q6=INBERN Q7=THEROAD  T8=[perm]04652317
    PPTDOUSANMOFINBLOGYDESEMEFLYBBFFNWWXNNXMKAHPJORNUISMISKNOTGGTZSOAFLSSWYOHTYDEPCVYEZYUKEWCIDSURTOMKJGTVERIQUVUDUBIYCBTFRFHZVYBEJMYXXNQNLXUXEWAAEZ
[24] -7.0381  order=qt  Q5=PEACE Q6=SUBTLE Q7=FELTTHE  T8=[perm]04713526
    OBIWEENYTAVERSIBCDONEITSFNAUMALSTGNHOSNOTHVCOJTFEPVKSRUNWHPJINEJINZFAULTRCMKQYSSKMKNLGJKYTRUBDRQQHLNCMRTCUKFCAIHRJMGOATURUUOSDGATHMXFHQUYUDAKSUJ
[25] -7.0393  order=qt  Q5=TOHIS Q6=SUBTLE Q7=STUDENT  T8=[perm]04673512
    DLTECORDOIIDIASREIANLRBEETEUMNEEJQGNMULNXRDDSCEPFEDYNHWMCXDIAQIERDYXVADTJUAQARTUNMYQYNACIENABKOHUAIOTMLXUZHRWOCRKVBSTUNXANDMSJPOQVMZFHRTYPVNONHA
[26] -7.0395  order=qt  Q5=WHICH Q6=WHATHE Q7=HAVELED  T8=[perm]04725136
    MTAWXUKZCALTOTEMTOCENAPREFIENERPDRYDIIGIJMULXFLAUCDTQUTANGLDLPOHNLYKEJXOWXOPUANOKGWBUSCEMTDOOTQGPOWUGCIHBYOLEYZFQOHTJEBJQEEDCTLDKROSHWVVUIKROZEC
[27] -7.0402  order=qt  Q5=INTOA Q6=ALPINE Q7=THEROAD  T8=[perm]04635721
    KWPTFASHDGETDOFPOWARORSIMSEMYECPEGVDNBIXWVSEQNROIXFYDEACYTELRZXIHFNXWFZPCCKSEYPWVGBEYTBYPBIKGBECMGBLRHSINSGHIMIZDERHRIUDEUSNIFJKNRPVIBUIUJQCRYSI
[28] -7.0440  order=qt  Q5=FOUND Q6=OPENED Q7=UNRAVEL  T8=[perm]04671253
    HGSYKHISCALCLADIERVINOMYESGFORXSULGWTAGITMSUNCSOVXCRUNYILCBDIRMPHUTPWKNJTMIJKIFPETOSDTXJSBSTCBDVTTNVVXKQRUBBWTSZDNJNJRBSEGVBJRIRAXEXNZOREWWSOVAA
[29] -7.0472  order=qt  Q5=THREE Q6=SHADOW Q7=UNRAVEL  T8=[perm]04713526
    UTFFORDSULTTDOANBREPOWHBCABINGSANBZMQCIAMNNSVSUCPRHAUUXNFSPRVKFZNVNACCNAWERVWGVPWLUZBETWQUQJAMDIQUAODKIFTORVTVMZDQBJEDBKMIZOULRFNOEFFDGTBWEBLIPZ
[30] -7.0501  order=qt  Q5=TELLS Q6=INBERN Q7=THEROAD  T8=[perm]04652137
    PUTMOUSANNOEINBLOOYMESEMEFLYBBFFNJWONNXMKGHWJORNUVSEISKNOWGQTZSOAGLOSWYOHUYNEPCVYUZMUKEWCBDGURTOMXJITVERIXUMUDUBIBCYTFRFHQVABEJMYFXOQNLXULETAAEZ
[31] -7.0512  order=qt  Q5=TIMES Q6=HETOOK Q7=TOTALLY  T8=[perm]04653721
    TJULITESFOTOOIFATHBOWBIRSETMDDQADANSZAYWFNEWROAMDOOBTNLBOCKPNNLNFIDXSEXRUPHUEUZEKIXEVLMMZDRCAQQNOGRPAOZORRHZVSIUDZYNMAEVXFEIQFGRNSJYYATLARWOEMGH
[2026-10-04T00:58:13Z] chunk 2700:2800 exit=0
[2026-10-04T00:58:13Z] chunk 2800:2900
progress order=qt perms=100/40320 candidates=107318484
vocab: 119 x 123 x 141 = 2063817 triples
T8 permutations: 40320
candidates: 206381700 in 24.1s (8.57M/s)

==== TOP 32 HITS ====
[ 0] -6.8128  order=qt  Q5=BRASS Q6=METAKE Q7=JOURNEY  T8=[perm]04725613
    DTNAMDMBLFTIMMUSSOIENITOBYORBUNPNBSOCRHMNASHDBAIEETWKVJAARCNCNKFLSTFLPWQEWHSTGPLYENASKVKANFOMOAKUKRKLSKQRBBRPEQTHTYUTJXVJASDORKWAYSRCRICSYBLUETV
[ 1] -6.8754  order=qt  Q5=UNAGO Q6=INDIGO Q7=NORTHEA  T8=[perm]05124376
    WZAABSSYTORCTIFOURJARSHOCHAEXISXMEISRSGXNGSJBRJXYEEJBYUWSHCZMOGZODFADEVLBNHEBYZJSNSWERVFMLWCLOEASIENDMBPLEPTIJXXXSKHXUBWSAWNNIICHUEUOETOXHTRKDIL
[ 2] -6.8943  order=qt  Q5=FORGE Q6=LETTER Q7=KRYPTOS  T8=[perm]04752163
    WVARLANTHTEDOCOCDEOFEWERYGPSSBCWHPFRDKFODISEXYRERPIINPEZNAJVUICXOSNAJPWTEOYEEIDOVCASMGRATWTLYUVUXKYYUMXNMRTDUHMZZLEIIEVLLLHUUZMANFAGFCKRIKIBAAZW
[ 3] -6.9226  order=qt  Q5=HEARD Q6=THATIF Q7=DIGETAL  T8=[perm]04765231
    XAFOHANECNANDOFNICANUHULBEIFTSJSOYCVPSUSYVSLEULMIMIJRIKCKEDGSDOKHDUUWGEZASEJJMWMCANBVASNFTOFOUTBPSKLTEFKOFYAFNFBOGOGSWHWHTDOJONDLZWFBCRHWGQXMQBJ
[ 4] -6.9278  order=qt  Q5=TRIED Q6=PORTAL Q7=THROUGH  T8=[perm]04725613
    IRBROSUMSOWAWASTNGWEHTSHIDSDBYSOFTCIINBIHIZSPEXZCZYQACZOVGLOKWCVWXIBGJSOFQEEEETGOFYDPRNLNANWTWMVBFEJBVONHRMACEZUEDAROCKXKAWSMGRFZWRNTHODUFJAHOCA
[ 5] -6.9305  order=qt  Q5=ONEOF Q6=FINGER Q7=PASSING  T8=[perm]04762513
    SSTWOHAGRIIEFHORMSANVAPOPOFSEQXYTUTOUNDDPHXCTPYGAHRHSTTUGIQMVFNQXBABUCODYIRUJLNVELCANUNERICVWJELRAMFXMICUMDVORWUFGEIRIMGWKFCSJDGBEPEKAUUXFHVVNIY
[ 6] -6.9383  order=qt  Q5=INSIX Q6=HIMFOR Q7=THESAME  T8=[perm]04761235
    NMTHAGALEJUNJONENKSNITAJISEESTAYMUEFFBRAKNPPHPJNWITYLPLGGDBIMERDELBMGYKPKECVXUKOYFNETBILOVKCVUOIKGAVIMKKFJOUNQIXVECJDOJKTPOSRIAEQMPTOJPATDEIFLUM
[ 7] -6.9422  order=qt  Q5=HESAW Q6=INBERN Q7=THEMOST  T8=[perm]04765231
    NPHEHRUGPRHERATGOVIYAGESPOINMGAQTJWUNTAELYYAZATGESIECRPLOSQFQSMNJOPJLSONZHVDLMAYRZCBTPASNEAGSDXKNIZXQWRJTELPHKFHKRCRTMCCTRPLMEHAFXDSETHCTSTNWHZV
[ 8] -6.9530  order=qt  Q5=BRASS Q6=OPENED Q7=OBJECTA  T8=[perm]04762531
    BCSELLFRAOAKFOLLKENEALSEEWRABJMRVEJCNZFJIMATBIKWNFOBOKSDEPCNSOEEPIRRLIKMPFUDHDXTEWYITPCTSGNFBZFEIRWGEVSCIBRSSZLGHLHTAYWBKVNSRDAYOHSRLJBYEDCWZTCG
[ 9] -6.9632  order=qt  Q5=SHOWS Q6=PHRASE Q7=PASSING  T8=[perm]05124736
    HAGEGALLRAUSDTDRYULENCUYMAGIESYSYRIFJBDWASDPEVRMXOALIEXMDVRWMAMSCHRFRFBILFUCHHZSYOALFNOTHYMJKXIBIJKKRIUHNXGLINHCWHSKEWZFOFSULMVCBKSXGVDEBCXSHUNM
[10] -6.9705  order=qt  Q5=LEDME Q6=REFERS Q7=SAWSUCH  T8=[perm]05126347
    YGSTHEHQUAICKEBENUMEAOUMINIOISYISFHVGITWEGTLRALETKESRIEDZGQJAWSYCLSOAYQZWQZUIEUGSXLDQETZMFBFMBUITGLIOWGSYSUTHECTQXFXBXBMVRJENETHELQTLRTZJPIVTQJS
[11] -6.9783  order=qt  Q5=AFINE Q6=OPENED Q7=NOTHING  T8=[perm]04726315
    URUGSEDOWFADIEVURENCYIBDPIONALRGBROIEMVORFBKIVFKKEXJQBWOFAYTRPPDRZNHISADAOSGWHMECMMSEEWNGAISPLPSIITCXBDATQFHJEDVMMRBJHXITUTBAFFWTXKIPCAIWZKOFKQW
[12] -6.9791  order=qt  Q5=ITAND Q6=FAILED Q7=TOTALLY  T8=[perm]04752613
    UOHTOCUXNITIMEMICKLORANDTRALVVCXDOLEFVDSUOROFBUDTWWRCRFTOLBDDBIRYLUMGULMBBOCJVVBTKIUQDZDEDDMAKFVMTAFJSBOFPRNJSVLIMIFMSKOIZNIDLIRKBLNIPKCFOYLILDT
[13] -6.9903  order=qt  Q5=OTHER Q6=PIERCE Q7=SHADING  T8=[perm]04763512
    FHIMMTOAVEVAMBUSBIDTTOUHNOCITHSGCRLMFIBAONGDVENKDVVQRHXUALDQORXWTWSKWSTBAOOVARISIMDIDHIJWJFHUUQAZTJPZNUPHRGITFOVBJTEXXHEZHAUNSOPCTUKSXASEZPURGGB
[14] -6.9908  order=qt  Q5=AFINE Q6=OPENED Q7=NOTHING  T8=[perm]04752613
    URDUSICOWFOCITSUREKSYBEDPIRVAUXGBROTEMAORFECIAIKKECLQPJOFABYRYKDRZGJIADDAODGWZPECMODEVUNGAHZPXTSIIVCXLCATQNEJESVMMULJQIITUBIAHZWTXRCPMPIWZACFAYW
[15] -7.0038  order=qt  Q5=HEMET Q6=THATIT Q7=TELLSME  T8=[perm]05127364
    TSCAVAUTPRNKSMOBETESAHSABBEAGEORMLDPHDWKLMULBSIDESINYGMNSBNHGEDWXYMCGNGMMGKVUAIFPQFVHAPEKFEEWYEIMOOZXHMYLMPTBTKUKPVGLHIPMTYHONUOPQXWLAQZLFDPEWIM
[16] -7.0057  order=qt  Q5=AZURE Q6=ALPINE Q7=FIFTEEN  T8=[perm]05126734
    KEIRSHIIGHCZALEDXAGEDADMEABEENLQHWLYNCSHRIAHDIUDDHVMBEPBHJTQFRZECAHWBNSVLAMBUIXMRJFAVADBROANQSOEBLEOSSSISSAUYIKDEYLXYAYXMMJGRETBVIVUPSOVFWXMHQXJ
[17] -7.0084  order=qt  Q5=HEHAS Q6=THATIT Q7=WILLLET  T8=[perm]04726315
    EAGEOMULPNNIZURNEITEBRUISUMMEMBKEDIDPUCWXYSLERAIVRENHXEVGGWFNRLAMEMYGCMAVPGPPLUMPSWAGCISNKMMXORPZHJNKFDJVXZBKPIUEKQGNFIVHXSAJQDPAIGTHSSDLTUBOSTF
[18] -7.0144  order=qt  Q5=BALES Q6=THESUN Q7=NOBLOOD  T8=[perm]04763125
    UGESEITMORKSYEPAMITHTAIOSGLDOGRTJPUQLRRATLAQJOHPFFQEOLSVLESKEEXOVFMBERYSYJNYUPWROTUDLZERUDZZRBVSCPOYCRRMFDSPVIJLSWBYOGOETSUKJOHDBRBPOSEWILNQEMWN
[19] -7.0226  order=qt  Q5=LATHE Q6=FAILED Q7=TEACHER  T8=[perm]04765213
    NVGAAYORMEDIRICAPRYDKESFRYAUREENJJYCPVYBZPATBAINDVBUDQGPYHAAELJSUFNXXIMCBEMGHPSTKKVRNIBENIDITRCWUBEOENWJFRHNNIWIMLYBMCUTANAWIQUXYOHVNCVTAEULGIUA
[20] -7.0229  order=qt  Q5=TRADE Q6=IWROTE Q7=SEEKING  T8=[perm]04726531
    RFSSGOESDNONGRNSFUMWITLEARKIDAGMKSFESDPNEENPMMTAZFORWIGHQHEXQVUQYWBRBMTHXZJGIBEDDOATHDEPPMBLIHXBJRDNRSBVHZXDPQWUQCDZERHRLADDHAKOJBDERLEZPPZMFIYN
[21] -7.0264  order=qt  Q5=TONGS Q6=ALPINE Q7=ONEOFMY  T8=[perm]04753162
    DXHASMARWIMCDASHNAAXXANBIALANEMIIOGQYNELWCORUWEVIWKRLEGOIFQQOVVBDUSVTRMYQWEDABYUPJVXYWNYHOQFNRLEUSWOFSBKYNWSPOHMQILIBUMALYIBORWLETIKBXHIOJXZETJE
[22] -7.0357  order=qt  Q5=PEACE Q6=GOHOME Q7=OWNHAND  T8=[perm]05126374
    OPEEEDSTFLTMATAISEPAFFLEURPMEEBDULRSNYPCXFVJMNHDOAAJGAIKXSJPHNERYTFYAFMRMREONDYSDMNMWISFXWHNIRVKBKZOTDMGTRHSTOEGAFTDCWTZBECHQXNOVIOIQLFILIYSHDSO
[23] -7.0478  order=qt  Q5=THREE Q6=ANDTHE Q7=LATTICE  T8=[perm]04762531
    XAZYPINOTRISESREVWSEBADLEODXHESOWJTKORIQEKZDJITWBOEVIHQQGZGQYWHCVTNEBUIONXEXQPMUWNKOEMCSMYLWJUEBUGAXXITCAIFWSXLEOFNZIMEJPOADHCSNGORBLCOAYCWXMAXH
[24] -7.0483  order=qt  Q5=BEGUN Q6=ANNEAL Q7=PRICKED  T8=[perm]05124736
    BETSHANTLAIMSTORUTTRYBMIXISSFNGRLATTUFLUFSXSWGMFZGNAPVIHUJNRRGUTRWWHNXOMVSOENKPOONSJUMAITLIHSGXIVSDIICXNLMUQDJYEHJSJENPNORPBEGUYCSMPTNEVADTLQKRE
[25] -7.0554  order=qt  Q5=NAMED Q6=FINEST Q7=SAWSUCH  T8=[perm]04761523
    IEGNSAMPUNIHIATIMESOAMROOHOKANNHLCYEAUTBTZEPILGGKRZETIJSVSSLYBEGOXUUZFNNTILNSTGAWEOWMAHSQJYOJUMQWXDJXRYGVENUZWNBANARAQJCCPWZWXNSEAVTMXWMIAAWOAVN
[26] -7.0577  order=qt  Q5=SHOWS Q6=WHATHE Q7=BETWEEN  T8=[perm]04756312
    IBOIFWDILSPEICJOVEBERSCOACEFENDLKQRKELGPAPKOXHELXJYPMYMIZKVZHWESWZILWUJRZABEFNJOOCVUCSZCDNETECVDPBSWVOSKAURWECWPDABIVRETABAWLBPJTCNQIHDOCFONYHRC
[27] -7.0599  order=qt  Q5=GRIND Q6=METALS Q7=GOODBYE  T8=[perm]04761523
    BWWEBMUPTISONSFROBOJOUUGUEADANEQVFQBCQAZSSRRVWUUIXVGMMLNDIOEIZSYVQLIGNAZNANDTXRPHBTJONRCHUOBDCPETBDVERFJHHJHAHUUMENAIBKKEOEBNOFIDATIMGHQSUKTNNSO
[28] -7.0668  order=qt  Q5=NAMED Q6=FINEST Q7=SAWSUCH  T8=[perm]04761325
    IEGESIMPUNIIISTIMESBAIROOHOWAVNHLCYVADTBTZEQIKGGKRZDTJJSVSSNYSEGOXUNZHNNTILNSTGAWEONMEHSQJYFJHMQWXDJXRYGVENXZQNBANAMAPJCCPWMWONSEAVDMMWMIAANOEVN
[29] -7.0695  order=qt  Q5=BARNS Q6=WINTER Q7=INSEVEN  T8=[perm]04753612
    SSUSTOJERTJANFAUTERAGSELNUSNEUPCAXTJDMYMBQWWDXGOYBSIEOEFGVRXRPKPMOBSIUGDRVEXVKWYPOPEYUJZSPCYUEFADELJUBXPUFPGRWODDGSASOCAWFEPQJJEQUCINDFROICDAGHC
[30] -7.0697  order=qt  Q5=MYOWN Q6=METIER Q7=INBOOKS  T8=[perm]04763152
    RATWBYZEFOFPOSRKAONCOMWELSELARPXCGTSQBBECMXWDCPFJSEAGIDNAKULGAUHOQXWESSIKNTHHQCLHKDQQJWJNQLESROHOVYMCFZHDUBABTMLSIVALSAQMHYOMICEPLJOANLTJUUHFPNE
[31] -7.0719  order=qt  Q5=LASTA Q6=FORTEN Q7=INBOOKS  T8=[perm]05124763
    BEDBLAVGBASINGWAYGERIAHECIGRGEPWEJJIYHVCDFHBBIXYIRDADSZWOFGSBJAJLNKAGUPYOITEWNSFMZQWJOVAFFOSGMXZSOAHCIWCZTPAKEUKOGQHYMOLZKSPTSSOZPKXDFIREDRMLNHT
[2026-10-04T00:58:37Z] chunk 2800:2900 exit=0
[2026-10-04T00:58:37Z] chunk 2900:3000
progress order=qt perms=100/40320 candidates=107318484
vocab: 119 x 123 x 141 = 2063817 triples
T8 permutations: 40320
candidates: 206381700 in 24.6s (8.38M/s)

==== TOP 32 HITS ====
[ 0] -6.6484  order=qt  Q5=AGAIN Q6=ANNEAL Q7=SHADING  T8=[perm]05176243
    SVSESKANDIWRGANARCOBEPENWRIFFSVOBOFDXKVUORAHYGITYDEUQGGBJCDLLPPTHSLBNUXSDEOUBPEXOYIASSECUCGUARPRFCTKZSJKHJCCARYPLCZOOLSONAZRUEVTWORRIVBBTRLEAEPR
[ 1] -6.7685  order=qt  Q5=UPONE Q6=MASTER Q7=BETWEEN  T8=[perm]05164732
    OUSRADENVALOPCHEDHLUNMOMAPWFOATARJZYBLMZUUODPNVDAYHANPATEUPEMASBUEOWBTDSTSTOHNUDLWZZGAXJLIRPLAUANLEQCNNAPAIPGZYLGXBRUBXFWSBSIAIFCAARMYORWWHYIOWI
[ 2] -6.7745  order=qt  Q5=TANTO Q6=INDIGO Q7=MOLDING  T8=[perm]05173462
    IERESIFUGINDQMGILCOVINGSPTAVOITEOFCGXTBOYNDVUFFTOFANCDOENYPVOCTZOELLHOEASVYCZLLYLTRYDMTNKCRUSXNJDWFQDXWEEPISHISOGITBKRVNWPPHXKKRAIMPCUVWTRXGKVJX
[ 3] -6.7899  order=qt  Q5=AGAIN Q6=ANNEAL Q7=SEEKING  T8=[perm]05176243
    SZYUSKANGEARGANDWNOBEPHIARIFFCMIBOFDRVSUORALXWITYDHLTGGBJFSRLPPTLYRBNUXCSUOUBPHQIYIASCANUCGUDWGRFCTPUJJKHJFOLRYPLFUIOLSOVPCRUEVANIRRIVETHRLEAHZE
[ 4] -6.8165  order=qt  Q5=HEMET Q6=LETTER Q7=THEWALL  T8=[perm]05162473
    LSACLESHPAIRUIRHURTAAHIRIDETHEOUQMBUCNYLVIEKBKMEMCKKZICYCOCCRIWRZENGIGUQEDSWNDRIKNTWWAENPJLATBYZSYKVBEEAHMEDMSOATPCNDIBLYGPQPJFWFHYUTDEGIHOTDQPT
[ 5] -6.8202  order=qt  Q5=HASME Q6=IWROTE Q7=BROUGHT  T8=[perm]05137642
    IECANTGPFOABECRLFONDOGOOFMUSDASMPGUACZEESVAOTRPNKFDTGMELFPDNTDYEFASBGMUZONADKBXBOJYTTBCMWYKYGSTRIILDWADJWGYMEAHONZDIOPSELEHBENOMHBNRLGLDYDIOJDLK
[ 6] -6.8204  order=qt  Q5=AREAL Q6=DAYSIN Q7=INSEVEN  T8=[perm]05127463
    QISWESLATWSTIUFOSYNTHEOAUSAAPRLXHKIZUCFUOOEPYLCCRINGHFSZDOBJKCHHPOYCRVCOTTYBWHOLUFKASGPVHLTDBITLPEPYJIPQRFOTIBNUVDHJAKEJESQAMPHEWEINJATIAHINBWAG
[ 7] -6.8303  order=qt  Q5=FIELD Q6=PATINA Q7=MOLDING  T8=[perm]05174632
    NIIOVOBISDOCTLIAPITHDEALDBORIBBINZXULXQKHCTMNTTDTNOWMUNILDDNFGEFQRUGTKXWKUPUKWACIVPRNVFRAYOANERSHLOJWHIDFURTLVBWIKEWACCFRALNKJZUKDTRAQEIJAWCJHEC
[ 8] -6.9083  order=qt  Q5=STEEL Q6=GILDED Q7=HEMETME  T8=[perm]05136274
    NFNNICFANANUTLINUEHBOOSEMLRIAMSDLEFDFIRRPNIDDHOBYBLINCDFNCZXHLPEIPNQPKGUIMQCSXFLAWBOBHESSNDAQUKRJEYICULYQDLROMSHRWDIJIBELCVNVULPMACRIVIBBIJKZXDA
[ 9] -6.9108  order=qt  Q5=EIGHT Q6=INDIGO Q7=HAVELED  T8=[perm]05146723
    FRYALJKNREECKECHTHTORISRPUTOSHUUCDODPOOIPHOVETOXXLJKDXYEISWLNCCVTZOKICSQAEDUOREGCQRWTCPCHMEEDCEADSBMAIKKIKTKKHIPWPEKOITCHJSVJVTVMIRNUIGBUOZPBFYY
[10] -6.9160  order=qt  Q5=AGAIN Q6=ANNEAL Q7=SHADING  T8=[perm]05176234
    SVSESKANDIWRGANARCONKPENWRICISVOBOFYSKVUORAZLGITYDEGYGGBJCDKBPPTHSLOVUXSDEOTZPEXOYINQSECUCGCNRPRFCTYWSJKHJCBBRYPLCZJQLSONAZZWEVTWORNWVBBTRLHTEPR
[11] -6.9282  order=qt  Q5=ITAND Q6=AWAITS Q7=IPICKUP  T8=[perm]05142376
    IFEVERAYPFCETCHGOUGHAZZDATEICESTCUWIKHOAXOUBIYYGBSALRCHPYJTHHSQWERXLPDIAYTTASOPNDVMQOOKACRHXWEDKNITJNRTCNUDIOUWLERCEDEIUVTZRCXJAWEIZJOTWLRPVSRDO
[12] -6.9597  order=qt  Q5=INNER Q6=GOHOME Q7=WROTETO  T8=[perm]05174632
    RLCRDGYTSICORACMFCTHOFTOIESELLANOTJCATVWRCATTLOGBZVILRAVXJPTPKRWBSGEIRLNQCSLOSASBSEEGZDCMVKKOGLPINVGAFRANWYTNEDEPSVYWKXFMLOGZLSNBCSBWWHBNZBYXXJL
[13] -6.9680  order=qt  Q5=WOUND Q6=SOLDER Q7=PASSAGE  T8=[perm]05163427
    QZPOESPMIKSXANCSSIMELINGEAORAFFRTBKGARXGLRLNQYXRRDWEGAMGPPDZPOGOKAPEXAGDXZAROBEEUNNNPECIUHAKUZGYREAMTBNARTJNFSGHYYTAPDSRETVFRGTCVNRIMCZEFERXIROD
[14] -6.9738  order=qt  Q5=HASME Q6=METAKE Q7=INSEVEN  T8=[perm]05146723
    OOOEMAVALYUSTSAAIIMSUTHANUMEHIOELHYKVDAEGABHKCUZBLASTCMAYCVTBZGZXSDDLRIDRITKLRMTFOUTNYAXMOVKEPLNIFCAALZTOTGLNDMDJALOHTTUVVNUVTBZDJSUJMKPJRMUDJFM
[15] -6.9765  order=qt  Q5=WROTE Q6=TEMPER Q7=LONGAGO  T8=[perm]05164732
    BZORESISONZEIBNJWXXINFEMOREREGRINTGLTXOTLEDRYYYBXISUPVNFMYPUBPBIRQOWCNZHPRVYTDTLGTWYMAZRDGRMEBOCARORMOEJOWWHKZFBTNAOIARPIISKGNVHWMCRQTZECRIFMHBH
[16] -6.9952  order=qt  Q5=ATURN Q6=PIERCE Q7=NORTHEA  T8=[perm]05142376
    WMAACHAMIOLMTOWAHAUWACTEASLEMUSLPEOHYVXXEVASJPCTKRCNGBNIQHOOFXXZUMAWREHKSCPGWBWSNVCPVNDFBWVYPORIAOHNDRSNYGPDSSERHFMSMUXPSKFNOWJZZUTTYRIALQCLSGOW
[17] -7.0015  order=qt  Q5=IFELT Q6=SOFINE Q7=THEMOST  T8=[perm]05162374
    RESINEPRIVENWYNYFPERBYHEOLGDPRIOUFGUBSNBXLPLCNENDILGTROQKRUSEOCDLKBKHIFCPIKVWASUVCHJFFYQLLHNVLZJRYFEZOOMNSYDZHABPGQQFVAAFMAXGMVDXBURPDPREGUNOBYN
[18] -7.0195  order=qt  Q5=NAMED Q6=ATLAST Q7=IWORKED  T8=[perm]05132674
    EBKSOCIDATEYDPOWDQUANTUTINBFENCYHUHYPSVIYWDCTHHHCZZYRNWEINQUESQGICPYDEAFRGQSCVLVTRIFQKNFIGPHREWXKJYGHBNQYZEGUHVIXLNWLMOWXTFKIISUORCEISSEQMUNEFPW
[19] -7.0208  order=qt  Q5=AREAL Q6=SOFINE Q7=CASTING  T8=[perm]05162734
    TPEUVSOHSHANDPRMYLECABUMSIERBUYTECLOKELTNNXYRIFFEWSVMROKSBDHCPKBEGAIENIYBGPKZYWTMDRAQRMMLLGSPSKAZNLAFTUGWCQEWLYHXTFDGCBURBUPGLYFGCNEQIWYDPMTBKAD
[20] -7.0222  order=qt  Q5=TRADE Q6=AWAITS Q7=HAMMERS  T8=[perm]05164237
    REATHSEPBBUYVIAQOFHIVPHOWTOFISMRXXTBZEOPPOZAHTOVHSADPAYNSFAEQPJXSCUOKSYCZTPUDSNSFHDJMFEFAQWCMLAFJFGGNUYDIAOBFCYMFSVAVORDPTPTSSVOPREBHIBGEJHZZKHY
[21] -7.0245  order=qt  Q5=TOOLS Q6=DEPART Q7=DRAWNTO  T8=[perm]05134762
    YZSTHORGESMEMURCIENERELHQBOTINNRVVYVXDINPTEMBAVHORMYPQXODYFPCBAOQVEIQQOECTTYDHGBEDJEXTWGUXHHTPLGSRHGAHFFZNAXWMYKUAMCHFPFSWERECIMECKQHXSFOFOUADKH
[22] -7.0249  order=qt  Q5=BALES Q6=REFERS Q7=TOTALLY  T8=[perm]05143762
    GNHERFEATOTATTXWJGDODERUNSAGOGRIPEOVRRYLFPHWZIVGWARDVKQTOBUWDNIGJNBZDNAPCKWEASXEHSLOKVIGPCVLSBACKMLWHKEONLRQUQYWIATIECFJAXSCQSYYEUXTGDNANKAONKLB
[23] -7.0321  order=qt  Q5=ANDHE Q6=METIER Q7=HAVELED  T8=[perm]05167243
    GOPABXTOATMCANDBYUNSPETYNASBREKYMDNMHJEWCHETDBKYUMAVFYATLCMHTGFZZAZELYMLANKZRBTPNJJRUUMHJIOIKCAHPLFESIBCHTSAVIMPYAAFFMFIIQDVATNQXBUNTWEJNFITHBKX
[24] -7.0331  order=qt  Q5=VENNA Q6=AWAITS Q7=NEEDLES  T8=[perm]05137624
    TWDANTIOUNDOCSHIYBALTHBPCSEARSKZSOINESIRRUYQEQUHOOTDNMKALVFGLCAISXMLFDYJQPDUEIUSYXTSNJNSMHFGVINQVKRQANRMNDGTTAPIUNRMSCPCARTNQHXURGZOMROFCXYAHFXI
[25] -7.0400  order=qt  Q5=SHARE Q6=WHATHE Q7=HAVELED  T8=[perm]05162743
    CATOOITTLISTOPATTHXPRRTBHOEVERVRMBOCHJUNACSHAQYXPIFFFOYUNWOTKIFQVXVERGJIOPFEPRFELSMTJNQKKOKLKATSPLWVTDSMEJFKTFJIYDEDHSVVEVWQTUNABNWHYABXUOIRFXKC
[26] -7.0410  order=qt  Q5=AGAIN Q6=ANNEAL Q7=SEEKING  T8=[perm]05176234
    SZYUSKANGEARGANDWNONKPHIARICICMIBOFYCVSUORAYGWITYDHCFGGBJFSDBPPTLYROVUXCSUOTZPHQIYINQCANUCGCVWGRFCTONJJKHJFTMRYPLFUKQLSOVPCZWEVANIRNWVETHRLHTHZE
[27] -7.0430  order=qt  Q5=METER Q6=ANNEAL Q7=OWNHAND  T8=[perm]05147236
    VIWEDINFOUBECHUELBLEESOMEXLIXIZZNCAMZLVUQSEQBXEDCPLPVZZENPYHTOTIWCIJRJNNREONIALBJFMKXFPUAROFQNEWHICECTKVCSYZBRDIUTORDQGMZWXELPNYINXUFRAFYFUCRTSB
[28] -7.0436  order=qt  Q5=SMELT Q6=EARTHS Q7=ANEEDLE  T8=[perm]05162743
    YXLINHEHUASFANRMEIRESTHBANALYRNTRFEUDTEARCUNOQONXDSNBRIRYAKJNFGELHTUENWTXQSOXCVDWCBMJHAVLEERJYEMONQLIEUPWWVFKAJDOGILWVOIEDZEOZBXCKTCCOCCLGOHZBAX
[29] -7.0437  order=qt  Q5=SHARE Q6=NEEDLE Q7=WITHTHE  T8=[perm]05143267
    TYLINFPSORDBZORINEMPTFEWIURISNETRZFKMESIRBTWUEFTSCNTCMKXSCLSAILPEJKVXSKCRPSLRMSSDGDRDHCUDYTLANOFTNCCKAJMSRWZSYBOJYXDMWWVALPAYQDCVDPUVROTIMXLPDED
[30] -7.0480  order=qt  Q5=HASME Q6=METAKE Q7=INSEVEN  T8=[perm]05146273
    OOWEMAVILYVSTSASIIDSUTHINUMEHIOELHUKVDAMGAHHKCUNBLHSTCMKYCITBZGSXSEDLRICRIUKLRMGFOOTNYAHMOIKEPLKIFAAALZSOTLLNDMSJAWOHTTIVVHUVTBTDJQUJMKIJREUDJFZ
[31] -7.0488  order=qt  Q5=PEACE Q6=POLISH Q7=OWNHAND  T8=[perm]05143627
    IPTYRAITCAWODTHOMBOTYYSWORNERBIGMAOMPYEADCSGKCPVIARGQTMBUVFPWNOBHRMZOYARYRSDJAWWABSLMIRJDQOMNLCCMKIVZARERLZAHOTTNCNNFGAEMEYLBUJANOKJGLOGPFBXMKKZ
[2026-10-04T00:59:24Z] chunk 2900:3000 exit=0
[2026-10-04T00:59:24Z] chunk 3000:3100
progress order=qt perms=100/40320 candidates=107318484
vocab: 119 x 123 x 141 = 2063817 triples
T8 permutations: 40320
candidates: 206381700 in 33.2s (6.22M/s)

==== TOP 32 HITS ====
[ 0] -6.6948  order=qt  Q5=TIMES Q6=DEPART Q7=THESAME  T8=[perm]05247361
    BADIELEATVIUNUAFREIAHALGEUSTOSIEUTSGRNFQISFLRXXDOOAMVFDSSXMWIDHQATSEMHEEMTGPJASNYWTVLLCNGOGDOOBXBTTLEUEONZDDGTHHHFYEVEPRNONDNPEOGOANQDNFFARTSGCP
[ 1] -6.7929  order=qt  Q5=AHAIR Q6=FILLED Q7=GILDING  T8=[perm]05216473
    QAROFARFETXACESAFORTOISBDDMSRTARDIZDDQXZRDFLMADEWMITWQKCDWXJOSORRJRFVAGAUPVIQPOBALTHVCYTLDSLRELISMPECFEWBPKSSWTUSAZCFEYYGXFUTMCPIOFAXNRRZEQAUPIT
[ 2] -6.8096  order=qt  Q5=COUNT Q6=BYNOON Q7=THELOST  T8=[perm]05217364
    OTLXACTGSNUMEPNCARETANDJTOFDINFNTDENGZPKMNEMYDSTSEFTCLKLKVSZIIYHOEANOZYSLORFMIKTVVCSDUPAPELPOZUSSKSUNOFMFVJMVLOAAUSTFVXHJKISRJWEIAKKLEOCAXAVTZYU
[ 3] -6.8403  order=qt  Q5=CLOTH Q6=HETOOK Q7=JOURNEY  T8=[perm]05243167
    GSFTGWHINAERCEFREDSPLUCHTRDOVEVHUOPITVWYGBCTBKSQLDDIDEOTLXERQICFTLOCOLJRLJMVNFMFRAQMNUVITIGUKTROCKXUMYBMNGGUUDIJEWSQAAIENFDQHENUCDFSFONIEBEWHVBO
[ 4] -6.8444  order=qt  Q5=ATTHE Q6=MYTRUE Q7=GRINDER  T8=[perm]05261473
    HANGWHYYGDOUHEEEHORITISDEXWEMAAIOHLCYFPDZBCNWHFUTSJSAZABADLVTERMUEVAMZCTQFTGSODGECOKSDHHGSFHOTINMFLORFUNWKHDMOMAZIEGHFELURNLMPCAOPAXAALNJZWVBLPU
[ 5] -6.8720  order=qt  Q5=LATHE Q6=TEMPER Q7=LEGENDS  T8=[perm]05247613
    HMANDIVBINGNUWRSWBSALSJEANATOASHBOVOMOBAKANKODJCGOBPUKKXFYPHVKEBUIIIBMYZDOAYNEPFUCJOOADSHZEXATAYTZZNFRLDTYEVEGXOOKRYPERFICGSFXAVNLXSNQJROIFBLYTX
[ 6] -6.9121  order=qt  Q5=WHICH Q6=OBJECT Q7=LANGLEY  T8=[perm]05231647
    AEMMAOMAKNATICKOFAFZCLEARURNOONBRCZVSLGXUTAWXQGSUNBPATUNACTORUSKXXODDEXXMLBXJWELIBSVYBZGWDBRCUTIUQSUUIAJAVDYFINGVULPOLFSFAYASNZFQVVTQYNWXHINCLID
[ 7] -6.9362  order=qt  Q5=IHAVE Q6=ILEAVE Q7=ONLYTHE  T8=[perm]05263417
    LWACYPEMSEGBETFORTYWOADIOTPMLIKDRISCPMOMGELMHLATIECQQWACXGSMOCAPYPSJKCBOMKPEEDGGGGXSLUUDDEWPPHOPBEDBJNRLSFEFTVKBPKFAPKMHXMKIHEDZHVTUWMMEVLIERCWR
[ 8] -6.9384  order=qt  Q5=MYOWN Q6=GOINGI Q7=THATIFI  T8=[perm]05241376
    LNINTXLASMLICEBUSIMSDBAOWOGRABOPHFPHEJXOUMVESKSIFTAWZABSATXRJCYKBTMVKEHISISCGCBDTHEURCYDANMPSEWZXQSMIZESJSEJKIUPIIJOIMJHYBVTKKWJNMZRKTYXIIMNSHEW
[ 9] -6.9419  order=qt  Q5=ATTHE Q6=MYTRUE Q7=GRINDER  T8=[perm]05263471
    HHNSWHYYGNOFHEEEHORITISDEXWEMAAIOHLCYFPDZQCAWHFUTKJFAZABAOLRTERMUJVYMZCTQWTYSODGEEOXSDHHGKFQOTINMELSRFUNWNHLMOMAZIEGHFELUUNWMPCAONABAALNJEWDBLPU
[10] -6.9508  order=qt  Q5=TOPIC Q6=THEOLD Q7=JOURNEY  T8=[perm]05237614
    YWATYMYARETOYWEWEDOXVALNNPIEUSEWJRVDKUXASTUGUOFKJOBJOJRFVAHJDXWSWERHFVDXPEJWBTBPZCDDWWEIALYOHNGSORSBYTMOLHGSQFLCRVUYSCXSBKOOOSDKLROAILOTEADMOBLX
[11] -6.9584  order=qt  Q5=WROTE Q6=POLISH Q7=STILLMY  T8=[perm]05264173
    QPOESHNOASSHELOTSSNOWELLYUSURRSLDHOWSBYILDTWAFWDYPDUTZIHTIJUZTFUAUJVODIRBSDYFBSDDIFSTHTROWDUGKSNPSUHRHYNCZPSWUBUQDKVSJCULHASGCBKYGZLXURIDVIMTPLT
[12] -6.9604  order=qt  Q5=INSIX Q6=SUCHAN Q7=ATURNOF  T8=[perm]05217463
    XASLITDSTSPITSSTASPISNADYMCEECXYISAZVEACEWZVZEYQTUKXEACDNFXNZCNSNUEPMHLYXSPXQRJAJEWSESIPLMOFUDIFUHLYRAITQTDQUJDYLCTTEPMLVCTQZYBLNQTASNODAZHORFOI
[13] -6.9682  order=qt  Q5=JUSTA Q6=SOLDER Q7=NOTHING  T8=[perm]05217346
    EQIEHAADSMEDISPSMEMETCLTSEEESLLPEANIKMOBMFGGNRIXHJJJGHQXWIVLCCRCOPVUSBPLIQJGVALOQLOTSQDQYGPUNJRAOPBVIDLLYUPSIRHPREFWZNGHQHCSPMVSGYPILBUTHUEAGGIO
[14] -6.9766  order=qt  Q5=GATES Q6=THISTO Q7=LIFTING  T8=[perm]05214637
    MIEKISIFLIONDJCFONGEXPNENORLETEMITRWHPUGYVNALMRBCDENQPVFIEHODHAPPQVGZGGVEHNPWAYKCCHCWTHFYDBCOOKKUVONJTUKOTHMYNVHFJAUTZTGIEWBNLACKLGEGQQNNNSSOUFJ
[15] -6.9775  order=qt  Q5=NAMED Q6=SUBTLE Q7=ABSENCE  T8=[perm]05216437
    QIDUNTJRONOCHEFIXMADTIVESHMAORFTTJFUTHDANMGAPAAXCCNRONARSSAHULOINHGHNGRWRKMCWWVUPAWOZXPNEDYFSGRDPPVXYLYPDDBTITEMULARXWYGHDCSZAYUGBJIUWBUZUHWXTCP
[16] -6.9816  order=qt  Q5=NOTMY Q6=WILLGO Q7=ATURNOF  T8=[perm]05264173
    PIKESHEUNANLOCGSISCLLTESAGIDONDNCEWCBNTQRODZDTDADRHCHMLXZHIPAPPTCYBETAESCXLLLLXPTANLMBQJBYDSHTXTMGSUMCABBKMDOMZOGOCSKYTFRQXHYFCLBDQCUVDEITQAAWOI
[17] -6.9823  order=qt  Q5=IHAVE Q6=TEMPER Q7=RESIDUE  T8=[perm]05246137
    SPEANSEYAREUADALWNAAHIDDPTINGAMPHOLIECEJLRSPFBIAKYDUHRVIUMYNABSEUZTMIGLWHDJYAXDTNUYTUCFRIABUTPYAFIAUUJXJZXTZZVNFMXBEOWWYLTSORUPGMRCSEYQKQHNSCUKX
[18] -6.9827  order=qt  Q5=INNER Q6=TOWORK Q7=TEACHER  T8=[perm]05243671
    PFNICLINGARTOENIREHVNOESNCIMOMHANGUUSYBFEJLWJFNLUJORMCCWBYVSPNVKIROSOORJRALJVDSYQHDFYIZOSUMEGEPMLNDYTMANHJCUJBQHGNLFLNNULEUMOSBOWCITCJUIOPHLRHON
[19] -6.9875  order=qt  Q5=SHORT Q6=ACLOTH Q7=ATLASTA  T8=[perm]05231764
    SGPFANNMDECOTEMSNGPICAEDIVATOBDDUTCGIYADXIZAXWWTVFREDGPPJYNEMRLKJACTRVPIYTYYAAPYEZYIBRJOULMDAESHKXWHLEYTEPMTZCFLUVRZTHHATBLSTUFLPMPRONLYCZYWSKGD
[20] -6.9920  order=qt  Q5=WROTE Q6=FILING Q7=GRINDER  T8=[perm]05247316
    TTOREVAADOLWEBOXNGLOLTHALMGNEONBLYNYKXKTESHATDSUQOGQTAMNWZPVLRHDWUOLMEQPZPLCVYISBFSTRANEZFYELKDNRZHLVGLIDHNDOMITKBLRNWLTECOSPEJRYWNOITUAUEGOJSWH
[21] -6.9974  order=qt  Q5=FOUND Q6=SUCHAN Q7=ANDEACH  T8=[perm]05216437
    RSYPIPIXEOVIEKERSAEDAAMLSANLABISFXNQUARCDCDHXTOGXCHIFIAOABOSHNXWMCIWDKMSQMPSSFPLCETFZQKSZYSHLLEUOWGPIEEUSACIAJLAYJPBEDRODBOKCPTAKXNCIIVHEVSQTEFG
[22] -7.0005  order=qt  Q5=YEARS Q6=SPLITA Q7=MARGINS  T8=[perm]05213467
    KTLEHIXNALATIMOVFOUELISTBRUILDOJDOBGRVRTGWGGPELPXQYOREGIBACJJUJPEHANDEVXLKLEERRVCVEDMBCLFBXACLXCIEFLEIMUDOMSWTRBBSJWIGIDSPCLSAOZNZXWEHFSSHHCUJRI
[23] -7.0005  order=qt  Q5=LASTA Q6=REFERS Q7=REGIONS  T8=[perm]05264371
    AMECRREPOINPEANAAFAOTHHRDDTLESJAKSDRUPCCRLDRMXBJKAHQDNQDBCWENLFTCGHZCHOVEYOEAQRDWPISIAOSVRHUDSLNXUOIHMIFHEUMROMIPQBILMDFMEGIUNCFCLVXUQPRENJBQQWH
[24] -7.0046  order=qt  Q5=PEACE Q6=FILLED Q7=THESAME  T8=[perm]05236417
    AAANDFSUMASEDNOFURIHERACTIVFJULEMHLWHKBOSIUCHIUROHQBRBLWVBDCLDAAMVBUPZKHREQOZFFUIPOAUHEVOBFDYWEGDGMENNNYKITFJUCRINUWWFDJMPJEUXUSRBXQKBMNSIRSBAUE
[25] -7.0051  order=qt  Q5=BARNS Q6=BERLIN Q7=THEBARN  T8=[perm]05231674
    SBPANIOOXPUSDODAUECHEOFRELADOLGHHPDCEDWYHOOPMBXKLEOFYIDSJDVPHCMSNSHOYVQSECILLCLGXNXSBGPFLGPMLGEGCHXJDFYIGMTCOTAVLITQKCOWLNDRQYJHAPISVYCSTWFAWEON
[26] -7.0057  order=qt  Q5=GOING Q6=THISTO Q7=AREONLY  T8=[perm]05217436
    YORLPBDTWCTLENELBARSFINTEROLDEINKXOAINRYTCMGHLBGFGZVRLMPRHAWPMODDUWXVLZAROBOUSBCBAOFXMUXJONUCXEYZVAKJOSUCHTBIBUBEVRQNJJJPHEVRYKMNCCICVUTQTKDWESU
[27] -7.0125  order=qt  Q5=MAKES Q6=MASTER Q7=ITTOTHE  T8=[perm]05234761
    RPSONDELESMROZNUSADOTACKTHISSNKUGEVSEVDEULEZBHZFWXKSJMSIKPIXYKPCAKAGGLYCCCGAMLBIFEJHELUGSFLEPIZLFKJGFAXFJPMCGERUEZRLXDNDAXCZLMKXLCFEOPKTEOWNEBXI
[28] -7.0164  order=qt  Q5=STILL Q6=INBERN Q7=FIFTEEN  T8=[perm]05231476
    NYANDACRMWIOSZCHERKECSBYWANYDODGIRGPLGENQBYVJQQYFDZQOGCKTREVAQUSUAHOELTBIANIBGENWXHBTSYBPMXOYQEEUMEDZNPZUMQQAAIOCJEMCLTTEGNOSTELRYRZAHDGZOWHSNBZ
[29] -7.0200  order=qt  Q5=GRIND Q6=MANNER Q7=STILLMY  T8=[perm]05263741
    ICNECETEJYEMUKTERSITJAYAHSTATIRIXDRQCVEOVSOQPMMNXPMWRWRPYZVHXYKUPQROJAQICICWREYKMIWYTVYWETOZCAYCHQTFARPKBYXJEQJUOLFTIYIIFNUNRSNCETTHATKCOPEORZYU
[30] -7.0219  order=qt  Q5=KNOTS Q6=ITINTO Q7=HETELLS  T8=[perm]05217364
    WLMOQUALYDESCHEAREAIMATKRKLDUBUCFKBSUQYXLLDBEEAWFWYCSBSVSRPLOHQOAIMUGAYCAXLVPCEAIBIALOKIAFLPYAKLKFIBDECQFASPDRAPHRTLJGFJULIUIEMYIWXIXHDEKJTJAKKT
[31] -7.0266  order=qt  Q5=GRIND Q6=EMBERS Q7=THESAME  T8=[perm]05216734
    XMBEPSLYLASSYSICIOSTALCSSCIPNKBINMYCHIAWSPHVAEIHVINUTYNCIVDXSLBOPQNSTSKKQKTZNBPNHMAYRRTJOSPXVNVHUCLENAFIDFXATNBQLBWIZDDFCHLPGMSHKSXLGUYUKIMKEWWR
[2026-10-04T01:01:09Z] chunk 3000:3100 exit=0
[2026-10-04T01:01:09Z] chunk 3100:3200
progress order=qt perms=100/40320 candidates=107318484
vocab: 119 x 123 x 141 = 2063817 triples
T8 permutations: 40320
candidates: 206381700 in 36.3s (5.69M/s)

==== TOP 32 HITS ====
[ 0] -6.6933  order=qt  Q5=AFINE Q6=SAIDHE Q7=SUNRISE  T8=[perm]05276143
    AZNLANEWPATBNLORCIPILOICIECARGERTJHJNMOTENLIYWCIRREEHICVUNIHMPRRBDMFSSLSLOHCTRRSMESEIETEDFHBVFGAREBYSVCUYQNUGUNAYANKDWWNGWIXCNXREBCUDTGWALCAESYF
[ 1] -6.8797  order=qt  Q5=STRAW Q6=NUANCE Q7=TAKEONE  T8=[perm]05317264
    WNOODAGHEWUSAIFOICESISAUSIDEWIIADUBPDEANTUPCSOPNKZOOOECQGCWVADRFIAGDJERVETWEBLBPLCNFSFRNEGTCMBTLCQKZPQUXXEWYPOAGWVJLZIZPINJILQGNXSDENTOCDKGENNPU
[ 2] -6.9049  order=qt  Q5=STRAW Q6=NUANCE Q7=TAKEONE  T8=[perm]05314267
    WNOOPAGUEWUSXIFHICESISAUSIDEWIIADUBPDEANTUPCQOPOKZOOEECHGCWVFDRAIAGDEERRETWEWLBHLCNFTFRUEGTCXBTECQKZTQUWXEWYDOASWVJLZIZPINJIWQGGXSDEPTOZDKGEANPA
[ 3] -6.9162  order=qt  Q5=WATER Q6=COPPER Q7=WROTETO  T8=[perm]05321476
    WRGXJIKILYRATANNOTRAEKWANTATURSXOVWPBNVLKEERMEAFFPQGSEFEUBCCVFZCIITLPPMEGRYZCOETEPMXILERZAPPSILFOOJLOBQKTXUTNEDXZYSWELHRHOAUNNPTNKHAFWNEFBNPCFJW
[ 4] -6.9189  order=qt  Q5=LETME Q6=SAIDHE Q7=ANDEACH  T8=[perm]05273641
    VDGRISBASIDBRIHNNGFFTOONOFAIRIAMWPEOVFAFXKRSEPUWZRPRIXZCUTZCJRSRDECKTPCCEVVEYEIIXXHAHPFFNYRHCVTOZNBOOGRNZSVVTPYOFNYSNOFMOHJGSSEHUMAPMTEVXHAMKCTP
[ 5] -6.9207  order=qt  Q5=AHAIR Q6=SAIDHE Q7=TELLSME  T8=[perm]05274613
    CIPONABALMHISURECIJGSODICQUIDADCUIXMCYTWZERPLANEOSUEQYKVUMUBWISAYEKPVJVHRYAWBEKMYBYIGUYPWLHBSMBJGUHVATZGFMROCHPOFIODSNMOWYAEINENLHMADDPZIIRLXHQK
[ 6] -6.9228  order=qt  Q5=INSIX Q6=PHRASE Q7=INBOOKS  T8=[perm]05327614
    NUDIFLEOWAGLENAVUYCOLMEORSRWAYHOEDTCZOTTLEWVPHWAGLFQCPXWNHARHUKOOFWFAREUHAGARRURQAZCDXQSSFJJATOBPQVXIETJBYVILERIDAFUJIOLDZSNFJXCHSAICMFTTLZVOTFN
[ 7] -6.9426  order=qt  Q5=BLOOD Q6=FODDER Q7=WHICHIS  T8=[perm]05324617
    CEUMONTHPEEQOFTHECRGICFMYGOUTOOFQYGMWBRSTWAQIHEIHSIFAHHATLOUBLMZNVFGHFOLZVCVGTRYHWSPONSYYUHNDTDDATIHENGNGXXNUZDAXSDAKXDAGPQLFACMBGKFEPVLWNENCBRU
[ 8] -6.9506  order=qt  Q5=STRAW Q6=NUANCE Q7=TAKEONE  T8=[perm]05327164
    WALODAGHEOGSAIFOINRSISAUSBLEWIIADSWPDEANTRWCSOPNKPROOECQGFQVADRFITJDJERVENBEBLBPLQBFSFRNEGTCMBTLCECZPQUXXHQYPOAGWAOLZIZPIDZILQGNXPGENTOCDIXENNPU
[ 9] -6.9568  order=qt  Q5=WOUND Q6=SOLDER Q7=PASSAGE  T8=[perm]05361427
    QWPAESPMIESGANCSSEMILINGEBOKAFFRTXKWARXGLALGQYXRRHWAGAMGPTDXPOGOKHPTXAGDXLACOBEEUYNDPECIUIAZUZGYRBAUTBNAREJFFSGHYHTUPDSRESVDRGTCVBRKMCZEFURHIROD
[10] -6.9679  order=qt  Q5=JUSTA Q6=MANNER Q7=JOURNEY  T8=[perm]05327461
    YHOMYISETZEEFITWROLMOPYGARVICLEHOSQLAZBUKFAYSOVSGVANADBAXAKSFINPOEDOGDPLFQXCXDHFONCBAMPXXHTQDJYPRPHLVWPWEIPFQUNOTOROZMCLBNMTSPETQWGFTCETRDDXATRM
[11] -6.9708  order=qt  Q5=THREE Q6=AWAITS Q7=NOTHING  T8=[perm]05271634
    VXTALHOBCATENADISMDWIESERRYECBZVKUVPHONZELLBHBQUSOFEAYHAHUVIEXMLBTYAFZQZNZVPRACOJSLBIHWAYPHLQTEIEBEISFUKBCLYBOGXGNAEONTEOAXZBZUIJQVPPCADYYPMSIWF
[12] -6.9809  order=qt  Q5=STEEL Q6=FILLED Q7=HEMETME  T8=[perm]05326174
    QCOPICGANUEBOLIFUDONOXSENIBPAMADLORQGIRQPYDADAOBPOGINCEFNKVPILPTIGWAPNGUJUOHSXGLAWWCCHEZSUEOQHKRLAEPCUMYQSHRSMSARKKWJBBEMXOHVUMPMEFGJVIRBAYWZLDA
[13] -6.9834  order=qt  Q5=INSIX Q6=FROMME Q7=EASTNOR  T8=[perm]05314627
    HXTOOFAPOLCPHEASEETGMEEANFELZHANNYIGYQROKJMUITWHCELETIDCNOAYVPRNOMEENUPFAWNLCOXRLACHPWMXSKNAUUQHINIZSFAWCVULJDMYYHDCXZXUGMZQRUNYFGJDICQENAAHNOYS
[14] -6.9842  order=qt  Q5=VENNA Q6=HAIROR Q7=SAWSUCH  T8=[perm]05276431
    DVEUSERNLINGOHCCIGIRLIBISNASDIDWQEXPNDKEYDOHBFGMJSDCUNYTVDQSBRQDCPSZTJEORKFCYAASXNBTUDREGJHWZLUVLTBOQYLMPELVTNRHAHELEZPATRSZHELEADWUCTOGFUXEITPL
[15] -6.9911  order=qt  Q5=LEDME Q6=WINTER Q7=DIGETAL  T8=[perm]05317624
    YDOCUMHOSEADSTARNDODFBSAHEPETPGSJENVLUPUPMTVNCRSOENKQEDCHATMNUNDLNRBOSCLEZARNFYBQMDOBZOZZUJYIZALDEZMPWAOMCYJHXKISGOFAAFNMOKQGGLBHADKKNEKRYLWJNXQ
[16] -6.9981  order=qt  Q5=HEMET Q6=HIMFOR Q7=THESAME  T8=[perm]05342671
    QANGCDPDINFAILUSRHASISORCAVRRERBSZQORIJCRGHTHCTDRPFQMIITUNITRDMNOWGWPEXQHKMEJDNEPVCMIPBYCDKBJKZZBKFMWYOYSDLDCYNODIFQESOLOOSJLVSNXYBIJSQOFDADAFXU
[17] -7.0023  order=qt  Q5=YEARS Q6=WILLGO Q7=FURNACE  T8=[perm]05321764
    INKOURYONGOPAREAPBRGCNCCENDALXHUMGDOEDUUHWOAFPJSYZAZGUSWHWUEONECHDWBVTNDKFGRWCVDPIBXEBCOENTKHICKBFWTYECNOJURWKETOHLNSURCRURUHTQMNMEQCBXDLODBOKMA
[18] -7.0034  order=qt  Q5=UNDER Q6=BRONZE Q7=DRAWNTO  T8=[perm]05341276
    GNLISAIKIDTPLETOPUTEREPURYFBRLAWISQBFIRNHIZOBTZVGQXCINGLQFVSHTLSROWATGNISFAEQYFSMNCHMWUFPWSBXWDVQPMRKNATYWXFXADVMMJDTUKTLUWWHEOYILLEDHLUNDCAADQQ
[19] -7.0035  order=qt  Q5=LEAVE Q6=HESAYS Q7=HEMETME  T8=[perm]05316274
    AMBYTYTINPLOADSEWBYPORNTWIOLOYQASNRGTWRDRNMKRSAJJELMSYIOWEWGYHMPTCEIPCEMMZEGBSKRAIUYGAIGTOXYCGIQBXYNAMQUEYNCNYSDHBIJQVSUOTEGEHCEMTADMISKDKTAZQWK
[20] -7.0047  order=qt  Q5=PRIOR Q6=QUENCH Q7=TEACHER  T8=[perm]05271643
    ZACHWILEODOLKROSERTSCCASPONBVTDJCOGNKJKSIBOZYDPAESPZERNVFWQGCUFBAQAZNLOXIFPZTKVHMJSSGEPQTGHADPUCNBYGRVUJKUNTOMMNCERBKCLYGNETNTDWIONXSSATIATGUMRI
[21] -7.0161  order=qt  Q5=BALES Q6=BRONZE Q7=SOTTILE  T8=[perm]05271634
    TRJGRAGREBIGTOTAMACKIRUSINGNRBQCFNBAQEOKHUGTUDSYANDHSWQRDRRZSPSKMUMGJYBRYOPWIZBSXCBOSSSWAOEASKOSNJKJAXTXLHPALSGPIHEGHREXKDQUQMHUMOWAHMHYXATULMFL
[22] -7.0171  order=qt  Q5=PEACE Q6=ANNEAL Q7=SUNRISE  T8=[perm]05324176
    DHSUALMICSYCLIDELLRASOTOHPEGUAHCBZEXRHEUVHRURKPLDITGLNYEMKRFLMKQIBOVDOAWXPXCMPUMMELTKPPNRSNYMUHFRANOJLIFXWRWTCFSLEDSVTHMJFLEXLMNLABECYZCINUZVSPF
[23] -7.0200  order=qt  Q5=IHAVE Q6=ASTONE Q7=INSEVEN  T8=[perm]05361472
    IRTTGSENGIROVACAIDHITZGETKHEDINCJYLCEHPQNSAWSDMMIKHPHOMTUEJBUWSTOFLYDPRYEBUXSKUMECIIISGIUSMPDRZZNGPGTDLAOFHJPIDRVILWMOGISVQWQPBBSAQCWNZJJDVTXEEU
[24] -7.0300  order=qt  Q5=CLOCK Q6=BERLIN Q7=TAKEONE  T8=[perm]05342167
    OTBOOVERITYEAWIGVALGEUWEHISCNTWTFSHMBLEMUSALQTDNCDIQJRLUSDMEHAPASNBJUDMSMRIDKOLUQCEYZNQNPYESRBUKALOXPZYORGBJFFDUGWAXXGLMWAOIDCENYYOJCFBXLPHMPBNW
[25] -7.0362  order=qt  Q5=GOING Q6=THISIS Q7=OWNHAND  T8=[perm]05362174
    TWLPFOSGRCUBBESTIACWRLOSYSTETHEAFAYKBEMSLSKHIBQATNAXBYEAPUIBGJVJPCURVCLFNEFLYAWUZTRSTVXPLYFHSJXUWOSSWURQRNTKPQNMYDOHHHPYAWTHUNTHEWZIUXBTKTBPPIQK
[26] -7.0384  order=qt  Q5=ATURN Q6=KNOTIN Q7=HAMMERS  T8=[perm]05341267
    ODUNSJENNVAMLYBYLATTHEARVSTELEIYFBEDPRBSIUMLOFLUTSSYNPXQODOEMTHMGKZFLCDNMCWLMOAYEOEITGECOKRRAEUVQZXMGOHWCVLBUOKKGHUERYTIAALTCJVUHNWUSYEUWZTVLBEX
[27] -7.0420  order=qt  Q5=WOUND Q6=HEDOES Q7=SMELTED  T8=[perm]05346721
    CGORKPEREQUENHERRUGEILISMOHSEVUAHORIPJQSNISVJVTIQZNAXOWAANOBURRCICDRDGTMEELJLKVKLFUSAQXOXSKJLZRAUYEIBMSPCSOYJPPWZXLTYLRDMIMMFCWEXMTWHKVLROUCTUAJ
[28] -7.0455  order=qt  Q5=MEHIS Q6=WINTER Q7=ANDEACH  T8=[perm]05316427
    TSTFIIMEONSARDOOVSOGLEUGNARDATMSCFRXXQUWKUPUMBUFENHPIEQOLZDWLNUEMURRTHBMDYCXVEJRNITEFQDWZXMOHOEABDONOWROKEXIQKREOFGEURRRGBVQCIAQQFSXOZJMRUMOHIIC
[29] -7.0471  order=qt  Q5=TANTO Q6=SOLDER Q7=TOOLSOF  T8=[perm]05316427
    FBSELAINSNHFLAEROUBYCFTPOSERUNYHAUTIATYNMRMTKDKEIAMSTWJOKYKMWEQNAHJAUEZDRLGDYCSLPHPXASUSEPZVZISVALUYXUHTOVJIJFUEPEDPYQHOSRGKHOOGFRUSNWAOZLXMARIH
[30] -7.0489  order=qt  Q5=HEMET Q6=METALS Q7=THESAME  T8=[perm]05361724
    JTHMNOESPICYMURFICHDDECHOEASESTFQTKKWNNAIVABLHFEWGFZEDAICPAZXHPLNGERJJIJDNKJNOKSLZEGKAELWETFWOGGTORWYWDTQVWOOSTHXDNXNEBMRIFUPLEMFLTDPDEXKNMHHLWC
[31] -7.0498  order=qt  Q5=JUSTA Q6=QUENCH Q7=ISNOTMY  T8=[perm]05342761
    RZTHOUTWERAGURGSOHEWPTPORYNINPENYZVONGFUUZCGDRGIECZURFZFASDIVQRRSKXSLDSSFYZYEXEECBLUUPGMIQRALMKSMIIJCSJRNJEREVQRALUGEEEVOAKNDJDYTNOMOVMYZFBDRPOC
[2026-10-04T01:01:45Z] chunk 3100:3200 exit=0
[2026-10-04T01:01:45Z] chunk 3200:3300
progress order=qt perms=100/40320 candidates=107318484
vocab: 119 x 123 x 141 = 2063817 triples
T8 permutations: 40320
candidates: 206381700 in 34.2s (6.04M/s)

==== TOP 32 HITS ====
[ 0] -6.8190  order=qt  Q5=MOULD Q6=GUTTER Q7=MARGINS  T8=[perm]05367124
    PSUBEORSTSTONDABEAONESNQWFFEWFITCEOGIJSEJIUZUSJCRYIMAROGRALLLCOPKRISCMPOVAFHDNSISXGLEKRFIDDQRFSOHVARHRTHNPJLWBZSGAYPLDGFCBYDYWBZJPXQDSFEOUJPVADN
[ 1] -6.8328  order=qt  Q5=STEEL Q6=NUANCE Q7=TAKEONE  T8=[perm]05364271
    WIURCALEADUSHEEHISAFISOYFEDRNUVTKLHPDRELTDNOKOPSVDOORAMSGKNYFDAFUSGKALOXRIPEWASPLXCBDFKWAFTCHTPZCRVOTQMUTEWMSEBOGFVLZOJQILSEPQLRQPDENKYLDCCLANWS
[ 2] -6.8596  order=qt  Q5=FORGE Q6=HEDOES Q7=LONGAGO  T8=[perm]05367412
    CKLEDFRETEDBNZRINTOBISIRUDIOZBYHORGIRYTLYOTIGEXTOOZZKBCTVCQESZQARCLMELDYWTTZECESSURLSMPORLYOXWOHNPTRYVOBGONHPZOSBYWNDCMAJOMUKZBOVGQUDUAXOZVGNBFM
[ 3] -6.8601  order=qt  Q5=AGAIN Q6=ANNEAL Q7=SHADING  T8=[perm]05376241
    SRSSSKANDCWAGANAROOFEPENWYIEFSVOBUFQXKVUONAVYGITYBEWQGGBJODULPPTHMLVNUXSDHOMBPEXOGIVSSECUTGKARPRFOTTZSJKHJCCARYPLUZNOLSONPZOUEVTWDRVIVBBTWLIAEPR
[ 4] -6.8693  order=qt  Q5=ALONG Q6=SLOWLY Q7=IPICKUP  T8=[perm]05362741
    XDILLGZYOUTAHISHOWHMCTASONKEIFNWGPAKSVAINHXOHYGZCALZGGAXLSLLAZWBUZFIRZEZOGPTTEIGQFALTNKEVWWIBPROANSCAMJGMUDMOXAKKLAVTOBYONPTIDSDZODOYEFELPTAFSSY
[ 5] -6.8743  order=qt  Q5=TOTHE Q6=ANSWER Q7=GOODBYE  T8=[perm]05364172
    YDSUDDYEABUFXDCHARDEMMFTOCTTOGOSOFASWODJUDFSYTWHOBEUAERDTAANWYIVRERSVNVCIIAKQILSUFCINMURZKERXMBBEDECZTBEEPNTJJYKCFMVVZEROSVRXSNFGFREFJEDBNGZRJWH
[ 6] -6.8751  order=qt  Q5=UNDER Q6=DREWNO Q7=LONGAGO  T8=[perm]05426173
    THEKITSNOTFINEBWWHTXSKOICETOUNNAUTIWJPOREXDNGDONESDLFEBLARGMPUJUPYBOYCGLMAXRFRUQVZUOGNRMUUTVFASHCYHIICMUVBWSSNYMLELSMBSPEVDRGLYXWNFGQALOCDCPLYYD
[ 7] -6.9370  order=qt  Q5=ANVIL Q6=PHRASE Q7=CARRIED  T8=[perm]05371246
    AKINCHISCFAADINMYOCRSXTOFACPDUSGEAMWPVWRHDNBYKVPCMDRINUJZSLFUDTOXZXFNTRGOLZTSLAESCCOCMOAVKQVLECAMZNLSITGEXESQBUTKBEALHDDTHECSQERUCYTAXZMBYPZVJAJ
[ 8] -6.9423  order=qt  Q5=PEACE Q6=FILLED Q7=THESAME  T8=[perm]05426317
    AAJAGFSUMANNINOFURTXFRACTIROMULEMHABGKBOSIXIOIUROHGFTBLWVBOFNDAAMVUMNZKHREBQVFFUIPRMHHEVOBHDKWEGDGWYWNNYKITIGUCRINGBQFDJMPHYSXUSRBFLIBMNSITUJAUE
[ 9] -6.9484  order=qt  Q5=BRASS Q6=MANNER Q7=SMELTED  T8=[perm]05416273
    QZYOUWERIPEHJOSROAHISAPSMYCANOSINTXZGBXPBCVOBWBYPYSUNWWNYMEGECSINTEORPNKUGPQANOLWGNCEGNUEVTNQXOBUPGRMRJVTAGUZECCGVWCOLHGPZMGMPWBYLAEDLLTOOWGAEUI
[10] -6.9540  order=qt  Q5=PRIOR Q6=ISDONE Q7=LANGLEY  T8=[perm]05413627
    LEPLOMUCDHEBEINOINGUYDRTTUMUREPWANDCRNWLOAKSHQJZIWXAARXIKCPLSDFDRLLSETBTBNGYAJOSIHNSBTMNLLRISOAYXTHSAUWVKIFYATNSFXLNRWSFVMYUISYHTHPEGBFWRKBIDDOA
[11] -6.9547  order=qt  Q5=INTOA Q6=GOINGI Q7=LOGSAYS  T8=[perm]05427136
    ADNLIECHABOOAFAXCLADATLSAGEEAPYGWZHEGEHABGGSCRWPGVFNOATSPEOMSYFRPTFTISTORJHOLWCVOPMFTUOUAJSSHWAYLPJIASQAEMPAJCBPPAHKHPLYHXNCXFNBOXXSVCWGVSWUNSSX
[12] -6.9573  order=qt  Q5=SHARE Q6=HIDDEN Q7=HEMAKES  T8=[perm]05364271
    MATXMALEDAWNOSTNESRSLUPFRVONLICTSMWERNVEDWMLEMVDJFXFAHELJCCTVHGUUSFIVENYMCEYJNLWMYNIEHUHQMHUEOEVFJNJDSSNFDAVZYGCODIRLKPBJUECILYACVGRASRBYDSBQHAF
[13] -6.9589  order=qt  Q5=UPONE Q6=HESAYS Q7=EYESARE  T8=[perm]05427316
    SOPAVINGOLDOSGMAFAMNOFTPYRELDEWWOOJGOSCIHRLUJAXFNEMTIYKIBSTJZGIOGBRXECIARONPGEWHBUPFOFSSTPQIZWHOANLXHOMHEKAURZFKNZEQGICGDIRYSDHTYMPQIUOUWUCZYEMN
[14] -6.9593  order=qt  Q5=AHAIR Q6=WORKED Q7=COMMENT  T8=[perm]05374216
    GWGCLASTERELHTCREINMRDJILLSOBHUDTXCXXPSYRNHNTJKEUPFVVXCOTBUFRJZFEEMHCAVUCPNPMAINIGEFLPNFULSDKRPFUTNJCTPHAWGOLEGVDVJZIYERFPCQLRVRTWRYKALBLERTATKK
[15] -6.9635  order=qt  Q5=TONGS Q6=MYEYES Q7=ITTOTHE  T8=[perm]05416273
    IHORUNSETRRORYODBYALLEORTEDEPHLYIEWIWBEQCZRLWTTBUXSINEQRWEEQIARJADNXZNHOJWEFYNFPUKTVYDTFTHAETILAHUOSPTTLENWETJMUMXTTCNSZUAKWIRDIDQEZWSGSGHGLDFJI
[16] -6.9682  order=qt  Q5=STILL Q6=HAIROR Q7=ANDWILL  T8=[perm]05427316
    ZLEXONFEAMORSGAECEFROUKEOFEAGNGCTWREGREADZEDYEFLIGADERTYYETXSKJLGPCDHPOQMQVBPDBGWMKGPHWEUFPVISHLJAHARMKTJZFLFIYZDISVUUYJBNLYAXLAVRABZOZLYBULFZSC
[17] -6.9694  order=qt  Q5=FOUND Q6=PIERCE Q7=NOTHING  T8=[perm]05427631
    MVIGBRMEWOTICAANDNUSABAOSRFOUTUCYRBJENAHXATBNHXZYBNBDINMNDTEEIQPTVYUHHAWPDACYBOMTOHUCHYHINFBRDARXUTTWJOMOBUPTHRYHSTEXGLRRMXOBFBATZWABCTLSIYRXFXS
[18] -6.9749  order=qt  Q5=TIMES Q6=INROWS Q7=YEARSHE  T8=[perm]05417236
    OSGTANSRCUNNOGELCADEREGIEMDSSALBXDEQCIRWWIMSTOMFKQCLFELXDYXAJSAXHAJPEJQFLFNMSAUICENDMFPKMHDEBEPWAOTXHXORUPQBGWUJQNTYALVRLPIMPRDKNUWARTSMUGMPAMHS
[19] -6.9805  order=qt  Q5=METME Q6=KNOTIN Q7=THROUGH  T8=[perm]05426731
    TPIQUNIFUTRUCPLERENASHSTLEMMOFXONOKLZCFIMMGVRHPLOMDYTYBKBIYEYENGHEBYRCAPKJSSISIRGJOGKUACTJBGIEBBRAKLHEQQCHKILPEHHJCDMAQXIETWAWAXHTOZRUTAPMFUGQTJ
[20] -6.9925  order=qt  Q5=UPONE Q6=CLOCKS Q7=EYESARE  T8=[perm]05376412
    EZKBUILMSINDSADAHATHODSVAUBLDEYUSPMFEKDGJRESKOHCXOXOHYEXCTAMYAUWIBOBVAFGSZCXMELTCNQOLSOLSPMAYUVSFGCKFOXJFXCMCNQLUZDELGENICKEWDZQPJVCOIJMZUARUCBF
[21] -6.9927  order=qt  Q5=TOPIC Q6=DAYAND Q7=LONGAGO  T8=[perm]05367412
    UTWATJOGDEDTUREUEXAHOTOURVWRISHMEWANOTDLYRSLWLJXAEIWJYIJTODCMPKPUGUQLLDXZSHOPPGFVNLEFTERLIHCTNZMWODRYMADWEEBOOUTXVPOMOBOYCXLQPFAYGQLFWLTWNXNCSYF
[22] -6.9957  order=qt  Q5=HESAW Q6=EMBERS Q7=THEITEM  T8=[perm]05362471
    WTICEFENPRAONETAOFLLYAEKDAGAYGEVOEXKIXDQFRPOEROXRAVUPLYQOSWWDHTXJMACUFOIPMFNYLEITKSDDKASQNVOFORWMYKKMHSDJEULDCAZKHVBCKUNBYNXKDMYFRILUAHSAQUASGZE
[23] -6.9986  order=qt  Q5=EMBER Q6=NUANCE Q7=FELTTHE  T8=[perm]05413672
    DRISYALSPYVTEERODCOPHDHECETODANWTVNSYGPBTAWANAVHVGWTABLRLXKKARGTAEBEOAISGAQPLYLYNVULCPSABHMHFGKUKGHHEGGKQXYESYELBHTOKGRYSHWHVIFKPCKLAMEUPQMLDRXG
[24] -7.0002  order=qt  Q5=WIRES Q6=PORTAL Q7=PRICKMY  T8=[perm]05417326
    WTTIPERONHAITDDCLODGLETVINSAUSYHUALBOFNTJGHDVOHHUANLESZYCTGAIJAXHUNIAKJEFMBGOFLUBMFMPLUDHZNLCTEZINOAPOHETDJDLLXKKMYUGOUIQCPQISUIEHFSGLJMPZANGPGG
[25] -7.0029  order=qt  Q5=ROADS Q6=WILLGO Q7=IWORKED  T8=[perm]05412367
    GBEEWKCDBEVEENBOONSDIVANPODSTVEVZYETZSTLGROOJVPGQELXANTKLIHRLWFUFGIZZOLJVLXPRSESVINWWAERCMOOLYRRFUPXPCJBSASKSADBYCAIANNIKNWBJSWWSCQCOVVRIOSRATHQ
[26] -7.0036  order=qt  Q5=INGOT Q6=ISDONE Q7=THEROAD  T8=[perm]05367124
    MKGONDALPRELEAUPOLZKTOFFGHTHIRSLUBZQMPXKWGINEQTNAEONNGURUAEZYVPYLDEGRNFKMQVYDOCKINZIPEWOPMACVGJBDIRZZIQRINGONGBGRYVAAPGVPZJOFFSIFQPBFUOPUPFQAEKA
[27] -7.0121  order=qt  Q5=GOING Q6=SOLDER Q7=FELTTHE  T8=[perm]05423617
    UKYAHILIESERLNOFUTPAYSOYDMEAKOTPGIOHYVEGKTHIWHASRHSKXDMWQDIXMTVVNICQGTESNGCDYOVWANWNDLCWXNDLUHFIKIOEADNSXTGHESZHZUENPILILGBIBWFEEIOHGKIDHNTUXWIF
[28] -7.0172  order=qt  Q5=INNER Q6=METALS Q7=SHADING  T8=[perm]05427631
    GPUNCPITPOWSVNDRETHNERMITYORBCKPEPCOZVKLGXTESCYSUBHEBYGNZWRPNOPMVUPRPLCOGKWKSYIYFEBBJSMHIAQERCFPURSXCEMTUFJARROBUDUJLCLYKOEACHMTJSFXUBEOHVUHICIW
[29] -7.0176  order=qt  Q5=FORGE Q6=SLOWLY Q7=TAKEONE  T8=[perm]05364712
    TMIUADPLAFSHEGNOSDIVERAROSHACDPAFPRSVIEFJPZABUQOAFYKPHEEHIALNGNZNSRHANLAXKERHKLTGOIIPDRGWITFKXRUULVAJYIUFKEELUTTITXIKESIVMZORWPDQWJNJYDUROXRPHZS
[30] -7.0185  order=qt  Q5=METAL Q6=ENOUGH Q7=SHADOWS  T8=[perm]05367421
    LPOTTHWESROVCVEDWERDGUREURREHEEPCIVFIPMWDOKTXMMCGDAIXBVISXNKORUBDDHCFQGOCVHNYCETBIXHHUHIAOFYLZKYSIYVSEAVEURIIGQCHSLBESUTTOUGBDJENYSWCTWHKGXXPPNN
[31] -7.0229  order=qt  Q5=HASME Q6=ANDTHE Q7=ANDEACH  T8=[perm]05374162
    XQUCBCNNEVARIPMYWHATRIENTKLMTICDKQRMAXNMRUJHNFNUXHCARXLKTDUBHNJADFXOACEGBDTYFCWPSTWXZQEJNCXOTYEBYOCHALKATMKGELSIDDGELCSMAZILHCNKKTIMAMYOYBYVNNCP
[2026-10-04T01:02:19Z] chunk 3200:3300 exit=0
[2026-10-04T01:02:19Z] chunk 3300:3400
progress order=qt perms=100/40320 candidates=107318484
vocab: 119 x 123 x 141 = 2063817 triples
T8 permutations: 40320
candidates: 206381700 in 34.7s (5.95M/s)

==== TOP 32 HITS ====
[ 0] -6.7437  order=qt  Q5=LEAVE Q6=GUTTER Q7=THROUGH  T8=[perm]05617234
    MORJTFTBMWHGGWAYONFOTHEITHFISTESLRIDYTNTWUPJQIRPHEJYPJLSCEOPFCJFMOMWDCOMDUVAVUSHIRLRXQZBTIVEBAEKHEHLIPAIDIATKRSMIDACOTBZPENNAJMSEGALJIJFAHDNEQUV
[ 1] -6.7657  order=qt  Q5=ANVIL Q6=GOLDEN Q7=WILLLET  T8=[perm]05476123
    CKLOWSTREPELSTSAADOSIALAFENANOSSNIKLPILVCEIRNAPUOSOSTCLOUMPDTNZHETWOQAPWOUJTUUTTKYQHHNWHINWFDMQWBGLYGLNVRPQBUIFAACOFYEEHFQDKAMNYIFARSNEZGKKDNOKM
[ 2] -6.8836  order=qt  Q5=HEARD Q6=NEEDLE Q7=WHICHIS  T8=[perm]05472361
    VEANRPEDSEWEEDYREFOSFIFOUTSLRUMJLHAPSKESMBRRBBOHEBNIUBKJCSCCQLVYGCOIDFMHJEFNUMAAALETIAREKWKUSBERSQDDYISKFNODENZGJIWXNVYPKOUDTLGFEUINGRAQWTIOMHKV
[ 3] -6.8894  order=qt  Q5=STEEL Q6=GILDED Q7=HEMETME  T8=[perm]05436172
    NCRNDCFANYMUDLINUDEBCOSEMITISMSDLFRDVIRRPYXDMHOBYOMIUCDFNAWXMLPEIGUQLKGUIUQCPXFLATFOWHESSUPAZUKRJAYIGULYQGHROMSHRKNITIBELXPNKULPMMPRDVIBBAQKPXDA
[ 4] -6.9029  order=qt  Q5=FORGE Q6=INDIGO Q7=FOODAND  T8=[perm]05461372
    GEOREAUITSETLFSHOWTNERGRWOCHTCISONSVZBAZQTBJMTVVZJZKTCYPRUSGAEISZVNQUYGODOTFRIDSCWNQPDLFZTVTVRSWFICGMKTUBBLSYLZCEMDLANEXINUKPUFIDXMRNMADSEIMSXXE
[ 5] -6.9121  order=qt  Q5=INTHE Q6=ISTUDY Q7=SUSPECT  T8=[perm]05623471
    JREYALTONBEONTOINTMGNGBYTEIHDVSFTVILVLPITEVCSYTSTPAFBANNZLSKXQPOFKGWQYSTSCLYZUOMNRHTJTFDWESBENHNBTPMGVMLQXJCEKFULTILXQRAVEAYORSCHIWTADCKYNOPAHQQ
[ 6] -6.9210  order=qt  Q5=FORGE Q6=ANNEAL Q7=EASTNOR  T8=[perm]05617324
    VQUEDCPCNEWSAUEADDEAASYPEWERFULIDEGEUAHZHXYHKHGRJSSPHEOKNLQAZZQAPITBFIAILAMTNTYESYZLWBEBNAROSTJLBSPINQUBBSQNJOTTMDYWXEBYUHJMNMWUKATPINBOMSHRQKKJ
[ 7] -6.9447  order=qt  Q5=INTHE Q6=REFERS Q7=HAVELED  T8=[perm]05617432
    VHCEDEFEZUNTONITFEALOIOWDTRIESTYJTMWXVGREFLIBTAPFEMMCWOVCHKMSGIPCAMHDSAFTAMTYCAPPJDBVGHXKFAPLGIRQYTLSDKCSKGALIYAMQAIDYTDXMIXFLFKJKLSIWIFPJDALFGN
[ 8] -6.9547  order=qt  Q5=INSIX Q6=SLOWLY Q7=DRAWING  T8=[perm]05623147
    UYAOLATHENDRICGAEEVOLANISNTRXPHDWQFGSPATGNZLESNCPKKCXYOAQCWNDZLIFWYSATURFPZJMIADXLUQXGDKEUSNCIKRABWWAYUNWUPSUXRETHDFGSDOZMDUSMEMEFFQLQIORCPVCSDV
[ 9] -6.9548  order=qt  Q5=AHAIR Q6=WORKED Q7=COMMENT  T8=[perm]05473216
    GWGANASTEREYPTCREINHODJILLSSAHUDTXCHBPSYRNHZXJKEUPFKMXCOTBUGKJZFEEMUYAVUCPNUKAINIGEUBPNFULSEZRPFUTNGFTPHAWGFDEGVDVJEPYERFPCVIRVRTWRLEALBLERHWTKK
[10] -6.9699  order=qt  Q5=GLASS Q6=GOINGI Q7=SHADOWS  T8=[perm]05473216
    QEDOMMEAWHEKCENNLMMOCLOTTLEELUDIVDKSSHCDICRZJZRYFRCIXBDWJSGEDCCOUEARNALTTQSMNOZZPWOWJHGRBPBEYYTAXYLSITNNFRZMEFIXELSGMOJQAEPMTHSMDAZONNIQQFJASZCF
[11] -6.9700  order=qt  Q5=METOA Q6=SUNAND Q7=COUNSEL  T8=[perm]05623714
    NDACITBOPECDZELLPLIKESISRUSIDBWIQCWPMGAOJCYNIWBYCAONDGTUITLSAERMWWHGHALUKVEEEDGCEHPMTYJMYNZXORNSWTQKFSSAVOOFDQMBOSGCOSHSMGYTOPQONCJYWRHDENUOJKVX
[12] -6.9733  order=qt  Q5=SPLIT Q6=SOFINE Q7=WHICHIS  T8=[perm]05623174
    LLARDERYLGOCBYGELOWIIMNCHILOFRIWSSEKLVHZXARJOEBTDNIZAQPRJNGMEOSNLISBAGIMNPGETBQLHJFMNUEWDDVBJISJRJPFTWEELZTTDOAITMVUFAIHUFSTTZHTVYQOUNISPJACULIT
[13] -6.9781  order=qt  Q5=UNDER Q6=DAYAND Q7=THEBARN  T8=[perm]05462713
    LALUIEPMORIDOLSOOVETRPIDHOUABOOSTGROAONDWZKTTOYSWSUILSCTPIRMPROLQTAZWESTKIEPXCBGDOQFKTOWUCIPFOFYUDYVWCKZLAUCEGJXTLNORDXLYPYLZXETHKGQSHJLHFYCGCPP
[14] -6.9827  order=qt  Q5=METAL Q6=ITDREW Q7=JOURNEY  T8=[perm]05472631
    PROFULERDAANVITIEEXMGOVAKYEABEFOJUDRNTAPXKIOVUFCGIZEFEBWLRPOIYWFUGLNCMYELQREOJORFUXSNNSOUBTJNOESHBFWXESODOQLLHTKSSHPIFFLCSAGAONOKOFWXCXNEJLJVSVF
[15] -6.9857  order=qt  Q5=PEACE Q6=WINTER Q7=FURNACE  T8=[perm]05621734
    HNXIMTWOCUSRANDNOFNISSTOSMBMEWIUJMAJEDPPIROYOIIDQQTYILEVFDIITNTHEGWLFFEHKTSZZGYOKYDLSADMOMPCFQWPBFGDPIEEXYWTIUCLADFITBXBKUZQEAKMCKFUCKQVNCYYYGUP
[16] -6.9921  order=qt  Q5=IKNOW Q6=ITDREW Q7=GUTTERS  T8=[perm]05613247
    CKSTYTUEVELPEGSCGFEENNMALLPLEIBCCAEIVSOOEMSQDUVNEAORDUIROUNMOWSMZBYDTBXONTHTXTHRFZLJGSRYONTVWXKDCXJKJNPBKEERIJHAQXJMOAABVDYOOTMXNONDYHLTNJELRRST
[17] -6.9971  order=qt  Q5=GATES Q6=BEJUST Q7=THEROAD  T8=[perm]05476213
    RIBHZNISLBRTAVELTIMITRISMEDBUSEYXNPNUAFBFKEKESSSBWBGLHEGRAEKIPFKYMOPPRUZBMOLSUHIEOORWBJEDTCETLKMPUGPMBYXARJUQSEYWWAJRVHAFEHORUPIKHSSWDXHQKSCAAPR
[18] -6.9973  order=qt  Q5=AGAIN Q6=ANNEAL Q7=SHADING  T8=[perm]05476231
    SRSERKANDCWRNANAROONTPENWYICHSVOBUFYJKVUONAZZGITYBEGTGGBJODKFPPTHMLODUXSDHOTVPEXOGINCSECUTGCXRPRFOTYRSJKHJCBBRYPLUZJBLSONPZZREVTWDRNMVBBTWLHBEPR
[19] -7.0011  order=qt  Q5=FILES Q6=EARTHS Q7=GILDING  T8=[perm]05467213
    JDTVASFPONEDOWNSBLOALRFOSSOCTPAEJXMCCMMINGFPQIPBYMWJGYEKZDWIPGOHNEEDSIEBFGDWGWSLMTXVEFTNMJTXOYDSSCNNOIDBNDZKBKBINQXFXHCJCRAFALOCCVIDTOERURLDHIUW
[20] -7.0095  order=qt  Q5=AHAIR Q6=ITINTO Q7=SHADOWS  T8=[perm]05436271
    XIDASBOTHNKIAPISPLATIQHWARHILDHFVCHVAIKATEZHUORFRIIAACNRNWGQHGHSCTBBDFRGYPEQOIPPCHHENUHYBTFJYNXTZRBNTLMTLBEUKMYKQACKUOJHELPOMTGIRQHLLETCSNOSFYSC
[21] -7.0120  order=qt  Q5=HESAW Q6=MASTER Q7=HETELLS  T8=[perm]05437612
    SMOPLETGBIDDEBTBYSWELTHRAYCODUTHQTKEDJRVVPXVEFHKSKUYKCNOWZIRMNULCRCQAOBUPJFBRFVGDSMWFHRPWSUBINUAORLINWPHTAAPTASKSAVIURBPTMNJURMXUTBTIBJFRIQASWEO
[22] -7.0171  order=qt  Q5=UNDER Q6=EARTHS Q7=WHICHIS  T8=[perm]05614237
    WEGWERSASNPARTRASASREGOAFOOQUCUBXDTBVRPUHJCIAAWOCJISZPRMEBZTVGXZZBBILRODUJJRBQNCDKCIITSPNMYXHTHMSTCRUFGEOMVBJSPEJJOIAZXERPIEMINEENAYAUPDMGUZOFRD
[23] -7.0183  order=qt  Q5=INSIX Q6=ASTONE Q7=ADDRESS  T8=[perm]05467231
    WFNKHENUPAFOARTASUCHMYWPREEWREILYHYZHEQKXKAJSQXRCIVDYWDOXJUDBWQIRGQWFPCTBDNIECEAULLSPITFGMFIMTVYNKMATIPMOGUFLGILOOLTUEAZIAXCWJEKCQESKBUTUBTPHIBW
[24] -7.0200  order=qt  Q5=DRAWN Q6=FILING Q7=SHOWSME  T8=[perm]05623714
    XLVOPYMETAGLCODBPALGREPROCEDUDIRNYLEGSGELVVXUNMILTSEPMOITDIGCQSUYMHJLNYNASRTRASNLJNPIAMPDWALULPEQGAWDCWHMBSVBHUJOYENLHYQENWTFHRZNEXYQMUKLGJOPNCZ
[25] -7.0299  order=qt  Q5=LETME Q6=MASTER Q7=TAKEONE  T8=[perm]05461372
    GIESISESRVATEMMMSWXOCHDONHAUCEFEBZAPHVOFLRDURCQWJDVDYDZCARBJRLIQZKCOQFMRCEDMVXKWATMMBIQNXBGMUFAXPWJVQWKYEVEFNOXGMIFWARADOTUBONEVHBLZFACURHAPGRYC
[26] -7.0314  order=qt  Q5=SPLIT Q6=VIENNA Q7=THEYARE  T8=[perm]05612734
    QNRELPSPMODPSGABUSUTEANCONYNOOPQHOSIRJVUFKAPDHIYIXREHORNDFWAYCYRLKLAVTBWAEZIZOTYVBGOVEJDLYKZLIGQZDICBBYGGEETRYVDWETPQLDLOIMZMXLIRBYOKYJQDFFCIGNB
[27] -7.0321  order=qt  Q5=IPICK Q6=NEEDLE Q7=ITTOTHE  T8=[perm]05436127
    PULRUPASBACUTWELTEMASOPICDFERIOXNMTZXPIKMYXWPEKVXZHTLDZIZDJQPKOPALNQPLWONAKTXMILDOMSAJSVYIYEBELPIAEGFRADLPIDAGAJJBPJEITICLCUIEEFHISOKRNUCYWUZSHE
[28] -7.0332  order=qt  Q5=UNAGO Q6=PATINA Q7=ITINTOA  T8=[perm]05436721
    GLUTHDEDEEGCERGARSTIEDCASEFMUHTUBARWXTTRNPVWQFBBHZIXCDNJJEZOGWXVKSOSIEILSNYYDTROWHADMHFAVJJZWLVBXWHPNRONWIWEOFLYVLPKYRYONRDFLGELSEXYYRUOPMMXKECN
[29] -7.0342  order=qt  Q5=LEDME Q6=WITHIT Q7=THEWALL  T8=[perm]05437162
    BZVVCOVEVELLYTRMLOLIOTESYRESORIQYYWIYWGBIUZKMGHNOULESONCCRNXQEISHIMMXVDIGYDUFIFDWJDXPKFPMBYDDLXEKYMHOBSUABKIYUROBVVMAGYVNXOOPDYCOBERUZGMEETKIDPO
[30] -7.0399  order=qt  Q5=SHARE Q6=SPLITA Q7=NOTHING  T8=[perm]05621734
    UMWLLECDCAIDHEOUSEDLPERTYNWONAKCDOFKINMDCJIFTSEQLZNEREMPTIRHDMTTBRJUFZBUHPKRRKLHTSALJSSFFYIETHCFFVJITEQUXALUNZXRAYKPUGEUTRSCBVAQJQBYXGFOYULFQIZD
[31] -7.0409  order=qt  Q5=SPLIT Q6=VIENNA Q7=THEYARE  T8=[perm]05612437
    QNRECPSEMODPAGAAUSUTHANSONYNYOPWHOSIFJVDFKAPRHIEIXREGORQDFWATCYZLKLAQTBZAEZIZOTYVBGOMEJHLYKZXIGGZDICBBYGGEETTYVAWETPELDKOIMZEXLVRBYOSYJHDFFCEGNF
[2026-10-04T01:02:54Z] chunk 3300:3400 exit=0
[2026-10-04T01:02:54Z] chunk 3400:3500
progress order=qt perms=100/40320 candidates=107318484
vocab: 119 x 123 x 141 = 2063817 triples
T8 permutations: 40320
candidates: 206381700 in 35.3s (5.85M/s)

==== TOP 32 HITS ====
[ 0] -6.8067  order=qt  Q5=FILES Q6=THREAD Q7=TELLSME  T8=[perm]05713264
    SETRYPLACOESAMCMIHURIPIOSISTUPAVZKRHDEPRREYHFRNZEWRIEAJLBWTCIALITEEANDWRNRNSZYIMEOSMFCOVBSGSTULDHEYLBTNOUGDPBYBPCIOXNBWCQXKQEILTCZOLMAXOUDZNNFXY
[ 1] -6.8375  order=qt  Q5=INSIX Q6=BERLIN Q7=FOODAND  T8=[perm]05642173
    LTYOOJOMERWRSMICIACESELELATDOBHKCKLQBEXDIOXOLZPPTTEEJNPBVEADSOXYDBAZIGUPFVIAZVRRIODBNIJOUTSLYWISOLLXMXRRTZBDAFONTNTOQFIWNKOPFTAMLOWNCXIOJKBLIBHU
[ 2] -6.8557  order=qt  Q5=IKNOW Q6=NUANCE Q7=DIGETAL  T8=[perm]05712364
    BIRTEDEMODYSRESPSLELKTAHSAPENANDNCLISSCTANYFNVBAVNUNGHURECIQZKPAAEHPTOFESSGLSNYXBHIIKUMMHZHCMWTBZVWGAXTIMVWKOSDTZJFETCUEXDEAPOELGSSFUKWXHCNWTIXG
[ 3] -6.9115  order=qt  Q5=TOOLS Q6=HEWILL Q7=THEBARN  T8=[perm]05674231
    TLKADUTOTHMLLANSUCTSNCAGOUERONGWHACAASYFJUTODHIXGODGYNAGVPQILEQKLLQWPXFHRVVUSADISZZEKLYCLCPRWLAFOCKEGJVXLLASBTFRENRPSAYQIIZRXBWHGUYNVTYPTAKPNIAR
[ 4] -6.9151  order=qt  Q5=AGAIN Q6=DAYSIN Q7=THEWALL  T8=[perm]05672134
    OOQPSKYAREMAFIRFINAAGDAGANEDCTHTAGIYPBDBZTPETOCTUUCHANBJCFREGLIESDXZIVETPGNEGPJSCVEGNMIRUEOWDYAAEGXAELXHRKOYMUHTEDRINXBOJTJFLONJDBONJDDCCZBVWJAF
[ 5] -6.9274  order=qt  Q5=FILES Q6=SPLITA Q7=HEMETME  T8=[perm]05643712
    QMUPESDONANEXPICLIMFMIESDUNKMSSEEHNABUEKTHZZSPUECUFDIFXZBPTMHMVZACLQTSAHJJOYGURORTGUEQLOGJTAUJLLFIYGNGUFOXDOFINYYWEIETPOMTWMJMETMDTQZBEETERTKBRP
[ 6] -6.9286  order=qt  Q5=ROADS Q6=WILLGO Q7=IWORKED  T8=[perm]05712364
    GBEEYKCOBEVEONBEONSDEVAWPODSOVEUZYETISTRGROOBVPUQELXONTYLIHRGWFZFGIZEOLTVLXPTSEPVINWBAEJCMOOFYRSFUPXZCJFSASKSADBYCAINNNPKNWBFSWRSCQCDVVVIOSRPTHX
[ 7] -6.9771  order=qt  Q5=HEHAS Q6=INBERN Q7=THEROAD  T8=[perm]05716234
    NASYCPTOPEOEDMNGOXIMAADSECHOOLPEVIBUKIXYJAQAEIATOMIEDPTEOWQQPLDNASQBREZNLJGCDVENMDKYRZQINBRGWOOKMDZIMIEIIELULXMBMAKMLVWKTPFLYOMZFIDOESSCUOPTDGXG
[ 8] -6.9776  order=qt  Q5=ISNOT Q6=CLOCKS Q7=ONLYTHE  T8=[perm]05713426
    WCSXOBURPCPUOUSCOOSTEGRIMEITTRYLUFLHLSYACXHCRIKOFUOKTNZEFIXTELYVOFPTWHPSFNYCIPZLNMOYTUXEWJFEWPRGVSOGFSFFNEHORPSHGLVALFZHTTHTLJVLEMWBLCVTKHEMAIKR
[ 9] -6.9823  order=qt  Q5=WIRES Q6=MASTER Q7=DRAWNTO  T8=[perm]05634172
    RJAGTITPHTITHOTMULLIOTTOFLMEEVQUWSMSSMDPKSAYOLZIPYVUWPKCWABSBYPUDJNWWWNPOLRFJUZUIDDQJIGDLPGBOFXTHOLJTADXVSGOUVAIINDQRNYCOSFDRNPOHWWGDBSBEEPZEPUT
[10] -6.9835  order=qt  Q5=IKNOW Q6=NUANCE Q7=DIGETAL  T8=[perm]05712346
    BIRTEDEMODYSRESPSLELETVHSAPEJAVDNCLIXSLTANYFTVWAVNUNOHPRECIQBKQAAEHPROIESSGLINNXBHIIFUSMHZHCSWJBZVWGCXYIMVWKTSETZJFEICDEXDEAROGLGSSFGKOXHCNWAIUG
[11] -6.9837  order=qt  Q5=TOOLS Q6=HEWILL Q7=THEBARN  T8=[perm]05674123
    TCBADUTOTILLLANSUFFUNCAGOMETONGWHMJIASYFJFXQDHIXGTPUYNAGVORSLEQKLINKPXFHRVOFSADISUIZKLYCLJDGWLAFOCYCGJVXLQPABTFREDUMSAYQIBTPXBWHGRHRVTYPTPAKNIAR
[12] -6.9844  order=qt  Q5=IKNOW Q6=NUANCE Q7=DIGETAL  T8=[perm]05714362
    BIBTTDEMODESMESPSLELKTAHSAPENANDNCLISSCTANHFAVBAVNINNHURECDQTKPAAENPZOFESSXLUNYXBHLIXUMMHZBCXWTBZVVGBXTIMVJKFSDTZJFETCUEXDOACOELGSVFOKWXHCOWMIXG
[13] -6.9928  order=qt  Q5=IHAVE Q6=INGOTS Q7=ASKWHAT  T8=[perm]05637241
    IBNRMICALTOOLCUEDPLUMAKEDUSOAAFGISSFWAMDFFXKWXFTVILYDMUQQNGVYHLBAYUDTMEMCQQJNGFLJNTOOSHIMCSKUAKTIHYORPFWEGNRODOXNASJECZLECMPMWDJPEWSJHIHNCHCTXPZ
[14] -6.9938  order=qt  Q5=VENNA Q6=SHADOW Q7=OWNHAND  T8=[perm]05631742
    NMYBYOIRCROXYEAMNCAMEAVASKSBEPURJMMJMADRMSSLHUUMYSKASEVOOJQMEDOONSMDREOJGKEMIFAMXVCEQGTORJUDXFFHIYGGKXJMIDROKKMFBYCWRSUWVTYBCNXONPJSAXBOTRMFOOWY
[15] -6.9952  order=qt  Q5=TOOLS Q6=HEWILL Q7=THEBARN  T8=[perm]05671234
    TDKALUTOTOMLKANSUCTSNCAGOUERONGWHACAASYFJCTOVHIXGEDGVNAGVBQIFEQKLFQWBXFHREVULADISWZEYLYCLIPRLLAFODKEFJVXLXASRTFRENRPSAYQIUZRMBWHGOYNFTYPTUKPOIAR
[16] -7.0158  order=qt  Q5=ONEOF Q6=ILEAVE Q7=STILLMY  T8=[perm]05634712
    KADVICSOFFYMNTWOXEYEURSEIRURDPAGDYTMYJLINITUFFFGICSSBRCRMXUVOKLUJIXODLTGJYMGTOOHBURNLQVGHSEXGAGAZJVTPZOTHUUPDBSIXSZBQMKPWIPIVTSPASSESBMPYKXFYNMZ
[17] -7.0201  order=qt  Q5=GATES Q6=SUCHAN Q7=ARCHIVE  T8=[perm]05672314
    KMMKNIMNELPSHETEOGANSOONALOEMTHOUEJFKZJOVDAQFKIYCDCURIQYORIKPTLTHOLAAADWFULCAPEAOYLAAEJOZKCONKENJDMWISWZGOSECFVBNUQDDHKIRPUUAOKMCBZBPWPWSREQARQZ
[18] -7.0203  order=qt  Q5=SHARE Q6=WHATHE Q7=HAVELED  T8=[perm]05712643
    CJTOOIMALYSTOPICTPXPRRHCHDEVERIPMXOCHJSMAFSHAQBIPBFFFOSXNMOTKIIVVEVERGGOOLFEPRRBLYMTJNONKAKLKATTPVWVTDWVEJFKTFNFYYEDHSANEQWQTUDMBAWHYAOGUBIRFXIL
[19] -7.0280  order=qt  Q5=WEEKS Q6=INDIGO Q7=STILLMY  T8=[perm]05642173
    BOTIIWHEMEDGUATTICAVWRITUATIYIINEMNSDHWQDCMGJFPGQQUESFIKRCHCASMZOTRYVIUKJVHYLEDRLOBNDKOUYEZWITYYAFPNYGOCUZNCBFIEAWOBCDHCOJDDAMHSGMAJOEZINZLCTNRL
[20] -7.0292  order=qt  Q5=AREAL Q6=CLOCKS Q7=NOTHING  T8=[perm]05671234
    LLNLIENTIAKXALEMWBEWHTRINTIALYVIMOUKZRXZFTHMDEYEBOBTRSCDPLYCSLFRSRWPMZEFACUSMWBOIZMFALOPDWEDFHAFVTGIAZGDTFEMDOCLAWYHQICOKKOCSVLEVQBJLNMGNMWMOBZJ
[21] -7.0328  order=qt  Q5=MEAND Q6=FILING Q7=MASTERS  T8=[perm]05641273
    TACCEEGAISSENHASMIKGLIDFAZEILKSDHOJLDODVKQJUHTPKKICQLLOOBGUDUREQMAQJGABISCQXAULDYGUHWSAFCITICQOORLJFDMMESVSHOMTANYTTBOEEDJAWHEOEVOBZBDEPKNKOJJBP
[22] -7.0398  order=qt  Q5=PEACE Q6=WINTER Q7=FURNACE  T8=[perm]05672134
    HMGIMTWLCOTRANDEOIKISSTUSITMEWIYJPAJEDPMITBYOIITQGIYILEMFAUITNTEEJLLFFELKIDZZGYJKKWLSADAONYCFQWPBEODPIEQXXTTIUCHARSITBXWKBPQEAKRCVGUCKQZNLCYYGUH
[23] -7.0412  order=qt  Q5=AHAIR Q6=BUTTHE Q7=TELLSME  T8=[perm]05674132
    ANNENACNYZBITALLCADDLEEIASAMDADUSHHDAHHPZLLKYGDEPZTCQYRBSLLLURNGYFDFAVFHZOUFBEUTGXGREASCWDABLXSJEOUTATRZWYRTAKEEFUIALZIOUCHIINQOYBWZBVPOIBUSCQYK
[24] -7.0423  order=qt  Q5=ROUTE Q6=REPEAT Q7=STACKED  T8=[perm]05641723
    MQJWARKRUBPESPSOCONSMEERFOURTEAIZHTPTQBPNONLKQSLVTDPDKOPHSYGBRAMSSOLSSWBYWRCUYQPYBZBNTKAUGCEFFECBPAMFYKMIPWBKSZLPPAQGEBEIZARIABZXPBTRIREGZWTAPOI
[25] -7.0429  order=qt  Q5=AREAL Q6=EARTHS Q7=LIFTING  T8=[perm]05637124
    LJWDRELOCHULORLERULIMEPHRENNOMFOVUHDGPFTXABMSKHHSDUTWSAOCCGCTRJHBVTLVTZVWHBGTZVEPYQEALROVXJISEPEQGULECEFBICEMIGPUTFPXQURHIXMMVLIMOSAIOFEIKYSEPPA
[26] -7.0442  order=qt  Q5=NAMED Q6=MYEYES Q7=GUTTERS  T8=[perm]05627431
    YLMTALEAITOVDCMUSEMESENMREYHONRTCKGQOCXLALXGYJIZYRVOMSZOWVDKLMSJFQUIXQQDLIENBVOOASAIATNKZJWZJLGPZMMGDPROFSREDOCSUPIRPARFIPEJGLBAFBMYHDPCFRGUINAP
[27] -7.0451  order=qt  Q5=CLOCK Q6=DREWNO Q7=HAMMERS  T8=[perm]05643271
    NVOJUYCROORTWFRAKEFESOFMOVECOMOTVAKFSCFXCBXAMLWDFEXKOCLYFYNNSCNKYLYRPCULXTDHRCPVPRWTGPUMNRIALDRVWSDIASVCVQKNPJNNZQTGBZUAUSROXYORKCLEFFRMSIFLCYXA
[28] -7.0471  order=qt  Q5=SPLIT Q6=SOFINE Q7=STUDENT  T8=[perm]05634721
    BCWESAPERSEHUTTVERMTLCPUGUSEPECVCLOLRJGUQMMWGDESFEVBFWZDARLENRBPRERLXISPGYHPUZTYGWCABOOSGZOKSCOFWMGTZVHONGGLJBPUUEUKIPLEOGRPSROCJUSKADZHYWZTKRCV
[29] -7.0509  order=qt  Q5=TIMES Q6=DEPART Q7=THESAME  T8=[perm]05714362
    BEIIKLECTICULUARRTEAUALLEZATRSIDUTVGRNFTILTLTXXTOKOMAFDYSWHWUDHNAOMEFHETMIJPQASRYBIVTLCDGFBDTOBWBGKLPUEBNZDDQTHAHMHEJEPINAIDWPEPGHFNUDNWFHWTGGCN
[30] -7.0595  order=qt  Q5=WIRES Q6=MANNER Q7=DRAWNTO  T8=[perm]05632174
    RJGXEITPRISTWOLPULLIMITOFLOVEVQUDLMSSMWHKSUYTYZIPYISLPKCDMGSPYJSDJHWIBNPOLPWRUZUYUBQMIKULPNBFWXTHOORPADXCLQOHVQKINDQHTYCOSOUUNPORBAGKBNNEELZDHUT
[31] -7.0645  order=qt  Q5=OFHIS Q6=FINGER Q7=LIFTING  T8=[perm]05632714
    MOUNIMONCILEREDHNOWMYLPHEONAKBGCREDLRMFLPUAYZNSNWSNDWPLMSTTZOBUQVYJSVSTNNAASVRGZGXSBLEXLLUCVEQLNBTQNJPAURTCGCMWOUUEWUBJBIRERSPOLMNPREIOKACTCUCPF
[2026-10-04T01:03:29Z] chunk 3400:3500 exit=0
[2026-10-04T01:03:29Z] chunk 3500:3600
progress order=qt perms=100/40320 candidates=107318484
vocab: 119 x 123 x 141 = 2063817 triples
T8 permutations: 40320
candidates: 206381700 in 28.6s (7.23M/s)

==== TOP 32 HITS ====
[ 0] -6.7178  order=qt  Q5=HEMET Q6=METALS Q7=THESAME  T8=[perm]05761324
    JTHINOECPICWMURLICHCDECIOEATESTHQTKRWNNSIVALLHFYWGFVEDAMCPAWXHPNNGEEJJISDNKNNOKPLZEQKAEDWETHWOGETORNYWDBQVWBOSTEXDNRNEBIRIFDPLEPFLTUPDEGKNMSHLWL
[ 1] -6.7745  order=qt  Q5=TIMES Q6=DEPART Q7=THESAME  T8=[perm]05742361
    BABIELECTVKUNUARREEAHALLEUATOSIDUTVGRNFTISMLRXXTOOEMVFDYSXNWIDHNATGEMHETMTOPJASRYWGVLLCDGOHDOOBWBTRLEUEBNZLDGTHAHFHEVEPINOUDNPEPGOVNQDNWFAETSGCN
[ 2] -6.8132  order=qt  Q5=UPONE Q6=SOFINE Q7=OFMYOWN  T8=[perm]05741632
    QQFEJHERINTROENTHUCESDSUHFORTVUSRCLUNOMNRLQESPKONEABUZECBDAVTWPYFQFOVNYEYUTBYFUUSROIIBINIQGBEBBRNJBBUTYRWSSOGAGPBZSXRERYBVWRLWUXISOOPAULDPHTONJB
[ 3] -6.8557  order=qt  Q5=HEARD Q6=NEEDLE Q7=WHICHIS  T8=[perm]05742361
    VEANDPERSEWEXDYHEFOSRIFJUTSLSUMELHAPVKEJMBRREBOEEBNIHBKWCSCCILVAGCOIWFMRJEFNCMANALETEARIKWKUBBEZSQDDAISUFNODENZGJIWXEVYEKOUDYLGHEUINRRASWTIOUHKN
[ 4] -6.8609  order=qt  Q5=YEARS Q6=TURNOF Q7=AREONLY  T8=[perm]05723461
    GHSICFTAPDRUNTSTRIBUEVENMRMIREWOVPRNCQZSHEPRCIFBTMLLBYLPCDNNHODHJXTWYESGCOLCHACLAPBCOVIDAXSKOPOONHMNKMJCTFWLABNBMRKGREMTHZOCASMLZQAQLABGGXUUVMJV
[ 5] -6.8779  order=qt  Q5=CLOCK Q6=GOINGI Q7=LEGGERE  T8=[perm]05762431
    GHASIMDIWHYPYPAGESSMASPSAMDORTFAMEJLDDPQINIVZKSWTTWUQZAPOYAMSOOVTFRZVBEQKOUFLVDETOOPMUMTZLSBCNHPQWTJCRXAGUSSBFINYSIZIPHWHAIRUGWZRMRCROATLORWLYFP
[ 6] -6.8900  order=qt  Q5=WOUND Q6=SOLDER Q7=PASSAGE  T8=[perm]05761423
    QWPFESPGIESAANCFSEMELINLEBORAFFKTXKGARXWLALOQYXCRHWOGAMIPTDQPOGCKHPJXAGXXLAFOBEBUYNUPECTUIAQUZGARBALTBNEREJFFSGHYHTAPDSIESVSRGTGVBROMCZSFURDIROH
[ 7] -6.9093  order=qt  Q5=TIMES Q6=DEPART Q7=THESAME  T8=[perm]05741362
    BKIIELECTGCUNUARREEAHALLEUATOSIDUTVGRNFTIQTLRXXTOEOMVFDYSPHWIDHNAZMEMHETMNJPJASRYUIVLLCDGEBDOOBWBOKLEUEBNSDDGTHAHFHEVEPINEIDNPEPGIFNQDNWFUWTSGCN
[ 8] -6.9182  order=qt  Q5=TIMES Q6=DEPART Q7=THESAME  T8=[perm]05742316
    BABIELECTVKUNUARRVEAHASLEMATOSMDUVVGRNQTILMLRXGTOWEMVFMYSANWIDONARGEMHHTMGOPJAWRYCGVLLWDGNHDOOQWBSRLEUCBNXLDGTIAHWHEVEMINPUDNPGPGWVNQDRWFDETSGSN
[ 9] -6.9237  order=qt  Q5=EMBER Q6=CLOCKS Q7=YEARSIN  T8=[perm]05723164
    TNONHERIOTRAHAFUPRSSTTONVSCATFGSTJQUYRIBFDYEWQWIXOQXLENAPEMBETHNJWVGMCAYAPOFULDTXIHHHABWIMRYCANICKCXKUWOHUEKNTBQRTTFFVVQJNTVKFEDINJUHSZMIFBGMEXV
[10] -6.9328  order=qt  Q5=SHORT Q6=WILLGO Q7=HAMMERS  T8=[perm]05763421
    CEATEOBBAACAMSTVCEINGHANHEBIFHKUJUCIAUTMMEORHKCAANHCILNRCBHIZXBCTQLGYELEEXCWZCFMKDNFAMHRAWFVEXOJGMHLACHOFPONRXJPOYAYJORSEUKNLONNYEFHVSOTIIHZUEAJ
[11] -6.9371  order=qt  Q5=VENNA Q6=AWAITS Q7=NEEDLES  T8=[perm]05731624
    TUDANTIAUTDOCSHTYTALTHBACAEARSKXSUINESIERRYQEQUBOCTDNMKPLWFGLCAHSOMLFDYCQUDUEIUHYATSNJNWMIFGVINNVWRQANRUNLGTTAPBUORMSCPWAPTNQHXNRYZOMROWCBYAHFXO
[12] -6.9657  order=qt  Q5=MEHIS Q6=HETOOK Q7=FELTTHE  T8=[perm]05716324
    BMFISETOYENSTLIMUHLESOCECHEDEGQJRSDUTLLCRZAJCHTJWMEMPIXHRSCPRMGCSILMJJCIFGRUOAAUILOVQSMMBQTSTWXJFLIVTOGBMOFFAAEGSUIZVUDETOMELNEDYMIOEXGOHZVTYVHU
[13] -6.9822  order=qt  Q5=BERNE Q6=WILLGO Q7=AFEWHAD  T8=[perm]05763142
    HRMACWANDBYAIDTINGCSIXSBYPBIRYONLBSQFSABDROTBNCOEMINAVSUNCQPRUBXMWMHPKVCVRJIAQIMNSOJWEXKFLMSLGNEDMROHAIARETTKHBYJVVUDPOSTXRXCZPMLOIEBUNCGFGHACMN
[14] -6.9832  order=qt  Q5=ALONG Q6=BERLIN Q7=UNRAVEL  T8=[perm]05761324
    JNHVWSCONSLIVATCUBRAHTNTOPERHOOAUNGTVJGXOWGTUDNCNGLJZKINIREKKIGDALHCMLABLDOWCHWTKQANDCMFYVILBWOJIFOUUPMABYHMSBUIVDTARUVYGNRPPOXELWXCQEKQUTRLAVVU
[15] -6.9834  order=qt  Q5=UNDER Q6=SPLITA Q7=HEHASME  T8=[perm]05721346
    EADSDWEINAAIFPHOLICQREHENGNTEEYGJVXCVSOYUGLYIXACCHXPWDRNTSAXGHZRFYMYKEDKRKNTAYTEVDONLEYCEGYTCQUTBUELAGVJDWSFIMDUCFKRDEIACFDPLCPVVEYFIBUUTRBLGTBI
[16] -6.9846  order=qt  Q5=TIMES Q6=DEPART Q7=THESAME  T8=[perm]05743261
    BAAJELECTVDENUARREHTHALLEUTAOSIDUTAYRNFTISUHRXXTOOTZVFDYSXJKIDHNATJBMHETMTJMJASRYWEXLLCDGOICOOBWBTKMEUEBNZGHGTHAHFOQVEPINOBWNPEPGOMWQDNWFANVSGCN
[17] -6.9857  order=qt  Q5=HESAW Q6=THATIF Q7=TIGHTLY  T8=[perm]05743261
    TAGICKTMPSTDFOFNIARECHHEMEOOUSCPSFEDDKTNMEGHTCLCXEITFEKXSFTNHFOKRDMQNCGZBWXFIEIOSADPSPALSAQDFDUBNVKPECSDAMYJIGRWFAMZZRYJHTBAIQUEECWQUEWHQHTEMNOA
[18] -6.9866  order=qt  Q5=ALLOY Q6=THISIS Q7=CALLING  T8=[perm]05736412
    SCXWAESYOUARAVESODIWARKIDTMEEIIQYYDMWEPRWESUNEPYINWAYBAQGJKEGTWUTJETBLGANOKEGROVYKRGAMRRWQCKRSODEYIFOSCDCLRKLWSTVBMCEFBFPMNMZVMBRLGLVBDIERBHRNRF
[19] -7.0004  order=qt  Q5=NAMED Q6=DEPART Q7=THEYARE  T8=[perm]05724631
    NINRVNECTMLYBUTFCITYSICLESDTRYKVUUMOCNCKLHIEKGFUORENEFTGHXGTSCANPIODPDWFMBWHYAWWLOLFKYRHGMKZTORBATCIHACZIDMSXKQIHFJQXYCETGUIDHHPGOSTUDPBXAUAXUYW
[20] -7.0026  order=qt  Q5=ITAND Q6=ISTUDY Q7=NOOTHER  T8=[perm]05724316
    PSCUSIRDTDDRTYGECEDINILLTOYEUGBYXANIJIGOYHSWORBXYCWUEZJSRGYWXAZBPXRQDSOKTFIESONBMZCKSQGCIXCEWICAUSEBIDBFXDUPCXDHRKLANIEXFZPALTTYDAQGEMOTJJXIFNHI
[21] -7.0036  order=qt  Q5=MEAND Q6=HETOOK Q7=FROMTHE  T8=[perm]05761324
    BLOWYEIFBLOSEGGYAHGASONNLDELANDYBYSUHDZORYHVLKRWNZUTVECHRPLERMHOFUPZFFIZOZWUOHCPRTFMJJLETITSUOAJFJEYJLYTHFVOIPTGGUWEVYFAHUEAGNARDRIOMQMLKGMKYSKP
[22] -7.0114  order=qt  Q5=SHARE Q6=WHATHE Q7=HAVELED  T8=[perm]05726143
    CTIOOINALDBTOPOCTGLPRRECHPIVERMPMCOCHJUMAMPHAQOIPFRFFOGXNUZTKIMVVBYERGDOOSBEPRJBLGOTJNANKARLKAPTPGOVTDXVENOKTFWFYGLDHSJNEENQTUWMBTVHYACGUWBRFXAL
[23] -7.0135  order=qt  Q5=YEARS Q6=GOHOME Q7=STUDENT  T8=[perm]05726143
    ONCOFEFXGICGAMEITHACTEDDTVPRICAJLKFUTKIYZRUKSXDANBRICEQLWWVDQNLPKGJKFWMEJJFSBCPWIUNDGCTNYTUEVAOHBYSPOHHWITARISFQSJAXJWMSYXGZWOMTYCYCMXDLUPDULPTM
[24] -7.0161  order=qt  Q5=FILES Q6=THATIF Q7=ONLYTHE  T8=[perm]05723416
    OZDWHOLSUNDSFMYLANGOFCHPUDEECNDEUPBEGEQDWCUSWWYRENCVLAYLRSNVNEYUHOPCILLLNHKLLZXMQILJARGMYIGOWYDDMTTJKLNCIMLRKTADKDQGSNTSFQMPKGMVPTYNXSMFYSHNBEGI
[25] -7.0200  order=qt  Q5=LEDME Q6=POLISH Q7=WROTETO  T8=[perm]05762341
    CTBYNBSTVIDEPKHNSEAVEDISIDEDNTVVEPMWLGRGESHPHONJEGWQXLPRPEGDIBTEDGKUAATEGOBVNFUBPITERWTFWTHRNVNVAXGLMLPUSEPHHRYCXBVSGZMAKULLNFATXQKRXJTBGRZEBVVT
[26] -7.0202  order=qt  Q5=GATES Q6=LETTER Q7=ITTOTHE  T8=[perm]05734162
    ALCONIFFGALRYUUOSSAREAOROFMYSNSNEVFEFHFDKBKUDNZZXNOSFMANYREXBVREAPQOILAZSOMFMGCBNAWHFMWYSNMARIZQGMHGLAUFMEMOHABMAJHMKSNAGGPZLWRRNIVEYZYXEWQIMBQW
[27] -7.0268  order=qt  Q5=TOOLS Q6=DEPART Q7=DRAWNTO  T8=[perm]05734162
    YVSTHORJERMEMURHIDNERELIQSOTINNPVWYVXDIMPGEMBAVOOXMYPQXBDKFPCBAAQSEIQQORCATYDHGOELJEXTWSUKHHTPLESWHGAHFJZVAXWMYWUDMCHFPCSFERECIPEQKQHXSROTOUADKV
[28] -7.0295  order=qt  Q5=IHAVE Q6=SAYSHE Q7=OWNHAND  T8=[perm]05746231
    KPEONXDWEDTHAINBAAAGOBULYHOLSEPAANJRWKYKJRCUISIAZPEOFQVVARDDBHWBSTGZAEDIZIFRODVMDZBUIRIHIMCUBGKOFQISOAZKJHMYXPEDEEVJXVUYPYFOKFWCUNQXDYXOMEEEUSDN
[29] -7.0310  order=qt  Q5=CLOCK Q6=GOINGI Q7=LEGGERE  T8=[perm]05761243
    GASSWMDIWOFPRPAGESCAISPSAMABRTFAMERZLDPQIAMENKSWTDJPGZAPOATCGOOVTATYUBEQKQSPKVDETPPLBUMTZWAQJNHPQXPHERXAGYYATFINYSSHCPHWHGYPKGWZRYWLGOATLNCQXYFP
[30] -7.0311  order=qt  Q5=INSIX Q6=SLOWLY Q7=DRAWING  T8=[perm]05723146
    UYAOLACCENDRICAGEEVOLAINSNTRXPICWQFGSPWHGNZLESELPKKCXYPCQCWNDZGNFWYSATAIFPZJMIDAXLUQXGUIEUSNCIUSABWWAYLWWUPSUXRETHDFGSVNZMDUSMAVEFFQLQQKRCPVCSSK
[31] -7.0315  order=qt  Q5=LATHE Q6=PICKUP Q7=ISNOTMY  T8=[perm]05731264
    LFASEOCBPATZUWEPARUHEENAHASINDRISBLOXUTCBFOFWNINMLNUVGFQWSELGHOFJOSRBZNUOGBBYEMDDGOMWBPSNAMPHRDHWXSDGOCRLICHMXUOWMZDUSIKUALKMKIUVMHOIMJCRGWIUDUM
[2026-10-04T01:04:25Z] chunk 3500:3600 exit=0
[2026-10-04T01:04:25Z] chunk 3600:3700
progress order=qt perms=100/40320 candidates=107318484
vocab: 119 x 123 x 141 = 2063817 triples
T8 permutations: 40320
candidates: 206381700 in 24.7s (8.36M/s)

==== TOP 32 HITS ====
[ 0] -6.7710  order=qt  Q5=IPICK Q6=VIENNA Q7=PASSING  T8=[perm]06153427
    FLISODOHORSFLYHOKITOPAMLOWAVCAGNBPKINTASEUANDATUNDETEJNCEKFPGZISYCIZBMRSHZIQWMUECTEUWKKFIFWMASCVAOWNTEQRIPDNSDCOKSXOPQGOPVBOWCQOFQNOSSMDSPIVPHCH
[ 1] -6.8335  order=qt  Q5=BRASS Q6=ENOUGH Q7=STACKED  T8=[perm]06127345
    RMSPYHUBLMCSLEETAGISRECFAITYINTHEFEWJAGGSNWXPXRMDWTVISSUJCDDRSSCOBPUXFEZSUSMLOFINNSMIUAGGAEHOZSLYFDGMQYCMOVIGITIEOWVQYZIXNWBDDTMQCFTHNUXENIWQDVU
[ 2] -6.8342  order=qt  Q5=FILES Q6=BEFORE Q7=NOTHING  T8=[perm]06172435
    GEALLOATTEDOPELLBROHOKDSOTWOCUSAOIQJWBVHSOSQOODKOMPQNIREBHKITMFRJDAPOZSNYNHOPECVPSGPIXIROYSYSGGYCAPTRTSFBTKADBEAKYWIJKPEVJOCCSSEEQSWMCGFTWFCIERA
[ 3] -6.8552  order=qt  Q5=FILES Q6=BEFORE Q7=NOTHING  T8=[perm]06172453
    GEALLOATTEDOPELLBROPOEDSOTWBCMSAOIQXWKVHSOSCOJDKOMPYNAREBHKSTRFRJDASOVSNYNHVPQCVPSGLIDIROYSHSRGYCAPYRSSFBTKBDAEAKYWTJEPEVJOECTSEEQSOMRGFTWFSIHRA
[ 4] -6.8698  order=qt  Q5=STRAW Q6=BYNOON Q7=BROUGHT  T8=[perm]06132754
    TCIMSBRYONOPWATCHYENDAKEAUSEWWEGJXBARXFDGLAEIINNMUSAZOIGWBZZDKTNZAEBCHNWLZMMNGLYUNTAGPMUABUKFTEYZIEXYYXUNUEITRITWYOMOSFBSCANKEYOAVDVEZNHTAUHPPFE
[ 5] -6.8824  order=qt  Q5=OFTHE Q6=HEWILL Q7=REVEALS  T8=[perm]06172435
    SBLATBECDTTDFINBPETEBEROWNLIBTIGITSCHPEAZCOEWOOCPONUNHMZMEIAGWUSINAXNLIDLNSTWDQZYAFRVZIAQNHWYBUEBRACKTUEZNAVTECAIGQZJOLMLRDTJHUMOBOVSXLLQFOEPXSR
[ 6] -6.8961  order=qt  Q5=HEARD Q6=OPENED Q7=REVEALS  T8=[perm]06127453
    SLEJESUPCRPMMDSNDINCENTSAMBERCIMXGGIXKDTVLBUDPFJZHEKVKYCOTYSGITUVLWSMEFFWHIBTWJFOTYCSDYGGRIMEOYBMSHTWHRXFSARKNFEMADGPCDQLDIIWDORTORFFETORJQLSXCY
[ 7] -6.9044  order=qt  Q5=RIVER Q6=MASTER Q7=HEHASME  T8=[perm]06143527
    NCOMANZTTARIAMATHGIGHCIGAYRSERWHILCXVBCPBLNUKICUWSKZAAWANTDAEZIBOUSCIOFVPTYXSUNDRJGRTPENTMLPREIZKBIPRUKBUUYDTPPDJSNKQHUZLDORHVRYAAXKBXMOREMOVYYL
[ 8] -6.9116  order=qt  Q5=WROTE Q6=TEMPER Q7=LONGAGO  T8=[perm]06154732
    BZOREHASONZEINBJWXXINEFMORERETDINTGLTOXTLEDRYBVBXISUPCSFMYPUBEKIRQOWCOGHPRVYTQQLGTWYMXBRDGRMEHZCARORMFTJOWWHKEKBTNAOIKBPIISKGIKHWMCRQRYECRIFMBHH
[ 9] -6.9145  order=qt  Q5=OTHER Q6=WILLGO Q7=LONGAGO  T8=[perm]06145273
    AMISTLERZIJTISNNMERDORRIVISASSCBECSGBMMAATZODILIXUXFACWNJOVMRDMRCBAGCUPSRJAWUEQSSGBOVZSQRNAWTMATEHZUJWYAJRUYNXNGNBIBNWZPHBLALATSLHOYLLGRTHEITXPD
[10] -6.9640  order=qt  Q5=GOING Q6=BUTTHE Q7=KRYPTOS  T8=[perm]06125437
    OITUBEXEBACKNLEYAHRENTPACTAIAMAHKVABEYANSVXSBTMOTQPANXBFNURNHEPHKEBSNUESSFVNAUOVUYPYRICTUCGUQHTOASTYIKNZJWQEGCSZBXXINLILZMVGPMCOGZYURQMOFDEZIHMP
[11] -6.9685  order=qt  Q5=EIGHT Q6=SAYSHE Q7=FIFTEEN  T8=[perm]06135724
    WOQRMAPARTLYJWDIGINDASLONGFCPGRHWNUSTBGTYZJEMPRMXOJHUVGHZASLCCQAUPUNVIRSKTXIDEXCXCKNTLLZNFESPAFANCMYAIJFHEUTJZTPXITZGEAOIFUGGAIKDOSVFRIRROBGEHDP
[12] -6.9783  order=qt  Q5=HEARD Q6=OPENED Q7=REVEALS  T8=[perm]06123457
    SLECESUDCRPCMDSYDINCENTSAMBERCIMXGGIXKDTVLBCDPFYZHESVKYPOTYEGITJVLWRMEFLWHIWTWJWOTYASDYIGRIXEOYYMSHOWHRWFSABKNFTMADGPCDQLDIUWDOUTORVFETURJQOSXCH
[13] -6.9809  order=qt  Q5=INTOA Q6=PORTAL Q7=RECORDS  T8=[perm]06137524
    AAAESWITISNYPONANLIDLMEBMUDATOPHLOFAAAVYSYGKNPHNWILIDYHSAVZAMOLSPVNHATIWIHSHKDHKQLLCILLENTWILVISNAGOGPFZZQYDRTYMZVAVQHDJMGTBMWZYWPNGENLSPMUZNXPW
[14] -6.9896  order=qt  Q5=PEACE Q6=QUENCH Q7=NORTHEA  T8=[perm]06147523
    DOYILEONAUTARDGDAMAVENFIXTADDDSALEOTTVCVIFRRXRAMRPZURHMRGDRBZVPUPNEANDAHPUOZJMZHWWEVGNWQKYLBLEDBCGACHIOTDZHMAWPDYRQGEUPWNGMKGEXILEJHZACEDOZWDWSW
[15] -6.9999  order=qt  Q5=WHICH Q6=PATINA Q7=THEWALL  T8=[perm]06157324
    VALMATCHOFANESSEDXOTUZEFNOONEFNZWCBLCAWTOSZWAFREBPPEUXKESWAUTXMHAVSMNTMCYJJPBLAILOGIONLWWKTIKOTYLCPRLCUFTXMDOFDRZZXOJKCJAHXTMWRFHNNMIGTETEDQOKTE
[16] -6.9999  order=qt  Q5=METME Q6=SUCHAN Q7=ATURNOF  T8=[perm]06142375
    USSSHOHIRSEXXURDINVONAMMIDMDICEALGDANQOHBYADSPTNRIROCVFNRNVBNKPASOKPMFSFKIBUGYOHGWBZGCONHPPRWSILPEEIAGLYARZZIIVYNHPMBMLINNBDUNXEJNJUETFIIXUHCALR
[17] -7.0018  order=qt  Q5=IFELT Q6=THREAD Q7=FOODAND  T8=[perm]06147352
    UETRAPLPCSHMOOESTFEOSIDAISEBEUSATPNHNYOMWFCLEEIDSXOWNDANPHBIDRSYFAWIGUTLEHQGHBAXIEIELTYMROTYWHGAJGHXKHXUXYJLCHNHAWYNREQIWIQKHOQMIQUIBZKPOFVTIEKG
[18] -7.0074  order=qt  Q5=BRASS Q6=ASHORT Q7=AREONLY  T8=[perm]06134752
    TBICHMANETSISSRAIRAPIEXUICEAPPTYCVOUOBBUFEIBNPQZVCPTNITCSYNUBVOUQHDMAAVISFNGLWNCHJRZTWQOSEJKLZVCKALIZDGILQEMPBICVMLYAWNIOYJHXKAUAPVEMWISRDSPUSTL
[19] -7.0086  order=qt  Q5=BRASS Q6=ENOUGH Q7=STACKED  T8=[perm]06127435
    RMSEQHUBLMCOMEETAGIHNECFAITYINTHEFETCAGGSNWMCXRMDWTIVSSUJCDLQSSCOBPQZFEZSUSRBOFINNSBZUAGGAEUXZSLYFDIJQYCMOVELITIEOWJKYZIXNWGODTMQCFJYNUXENITGDVU
[20] -7.0088  order=qt  Q5=HEMET Q6=SLOWLY Q7=ROUTETO  T8=[perm]06132457
    OCVGARUEETYINGMTONEAMINONKWREPIEIFHWPYGYPKZHWSYFISBMFQQJEUNKBHKYYKWTRHSOFWRYZQEJMVENEYCANYHEFMCSTBYUMPEFZYHZVAORREDFOAUBVWUZDNTYRHMJRGVMYCPLFKNN
[21] -7.0120  order=qt  Q5=WEEKS Q6=METAKE Q7=ARCHIVE  T8=[perm]06157234
    TNIKKUPERTDCULESBACERAUNUNPEDPSANUBLDCIFNELCLPISBTWLRUHGSVTIAMYYUQTCWKBUNTAIDHHUKBIJUYVMLZHMLXHJKIASFLYFMPOBBBOMNLZTEALLOISMHZFZZMMXDIZUCPMEYXPZ
[22] -7.0132  order=qt  Q5=SHORT Q6=THESUN Q7=ARCHIVE  T8=[perm]06135247
    CGHTANHUNASLIESADOVMVFSDEANZENERMUIBGFAIIKEOWXLJUPAMTWTUVPBZUMRWYPIJFWTIGKYCUJRODSKSWPFRUNNOTWUNEMZJDXVAGUAAQHICTBIGFBUEDCOVNFWVLUHTVFQPEROHIPHY
[23] -7.0222  order=qt  Q5=ANVIL Q6=REPEAT Q7=LEGENDS  T8=[perm]06152743
    RRYDTTLIPEFTGALMISTRBENDTOETRICZOHDFRQTTHIDZHMVLICECTCSRIWAONVWVNGGWMJAGUMBTCKSLQMERPBETLAZFERZDUCDONNTBGODRFNBALZDFETKQYPFWSRELASRLGJOZWUXYFYAY
[24] -7.0253  order=qt  Q5=ANVIL Q6=PIERCE Q7=IREREAD  T8=[perm]06147235
    RAUTHVEHOWTOASEYICGETTRYFCPABHCBORIZLMSEITGJBRYDCASGIIAKCLTLIVEERBXXLUAGUXNKODHTVDDYYPOKWPQXSSADVRPRKGDBRLHUUWPLLYRPSEQXDRRGEHEDRKPOXOAIOVAWDIAW
[25] -7.0285  order=qt  Q5=HESAW Q6=WILLGO Q7=TOAREAL  T8=[perm]06134275
    EECKNUMVPONFRADDWORGLACOFYOANDFGINXLRFBATEQQPTSPJFIFFPAXVGFAQTHMGEFMGMAZUSAOSLXVCYVBKMEHRPFDEYWLDDJBERSLBOHVJLJQHFOLYELQOGECOSDHATMDHXLTCMUHIPWK
[26] -7.0292  order=qt  Q5=NAMED Q6=REFERS Q7=LONGAGO  T8=[perm]06123475
    INYOUCTRTFSLINIERSGOSTCHCOICEVLCFIXXFMWTOKEWFNKDQJEUNYDCMAOGFSNAFNPBEWRYNQHTNLJRWJOYQLBVGCITOMDITHGNOMQEFNRTMFDJRALXSZENVCRNEFWSVESBSECNGCMXDGEC
[27] -7.0295  order=qt  Q5=INGOT Q6=SLIGHT Q7=HETELLS  T8=[perm]06152473
    LUBMTIFPROWSEEUALIERSFUEFNMEAYONTIJAISYXMILPTBLGQNLJGUASSTNMRCQHZHBYDRUFBVEGNFEJKMSEXQBRVGFCRMOECFEJENDAHXPNUYARVCRXATPTISCAKNCZHLHDOWSDJSVCHKMN
[28] -7.0305  order=qt  Q5=BRASS Q6=ENOUGH Q7=STACKED  T8=[perm]06125743
    RMSEYAUALMCOLYEHAGIPRECIAITOINTEEFEFJAGXSNWAPFRUDWTWIFSHJCDBRESSOBPWXAEYSUSMLQFKNNSVINAEGAEAOOSMYFDGMUYBMOVFGVTEEOWOQYZSXNWIDJTOQCFXHPUQENIRQXVP
[29] -7.0309  order=qt  Q5=UNAGO Q6=SPLITA Q7=TAKEONE  T8=[perm]06143275
    UGIREKAAUSESANYPOMMFCRITEGEDKXPAQPOBBTMAQADRZIGHAJSXZRTCHFVNTVNHFCEPRMCGMYOMCHAAMYMNVUDODAYGCOHHARDMYAYESKGADRWQVYUSSKKDGXKIJPNWBHKICTASKUQORUFB
[30] -7.0331  order=qt  Q5=STUDY Q6=ASHORT Q7=PRICKMY  T8=[perm]06134572
    DOWREETLATTOLPCBBCVSLTDUITANPAYUHLCRYCKZGBOTNADTMLOWREATAHEUPELYXFPWYFYEHTJHHTIMFSFUFCGPUHMRPDVEVNLNWRMFUKBKUCJYFHLKWHILAUXPRWBFZPLATENJQIRARVFJ
[31] -7.0410  order=qt  Q5=HEHAS Q6=SOFINE Q7=CALLING  T8=[perm]06123745
    WNBRAPGESHIKAUREARTCETNATBORONNABCYSBTWIFCMOFJVCEBHIQNPNVONBEYIBVUJDBIVMQKDZXXGTXKENLKSYLYAHHQMKIJZLVOEGBYPOCHCTUTMOHNISQGREVTVCYAENCPEDGKEKTPZW
[2026-10-04T01:04:50Z] chunk 3600:3700 exit=0
[2026-10-04T01:04:50Z] chunk 3700:3800
progress order=qt perms=100/40320 candidates=107318484
vocab: 119 x 123 x 141 = 2063817 triples
T8 permutations: 40320
candidates: 206381700 in 24.8s (8.34M/s)

==== TOP 32 HITS ====
[ 0] -6.7530  order=qt  Q5=WHICH Q6=ALPINE Q7=THESAME  T8=[perm]06237514
    MYGUAGETSSTASDAEDMQCYCEBSNASERISXJSYOBITTEMABCRSDCHAFXUAAYYOKJZHARDENAMOXCOGHYPOCYISRQMHWTWOROUXFPSDLGLREWNPMODAZMWRLDIFPXVGLJWYIAVJLKOEUSSRSITX
[ 1] -6.8041  order=qt  Q5=FORGE Q6=SOLDER Q7=THEWALL  T8=[perm]06214735
    TRGRELIPHASAGEVERALLNQALNWPFILRAXKEIIWSWXXAIELMBRREMWOKLYESELDNFMKPAWEERGYQYHKKOIIFAPUGHREPAAZIQWTHEEISCQHDKOLBEUNRFFGGJIWODCFAIWIINDYQWUBTSLAKU
[ 2] -6.8577  order=qt  Q5=TELLS Q6=ITINTO Q7=IWORKED  T8=[perm]06237154
    MROHERATPLLWPIMLBNEEDOIFESORASSRLTTJLSKINRWPDWKLUKFFTVYHGSIXMQFLUADPSEIOQDBCATTSUMCOJAIGEMCDTSWTHGROOPHGBOYGAPXARGPFIOWIOIGBUUATRTESBSMSMDWWYFWR
[ 3] -6.9289  order=qt  Q5=ISNOT Q6=SAYSHE Q7=METMEAT  T8=[perm]06245371
    GWLDVARPHSONAUTHTLUXECITODREDLOCLVYALDBEYIRTEEDDVWKCVOLMYRMSTVPLZNADDTLMYYFTNZEKSPRYCLBUYEGCBXXDSHWWQDDRPRCCEZTWFHIMYCONIZAGNMMPRVOSTTNLVUVLBRFO
[ 4] -6.9459  order=qt  Q5=ANVIL Q6=THATIF Q7=FURNACE  T8=[perm]06217534
    PWFCBECMILEBEAMONOLDHARENNAPRJMLGFARVHMFAOSWEWKAATNQVLTKJIDXNWHERTUPMITMTUXUGFNIBAUKNSNOUYJYCQCGNSHTUQGATLETYOOGHZAFBWGKIDXHROGLINJYGILVAYFWDHET
[ 5] -6.9487  order=qt  Q5=LASTA Q6=ISTUDY Q7=FOODAND  T8=[perm]06251743
    BVRFWGEINTITSNOTSULANMFORGFSHANLSVWCOWIJMOEUOZLKBAYNMBNMODVMATBYSQOTNFZAORERHWCHDISDTCTEEEVBSDAHDWYEHBMIMWMRDQHOCTYBBRTEDTKDTIHMZVEVEEQGACYGSDYJ
[ 6] -6.9569  order=qt  Q5=FORGE Q6=SOLDER Q7=THEWALL  T8=[perm]06214753
    TRGRELIPHASAGEVERALSNOALNWPIIHRAXKEWIISWXXATEYMBRREKWWKLYESYLNNFMKPDWBERGYQNHCKOIIFUPAGHREPNAGIQWTHCELSCQHDROJBEUNRRFXGJIWOFCDAIWIIRDQQWUBTPLDKU
[ 7] -6.9643  order=qt  Q5=GLASS Q6=OPENED Q7=BELLOWS  T8=[perm]06243157
    KBAXPRIPTOEOTOPPCBRAYSTSONLEVGUSKPRCAOZDLQXTGXBVQBNOFWKTMYACGPTTKAXPDISEYSAMCJESKAKYMERCDRHEEOKOSYWCFYPFJPRGFZAXEORBHPOLMXEMTEMUTHJDIZBRIDSCEMHP
[ 8] -6.9775  order=qt  Q5=INNER Q6=PICKUP Q7=RESIDUE  T8=[perm]06217435
    ASBUABDORSRHTCLEBUNGANBNHANDAYSQEBLGMKXPAHUDESLAFTNNVYCLZSPREBITUKKYSEREPYCOACBZYBSGLEFJJICFRJWEBBRBYAHXMXIEHHCLVVNAQREDMTPNMGZPFLZZWWIGOEOFASPU
[ 9] -6.9861  order=qt  Q5=INNER Q6=WINTER Q7=REGIONS  T8=[perm]06245731
    GYLLBOUTLYEUTOALETTIMIMLQBEEXTOLSSSIGNHINDRDHJSHWCCBYILIIPSPNIDWOQSARAEJYLTPAKHPMXMQFCUDOFQFLEANJTLTHDZZGQZSLKRHSMMATZKPXUNQGKOJUTHPEAOXIEGLBJSO
[10] -6.9930  order=qt  Q5=PEACE Q6=MAKING Q7=YEARSHE  T8=[perm]06215347
    PVYHEDPOFSPLADILLEDDDEVDPOLADBYXDYCAMNWBYFLKPOOYZRHMLTLOIPSHNDDEGRARWAHHZKFKKZUAEORIAPYPXYSQPBPEBYEALQIHLQZJEWEPCHNUCOIIINFOVULLVSLMSJHZPLZPBGJG
[11] -6.9976  order=qt  Q5=IPICK Q6=CHISEL Q7=UNRAVEL  T8=[perm]06243715
    AEEMMTHIIGNUTSMAGEPHECHILIGOSAOJWSVGCDYWRDZBOBODYCOVHTHOISQMJCAPXGMNIKLBSEMIFOVLTATAATRQJNWRLLJFYKPQKLKDAWAHITGLJANOACLQTVCEVNIGGPWPMSYBGEENMBVZ
[12] -7.0084  order=qt  Q5=MYOWN Q6=PATINA Q7=KRYPTOS  T8=[perm]06237154
    OPODOLSYTEFKADOPORGREABABEOURGAODBSIBMPYVFDJEEJAOZOYZDARVMWAFSGTIQPBLSRBUZYOOPSNJRFRTFFRFCEOWANDIKUMOBBDDDMKECRXGRONORSIZXBYZCLCCNTNDFFZDJCEHUWL
[13] -7.0166  order=qt  Q5=METAL Q6=KNOTIN Q7=UNRAVEL  T8=[perm]06231547
    GLSANLIPRIFGOTEORCHEDSUFCDIVWEESMMRBYRHWQPNYXXNYGRFOMPSXLIMNSXYOPSNOWCDKKHEDXHAUEGEQKMPEHMPINYUKPOIGFAQAKTUJZEQBWVEPHGIDDLTEWAJKZSJMUCURROVJUXPP
[14] -7.0246  order=qt  Q5=METER Q6=LETTER Q7=FELTTHE  T8=[perm]06231745
    OALSOHTFSINWEGEHITESLFAGEDGYSTTHEERCNBHJUREHZDIBXBUIZDYERWYTARCFOBOOLAWXNUQABIQPIOFHBFHDSWMSYRMLCNUEKYUBWGAMAXMLDMQHANUMRCBZHFBCSZFADJQLBIXQODLJ
[15] -7.0274  order=qt  Q5=FILES Q6=BEFORE Q7=NOTHING  T8=[perm]06174352
    GEHCMOATTENSNELLBROSYEDSOTWOFMSAOIQCFKVHSOMKYJDKOMWRKAREBHUBARFRJDFTYVSNYNZVMQCVPSIGLDIROYKUORGYCAYYYSSFBTNEHAEAKYWUZEPEVJZTVTSEEQVEVRGFTWXYAHRA
[16] -7.0299  order=qt  Q5=SHARE Q6=SUBTLE Q7=MOLDING  T8=[perm]06214573
    VEDSWPDRMANSOFLOSTUHFSTUSORNAGRUNJCOISHYVCGCHAUDLWCLXXXTHQSOIEKWUJASJNWJREUPPVUMLTXRIJALZZGSNMVIFFUXOCMOAFTOTVUBUTUTTYWFTMUVRODAFBASBJFINDHLMCBL
[17] -7.0341  order=qt  Q5=JUSTA Q6=METIER Q7=GRINDER  T8=[perm]06231457
    OALGENPLWKSAFTTHAGEPURINISSZFOAMPDODEKSBKRAORWZMHRAVIPXXJQECUPLOCFOWYWXKMGBRZUDZYTGODDSFAQPUPGWSRRRTYOFMRPAMYEWPACIRWQFQFRLISVVXINBKOHXTCAAXZYLF
[18] -7.0360  order=qt  Q5=UNDER Q6=GILDED Q7=REGIONS  T8=[perm]06231547
    LUYITIOUNGOOTICTETHWSFROTYGULMCQLKSBIGJXGIQDJASWAIOOBZRDLESDAFUIOKJQZTOCUSSNOEXPHJRDWRWLOCXOCSAWKHNORKMZIIZAKVWOICYVENKPYRTMCXISWBBEGPASIZWUKMIK
[19] -7.0369  order=qt  Q5=PEACE Q6=BERLIN Q7=CASTING  T8=[perm]06247351
    SMYCDSEGIFTYOGADVCERIGTODHEPHPGLKUEQHBNWRNQKPWKOAULLURVOASEODOAAUUHHUOEADBYNTSCNACKACLYVNDHCZITYGGPCPFJSHEAENYOSSSTHQCLYPHBQZOQWVMFAOGLBTUTWTTUM
[20] -7.0377  order=qt  Q5=INTOA Q6=SPLITA Q7=WITHTHE  T8=[perm]06241357
    BPLODEALUENLIRARRHYMINDWSUMDIEOAXSYSKUWHOGETNPHEIZAGZYAWUBYEEDVQYMXDHGVBLZRHCAAMUFNZROSNNESUTWCAFRPATSSVTQYYIZBUSHFKANBTEVEENAKQFXVJFEWJWCIEHJED
[21] -7.0402  order=qt  Q5=ANVIL Q6=SHADOW Q7=NORTHEA  T8=[perm]06253174
    QRFEEDEMONDAAPEXPNBWMDRESOOTTYJPSIULDPALITWJEKPLCRCYUUKJCYQXDMMYRJBQJJAZYZLNROACWOPODENYXIMGZHBPIRAGOATSBAERIUPPLIOJRTRNPRGCCATZIZNAIEAXSZBFPCUW
[22] -7.0419  order=qt  Q5=METER Q6=LETTER Q7=FELTTHE  T8=[perm]06231547
    OALSOSTQSINWEHEGITESLIADEDGYSRTLEERCNNHOUREHZRILXBUIZCYFRWYTAPCDOBOOLOWKNUQABIQPIOFHBBHHSWMSYBMDCNUEKYUBWGAMARMHDMQHADURRCBZHOBJSZFADVQEBIXQOSLQ
[23] -7.0449  order=qt  Q5=BOOKS Q6=KNOTIN Q7=SURGEON  T8=[perm]06251473
    FUOTANNLSKJEEREGAYSCDLMTHORINRUPYODAZIIEDAAVIVDMMRQJMLWXFFZZQAZDFJNHEUCRZIAINGFIITJHDICJSCEPCCKCIYEGQJTVCPZITTDEERVREAQUMWWRCXEUSEEUSBTPRICMGGYA
[24] -7.0452  order=qt  Q5=ONTOA Q6=BRONZE Q7=YEARSHE  T8=[perm]06174523
    EEOVYCOMENIDETHTPROLMYNCLTYCEEDKBFIVYGVBQPANOYLMGMWAYPOTYACMWOBDEHMFQDSCFVWQMICYTWUZAOIGVSWENCRMDSBABGYAJHDMAPTLSYTBEUGRWNTFYBNYUMSSEVGYINFLFCGK
[25] -7.0458  order=qt  Q5=GATES Q6=PHRASE Q7=LEAVEAT  T8=[perm]06237541
    NITEXBPOCKEDSMTSBYMOSEFDYORSSFAKAIBZEKZJFHQEAELYNIPKFMMRPILWNENAOMOURTYILEEJXKBQORXEFDOLTCMYOIKTBVNPQTYGYPJMPFAPDBGXAHAAQHNIUAUNNIIBOHMAZDNNBASS
[26] -7.0495  order=qt  Q5=HEHAS Q6=INDIGO Q7=NEEDLES  T8=[perm]06235741
    TSANEDEGTHISSONANDTVQQUNYNDFRUJKBAZYUVSGKHVDQEKWCBNDAPYFHWDIKRXXXNRKMLMQLVVPECKVACPNXSHCUEPLFSOTHOFUBNKALMODAONELMWTHRYYARFODWPLDNRSAICJKKAFVGED
[27] -7.0497  order=qt  Q5=ONEOF Q6=GOINGI Q7=WROTETO  T8=[perm]06241537
    EIENIISBERTRESTULCHPAABHTVTOSFAIFFQIATCXJEWDIZXSHMARNQOEWEMIAEWJYNRNKEWHYALGSCHDLRGGIEAMPBIKGEOYIXOHTSETAKABMITWJQZFYXOLYNJOIDNZGZJTTWBUXGMLKNQF
[28] -7.0560  order=qt  Q5=IHAVE Q6=HEDOES Q7=HEMAKES  T8=[perm]06231475
    CTALLICIIPNNIANIENAZESTTRLAPNICBSYVOFTQJRXCPHCJWUVMDKXXFJNJFDROOUOYSTRXIMABFROFRCOFPCITNZEPRFHOKFUYKKLZYFGTCKMMHOYFHBMIUAOVLYISEHENYPPTTYENINSGT
[29] -7.0565  order=qt  Q5=IKNOW Q6=DONEBY Q7=BELLOWS  T8=[perm]06173452
    NKMAPARNWRSTUTTYPONHYOUBCLRANTHZSEPITLMRMDZPQTYPJMATASTURKAKCMDFFPVIKSAEEYEXMFAXJZYEAADJHJYKLHFMMMFKTRFQLSUCESWWYELTBZCHEXGRALTCWQVCUXCJCHXJJLON
[30] -7.0597  order=qt  Q5=WEEKS Q6=SPLITA Q7=RESIDUE  T8=[perm]06231574
    VIBURHISTDDEBATWASRYHIAESANDFJUEETPCFORRJUKAAKJBQVPIVBRAZOOBXTITABOKEIDLBPVDSGJKFHONGEFWMOXZQNCAGQTUEENVOBHJNXNYUWESPEGFAYPNEQTIIXBQVKYXTVGWUUYL
[31] -7.0633  order=qt  Q5=WROTE Q6=FILING Q7=GRINDER  T8=[perm]06245317
    TTORENPHDOLWELGANGLOLDBALMGNEMSBLYNYKONTESHATNEAQOGQTOKGWZPVLIOOWUOLMLCBZPLCVJJLBFSTREGGZFYELOEGRZHLVFNHDHNDOEPWKBLRNDTTECOSPEVUYWNOIYAWUEGOJADK
[2026-10-04T01:05:31Z] chunk 3700:3800 exit=0
[2026-10-04T01:05:31Z] chunk 3800:3900
progress order=qt perms=100/40320 candidates=107318484
vocab: 119 x 123 x 141 = 2063817 triples
T8 permutations: 40320
candidates: 206381700 in 25.9s (7.97M/s)

==== TOP 32 HITS ====
[ 0] -6.7549  order=qt  Q5=METER Q6=ENOUGH Q7=NEEDLES  T8=[perm]06274531
    TSVOCVICOGETEEPINETNDLOVEIICKHJAWWTAALARVODSATKMCGQROCETNRSUVXGEPSOSLNHHOMSLLUKFBPGANKNYLAPXNWDLMIGGPCHFRBODISQYROSOBVXGARRLWWADEMWSGANCKRAGBIUB
[ 1] -6.8192  order=qt  Q5=EIGHT Q6=DEPART Q7=STUDENT  T8=[perm]06273145
    ZCOCOGHUEITATLILLIBOSEINCAONNOHEVEINPUSMATIUNBHECTDIQWRUTIOXHMBCNEYCDBQRGWEDUCOALIBYMKAASGGARLNHAJZTGIFCYNQCOHUHLDQCWYCAVHQJJWLJKCVVINZQBTWONDHI
[ 2] -6.8566  order=qt  Q5=HESAW Q6=MAKING Q7=LANGLEY  T8=[perm]06342751
    PVIAMCFCMILETTHEOAWYJARPOOUNTWOCKAVSTKGVQDCWOOQWDOECCABYKCWMGLQKOPYASSHJHOAIEORCHCHNODJHIFOPRSOVEPUPRCONHQDYYMPIUHAUNQKOBOPALEYIFZDDAESBLKHBFSOZ
[ 3] -6.8747  order=qt  Q5=NAMED Q6=LETTER Q7=LEGGERE  T8=[perm]06275431
    ZMANANBOSNCRETWOWATYBENANYTARUAJJXMUJXOIALMHKHFRXHQQCCSSKTSVMWUTVJKSONLOCWTLPEQCOTEITCVYZULFAEKCKTJURXKTHKEAYITMLMICDMUNKEEHGLATDWTADUEWPSEAMYAM
[ 4] -6.8863  order=qt  Q5=HEARD Q6=INBERN Q7=BELLOWS  T8=[perm]06325714
    ISNGODEOFBALREYEZAELECHOLYOMAPDNPWWCPWAZKELGRBXTIAHIRAFFRLLUPIANSVASLLISMTQAHGSFYESINSDGZUOKADSYYHDJFXNRISLWAGCIUUOOLKQUANFPBCHXFTGMVSAHOBTOSLXU
[ 5] -6.9087  order=qt  Q5=VENNA Q6=DAYAND Q7=HEMETME  T8=[perm]06342175
    SDROUWEAKIERMCOSSYSEWADPOAFOUISEXAPTBVRHOUAAQVAKWWWMXNZTRYFGKRVSLWFAEXCHDUBBYINCSKQRSFIRJOVSBIWEFADWQFGYNKSNKVFDEMSITWOUTZJJKZGPZOISNDJUNZPIOANZ
[ 6] -6.9354  order=qt  Q5=STONE Q6=VIENNA Q7=FURNACE  T8=[perm]06315724
    FETEDMSAABYBDMQRTRYBETHIANJANTRYKNLZNNDHTZBIGSESECSTCZMNRLATYHRIPDRDDPRIPJFUXWWOOAOTABTOGGBAVKEQJVTWMIFRSPURSHYCRKMINBOYXXORPXDQADDZFHNTMXIPASXG
[ 7] -6.9530  order=qt  Q5=INSIX Q6=SAIDHE Q7=GILDING  T8=[perm]06314275
    MDRAGYOUGHBASEYSTOSNVWXANDGGRNMTGVKEKDNCJTYAQRNEPPSBYEECAONVSMQBRAFCUYVRYETERYWNRNCYAIUFHFSZPLFSARRZZTNOGYUSJQOWTSEWMSFTERTSLPDFLIFVCIBKLEMVAMFP
[ 8] -6.9587  order=qt  Q5=RIVER Q6=EMBERS Q7=TOSPLIT  T8=[perm]06314725
    DGELUZGUBUIHIGITSRECKCONMEYOROFTYPKGCQEVUVDDCUBDEXTVSMAYRXYOGIQGUELSDASUMEIYRKSAPQKQBYLFPMORTOPJDCWOEQVKKXMSVTTGDZBARNFUTOAAOOMJGMWCWLVFIXYLEOQF
[ 9] -6.9650  order=qt  Q5=SHORT Q6=LETTER Q7=JOURNEY  T8=[perm]06321475
    GDUDOPDIVBUMHSTOBSULTOFREAMOFAFHUXWRIPRODACRXZWTLRSIBOYZQYPCWRLZBJMYOGOKHBJBODDOTGDEETAYRWIWKAMUCRSCSYOWPUDGXSANOBOEUUHONYBVCARNFZWNSVWEBZHWSGFD
[10] -6.9692  order=qt  Q5=PRIOR Q6=SLOWLY Q7=INSEVEN  T8=[perm]06341572
    YPUPEWLKPAIRASARTESHOPBEIRKEDMIEARPTHGFFAYKPCJRNAZZXTVJOAECRODIPLAOCPTPXTHTMSKPLVTCIICBIHZOORSOQAQNORTPGHSPLMPCVJIYXNCGBNXEVIEKIVZBONNEDOEHPQIEU
[11] -6.9940  order=qt  Q5=STRAW Q6=METIER Q7=UNRAVEL  T8=[perm]06254137
    AODMDATHYBYNATSSFAVOFMYTERWATTOUVMZTZRISDOTDVNTWUVZXGLBMZTVIVDSQRGBFVUKZEASCIQIWXAMGHREPMOWEILNTMIJIRIOIURSDIDATTOGYEQNVTNBVPQOEKESKXQJYFBTHNODU
[12] -6.9968  order=qt  Q5=EVERY Q6=GOINGI Q7=TOTALLY  T8=[perm]06341752
    XBLINTSNEFIXXFAFISBNTOTVEDIDPMYSSPWQKFDGWEBAKDIDUUUCJEYAGANLUYKIBHATLWDOPBXBSEHUBMEWMLOEROAACWFWZRXVZYOUQGKDNIEKCQVSNOFEMLCCFFCHMSCLASHVMAOOGNUC
[13] -6.9997  order=qt  Q5=FILES Q6=SUCHAN Q7=USEDATA  T8=[perm]06342751
    GOPAOFISSIBEFAMIUNIFTKPREPITBCRQJEQXGCPXIUSSUEFGGTOHGAMECKGSESUNCAGMKNXAWJZZHDDQDJVTTZEAATHABEEYKZTVWYJBLNNNGOPAMOMFJLPFWUFHRYSLAQBAPIINYNPSRTHM
[14] -7.0029  order=qt  Q5=METER Q6=ENOUGH Q7=WITHTHE  T8=[perm]06271453
    KUPRURDOREALMOZEKALOBURPAYFANDWPDQZEHOPHNHSLLQGITIJJQIBZIYGBSYBAZBRVLGDDFPNOWKVNTHDJGFKXTDXSJESTIECACARCVERMAILWWRGJFGNCPHWSAWPSMXDETIIJVYTOFMYT
[15] -7.0038  order=qt  Q5=GLASS Q6=REFERS Q7=SHOWSME  T8=[perm]06274531
    SOMARYHRKXILENTROPTIPBEIPGUETHEVXOSABYMLSYTJRSLJNPIERACFNOPEVNXGAZVVBNMGMMOZMGFUNMIIEDFVNPGGSMTIIIXIKXSMDDBULQERWILOSVDPNCTLWOXFIDZRIATTNLIENJDB
[16] -7.0073  order=qt  Q5=MEHIS Q6=PIERCE Q7=STACKED  T8=[perm]06341725
    ZDILDANTYWDTESOXROSENUSCIDALLVYOXGAIVTXMKMXDWBULCOECIKHBKWIIIKNLCBWBGSOUABXZGRETPFTOVILXBEJSEDDEKSHENGPPFVIBGNHUBEDGZIQCVISTMPYYOMIFSHITOZDCBQNW
[17] -7.0111  order=qt  Q5=STRAW Q6=BRONZE Q7=THEROAD  T8=[perm]06324517
    BYBIGIUISNASUPVAHEFFMINDRYOFAMOEFZBPHFQNKVBVERALFJVQOYVCIFNSWRFAMMETZUPQESDWBJTWPDTGIRKOUSJPNPEESBEMPYSPRDWLOHDAAQOUROFPNXEINBSKIZWWIMQHTVUSCUFL
[18] -7.0112  order=qt  Q5=AFINE Q6=FEWHAD Q7=CASTING  T8=[perm]06342715
    XLVOMESTCININPENPUNYITTASAIKFIOGVSCXCBGEOFHAAEACNGUVUBMQDDDJYUPWPWJVIEIMXAXIEXUTAWCZOROILAASUQFBBAQJAMTUMCUCOPOTSJFAWNIYUESXAFIYJGOTNEUPEZKOTPUZ
[19] -7.0127  order=qt  Q5=METAL Q6=SOFINE Q7=DRAWNTO  T8=[perm]06271543
    MWNYMSUSFXMOSTIOLREGISCAGRINTEZBHHCRHCLIWWXWEWMYNKWNXHANUVBFPNATLBWUWDLRHFAUSANHHOHPOXJUGACATERMTONEYZLEOTCMPYQCTVZUDCWCVZARKRUBFOIXRBSNAJWCZONY
[20] -7.0166  order=qt  Q5=METER Q6=CHISEL Q7=HEMETME  T8=[perm]06271543
    ETONOFFNUFFHIEXTHANSSEAFFAXVTEEEKORLRIVPLELKGMIBSPDLMNSTHURBIVXOOLSRYPUEKECJBWYDWPBGHOYJSPKQLOERGJBKZOPDFCARBXPFBYRXVTUICOJUDIHIQJFTMLCLRZYDMTJT
[21] -7.0166  order=qt  Q5=IPICK Q6=NUANCE Q7=PRICKMY  T8=[perm]06254173
    IHODOANBIGNSEAMERAIKIABIOTHAVCAAROGELIBGVEAOYTPPAROIZRWSITBLBQTIMSSGDPEOBNVSAHTODKZTYKUUHEYSJWJUESPXSTFXTSRZDNHIDEUVOUBFFVIHUJWPAYUMXKYNGSQGZQDD
[22] -7.0174  order=qt  Q5=GATES Q6=FORTEN Q7=DRAWING  T8=[perm]06257341
    LBTRIKEUNPOSEDENPNOFWELYMDINBUXBPSQCFXXIUWMDAABBROGASYWRDYFLSODLDDUWIRTLBNAVDDCPTKAODMONUIKMIMQMGVKAITIDNGUGNHUWFDTLPQNSUWMOTZNFNLSEGAYDNXXBIORW
[23] -7.0187  order=qt  Q5=FIELD Q6=INDIGO Q7=STILLMY  T8=[perm]06324571
    NCINKTEERSWINCYIESCVISOGLUTHAUHIEJIRSSIJUHITICVGPLUCLFLEWALCXGOBRLPJZQAVJOSDLDWWYOULNGSUEKEXHNQGPFQNOAPMLABCXWHAAIAAZHVOJNSWAJFSVBLASHFKIPNCVXDK
[24] -7.0223  order=qt  Q5=BRASS Q6=FILING Q7=THATIFI  T8=[perm]06271543
    YDEVASIZUCULIERYRIDSDVNSEOFSEAPRDADIOVSTZUURLKSITAIPHLTCSSCHEEIEIJQFEEAVOVLWSBRIFNPMJEUEMBPGCFOTKBUCFKFQRQSGLALCABTHNXHXGZMSPZOBBCPXBOZPDIDKDYJQ
[25] -7.0266  order=qt  Q5=METAL Q6=THATIF Q7=FELTTHE  T8=[perm]06254731
    MEHSTALCABINIAMHENYOPOPSBADUCALEBIAJHOIKLYXICUEWICMFCXZBXMYGJWSJEYMXJMNGSARODIEDFABBLQEDSJODLFXSVIVHUKBCTSPSSOILSELJNZULHKOZYPUSAZBOIKRLTJIWGLGC
[26] -7.0324  order=qt  Q5=SEVEN Q6=VIENNA Q7=LOGSAYS  T8=[perm]06321745
    ACOSYSTEOFBRKHALETMARMGEFIWUNFIBCBVQQJOSEKFGTOTVXAZEWRLXIVNCECIMEMENVOVXKISYOFUEMGQLSKERUESUCJJQJYHOBQUJPOOXKZCAOMNYWXMIHCOCKWXNPJRZMARMXHBKORUB
[27] -7.0331  order=qt  Q5=UPONE Q6=SLIGHT Q7=UNRAVEL  T8=[perm]06341257
    TRMPTELTOFOWLNANDWUTOGUICCEANSYJAWCTFCMQMKUIQSYJUCVEUZSWIOONGILDDMONOOBWNTDDCEIPXFMRZARRPGVWRHYFOSIOLSGWVMATBIAAWZHDAWTORRBMBXMRPPZROELIDNVUFTPS
[28] -7.0366  order=qt  Q5=LEDME Q6=FEWHAD Q7=HEMETME  T8=[perm]06317452
    CMVZLYCOSVERASSUMROPLEONZILARBCDFJECLNAEVIKTRONFVEREWFNNSRQCSSDVZOIFHDKFLPQSPAMAJBLYEZQIPRNYVWOBDUIFYHQXQUEYYGVESBKJQDMSATXDZYEJOWVSWZLEONHATPHE
[29] -7.0369  order=qt  Q5=MOULD Q6=ISTUDY Q7=PASSING  T8=[perm]06274531
    JPEPOKDUTCMXBEENADVITGUAYTHEGULTCCLCGMSQLJOLTBEOMAZFULJDJHBYQCJURWETTPADIPKCNSQUGELSVLOIJYMAAVBOFTXBEOUEFXMDCFGRPIXVLWHSAZIGCYZDEGYJETIHGXIDZZFM
[30] -7.0376  order=qt  Q5=MOULD Q6=THREAD Q7=SURGEON  T8=[perm]06253417
    XANZEMISNXHELIEVISEDTDDESWOMDSAEJZHSUTYBBGGXIOMKWHHIDCIRJNJCSFGPJLIXXDAGOWAGRSLACEBTYDGAWVWHWETQEMXPMZDBCTAICOTOPTHVIDEITQECGWAFNBCHFVTQCWHAASQV
[31] -7.0392  order=qt  Q5=THREE Q6=REREAD Q7=INSEVEN  T8=[perm]06312754
    SASCAVCFREISAORGRDODIDSIDDLEDKNTZAPUSHDAJTAPMUXOSDBWARELXOMCDDAYLTMPKOFTWDGPMIYTZJORZTZZMBIXFNOTZVMAREVEBDAWLUFZHAWPTPLVWGCYGAMTQKRDPOOCYDRZJUCK
[2026-10-04T01:06:45Z] chunk 3800:3900 exit=0
[2026-10-04T01:06:45Z] chunk 3900:4000
progress order=qt perms=100/40320 candidates=107318484
vocab: 119 x 123 x 141 = 2063817 triples
T8 permutations: 40320
candidates: 206381700 in 23.8s (8.67M/s)

==== TOP 32 HITS ====
[ 0] -6.8482  order=qt  Q5=ANDHE Q6=ALPINE Q7=ARCHIVE  T8=[perm]06347251
    ODLZSASSHEAAKTAHATSNECPORTVSALANUIDZGVYZJUPFXEHAOLHETTQWZEWOAHTSWVAUECOGOGPEQGEDLPWOFGIEDIIUKCJSPSQUMYHMHETDOVVYRIOLDODFSWBYMEIQFDINOTUPBKIRKTEE
[ 1] -6.8921  order=qt  Q5=BOOKS Q6=TEMPER Q7=NOOTHER  T8=[perm]06354127
    UMNCCOAFCAWSLRETASSIFOFANASAGCGWFEHVKNELBQNYUSENSIGIFSGSFKTTJCTISAAAIHKFLLPATMXDEKEGUGMHAVBPESGDORCBULWVHGMPGCLOYKESTYJITHGPQBQUILCYXPABHFXVOTYO
[ 2] -6.9325  order=qt  Q5=TOPIC Q6=INDIGO Q7=BETWEEN  T8=[perm]06357124
    ZTTIHOTDVNSOLFRASECTSTSIFSHOAVAVZDLACHEODXUZGOFOHINTGJZJODHTARVTUBPTGAGWCREZURMITLEYQPRCNICSCSINQPGGWQLKRJDYGRPBGRXCIMANLATOCJQICCHXGLSENGXNHFPA
[ 3] -6.9335  order=qt  Q5=INSIX Q6=METHAT Q7=HEMAKES  T8=[perm]06415732
    ODNEEDKBYCLWLOFADISTMMCODUCHSTOPGKPZYOAGOMXDXHISXXVNBGANLOWEBRFVFGOPAKYGIDTRWWIOITYGEGOUDRQPLMVUPTEWBIVAOWPEKFXTDLANSDKJPVZETWWARHYBIQWCRAMXASMS
[ 4] -6.9367  order=qt  Q5=ANVIL Q6=REPEAT Q7=LEGENDS  T8=[perm]06352741
    RSYOTTLIPOFDGALMIYTOBENDTSEPRICZOTDVRQTTHADAHMVLIAEETCSRINACNVWVNZGEMJAGUUBRCKSLQPEJPBETLYZLERZDUODCNNTBGODRFNBALEDKETKQYZFRSRELAERFGJOZWLXSFYAY
[ 5] -6.9380  order=qt  Q5=WATER Q6=HIMFOR Q7=UNRAVEL  T8=[perm]06423571
    QSYDHTOADSTAWTHMIREFEYOEECEDONMEOSLUDOWWZEBOXEAOUIGFFLBIBYNABSIYPXVPWLINFZYRKSIXNELUOLQIQQFVWJURNBPGNPSCPDCIBOYPADOVBOUPLNIPPQSYBTCIDCXSICALTQGQ
[ 6] -6.9554  order=qt  Q5=ONEOF Q6=ANSWER Q7=LANGLEY  T8=[perm]06372541
    WYTRAVITHMBILUNTOHDRECTARYASAQZVIRIRZYCHEHIGDFQXWTHNCYTUFVAILJCLXXOJXDOWQUFJCPHNLNLAYLYJZCZCWNXLHFLSEEEMNUDCHUSVXYPMDGDLYEMRSROABYRHVIEFLARAECBX
[ 7] -6.9604  order=qt  Q5=IKNOW Q6=FEWHAD Q7=WILLLET  T8=[perm]06417532
    YZHEUPRGIEANDRENTFOOROMAATCPAMFIJDSDWTHFOABJAALDJJZGENHYBHBVWLBKCBQZXSNNCDURMSRVFSINCASKPVYGATGWYNNQCLXMIHMNSMOPHLICIHFEOJCTOSGPNOEUDLRHDWBROPSM
[ 8] -6.9632  order=qt  Q5=IPICK Q6=NUANCE Q7=PRICKMY  T8=[perm]06354172
    IHDOOANBIGGFEAMERAETIABIOTISVCAAROPULIBGVEZGYTPPARPLZRWSITTUBQTIMSMRDPEOBNZPAHTODKDNYKUUHEWEJWJUESZYSTFXTSRZDNHIDEADOUBFFVEMUJWPAYKGXKYNGSJLZQDD
[ 9] -6.9731  order=qt  Q5=GOING Q6=WINTER Q7=ONEOFMY  T8=[perm]06412573
    EFUNSAGFREBYVELDREENCYHNMARVAACIPZHUPDJPVGACROGGNHASWNSHZXRMNRMMEZEAAYCUBTPWEEXYTJSTKREHJBRBESOUOUYBGAVQOMFGNPTYSBQBNUVAMGCATNILIEXKOLEHGIJSPTFH
[10] -6.9740  order=qt  Q5=TIMES Q6=PHRASE Q7=HAMMERS  T8=[perm]06421735
    OTHENONNGSECTIAPIMAPSPYYSHTCENONNUVPZJPRRMFINACWLXCTFNXRXDREWAPACEHPXTHHMTZPYIFQMLFDMRFOTURTFWTHSARKQKHMKVFMBCVIZFQJYIORARAEAUJVBPFIMEVRUDYGUAAM
[11] -6.9790  order=qt  Q5=VENNA Q6=THREAD Q7=PRICKMY  T8=[perm]06351274
    WHTPARKEETCOOTLFURNTHASSGADDHPISPMCIXMTHLRRDGOWKFBRLLMOSGEXIENSGGWWTETSXNOXTFECOCYTDFKNZSTFDFUEIMDUPKWWUPEXVBNGIBESDPZKSQBSJDDTSPARSZWRQAULLDQBR
[12] -6.9825  order=qt  Q5=AZURE Q6=NUANCE Q7=THEITEM  T8=[perm]06413752
    VLBOMMANDXIWRSSACEIVEYINHIKEYTNOLCYMMODLENMHISPDZEXPCYNOMBJOEIBIQUJXMXMWSSDDPOZIFIEQAVPNMAIIVJZMVNSRUUYEPDMTOPPAPUKXNRKSAGZXITKONHTGGJTNEAOKVABO
[13] -6.9890  order=qt  Q5=TRIED Q6=OPENED Q7=INSEVEN  T8=[perm]06375214
    YXARTIMMLEUNITMWDHTNOTHOAELISTISRLEUIJKIFLMECJAEYJLYIIBURNEDSRCLHKTWJVBQOJIURAXXIVERVXYMHJFNHPYTBCAKWWTYZRFCGFYRVFEEAVGFNTXQDIRADYNWEOVTEMOBSELE
[14] -6.9891  order=qt  Q5=TOTHE Q6=METALS Q7=COUNSEL  T8=[perm]06345712
    UKMYLNPICASCSUTOEURDAMARENWHAUGOCKUOFTVRSNOHEQGSHGGUASQNDTEOBIPCUIAJUCBOHWEATYVIHQQTZTJMUNQGRWGXLHLZEIMBANGCINCHARLUSNSSQPINOUJIZOWWQKJXNWNRKAAN
[15] -6.9968  order=qt  Q5=EVERY Q6=THISIS Q7=NOTHING  T8=[perm]06417325
    MDLMDETVERSTMMMIGRTATMYYGADDATENBHYINEPLNSGAWOIHNFGNHTCQXHKLEBIJSPSAYYNEFHCVOVWRRQNYJVONRGNEAVPASIEOMYJECTWVUCCSMCJNPOZHRTKGDFPMMERCLJHGCEIPUPNP
[16] -6.9992  order=qt  Q5=PRIOR Q6=BUTTHE Q7=THEMOST  T8=[perm]06375412
    EELINQTECTECMANMYSUIOTJOSESNLLBAZLUSYNSTIOCTEZUIQMOFTENNNGAEWHOWZUVVSCLXWWVJGLSDJYLUCFTKBPMFANRUDSOPJIMUTYEPFQIOTVUGVJOOVAOSHTCQMNYRPTLIRBLHUOCC
[17] -7.0111  order=qt  Q5=LATHE Q6=SUCHAN Q7=ABSENCE  T8=[perm]06425371
    VESKOUNIRITYALRABONRSEHEOFVEHORRLPEBPCZHOZTDMBBISGGXSSBUOECXZOTEYAKPOBAFIFTMTLOPTFLTLTXCMQSOLOOMPBWEMBLYBYMHCVNANKXCQHVIJBQHNRYACHJUXMBOCQHIAUSU
[18] -7.0147  order=qt  Q5=HESAW Q6=BERLIN Q7=ANYWORD  T8=[perm]06372514
    WSOUTOHROTELONWIKYNBHANTODTCHOSYEAMDYSYUBAPADZDUFPXXBQYFCTMYDJEOWEYIHWYRIKMWVKZAPOYOHTSLOTACAHZYONTIGLRBORYGYTFYCABAXBVXSJMLPMVBYOKHKONKECBVHEKQ
[19] -7.0157  order=qt  Q5=TRAIL Q6=ROADTO Q7=LONGAGO  T8=[perm]06415273
    THSCHMDMONKAOFGRTANTRELEYONUSJSUYYZHLCXXLDYERWPVJBCVTOPTPHRYPWCTYVSTYFGCTDRONMFKLNXRSDNBSOTDNUKODDOFUKOGDCACEMTWCVUNHETGENBDFBPWWNIOSWACJXPCFBNS
[20] -7.0258  order=qt  Q5=MEHIS Q6=HIDDEN Q7=ATLASTA  T8=[perm]06417325
    GUSANSETPSDEQCOOIMILBETHSBICCHADNEBAUQRMODFNERGGRNFGVFDMKBPAPAWDAVHFBKYDFSNKKMKCSDCAHIBNKEBADLDVVLHXYAFEJOGNTGVNOCIMYGUCERCTZXJIVDAVDGJIOTSTOEAC
[21] -7.0298  order=qt  Q5=MOULD Q6=SHADOW Q7=ONLYTHE  T8=[perm]06423715
    WCSEWMUZICHOETSKRTORANHEITURILINLLHQQHARRBIKDSRUPIPKKBTBEVWAGTIAQHEOZMDKGBVOBCLLHNWZQRLISKOILILUKKXSBHIZESEFIFILSNHAGVUQTTHLLJSAWQSMAHKEVLSIDYSJ
[22] -7.0331  order=qt  Q5=STUDY Q6=HIDDEN Q7=INSEVEN  T8=[perm]06357124
    LRDEFISINPMAKURYALTITPBTSWIMAATGVQKDPXYSDEWKMQTZQNCBCVAMZINCUSTAVJLOMNSYJVAYXHJXHFUNUWKBIBBTCHDMVIELUNICBFOQORRHJDTWOOHOBDXTMKINFAPEVNOFBVTTODED
[23] -7.0359  order=qt  Q5=IPICK Q6=THATIF Q7=SHADOWS  T8=[perm]06347125
    RBMNOWTOYDSSWLITPOSSTKIENSALLLTJVIELNTAOESVAAAMKMOBHAKAWFSINFWKWZGPPEGYIOZPGNZSKCDEHRCPUPOVITGCAUCXTJNVZKMASLUCBRWIJSZXWHEBYSCCOIJAABUIBSKPQIIFN
[24] -7.0403  order=qt  Q5=WEEKS Q6=TEMPER Q7=NOOTHER  T8=[perm]06423157
    SFLAEFRSCAREKBEIRKHERLSANMAYFYXLSEVWTOELNHGBILOGSIRGYPGLSQQOKGXISMOBBDESELODSDXDVQTVFZFBAVFXTGGUZUJOCTLVHXGTSBYZVKSPFRJIIBEOMIHIILEEPFANBSYSSQVO
[25] -7.0410  order=qt  Q5=IFELT Q6=THREAD Q7=FOODAND  T8=[perm]06347152
    UBTTAPLPCRHWOOESTEESSIDAITEDEUSATTNGNYOMWUCBEEIDSUOKNDANPFBLDRSYFLWOGUTLELQDHBAXIMITLTYMRATKWHGAJCHYKHXUXOJHCHNHAKYJREQIWTQEHOQMIOUTBZKPOTVFIEKG
[26] -7.0415  order=qt  Q5=INNER Q6=STRAWS Q7=MORNING  T8=[perm]06374152
    GEKORAODIFIFNMBFEXANDSFHASTPLYBOHHPEDBYLAINXUSDPAYORWFBIJBYISTUKZZOZGZBQOXIHMXEESALEZHZMCHZWHYLTABHCSYSNXPNHENNRPDALSAAVUEPGOSOJZPWRVCPDZMKVJBSA
[27] -7.0433  order=qt  Q5=TOOLS Q6=GOINGI Q7=THROUGH  T8=[perm]06425173
    OITSYBEAFULOURPCCLAIDERLCDHOBBFZBYALMPVFBNZKVVYHNDHROOYUTROEPNQSURRMMOLFFORVWWIPLPSSMRZCASCNTYDAQQLOTQAETJBNOIVRIFRRHTDRJXNEHIKJOKULGBRMELKELFTY
[28] -7.0482  order=qt  Q5=TOOLS Q6=ANSWER Q7=CARRIED  T8=[perm]06351724
    SCCRICUSYATOWNAGESEANUDWNOMTSAMIWIODUICAFBKRWNDDPXRZCHDMBALAERAJTFAXIEHBMDHLSYYSTAEGTABNIUKOIZJQYEHFYQNWLEJAIKAOFJFOIBJJPWYLHPRTHTFYYHLYLPTOLBSG
[29] -7.0492  order=qt  Q5=TANTO Q6=ANDTHE Q7=LATTICE  T8=[perm]06352471
    XHATORMMEAINFOVOPOGDLTNOLOLBOXIDOWDMTXIBEAAHBCOBIEEGHLGDQAQUGRHUYTKDXTPUROLFKVIGWKBINAZEZBLUTYELYUHSVOOHGINSYROLGNZYKIZNPFIWAMLUQERMNNHTCLTORZFQ
[30] -7.0572  order=qt  Q5=AREAL Q6=REPEAT Q7=LEAVEAT  T8=[perm]06415273
    RYMAAVEBETETAILLGUWTPDTSNMPLEEISXIWFEERNLFXALDVZZYTAHDCVAPMQVWDENSWJQFATFPRALIHSCHWESUCQAFYTGHHZJRLORMWUIOXMDBEWYZARHFDHYZZGIAPAUCOFPZOLTLLTGRXS
[31] -7.0588  order=qt  Q5=BOOKS Q6=ANDLED Q7=YEARSHE  T8=[perm]06421375
    COPUNIQUEANKKJDDOWNPHISANDMAPJBIYCFORCVPOXAWUDNMNOMVEDASECMVQZYRKNELGILQFRUNYIICVVARKHXIICHHFCJWZDIDVYYGFQGUSCVSNQRTBOSBULYFIGBOUDBRVPCDLPVVQPKY
[2026-10-04T01:26:11Z] chunk 3900:4000 exit=0
[2026-10-04T01:26:11Z] chunk 4000:4100
progress order=qt perms=100/40320 candidates=107318484
vocab: 119 x 123 x 141 = 2063817 triples
T8 permutations: 40320
candidates: 206381700 in 25.7s (8.05M/s)

==== TOP 32 HITS ====
[ 0] -6.8305  order=qt  Q5=WEEKS Q6=METIER Q7=SMELTED  T8=[perm]06512743
    OEHIKATEDAFTSOFLUPLEGENTMCLAWLTRTHGDELFKNZIAKIITCXGIOWZAAMQGRBPMNIXWOSXLLIACCEWTWALIBIQOLVHOHFKFEUCORNGVNVALTNJACYSJAMANHEJWFFGUWUVRPYBAURUCSVJH
[ 1] -6.8464  order=qt  Q5=UNAGO Q6=GUTTER Q7=FALTERS  T8=[perm]06435172
    SMNTILOABUDBOWAHATYOFTBNEGNTSTOVRAMSEUFFORTSMUKFOGQASAIVNUVKVRELOBGENPQNQQFLNRKXFHALERSWWANHQOHHMDIEZUIEXSPIDDYDAESRUPXBSTRJPQTOTLAFNHQKKGCEPQHU
[ 2] -6.8948  order=qt  Q5=INTOA Q6=FAILED Q7=USEDATA  T8=[perm]06472513
    TIDILDONSERDSYERGKIUSEFSTEOIOLMEWSIQGPPCBEGMEETPGCVOPPEMZNIDACYNTDPOGJLITNMVMWDMRUOTRQRSCKOFGASBJYTHEOWEDFEIGVQWROECHAOCHPNGXPVRABRLVWBJQMPIIJWM
[ 3] -6.9086  order=qt  Q5=PEACE Q6=ALPINE Q7=THEROAD  T8=[perm]06452713
    FONVATIESCHNOPDIGOMTRYNEHIVEDECEBRKVMOQQCISVNYSYEFFIRVCUDDPHKRBEDUZQMHFESHYAIUPNBALVNPUZZMNRHOPUKFPTITREILPEWAIAAMFQDMJSWREGCQKWIIAUUPBRPJRXTPFE
[ 4] -6.9099  order=qt  Q5=FILES Q6=HEWILL Q7=THESAME  T8=[perm]06512734
    VEIILUPADAYAWNUSEMAINCEPALGWEONBYVSZWENWLTIEVEYRRKCPFNVLFJPLTWPCLDCEWOORIIEVILQTKKXZYTWDWZYLOROTTHAETDBTZCRQCJRYZODWVOIOAAYARSINNSXMBNNMVYAEWVTX
[ 5] -6.9120  order=qt  Q5=WATER Q6=WINTER Q7=RECORDS  T8=[perm]06435712
    OHIOPSANLSATIOACRHTSURAUTRAANTRGZAVICFXNQABDIMVFWRZRBNKARRSPQDZWOGHTWAPYUDESOIHAQKRNJRECCCALTILIEUGEOSMBGEEKRTYKUPBTYWKPJCHYXMLOZSIIFAOQEAMUWYZI
[ 6] -6.9224  order=qt  Q5=PEACE Q6=ALPINE Q7=THEROAD  T8=[perm]06453712
    FOKIATIESCWDOPDIGOMTRYNEHIVEDECEBRKVMOQQCIMDNYSYEFSURVCUDDXNKRBEDUTIMHFESHGVIUPNBANQNPUZZMGAHOPUKFYOITREILVMWAIAAMFQDMJSWRONCQKWIIWOUPBRPJGFTPFE
[ 7] -6.9268  order=qt  Q5=CLOCK Q6=SAIDHE Q7=BEGUNTO  T8=[perm]06431752
    POHECWINWHYMEZOLDYOUHIPCSBAREMYUDLUFJAHVELLQJALALLLAHOXTHJRTAMPFPEONCOABADXQNLAFVTPFRERFJXGBAIZRXYFSFWJXNQXETGKEDDVDTAKGUERSYILFRPBRPMDXBILOBRLL
[ 8] -6.9330  order=qt  Q5=INTOA Q6=FAILED Q7=USEDATA  T8=[perm]06472531
    TIDILDONSERDSYERGIISSEFSTHOFOLMEWHIFGPPCBKGPEETPGLVWPPEMZDINACYNTGPYGJLITDMOMWDMRCOJRQRSCFOKGASBJKTJEOWEDGEHGVQWRQEQHAOCHONEXPVRAJRCVWBJQIPMIJWM
[ 9] -6.9343  order=qt  Q5=FILES Q6=SAYSHE Q7=OWNHAND  T8=[perm]06453712
    PYCCICFDVISTDEISSBIANSORAHADFANTWVDFSWSSNEBCLIOSDKIMCMPVSKNEJUZLETHGOYAXICLDJDNKGDYMXUDEKEOFVTKDEFKDPGJAUJHKCQUFRADBOONDSZCXAEVHSJLIFDONLTKRUZZV
[10] -6.9357  order=qt  Q5=INTOA Q6=FAILED Q7=USEDATA  T8=[perm]06472351
    TIDALMONSERESRERGIIXSNFSTHOFOLMEWHIOGDPCBKGCEOTPGLVTPVEMZDIFAJYNTGPPGILITDMVMSDMRCOKRDRSCFONGHSBJKTHEAWEDGEMGMQWRQEKHROCHONSXBVRAJRWVCBJQIPEIWWM
[11] -6.9586  order=qt  Q5=WHICH Q6=EARTHS Q7=DIGETAL  T8=[perm]06432157
    BPERDERIAJIINGPTGDITYVIEWSUECOCEPOURDWFMQJHJJCCBKQNJHZYOPOSOPMUHEOBXQELHMOYCDDXXSKHOSNMVOGHCAUUKNOZQXIJUASTSCHWOXYPSDKHEXRUREQGOIRNSYJSDUAWOSSAD
[12] -6.9742  order=qt  Q5=MONTH Q6=BEFORE Q7=HEMAKES  T8=[perm]06452137
    FFLOREXPODETHMHFTORHABYSTEIDWEFQMONIKMDUBOCUKLCUNFLJRSRLWTNHICLHYKXJDZOVFDUALZDITFNLOWEURTALVGFTRBIJETNMASTLUIGXPSRJFFLYDRDOQCURTTIIFTZCUYRBVVEH
[13] -6.9748  order=qt  Q5=JUSTA Q6=FINGER Q7=JOURNEY  T8=[perm]06475231
    BSNPOFBHTONOWJFOROALSIESGNINETADOFOZFXCRKFNWWQJPNHEIDBTHXGPEQURPOEGSPVUWMFGRUXFKOZQOSHELXHDUBRITAUOUKVCWEUSEWSBTTOMQVEEWHECTLPZMQPDCZZOCRDOIIEEE
[14] -6.9780  order=qt  Q5=ALLOY Q6=GOINGI Q7=MEATTHE  T8=[perm]06514372
    HMBEUSYAREVENONCLVLUSIMWHOWNAHPHGYHEZUCATTHSKHARBVNBXTOUTIFMMOETYUIUDOKPQPEMSOTRIWBLLMAXDCYKVAIUAQSFMFFVEVZTZPMMIJNJOOZLJISANGKAEBKDNLBCKATHDNFI
[15] -6.9807  order=qt  Q5=FILES Q6=HEWILL Q7=THESAME  T8=[perm]06514732
    VEVIDUPADAEAHNUSEMAINCEPALGWEONBYVSZWENWLTREDEYRRKPPMNVLFJXLCWPCLDHEMOORIIVVTLQTKKKZKTWDWZVLEROTTHSEODBTZCQQJJRYZODWVOIOAAVAASINNSHMMNNMVYNEEVTX
[16] -6.9837  order=qt  Q5=AGAIN Q6=NUANCE Q7=LOGITEM  T8=[perm]06432571
    CBGYDDNYOUSEINEINSRAENFESEFPROLLOUQOGDVJEQASOFIMEUGYWUEXLSOLEQVUUMWMTLOLMALSIWQHFJWNFIGWTMUINNLZBXSDNOJZUWQCLZPITDJTOUFOJUNSAZZAPWHXRPOPWHOECUQX
[17] -6.9926  order=qt  Q5=TRIED Q6=SUBTLE Q7=BROUGHT  T8=[perm]06471235
    BLEEYMSAFMOULDYTOMFORKKOVOLLSUITGEQCJZNGPBXHUADAJNFBRLTMEVSTMRRGKXNWTOCEOQRNAXIABSYFLKSWLTKLHGFFTOLOVEFALOXBYVYOWMESABVMDULFOWAAHZVJQDLQUERTQTFK
[18] -6.9963  order=qt  Q5=METOA Q6=STREWN Q7=FURNACE  T8=[perm]06472513
    JEBFONIOORPCARBINBUNGBEAREVLYNOGEAZLFJBIHSYSCOKIIUMPBQFHTDGMDIFBPBBBVMEZQGSQDWROPCHLJOAPWFTSFWEVZRROSUPCQXMJDZKAXARKDBICYXXNAGNIOOFEXCAPACTHCIUK
[19] -6.9986  order=qt  Q5=INOUR Q6=QUENCH Q7=LOGSAYS  T8=[perm]06512374
    KSENTEXTUSAANTZAGALMAHHYSTEDVVBQKXXOVEUOFBBSETSKJBRKSFEYAAZMUZSIGBZHIEWBNUYVXNGSCMBAHKPBUWXCFEMEDUVNACHYUIHENEKUSAAJTPMQALKHTEMCNAPUNFNUKLATNWVX
[20] -6.9995  order=qt  Q5=MEAND Q6=EMBERS Q7=THEROAD  T8=[perm]06513724
    NBUCOEEDLAKIUOSTOMITPLESESHINFJDPPEFTHOZFQZZAHXAWITZLXSOOTIZPOPOPIWHISIJYOMEDFINHDWIRLJPALBSTWVEVMIDHTWKEAGWCAUEZBQTLTXFTTXGXFVVKEMDVTTJUZYFSTTS
[21] -7.0000  order=qt  Q5=LETME Q6=ANNEAL Q7=GOODBYE  T8=[perm]06513274
    IJERUSHEJFGRATEGORCAMBLDOPBLOCRKMCVNLVFYFBPBRSIXRTDOOEHWEJCTOCQTOENGDTRGIVQLPUPSUACTUKEGZDOVOTSOONQMIDRAXZQUOYJSGACUPFMEMCYEVRLFVRXTYURCSHOCGGAQ
[22] -7.0029  order=qt  Q5=GOING Q6=SOLDER Q7=NOOTHER  T8=[perm]06513427
    HDDARLOBLEMLIROMAFEDECYHDIALLWSPPKAACZNPPHAUMLECEDCFUQTAGSEXSQUIZOODKGUFOIWGIQPCABRPDMNWHIRDPTSOPSLLIFECBXMKHBGXMVYNVNWBWPTOKOMLWSTLBYRVHGPOCQMF
[23] -7.0052  order=qt  Q5=YEARS Q6=WITHIT Q7=ASKWHAT  T8=[perm]06471325
    QBDRABOVULSMIKELYOFHAAORAFMINROXXMAFDMOSHODOBWRPCTSKCAXKSITSYTGHRFIEZZHPRBLCZHPVFECGOPONYVMAUMJQDNBMOSYTZXASNOIEBTWMKGBTJVSSMSAJALEBERQLEZBARORI
[24] -7.0054  order=qt  Q5=HASME Q6=AWAITS Q7=ABSENCE  T8=[perm]06435127
    XRYABEMEZILATEPCENSIEDICTDLIGMPYLCSGYOWUEPRXQDEIRDINAIATADMBRPTWOUUYPAGYFSTOAYKMCANYJOKQLHIPLKBQYTHNXUHQDAQVTQXAQKYZVEULMZJMVLROANOEUFDIFROXFQAR
[25] -7.0083  order=qt  Q5=HEHAS Q6=DONEBY Q7=MOLDING  T8=[perm]06517243
    DTINMACPROIMPREAMSDCTPSGAGLOAPILRPXSSHWBWUENOCAIAMGGFTZKSSANASBSCLJIRAXKJUMHCUENXKATTLZIYGPZCPDBEUKVAZAHRWNAFHYFWAZFAEKIMEMCALCXUSNMOISMOFVFHGDO
[26] -7.0141  order=qt  Q5=UMBER Q6=FORTEN Q7=LANGLEY  T8=[perm]06514723
    YUNNELECGIRMSBCISMDVITANATDPTITTWHMCPMBPUBDGPSUIFXIEKADWMLOTMALACLPNUTIPMHVVJEPASXBQQBBWNCFNWTCCDFLSQXCLCXPQELUNRDQYOSTUAYMDZTRIAINYFFRFMZOYEEEI
[27] -7.0146  order=qt  Q5=HEMET Q6=HIMFOR Q7=LONGAGO  T8=[perm]06452137
    ABEEKWGWXFORABIINDAMSMOBYTROCECTSIKKQHLLSDRJPBMTAIUYMYPMBTAYSWGWHGSSUPYSSNMYBAPQVMHUSPXCCVSTWXFEGSZZDYAOFKKRYHCFWITDNTANHJZDXXSTJRBLBJCOOSFILIAE
[28] -7.0175  order=qt  Q5=WEEKS Q6=METIER Q7=SMELTED  T8=[perm]06513742
    OEUBKATEDAUUSOFLUPLEGENTMCLAWLTRTHGDELFKNZRUKIITCXAUOWZAAMIMRBPMNIPMOSXLLIMXCEWTWANGBIQOLVBEHFKFEUBSRNGVNVKXTNJACYSJAMANHEDPFFGUWUFEPYBAURAWSVJH
[29] -7.0227  order=qt  Q5=FOUND Q6=USEDAT Q7=SHOWSME  T8=[perm]06471523
    GIDUNOSMHFTOMERPELTOCULTONSRDFMGENTMDNSHRTZWMBWTFDASPVEMSWIKYDERWWWJIJGRDZHMSROVUPMMTJZCKAPJMSQMAADDXFXDANGDPUGHPTJKACLRKSEAEBJPPLLWMZRSZNACEPJW
[30] -7.0227  order=qt  Q5=HEHAS Q6=METHAT Q7=HAMMERS  T8=[perm]06453172
    SDERMSBBHCAENITEMSPUNNOULTRCHTSKQPUBHWTRJSJZJRFYSQRIIZCGZTOHXGTEBEYBZXPXAVEMOERSOFTAPOGMAPUPGRPMUGNMCQPRWRIEWFCBYHZXPMBYBUSJSQOBCMMMARNVXPDRBEDD
[31] -7.0239  order=qt  Q5=IPICK Q6=NUANCE Q7=PRICKMY  T8=[perm]06452137
    IHPDAANBIGTSKAMERAEENABTOTITUCADROPPRIBUVEGJVTPMARCAURWHITCKAQTSMSGDPPEBBNHIIHTVDKBJNKUCHEPQIWJAESKKCTFVTSBXPNHJDEAANUBRFVLFNJWOAYDDCKYRGSTJIQDA
[2026-10-04T01:37:15Z] chunk 4000:4100 exit=0
[2026-10-04T01:37:15Z] chunk 4100:4200
progress order=qt perms=100/40320 candidates=107318484
vocab: 119 x 123 x 141 = 2063817 triples
T8 permutations: 40320
candidates: 206381700 in 25.7s (8.04M/s)

==== TOP 32 HITS ====
[ 0] -6.8654  order=qt  Q5=WHICH Q6=PATINA Q7=THEWALL  T8=[perm]06537214
    VFCTAUCHOSBEENSEDOWQUDEFNPOKEANZWLRSCLWTOCOLACREBNDAUOKESYKMTPMHAOAUNLMCYYAHBPAILYWTOWLWWCWIKPTYLARDLTUFTWVAOFDRZVTQJBCJABNGMZRFHJAUIZTETDPOOWTE
[ 1] -6.8679  order=qt  Q5=MEAND Q6=HETOOK Q7=FELTTHE  T8=[perm]06571324
    BANEYDAUXONSEEYOUYGASIDVODELAUAUBYSUTISURYHFOLUKNZEMDOVARNOZROSKYCLZFEPYNGWUODIOITFMJRHUTITSEWIMFJEMTAUCHFFNPIMGGEEZVPNZTCZAGLEIXIIOMPENHGMKYGQQ
[ 2] -6.8745  order=qt  Q5=WATER Q6=HIMFOR Q7=UNRAVEL  T8=[perm]06523147
    QXYDNAOADATALCHMITEFMPOKESEDPUMHOLLUMTWOZYBORYAQUHGFYQBWBTNAGBINPVVPSAIVFZYRFPIINALUYDQPQRFVSHUGNBPGLASAPGCIAYYTAROVOYUMLFIPWOSTBDCIAXXHIOALPYGL
[ 3] -6.8840  order=qt  Q5=ALLOY Q6=WITHIT Q7=STILLMY  T8=[perm]06547321
    JEEPLGRYNIACATJFAROANSWILTRAUSEQEPGBVPAAXGRPKSMEAPPOXYLBRYEJILOLAWIXWNDNYUMNCYRIGTHESIDYUCIYITKENDOXJDIAOGPAUSZHZYFNCSSPGUYZCAYFHLPLLNKXEXNGKOYX
[ 4] -6.9313  order=qt  Q5=SMELT Q6=FILING Q7=THATIFI  T8=[perm]06531274
    TNTICEXLDEMNEOPEDEXRRSIGGANSPEOPSVGLVLUXRTKRBNIENCHAMCSBIYVITVEDLMGCPPCRREVDSRJIHYSMSSTBADAPLZAGCTSQFGBYPVMCASNLPWCVLLPOIBPWAFHKWEJJFCRHNELCCNFO
[ 5] -6.9382  order=qt  Q5=SMELT Q6=ANNEAL Q7=TELLSME  T8=[perm]06542317
    CZNQBRAGEHASPORMFOCRVDTHOCHANDKIGFMXTPSNARYSADDJYLVOFHOJGGRRLFGOSSYEVEUPVHMWAWXMZPHPVOMGYBIZZNSTBOOMWVVJOMEXZEEKIAGJTINJWFRRIFNREDIPTOYJMOBXHKHE
[ 6] -6.9609  order=qt  Q5=EVERY Q6=SAIDHE Q7=SAWSUCH  T8=[perm]06542731
    PELTHERICESMGTONUEESMORANTWOKVJOYQDTOCEMTIRSALDVJEZIJULNECTRXPHVOTDAZEAALMCENRNKCZJFWJFUVEBFATFWHFWROCBRBGTQRDNWSVDYIZZGWJJBNDHDZSHKYOFFMNBJERRH
[ 7] -6.9648  order=qt  Q5=AWAIT Q6=HEWILL Q7=THATIFI  T8=[perm]06521743
    RMHGESLLSEELGEWEAEHFORUPEDISTAYYTXTFAZLLYUVVGMFLNGPAJATMTSWFDUCONGCJVPDNPLRXFRJDAWROJCNVESTUPRCRYFEEITDSWUFCSDFJCUVNLUAAFADWAAAPNEQXSIURJEYSOHMV
[ 8] -6.9674  order=qt  Q5=IFELT Q6=ROADTO Q7=LANGLEY  T8=[perm]06531724
    NJDEVEYSRTHOWYKINDIFITERISDXOKUDHYVPQIVQBOMMSSBKLSISXIMPMHSHTGBUGOQLHUYWKFGAHVBTSEFGTHBHQNPSBMGPRROSSMLEKOJOCHUNOFYHOWOSXFCKWXMFUASODSMFOLDSWEIW
[ 9] -6.9675  order=qt  Q5=MEHIS Q6=HETOOK Q7=FELTTHE  T8=[perm]06517324
    BMFISDAPYENSTISPUHLESIPACHEDEZALRSDUTBDZRZAJCLUVWMEMPCKMRSCPROZDSILMJIPVFGRUOPNGILOVQRHRBQTSTRNLFLIVTAHOMOFFANMQSUIZVVWWTOMELLEFYMIOEAIQHZVTYGGO
[10] -6.9706  order=qt  Q5=FILES Q6=DAYAND Q7=SHADING  T8=[perm]06547123
    XPUNERODOROSNUHTGOHAOICEASTSEFREIHQFRNDFHIHTSIMTPSJWRMZKORCEZKVMIMEDMEROWTMQVVXRLECMIBVJGOFOAGZYAARLIGTBMMLSCFUFUWPFIFENESECKELDMAVSNUHBJJZDWTSN
[11] -6.9730  order=qt  Q5=SHARE Q6=ISDONE Q7=WILLLET  T8=[perm]06547213
    BFOXTHDTSGOTSIDETICEFRMDJEORTOMSIILKVQOAYMBHCJLULTQJTZWJANYXXDAGCFRNYLJTMLQDSHYGBYEDHHOUUHIJBIGOEPDGESARHOUOASRXHZIFSSTVEPRNPZVQDCHHAIKSDTOITSSU
[12] -6.9743  order=qt  Q5=THREE Q6=WILLGO Q7=LEDMETO  T8=[perm]06547321
    BANNJPRANBELEUCOLIOFSUBGAGOLSINVQBPZMXGRLFSJCOPHXCFDIRVBSBFOXBOWNTLQMTTHWHYAESHEYDQRFEOHWGIQEKMNDWROKEEISYRRHPPESHBUOAZBCPTVJSQUKTHATYWPINRROXZJ
[13] -6.9780  order=qt  Q5=FORGE Q6=ALLOYS Q7=VERDANT  T8=[perm]06523174
    ESSFRORALTINNMTMQZOMSENTOTSASHDBXHWKLONCOFLCALRUGRAUGYWEDVQIEKSSTYYNKLYXVMBEUKYFYOIRFRWVDTLUTNEVQVRMPROWATVGDOSZFYYYFTCGLFJWDXHEATFTFNWXLMTMENND
[14] -6.9801  order=qt  Q5=AWAIT Q6=NEEDLE Q7=SURGEON  T8=[perm]06572134
    QDUCINBRESKRIAARGEQTYTHOWETTOSPKQUKBPOQICKMKQHJXDTNDILSDHRCMKYLOFYILMTBUTNUNZOTRDTUNWYEAIQQAQFKETAGENRCVOQFQNHOHAELUVAPKKKLTJCKOEPZPOGKIAPEOFFXT
[15] -6.9823  order=qt  Q5=BERNE Q6=AWAITS Q7=GUTTERS  T8=[perm]06571324
    XECRURNHEATNETWUCYGAMTAPERUMATECTOEXRVPPZRKJHLIGOEBULMIDWONMESHIMKXFVOGFNRFBECFOVGSLUIXLXUKNTKIISIAWYRRDIEPSDUFBNUTWFFZLEDYJKKLZBTNFDJWSISFMBNHH
[16] -6.9828  order=qt  Q5=MOULD Q6=SHADOW Q7=AREONLY  T8=[perm]06542317
    URRALDTOAICKUNTLARWROUSHFIHAMBUNYHWPYTTRXLJUNEFRFGSZJURMCHCRNOXPFQYNCIBQNOEGOTCWETASHBWJLWGHEKHZWCHWNIKVQTDHFWFWTEHUJATRVDIIFPTSPLMETAMENYDSEXFL
[17] -6.9835  order=qt  Q5=UNDER Q6=ISTUDY Q7=LANGLEY  T8=[perm]06527431
    ZIMYEBAADOUBEASHSHISIFSATZGAYSROMWRMDIORVGOWPIURCYIEMXAPHZVTFOFNDAPGUGJJGYUHRKKUPUSWIATSQNYONGDZSKULQHTLSATBTJMOKUFFMGOUTXLLGUWZTIEDPEXZMASTJNDX
[18] -6.9846  order=qt  Q5=METME Q6=ANDLED Q7=SEVENTH  T8=[perm]06517342
    UDENSDEENISAORRLDAUBBCAITLMOODCYJRTLPOQNOFNOTXKSXEGRMAFARTFAYAKRUKQOHUPFXUMNOCWUYJASHNPMDIQTVARMPJDOUJJTTZAAPLVOJBRDFTEHEMLAHTXHHQYOLYTPRDAHORFE
[19] -6.9896  order=qt  Q5=UNAGO Q6=ASTONE Q7=THEMAND  T8=[perm]06521473
    QRPEBLATRJACHWISOPOCAINIPCOUTFLWOPSTEKXIODPPAKVDALBLAWPARJNPTWAXJRSPELQYSDRGDAZNXNMMSKFBNTYTICMBSVSQNKZBQLHEOVDOAPXVYXFSOFILMTMGDSFRSVGOTZTIPYFW
[20] -6.9906  order=qt  Q5=TOOLS Q6=WILLGO Q7=HAVELED  T8=[perm]06527143
    EFAYEVOSLYENADLCHURANABUNTHEVXAFDSELWBHKDAOWYFSPGJNBIIQPMDDIYDVQYJEFRTARAIPKGOFTCCBQUIYLEMPZMBTGFHOHARRYSBIBHYVIOPVEGVHJGNELDRSUBVZPTZSLOOMOTECL
[21] -6.9934  order=qt  Q5=HEHAS Q6=METAKE Q7=FIFTEEN  T8=[perm]06532417
    BDDAVSUDSUNSTISDOUPTOGTCOTLAUDFLQAIPAGMJGSSHONNKNIZLAZZBRDWIVBLEACEHZOFFGNKEYMNPNCZKFRNRHNHSAFXWEYVZMVPIDSUPHFZPENOMSWYFKSKNMYAYIZCKOIELNPHAYAWH
[22] -6.9953  order=qt  Q5=MONTH Q6=THATIT Q7=WHICHIS  T8=[perm]06541732
    AASTBOYCATTWRYDENALAREENSWJEODNFCLOGLYGNJCJIEGAIWAGQTSRGNOPNKAVBEAOZXGBXNQWTLCEIARPXVUNJZSOOKIVTRSDHOTCEFYSRWXHYSNBEULPLEHAMKMJHFAPMTTRNOGGOULKI
[23] -7.0052  order=qt  Q5=ANVIL Q6=STREWN Q7=TEACHER  T8=[perm]06573124
    COLONOLUOFAEASSDOMIATCPLRICCRUDIFHLDTLBXWHIQELEUIKZUXSKCTURWDATSPHFTVBTRVTCMIDRIXTBIZNNUSNAFZOEKILKSARTWQUFZDOCCHGVUAEIAWOBBLNNAINXEUVABCPAYXZWK
[24] -7.0077  order=qt  Q5=AFINE Q6=BERLIN Q7=BETWEEN  T8=[perm]06543172
    PORAHOTGRIRUOPBEWERSOSMBLENMOREQVTUSCQJNOPOCOWPYLUAZQOTAAVZIDANYLLSANJBTTOCFWGUIDBENDFPCGZZBGXEDQZJSRQFOBEYCJACLZCMKWFRHUBPRARQPHOLMLAGHDGXCRKIT
[25] -7.0108  order=qt  Q5=EIGHT Q6=DEPART Q7=STUDENT  T8=[perm]06573142
    ZCDCOBHUEIXATWILLITOSIINCASNNTHEVEONPOSMATAUNJHECTBIQZRUTIRXHVBCNEHCDVQRGWHDUSOALINYMIAASGBARVNHAJUTGNFCYNQCOHUHLDSCWJCAVHJJJRLJKCRVIHZQBTNONHHI
[26] -7.0174  order=qt  Q5=ONTHE Q6=ASTONE Q7=TOSPLIT  T8=[perm]06541372
    DDALTEGACINKGYCODURDNIONFIORDIFFXSSOCBFZZJUYKOFLFEFUUFRPRYXHARJWNVQQLLDEHXKARDAMPCHNIZLKBYLERGRHDOVWWIMEQAWVJSTEDELMAOLKTLOZZKMZHICEMUJKNMKETEQE
[27] -7.0183  order=qt  Q5=AZURE Q6=BERLIN Q7=BETWEEN  T8=[perm]06542137
    PMHSHOLANIMLZUBEDONLONFILESCWREDJVUXVHBROJGXOWJECUGXHWTIQJVNDQGELLHPEJBQXWXSDAGSDUPZDFJLOZOPAJEVANCARASUBEVUBACONRMEDSNPUUPEARAZSORGEZGVWATXRGCN
[28] -7.0192  order=qt  Q5=BUTNO Q6=HIDDEN Q7=BEJUSTA  T8=[perm]06547321
    VKLIPERGMISRLEOBSUEMATAENHONCAMFPACJQICNIIUBJOPWWXITEDEYIFKQBRAORSJVLIENWPQDTXIEYINPDAZIVOMVINWSFMCMMGVALHVTFHSCHMLHDELCHJOKXFOMNHLFBPDKAAYOLXML
[29] -7.0250  order=qt  Q5=ANDHE Q6=ALPINE Q7=ARCHIVE  T8=[perm]06547231
    ODLTSYSSHEARKDAHATSKEYPORTVTANANUIDAGHYZJUPIXBHAOLHRTHQWZEWDACTSWVATEKOGOGPWQREDLPWYFJIEDIITKKJSPSQNMTHMHETCOWVYRIOHDBDFSWBVMLIQFDIJOAUPBKIKKOEE
[30] -7.0266  order=qt  Q5=VENNA Q6=DEPART Q7=IPICKUP  T8=[perm]06547231
    OVYFLUNUALIOINPORAGETDDRADOEFYCFRNHLJOYKQMCHVSPSONWEMOVVZBTKTXPRLBLJAQKKGNVLYLRHABAFOOLIFRODIWLGCEAPIXLQKVYRYVBKYIKDABOIFOTHILFIRRASRKWJGGBMPNHM
[31] -7.0271  order=qt  Q5=HESAW Q6=MYHAND Q7=ATLASTA  T8=[perm]06543217
    GTYNPHASAZADEDDUAREDWMTOEMEWHOAWWHYCAZOTRNVENJOJOFNWIOIPVPVYXXRJBOETZKXXJZIVSSTJSHNKIUTSKDRNJAEPMOJEPQJOUECHBCVIOOKMJFUREDBYXIFTKOLCYPUFWLPMBMAF
[2026-10-04T01:40:33Z] chunk 4100:4200 exit=0
[2026-10-04T01:40:33Z] chunk 4200:4300
progress order=qt perms=100/40320 candidates=107318484
vocab: 119 x 123 x 141 = 2063817 triples
T8 permutations: 40320
candidates: 206381700 in 25.2s (8.19M/s)

==== TOP 32 HITS ====
[ 0] -6.8107  order=qt  Q5=EMBER Q6=ALPINE Q7=PASSING  T8=[perm]06712453
    OCWITSOHELRYGOUNEASYIHZINTPAAUSRWUAINRGNIOSRLIISSKEGMAAGTSSNSMTFRVGCHLORDCYGBNBOUITLEPNFGCBUVIBRAIYUBEJRVEPINSUQAMRAVDEHVPORVOQHMEIYYEZGLCGOIZJF
[ 1] -6.8213  order=qt  Q5=METME Q6=ROADTO Q7=SMELTED  T8=[perm]06731524
    RSZSYOURIOANTHTSYGROTIACTJEWISKCBRAEDOLZOXDSABVXBDRIRXEUTDGPHFAAUDLEGJDPIANTALVYZZNTBALDSFMMTRYEYKIHEEEHEGSQTWMCWKPANAVADUFFJYTNYVJSCRKSYECLONTK
[ 2] -6.9138  order=qt  Q5=LEDME Q6=ASHORT Q7=INSEVEN  T8=[perm]06713542
    GILSGASEALLKMTHEDAMEKEPITYACSSKHPSCTUPJFCGTAJQANNIYDVAOFHYFJKEEPWWQSPFOPBBEHDPISZZTCOSIILHJATEEUVMWDVMAGUPCRPTFOESLAOSJZTUAPLUIEKSDBSLMLEAKHNWSA
[ 3] -6.9312  order=qt  Q5=COUNT Q6=THEOLD Q7=METMEAT  T8=[perm]06732415
    ULTCAUTILANGICURYROAMEDDASQLFMGOSRIPORETOYAPBTBSDBRAUFNRQCYTIEMZVWLTDDQEYJUVSCZAPLOTVMKWEKVPWOUBCAWAHEDBQAHOYERKAFPSOBHWWLXCANUKTIWERZDRQWQUQIAN
[ 4] -6.9418  order=qt  Q5=LEAVE Q6=ANDLED Q7=SEVENTH  T8=[perm]06745312
    VSBIDCEDIVAAUBRADVLBLOTITEMYBEDRGITMEMJPSFJRTOKWQBHRMAFTREBANBWVUWQYHYTOUIMQAXNPPLTYGPPSSVUTFTRMPSSOPGGPTZATKXWXGCREAGAYFHHPMAXCDPPOOGTIRPPHDECW
[ 5] -6.9716  order=qt  Q5=TOOLS Q6=GOINGI Q7=THROUGH  T8=[perm]06725143
    OITSABEYFULOIRPICLAILERDCDHOSBFRBYALKPVTBNZKZVYENDHRUOYOTROEBNQRURRMROLPFORVCWILLPSSIRZFASCNGYDXQQLOYQAGTJBNTIVYIFRRETDTJXNEBIKVOKULDBRUELKEJFTP
[ 6] -6.9786  order=qt  Q5=IHAVE Q6=MYTRUE Q7=COMMENT  T8=[perm]06741253
    DNDSBYAXRANDUMTORPLACKKMFIPOUGOBRXIOPOIRCUNAHGUANDRNRKFARPTWMEGCLKWPOTNAHOSWTHHXTXRIZJDITXPBXSDRKSCRZPDOQVPTBIJUKPESMZAXCHSBNDASQTCSTCJEAUZNINPI
[ 7] -6.9952  order=qt  Q5=MONTH Q6=LETTER Q7=SMELTED  T8=[perm]06724153
    EOLVELESSMNDJUTFROAPACEREARDVADCVSOIKLBYXEOPUBUGSQASECMIGXDOPNURELEIZMPGDKUZUIQNYCVEGLKRGHUEXYMIMTGBOWSVEISCCDUURCOUYMPBQBTTFEQXNUKAHUKFRBERVFBM
[ 8] -6.9981  order=qt  Q5=METAL Q6=FINGER Q7=THEITEM  T8=[perm]06725431
    MALFADYNMOUTQWHAUNCAGETXISSOMEIRVCQCHDMJXSRESTIYKJVCUQQPQSAGOOGLFNFWDVOETUPZMFKFIXEFIPOCDTMLPBLILAWYTMKIEOTWCESXMNATXGMAPOSJVEUGROKNVBFPWRGILFWL
[ 9] -7.0044  order=qt  Q5=FILES Q6=SOFINE Q7=THATIFI  T8=[perm]06745321
    TGECEOAJUMESTSSEGAMNNOCHLERNGFOMOYMXOESHUUQWVNMTOESHAUDVWLCMPDDEINUDIBPWRFBNQIYEGAJEUNFOGTHJWSOKMANCIIBQSCLBNUMUWOAEOWCBIIAQADWDBZVMUHTEVNDSISSH
[10] -7.0084  order=qt  Q5=STILL Q6=WHATHE Q7=LEDMETO  T8=[perm]06723514
    SMNROMEVWIRETEGOKSATULNORCSNURLSJATSYFLMHRMBYZFHMVWHOFJPKJUVWLRPFNOTUURECMBACIBHDNTLULZTJISTKCEDQFFGHEWGDFEEBRERLGWPNCMDAFTJAGTSTPYIABRZXYZHSGDQ
[11] -7.0107  order=qt  Q5=LATHE Q6=FAILED Q7=WHICHIS  T8=[perm]06724153
    KELATOMBITYISNOTUNMSRPTTRYDJUOFNJOFJASUBUTBRCTCIODRGBSVXCTVAZLPGMOVXKFGSKYPCWTNVKDAVTKCENTOVSRPWLRRYYQJFAFBEFAADZQCBOJWETSJWEASUQNLMFXVVATYFURNA
[12] -7.0141  order=qt  Q5=STRAW Q6=BYNOON Q7=BROUGHT  T8=[perm]06732154
    TSIMSBROOHOPWATHHRENDAKFANSEWWEIJZBARXFCGKAEIINDMMSAZOIJWSZZDKTUZLEBCHNGLYMMNGLZUKTAGPMHADUKFTEKZEEXYYXZNXEITRIRWOOMOSFOSXANKEYJAADVEZNPTZUHPPFN
[13] -7.0211  order=qt  Q5=GLASS Q6=OBJECT Q7=MARGINS  T8=[perm]06723145
    JARDLEICPPTRIKHURMSSINDSCTUNAKETEINOPXXMWKLPXZKHQNEPIRTRPHQNGNZSSPIHOKXCMOSTCPIHZOYBCXFDYEJVLISSDWGUWDNIERACIESSPICATTARVCBJSNBXIKVQXMAQUSGTMRSL
[14] -7.0225  order=qt  Q5=MAKES Q6=FEWHAD Q7=THEBARN  T8=[perm]06732514
    MISMRDORDITIASUSPSCHOLFEATFHUDIJNSBBAPLWFEBEVGQAUWPIEWISQMGFKQFFRALSHBCSBEEDZMVRMDJWTOONATJMVTGPOJANBNRZLPNNCNFKKLFDTLLCPELFYHZUNHYINTNYFVKALWOE
[15] -7.0328  order=qt  Q5=AWAIT Q6=ALPINE Q7=ANEEDLE  T8=[perm]06741532
    OAKSMTYEUACYBTHERDAFEWHSECKASSOLPNSALJTUUOIVPQICTTWUDISNURMQFBATFIBFILODSTIYJAMWQYCRNOCBHABKEZKDTDNBJZVZUMODAFRLTVNLENCAHWUKTSEPCTHLBLDFAVWAKRFP
[16] -7.0349  order=qt  Q5=TOTHE Q6=WHATHE Q7=METMEAT  T8=[perm]06743512
    ALSTILESKRDDOIMAOLLALITHAEXORAZORAEARPQXGRLEZREVVRTNEINSXROYXGGOMRPIVYYDKUPSQZEKFMRUENTINMYYMMLFJXONODBGLGDYEADRRJPOXLVICLGNFJYLGCUEYDAAWGMUHFRW
[17] -7.0371  order=qt  Q5=LETME Q6=ANDLED Q7=REVEALS  T8=[perm]06714325
    RDENEPNMNIANCPSADAMUSDANTTYGGEDRYHTWEUQINQCOALFGSJSRSLZFSTUAEJBOURLLZICOXUGANLWPPYSHOOPCVYLCHYRTJXLOUFYQFOSAEPDSUBFEGPNAFMINCCPFHQAMLFTIRVWVVWFR
[18] -7.0397  order=qt  Q5=LEDME Q6=ASHORT Q7=INSEVEN  T8=[perm]06713452
    GILSOISEALLKNPHEDAMEMNPITYACSSKHPSCTHDJFCGTAVHANNIYDPKOFHYFJNMEPWWQSTEOPBBEHRFISZZTCIVIILHJAWMEUVMWDQQAGUPCRAKFOESLAEKJZTUAPFKIEKSDBQPMLEAKHFTSA
[19] -7.0411  order=qt  Q5=TIMES Q6=ENOUGH Q7=THESAME  T8=[perm]06732154
    ALSGUESRYCHPZOGGITDINDHADDOWISTYNRDMKDEJPGLPHJSQTVCKIFZQTFADIQQOUMFSIBLQLVPKNOWNKORRORIVRYGYVTCGAVZFJEDKLHOWFARNYNGMHUNOMJNOOEMUEWDFDBECKNDAWIAC
[20] -7.0460  order=qt  Q5=TONGS Q6=THATIT Q7=THATIFI  T8=[perm]06732154
    HSATERNOXTHIETETRIAKGEENNANCEJINBVTYLMCZAPWSJCSCORAOHFFUFYAVHIGQNSOYLUIHRRNWWHYYKXTOFSRHIMJLNWCITVUPMABCEOGDNTOJZRXZHLEIZCMFCLCZEJKFFECTDQUBUJBN
[21] -7.0485  order=qt  Q5=MEHIS Q6=PIERCE Q7=STACKED  T8=[perm]06743251
    ZLAIDANAYSEIESOPROXANSSDIDAMLNYAXGKOVVXLKTTJWNUBCZMGIMHEKMBJICNNCGXIGPOEANILGDERPHHHVRLLBOCAEXDCKOFBNIPAFINIGMHMBEJZZKQSVCRSMRYGOBPRSSINOEPNBWNO
[22] -7.0495  order=qt  Q5=KNOTS Q6=TEMPER Q7=ISNOTMY  T8=[perm]06714352
    AIORNYMETETWDPILOURANGENMSHTGRAAVIUCEWSECZFSAGAQRIYDECSIYVPRBXPNOTURTCFEPWTEIQNNMEMIZUJYGIRUDUFADCAPIUAIGVTMBMMJSDFJKKEAEUHXGEDXWNCMWFSWZADGLEHT
[23] -7.0527  order=qt  Q5=LEAVE Q6=MANNER Q7=RESIDUE  T8=[perm]06743152
    JDIDNBPRSEPINSWOKNIKENTHISMSGLICGIAUKFPDITDDEVCIFSOVHEDNWYXILALZUWOQHOCHKHMJDSBOJBGJAPDKIAGQPKWDRNYTNNEXXSAAEEWZMXSYAODJRERWREMULEFRWFUPWHRUSXZY
[24] -7.0563  order=qt  Q5=MAKES Q6=THESUN Q7=COUNSEL  T8=[perm]06751324
    UHIPHPINOTHIOWYWORPENDAMTOELYLGYSFHOXOMSHABWXTAHOPDLFEGORONUCTKIVFJRJUJSSPMWGIGHNOSRAKAJQPBDLYHUPHIRDBDFOHSPSHHDASUALTOUQSDFTJYRUPWNPZHKGZGUXZAL
[25] -7.0580  order=qt  Q5=MOULD Q6=ISDONE Q7=THEWALL  T8=[perm]06721543
    IICYENSELEOWNATINDNSOYOTEFIKKOFBERQAXGCYDLAZJADUHFOOAJMGCYINSESIETAIYIWADRJMKVGYJASACDQMIRJMYABYHRVIXOPBYQYWDQCGNZEQTIRTKKJGQIXOKVILIPYEGEQPABXI
[26] -7.0608  order=qt  Q5=TIMES Q6=THATIT Q7=CALLING  T8=[perm]06751234
    CTWIEXERADEFORSEAKFEITNESDZOBTOVCSLIHLXZKMVISVVPCPABYLOWWGVNHHJLKNEZFRDEMOTHIFEMGJVDAFAYLDNCRBVIGKLPBLCTGTSKBOXBUNOLTSIDSYNDYWQAPAVTIZJQGGXSJLZB
[27] -7.0618  order=qt  Q5=HESAW Q6=INDIGO Q7=STUDENT  T8=[perm]06714532
    LLDINRGEESCNWLINCESIEDDDEPPILBSYVZKADOSRMRCLVHSHEZXWPYPLREVBYJBGHDGDBOOLIAHNNIAMAKHVSETDRNKENWHBSXUTWMHPYOFAIJEDFOBCCMTUHNJANFJLKEFACXZUKUUNQYCM
[28] -7.0635  order=qt  Q5=OTHER Q6=ALPINE Q7=SHADING  T8=[perm]06731542
    BOWIFTNOTHFCSSMMXTSUPLFHISLOTHEELUAMAGCNUVCODWPKSBTURHANIZKHNZXCQUYTGMBBPCGTORRTWJKYXFSYGBBGJATAURXWINDRVUPBEDRBXOKITDEEUQIPRSORLBEZBVMMRDZFZZCB
[29] -7.0639  order=qt  Q5=MEHIS Q6=FEWHAD Q7=SEVENTH  T8=[perm]06734512
    JHHEBASECTDZAANCHINEDERVTMOOIGTCNZGSSTDECFTDZDTJVUKKKAFEHANCNGPSTVISYGAOCTDAIYUJIQRXKBJYLRIFLIDLXAKVXFRMVREQCACRDJRAHKMASVQVONNDTESBQXVLOVOFPVST
[30] -7.0677  order=qt  Q5=TOPIC Q6=KNOTIN Q7=BELLOWS  T8=[perm]06731452
    HOVIDRSFRADDUSSALKNARATMAIDBYRCRDXDCCNVSVQZYVVJZJVSUJOYZDXJLTZHHNTRWTREYEVGFSEADIDEWOTNLWHWBUENDWLJPBOFLNOCRESVZEVIALVMNSALQHECGRTKFUKEQWWXCINHI
[31] -7.0717  order=qt  Q5=EMBER Q6=ALPINE Q7=PASSING  T8=[perm]06714352
    OCTAOSOHELDPPOUNEASOFHZINTPTDUSRWUAKBRGNIOMMHIISSKOFZAAGTSRUCMTFRVMAELORDCGGWNBOUISGGPNFGCYYUIBRAIRUCEJRVEVMWSUQAMRXODEHVPZQCOQHMEOBSEZGLCZRAZJF
[2026-10-04T01:41:39Z] chunk 4200:4300 exit=0
[2026-10-04T01:41:39Z] chunk 4300:4400
progress order=qt perms=100/40320 candidates=107318484
vocab: 119 x 123 x 141 = 2063817 triples
T8 permutations: 40320
candidates: 206381700 in 24.6s (8.38M/s)

==== TOP 32 HITS ====
[ 0] -6.7552  order=qt  Q5=LATHE Q6=SUBTLE Q7=ASKWHAT  T8=[perm]07132654
    VBYDOFVETESAPAURTOONDSIBNJUCOFLOWZBOUASTWVASLPINGIRDBORMSRELKEWPQCBEQRSHUWHITNSRNJVBYQAIGCFOIPIMONJSDOQTJFLZWNEGCXXFFEWZMMGFABILJAFBDKOIGEWATVER
[ 1] -6.7600  order=qt  Q5=HEARD Q6=OPENED Q7=REVEALS  T8=[perm]07126453
    SLEJESMSCRPMMDIDDINCENDKAMBERCYOXGGIXKLWVLBUDPUAZHEKVKKEOTYSGIMAVLWSMEMSWHIBTWTXOTYCSDSCGRIMEOAPMSHTWHKZFSARKNOMMADGPCWALDIIWDORTORFFEYARJQLSXDR
[ 2] -6.8593  order=qt  Q5=ATURN Q6=PATINA Q7=GUTTERS  T8=[perm]07132546
    PDEOXXBYSHALUADEREXOADTUALBOANPIGAVGTNOHERGMQRYFRIKXKSPHADMSZRSZUNAEHADSPLGQFLAPKECWPGHSREWJRQLCLHRXJPCEDOPBOSYPDKIPAUIIJONLRIVZPAWUFCSDARNEIMME
[ 3] -6.8656  order=qt  Q5=RIVER Q6=INROWS Q7=WROTETO  T8=[perm]07134652
    GANOODTONIMAVEVUEEYBSAVEGEWIFSNMITEDCFCJDMYJLETCSEWVCJOCIGXZIBEIPZIXYCKJIUNATJOBCDPIELRIGRFCIKFJLYCQJUVFSERALBEPUEQWHUNXTAILQYBSUCIBMIRZMRSMZMBY
[ 4] -6.9059  order=qt  Q5=ANDHE Q6=BEJUST Q7=HAVELED  T8=[perm]07125463
    WOPROMDBUXISMYONAMNSCERNPARYSUPISTGILWLDHEITTEOJOMLJXWHSOPQEARDOTTFESYNBLNZNWNFIADDXIZATUFIIABNSGLCOCEEDYXBTDBOTATSFSZVZZQAJARZQFYPJYUBFXCDTUPRQ
[ 5] -6.9092  order=qt  Q5=CLOTH Q6=HAIROR Q7=NOOTHER  T8=[perm]06754132
    DDVFATEEBRYHARSERSAMHUMARDKAIRYHICQPTWDUGBXOJAORMEWUMYUEPYWRORALTSHQHBOHALIQXMDPGJOSPJCOCHCTHTEHCOSKKOGKCHGYZONUBVBSUTMUNSMUMAXPHEVGHPYTBFALAQBO
[ 6] -6.9122  order=qt  Q5=CLOCK Q6=SUNAND Q7=ARCHIVE  T8=[perm]07142635
    TPALLSODPDUTSOUECHCANBLOGWELFSJTDFDSJOCEHSSJNSYTEKPECMWNEYOVSPTOBCAOKOFDEEGPVDJPZYTBXUPQISGYIBAKSEDFJPMQCLDIETNNSCKBVANEOZDCPFOURXLNEGDEDDGABEZJ
[ 7] -6.9253  order=qt  Q5=TOOLS Q6=METIER Q7=EASTNOR  T8=[perm]06751432
    NLSEPINITDRUNDAKSPEYARDNOCPNRAYVUPVJUMBDMLYFEXSARTEMODOFBIPCXIMXTAVEUYFXYIPLIKLSPEONGIOLERDQXYGHWYFMWLTIYLLRTTINDJEATVZEMKPIGFHWECJOSQNQHZVUGJRM
[ 8] -6.9285  order=qt  Q5=INNER Q6=ENOUGH Q7=MEATTHE  T8=[perm]07142563
    BNCEAVSGOWOCUSVAISGORDARLTOMOHAHUTINZSFAVKYUBGEQTJROEVMIFJEMSGETPRDAQHKQQUEBKABSLWTJAPAYTCYPORPRAZEEMAFYVFTKHNOPGNVPNTLUDRQSJUMZINYPMBZNXPHOOAKQ
[ 9] -6.9339  order=qt  Q5=SHARE Q6=DREWNO Q7=WILLLET  T8=[perm]07142635
    GFOSTZEFORUDEHYDTHEREORDUMASTFAXHISXRIVBYUDTBJPMVNKJTPNWSVOGPELACCPUREZTWDBRSWSTAGGYNTSZUENCAMNSJDDWEBDAGHZDFEIGHBPYOKBIJHGZPRHZCQMFFZNJDEYWPDIK
[10] -6.9407  order=qt  Q5=EVERY Q6=GOINGI Q7=NOTHING  T8=[perm]07123645
    CDUSLYLBERREPRENIPPGEOGGTELKAUFIBEFUMQUWUQTGKMPVDYJGSULOXSMEALKIBARGEITVPCEXNGGVREQUTOAYPYPNJCENWNMNMNOUCLKLEMXKQBYEKMOMMITGSPARMDQTOZBYEZDTQJTN
[11] -6.9503  order=qt  Q5=IKNOW Q6=SPLITA Q7=LOGSAYS  T8=[perm]07124563
    HBYUSICTORHSDAINEEHERDVBXLYPLOSUSYARPJTHLOOWWLDGQEDXPSGDQYHRHBTLVYFQQPDKNIVKEIZQPNFBTZBSJSGGXAHOLQHRGOHDNNORTDOAWFOLLVEAUTYINALUPRAIPOWNXATTRFPO
[12] -6.9521  order=qt  Q5=EMBER Q6=ALPINE Q7=PASSAGE  T8=[perm]07146253
    OKVIXFTIETEDEATUEMLBAHOONASCHUNIOEQIBRQDUTCREISCBATGHIEUTEPNEXQZRCJLWNEYDUUNUNVCURBNKPWLUGEUVIGOGFRULEWOXEZIJHQDAKMANJKGVOMCEAQJMWNBAEWTLHRAKZLU
[13] -6.9739  order=qt  Q5=SMELT Q6=DEPART Q7=PATIENT  T8=[perm]06753142
    APPROVELOSXTSAMSOFROETHMTFPUNSDXXBORWHXYFRFIDNEDSADPLIRATHINNHDHJASEACYBSIHIMZZDLFUZUGUBPGGAKFHLTMURCJHRYRHYWHKEVTWCQDSMXYGGJTLLHTSNLYVYKSJOREAT
[14] -6.9757  order=qt  Q5=IHAVE Q6=QUENCH Q7=DIGETAL  T8=[perm]07145632
    AMJURTHODCEHOPIOMENEIVEDLYEWSPMDRYPNLZAZAZZIFOKGTFEXQMGANKNDWKTPNUTHDWGULRSKPJRHTTPEVZDCWSAYAECRDPRRJSGVKVYOGEDTETWOMBDNWXGULYLOMTVAIANIKIGJAYPY
[15] -6.9837  order=qt  Q5=AGAIN Q6=HEWILL Q7=REGIONS  T8=[perm]07136542
    TATSSVAXCOATSIQUETOCHGTHENHNANCLHRXIQQGQUBHDMJIXYWESOHSDLBMEQVSWAKARIANWWHEYOAAJVBCZTNRCUCSISWHOOXOBCZNRLLZPUBXQFFUHELPLICWCEOQNGVUDIPARIEHABNGY
[16] -6.9848  order=qt  Q5=METER Q6=THATIF Q7=DRAWNTO  T8=[perm]07152436
    QJVCTLRIGHATCCYOUTOOFANPOLURTAHBNONMCIZCRJSUFYLULPSVCOLWKSCDXAUPEKSCZHSHJAQIRLJENARDATRIGUFFYMQESZLHTALLKBQJOSEBBOPWUCDOXHHSICLPGLBILXIAEOONWRDP
[17] -6.9929  order=qt  Q5=SPLIT Q6=MYHAND Q7=VERDANT  T8=[perm]07134562
    SKINDTVYMHENCKSTOSZAIDPARRANGIIIECGYBONIQRONOTMUKKUDFNPVISYFEIEDQQMXVSZHUYAEUCWKEXWBSPQFLOOGWLHEEZNONUTDLOAFTTKHONMPLIHMFHRISIWMBXMRULGVYSDABEYH
[18] -7.0026  order=qt  Q5=CLOCK Q6=SILVER Q7=LONGAGO  T8=[perm]07145623
    QOSPALESREGUIBGMAXYERCUTHENEDESEQSJGFRFTOUNAESMVLVGQMISOPCAWHWFSFBDVELDIRMLHDXFZYUCEHUUSOXRDGIJLIWPLHHKCLMSIFZTDTHRTSRADRUOTQAUWNDINLNBFNREJKSWK
[19] -7.0026  order=qt  Q5=EMBER Q6=ALPINE Q7=PASSAGE  T8=[perm]07146352
    OKTAXFTIETDEEATUEMHEAHOONACSHUNIOECKBRQDUTMMEISCBAOFHIEUTERUEXQZRCMIWNEYDUUNUNVCURFIKPWLUGTYVIGOGFRULEWOXEVMJHQDAKRXNJKGVOZYEAQJMWGHAEWTLHOPKZLU
[20] -7.0103  order=qt  Q5=FOUND Q6=EARTHS Q7=KRYPTOS  T8=[perm]07152643
    PPJUNYLIEDBOCADEAGOLOWSSCNSFATIIWVDVIDYIARMCBYTCREMISMZCVIAMNNEOPLZLUTUKWKSEJJRHZYDULLHMULDUXIGFTHZPMGBIVXRESNZGYPMNJLNFWSWIEQNNJYTBTAMMFCIGKAUU
[21] -7.0153  order=qt  Q5=CLOTH Q6=HAIROR Q7=NOOTHER  T8=[perm]06754123
    DDVFATEEBRYHARSERSMAHUMARDWDIRYHICFETWDUGBCQJAORMEIPMYUEPYSMORALTSEWHBOHALXEXMDPGJLQPJCOCHWJHTEHCOBXKOGKCHFPZONUBVNUUTMUNSJWMAXPHEHUHPYTBFDHAQBO
[22] -7.0167  order=qt  Q5=OCHRE Q6=MANNER Q7=GRINDER  T8=[perm]06753421
    JTZRABIBERELTTERNOUDLLAKEURCIBMASCCUWTQDEZYIBTEMLUNIACQIGPNESCQBOYKGJNCKDORFEIGVXHYUSXPIDDWDSONVGVGHGXTPBPMLOFNEZFBDQPITWEHMYEBXPRJGWFOSUECOUHCN
[23] -7.0183  order=qt  Q5=ISNOT Q6=FILING Q7=ANDEACH  T8=[perm]06753214
    MANCLHERLLYESOKPNAMENTYISPBUFENDSPHOPVKXUHIEOSCPSMKRPVCDXNOHPSTHFBMPMLWZJDTBNTWKXDRMPHGVRUZETDKPXXIAKWBNTYZOFHGOMISKETJORCHUDYWNSFISOSVOXKSLWPRE
[24] -7.0201  order=qt  Q5=EMBER Q6=FROMME Q7=TOSPLIT  T8=[perm]07132654
    ZMUNEDOTERONETEQFUZINDEOLGOLDWEBNSLHOLSWQEKTXIKADVEOWOWMRDAUWFVUTCEXMWHTOHXZMMTZVHCECUNLFEFLIFMUSCZPCHANPASIHQFHAYVSREZFNUSXBHRBJWHIKKNRUTFEJXKX
[25] -7.0214  order=qt  Q5=BOOKS Q6=ASHORT Q7=IPICKUP  T8=[perm]07142536
    VYSAMSSLIKNESFEFAZSLALTHEYPRORGDTXTOZZLVBSWFFOTERRANSUMLQYKRUAIBMDWCIAZKTHRABBVSDOWOCOMROAUUMQLVMBJSPKSNJFFIXOWIJVGPYREPPQQCJQIBCZZFMCRBNOVXSNID
[26] -7.0224  order=qt  Q5=OCHRE Q6=FINGER Q7=LATTICE  T8=[perm]06752143
    MBPPDDEVONLUEFARTWETINRESOSOEYCHRYALTACEGSAGGZSQGBRKITYWCOKUHPDDZENOLIOQRFYODEGZGEJGXDHDONEMAVBLUTBGKGOWXBQUVZUAUWHLCEOKWAEGCRDDHYPOOKZWDYYZXHQB
[27] -7.0234  order=qt  Q5=INNER Q6=ATLAST Q7=OWNHAND  T8=[perm]06753241
    ZRDBAGAHANFARHOADYLIBRECELEAMNIOSPBJCXLCXPVFDECYCJVGOZAZGHPWLQBMXEAHZSFLFPASSIMOUNTZZULRBCBEHPGFSEEHSJGHEGUOAYPTAPOBCYRNYKEWHILKLYYMSGUTUSUCYQOE
[28] -7.0253  order=qt  Q5=SHOWS Q6=NEEDLE Q7=BETWEEN  T8=[perm]07125364
    NSOCGFUNGSNEEDURNTOHPALUEHESUIEBVSXKVQRSTKIBIEOHYPNWAGBXUIMZRSEGQJQQTCIYPXIOBWHFRSTUNVCBADVASYRSAGELLWERPJXWRNEEADMMOINPELOLBFZUKSZQAMHJSGJVEIGM
[29] -7.0253  order=qt  Q5=FORGE Q6=DREWNO Q7=ONEOFMY  T8=[perm]07135264
    ZLJDOOTDIAELLUNKNSAYHSETALSUSBANZVNMSRPGISEHPDELFECBRYONAXVIPMSGOCRDABDCCDXJSDZDGRDLKMELHTJPYMFOMMIKYTWHIKKWFWXXFMKPGZMASPMVQPQRPSGOEIRJOVLPBPBK
[30] -7.0278  order=qt  Q5=STEEL Q6=TOOKIT Q7=UNRAVEL  T8=[perm]06753412
    UNTVETMOWYMAUSERBYYSHAHROAWINANKEDLCXWDESVKITBKMORVRMDYKXJDHAJUCPCBSQJVDIMHTVAZSWFIMSADWDISCOYUSSGACVFCUKFYOUVSNJMNWRZEGMTNIMLNEUMAIXVUFBYDEKQVM
[31] -7.0279  order=qt  Q5=AGAIN Q6=HEWILL Q7=REGIONS  T8=[perm]07136452
    TATSXTAXCOATAHQUETOCSUTHENHNANCLHRXIGRGQUBHDXDIXYWESFASDLBMEGPSWAKARJSNWWHEYVJAJVBCZHCRCUCSIZTHOOXOBARNRLLZPZTXQFFUHLEPLICWCSDQNGVUDPIARIEHARKGY
[2026-10-04T01:42:20Z] chunk 4300:4400 exit=0
[2026-10-04T01:42:20Z] chunk 4400:4500
progress order=qt perms=100/40320 candidates=107318484
vocab: 119 x 123 x 141 = 2063817 triples
T8 permutations: 40320
candidates: 206381700 in 24.4s (8.47M/s)

==== TOP 32 HITS ====
[ 0] -6.8444  order=qt  Q5=INNER Q6=DAYAND Q7=SMELTED  T8=[perm]07215436
    UADFITBERQRGACEHOFMOIACROUDTTHAGXEQRTPDUNBCEGEQRSANAVATYRMKMDOSTJHLJWKCLLBVBDFNHAAMAODQPXMPIRDVOELPQZZELKFDZOCFMNBAGATRETABMTGATHBAYLDPPODBUCSGE
[ 1] -6.8760  order=qt  Q5=STONE Q6=ILEAVE Q7=BELLOWS  T8=[perm]07236451
    WICBRAIGLEANTTATESTANORFJITPLAOMYLEIUNNDGIJKHLNYWJKNACCOOHCWGYQQDIRWQVBFQOYAKLYHADLRHTMLFHEEGTIFCJDXZHQGENPAMSAEYKFAFLQXITGGOLUILIFUTXRSLICCALSY
[ 2] -6.9011  order=qt  Q5=STILL Q6=FILLED Q7=THEKNOT  T8=[perm]07154362
    TCTONTRCDAPHOPBLYMLOFADUTYLTESEEXEBODZXSJKOAOXGETMINSRDCPUXFOFDJFDAXOFZDNWOTYHXJMRULLYSHESELNUNZTHSVLGKCRGEAMIEPAHRERDQWIJDBIXQTNEHEPWQYNVYVWBYV
[ 3] -6.9077  order=qt  Q5=MEAND Q6=SUNAND Q7=THEBARN  T8=[perm]07215634
    XOOGEEPESEAMSTHIGAEMCLYNCREARCOJJGYKCROCKARNVLJWNFPIMVBYQBMMSCQXEEFEDBSPAUNICKNLVFHJSWAXGNUENYPZASSIVJXOLEVEACOLATYOTKRTCRFAFRHSIBRQMJGKVNHIUMUF
[ 4] -6.9138  order=qt  Q5=GRIND Q6=WHATHE Q7=INSEVEN  T8=[perm]07165243
    RBEGROBZGSCFWEAMASTTENDWINUOMPOTOJBRIOPWKGKDXVDTYIFITSPHOPKOHJUJEAFXCEBAGENTASBPDHBPJTWJPSEPSDOHJKPEGVNYPBCBFRCTNSNPVEUMMZYWOOOKSQAREFWGBMONTKBB
[ 5] -6.9181  order=qt  Q5=GRIND Q6=FAILED Q7=CARRIED  T8=[perm]07213546
    MDEPEOXFLEREBEFLISWEFISPDFIRRGLUTNNBFYOLPKBLUVCOVUNGLANTPWDUSQWCKKWARDJQPJISNXQIFTTEAUCGGCPVDPEVRUOEUSYCTRUUAERKYESQUIRZICIWBYQNPOSFOUMOUPXWYACN
[ 6] -6.9227  order=qt  Q5=BOOKS Q6=POLISH Q7=PRICKMY  T8=[perm]07216453
    FHOWRATTHPPRUGETYTHDIRRTIBYUONLERADIJAHFSKATIIGTSAYLOTONPIQBYMMDIGQGFWRMBPSLNNLAALFDDXGLKYZQLLMFZIYVIMEWHHYSOYTSWSONDHAOCNIROJEESPOGQBDXHXNWTMXK
[ 7] -6.9439  order=qt  Q5=TOHIS Q6=SUCHAN Q7=ANDEACH  T8=[perm]07216453
    CSCANIIRICTIMVILSHIPIXZIDINREVWNNYWDUGOSMCLAYMOZYGVWNPEUAICRVEOMVLIAHFKURVAOSRAVLEETPQKAPSHKXBITOTLOWEMRDICWEOZUCQAOEIOVMBFSGPTQTYRLVZKBEPDUFRNT
[ 8] -6.9458  order=qt  Q5=SPLIT Q6=STREWN Q7=TRIEDTO  T8=[perm]07215364
    DLCYDEAMICFINGEDGEFTRUCDFRBARNGFUDMVTTOBOQLAJVERECQVRHTNQAHOIOWXKDLJPXGINGHERANDWGWCFGNADGUPHXCZFRYYKFGWPNGMBPYCNFTERCCRBVLZEMRKAASTVEDTWWINZCDT
[ 9] -6.9581  order=qt  Q5=TELLS Q6=ITINTO Q7=IWORKED  T8=[perm]07236154
    MROHERTAPLLWPIRBBNEEDOUSESORASNHLTTJLSABNRWPDWCBUKFFTVKJGSIXMQKPUADPSEUZQDBCATMMUMCOJANCEMCDTSYZHGROOPGHBOYGAPLHRGPFIODYOIGBUUATRTESBSJBMDWWYFXK
[10] -6.9817  order=qt  Q5=INNER Q6=DAYAND Q7=SMELTED  T8=[perm]07165432
    UXIFITFERAUGACTHOWHOIAYROJETTHEGXUDRTPDUNOREGEORSHLAVAZYRWVMDOOTJRPJWKDLLQZBDFTHAEPAODOPXJXIRDPOEFZQZZQLKFDZOCFMNJNGATAETCTMTGCTHQFYLDFPOATUCSQE
[11] -6.9839  order=qt  Q5=IPICK Q6=HEWILL Q7=BETWEEN  T8=[perm]07153462
    ILONEBECIALSAKIGTHOLESAPVOSQSNANKITKWDPAUOZNKQJXUCPDVDNIQKAYZEIVKRCATJSAXFXSNPAMSFCOKKBNUDELLFALWPTNBDSIWYCEWMJLWMWMUSAPAYAGANIEYAAPBOBYLWYQFHPK
[12] -6.9851  order=qt  Q5=INSIX Q6=HAIROR Q7=WROTETO  T8=[perm]07243156
    KFJQERCARLYSINDEZOPTWARFLATOTHCKLOJRSHSWHYRRPRRTPWWASLDAWOJGVJEIXKKQJJSLSSORHEYWALKPYIGCRETJMKKAHKUNYVGQUTICAWSPPIFIYIJSLTUUENFBPRHDBWDISHAHJMQP
[13] -6.9891  order=qt  Q5=TOHIS Q6=SUCHAN Q7=ANDEACH  T8=[perm]07216543
    CSCARAIRICTILWILSHIPWJZIDINREVWNNYWDYSOSMCLAVXOZYGVWFDEUAICRPTOMVLIAGGKURVAOIMAVLEETNTKAPSHKORITOTLOZCMRDICWACZUCQAOOUOVMBFSMXTQTYRLBGKBEPDUNQNT
[14] -6.9950  order=qt  Q5=PEACE Q6=PICKUP Q7=LEDMETO  T8=[perm]07163245
    POGGTESTPOOFSLYHFINCAENERGJONMOFVEHLABTEDZKILITRQEYEXPPELWZDPAIYEUIEXACGEGRHTOQWENJAAWAULQPVQHJLAUCWFFSMHQKRCPXFMSBOUTFWTDRYTOGIDJUJRCYWDNJNDHON
[15] -6.9993  order=qt  Q5=GOING Q6=METHAT Q7=SHOWSME  T8=[perm]07216534
    IUMLUTSEUACOUSHGEJKBELPOOLIKECALXINCPQQKKROPHPSTILWQAVCZGNDSKOFIQYLHBCMINJSVCAVTRFRTIDDQKOVZKYVEDJNONFSXEAHISGFXCDNOKETOYWTRTANBDCNISQPTZMETGZWP
[16] -7.0034  order=qt  Q5=AZURE Q6=IWROTE Q7=WEEKSIN  T8=[perm]07241536
    AACITSHYNDITHTEOHAUROIPDAARUNADBUNJLIVFEFUEFXIRQYRCPVAEEOOZXBYVZYIWVAFILDWEHUPOHAHRAHAIQUYWYAWMDVBWNOBYABFKVXPLOIMMVILLCHIXYHXONZMYLTCRGOFCFFLKE
[17] -7.0134  order=qt  Q5=LATHE Q6=SOFINE Q7=PRICKMY  T8=[perm]07243516
    KBEYUNSOOOANEKQUGKWORLINAMOVELOCAEMCKROADROTCFDBIZXUIKLDSKNEGCNVWPICSNDNSGSWIHEYPJKWLZMMZAGXWVQSQCNMYLBCHTGLERNTEKWDYUSPWGUNVOKFWACXUBKIZXYSECXI
[18] -7.0191  order=qt  Q5=INNER Q6=DAYAND Q7=SMELTED  T8=[perm]07216435
    UADFIERERQRGAMYHOFMOIACROUDTTHAGXEQRTPDUNBCEGWBRSANAVRDYRMKMDKETJHLJWOTLLBVBDWBHAAMAOFMPXMPIRTYOELPQZXFLKFDZOYNMNBAGATRETABMTAGTHBAYLKGPODBUCMRE
[19] -7.0392  order=qt  Q5=LEAVE Q6=TWELVE Q7=THEROAD  T8=[perm]07236415
    RZGERFICEAFFPLESDOFLTAVILUGGMAEUKFABVZSKMIPHQRFJRSFBUHDDYBFGGVHEAAUIAERYCUYYIDAHFOOQPXLUCMAYBCORPSEEQUPQARNEJRFJTOPSODGYFURKUTPTQGRTCRXLKJAZKQDI
[20] -7.0402  order=qt  Q5=AGAIN Q6=VIENNA Q7=YEARSHE  T8=[perm]07163425
    UPVOUNONUANETOALIYALGOUTLHYSTSERZYCXOEGIXGJCJCCGIMINXXMRYTOITUAMOJDJAKVAUXOAIJUMVPXLONSNMXACEMRHYIMVEWMYXFVKOKBECVTMYRYKAEUBCLAIOSDKJMMPRQHOFNDK
[21] -7.0406  order=qt  Q5=TELLS Q6=FILLED Q7=THROUGH  T8=[perm]07214563
    SEABYFDADISTURNNOKNOTDBODARUEDWZQNNVPMNIDFEJKRTRQVNWZPGRVHFJOKXJWCCVWDRPRSEXERXEIHKEYICACEBPLOZZIADAPMVRYITFGROFOSDLMEDBLLAGMAGYPOCJLQOHAUXRZJDL
[22] -7.0409  order=qt  Q5=STONE Q6=WINTER Q7=YEARSHE  T8=[perm]07231654
    UDERNKRUCIBYTRIASSUMPHISXJORELTDNPLOYOFFABHYZDSUDTMSCMPYPVTWYGTPUTCXWQYVVFNNSAOKIDESJSMDVGXNXLLUDHBRQHDXXCHRWATCNDHZFPLHAVUISVSLNMVHESINMFDSCQCY
[23] -7.0420  order=qt  Q5=ALLOY Q6=ITINTO Q7=EASTNOR  T8=[perm]07215346
    NWTEVWHEOFESCRMURSTORMELFLOPQPIOXELYNGJNVXREXQVHJTZCNPTVENKYOJTNISRAUVRCNTNRNHOUIBIEDSHSTYIBBCWPHOLJPNNSUPFIIVGLOTSLRKODMLDMPCZQFBIPCHKTCYIZSACC
[24] -7.0437  order=qt  Q5=FILES Q6=FROMME Q7=INSEVEN  T8=[perm]07165423
    GANANSODWVOXASGOITOUSLTOTACIVALPODIYOJGGWZPODCMYUSBGOHMYNGECNIUDEBBCQRONVSBLSTRQGFMEIMEKADTYZTOIGEIRBBYWCUGSCMFYGHYLJUZVTXALKSYEJDJGBAPKJJODKXYJ
[25] -7.0467  order=qt  Q5=WROTE Q6=TEMPER Q7=LONGAGO  T8=[perm]07154326
    BZONEHEDONZFINKWWXCANEMCORBRETWONTODTOOFLEUAYBLVXIXYPCXUMYFHBECTRQYXCOXOPRONTQNMGTCFMXHZDGIEEHXPARAZMFYMOWVMKEFNTNMEIKUZIITUGIQRWMRIQRJLCRMOMBRO
[26] -7.0499  order=qt  Q5=WROTE Q6=TEMPER Q7=LONGAGO  T8=[perm]07154236
    BZWREHEDONKEINKWWXRINEMCORBRETWONTXLTOOFLERRYBLVXIOUPCXUMYOUBECTRQPWCOXOPRVYTQNMGTNYMXHZDGBMEHXPARORMFYMOWKHKEFNTNXOIKUZIIZKGIQRWMIRQRJLCREFMBRO
[27] -7.0612  order=qt  Q5=ANVIL Q6=CLOCKS Q7=NOOTHER  T8=[perm]07154236
    LRANCRMEAUDAUSOATETOKEFAPTOBCNVJBIAKAVJNQMPDWRPYFRBESFICEONNFICESNINGWWBUNVHRVPQZZIJOBWEPTWMAEFAFBOIAXZPJONSNMLZVPRXPOZFKOTYQTUTGICSYBWIEXWTNDCX
[28] -7.0620  order=qt  Q5=HEHAS Q6=METAKE Q7=RESIDUE  T8=[perm]07163254
    NCIEORELDAMONLYVEPARDOACQATECFCNUIBHKRHDPEQUQEKURDVBWJYXFCKDUPAGESPCLVCONVFODIADBGGURYJDIKWJTRNZRFSUXCEAMMUJKFRZVKYRJDPDTMYXITHFULSLAWFCBOFVLDWJ
[29] -7.0660  order=qt  Q5=ROADS Q6=WERISE Q7=MEATTHE  T8=[perm]07215346
    DXRDOHBADEIRYOURDDSEERIOKOVASIFDERRUNIZBLQVUATUCNFIXRACETPMMMFMEOOOZUFXEQMMYNEHCCGHJLRGQFCPSYALMCXNFSZDEUSMMYKXWSINJJOHNFUBSHZVNQBBKRUSGNUNTNNJX
[30] -7.0689  order=qt  Q5=TOHIS Q6=ALLOYS Q7=NEEDLES  T8=[perm]07154623
    VCOLITUNITTMOROBDGEOFPIRDTAMAXMXRNMELXCOURANJYPDCFFOSCRAGEMIHPYICJXRRAVJZGRFBTZZDHEZMOILXITMWCVAYEUVYSSPDFUCIKEFYWYDYLCWZGZOPYTSUXNYABVJLPSADVOM
[31] -7.0702  order=qt  Q5=INSIX Q6=GILDED Q7=PATIENT  T8=[perm]07156423
    URQANATNNHOSCONVQFEASKITAREWESEAISNFFINHNEZZBACSOFONNEYKIMJHKCIKFBZLVFIYBDIHXXFJQRYWBKDIUEIVDEIXKWEPHCIWQFYQKJVULWEVEFELFBYSAIGQYVOYAKFAIGMNWAPC
[2026-10-04T01:42:59Z] chunk 4400:4500 exit=0
[2026-10-04T01:42:59Z] chunk 4500:4600
progress order=qt perms=100/40320 candidates=107318484
vocab: 119 x 123 x 141 = 2063817 triples
T8 permutations: 40320
candidates: 206381700 in 24.9s (8.29M/s)

==== TOP 32 HITS ====
[ 0] -6.8191  order=qt  Q5=INNER Q6=DAYAND Q7=SMELTED  T8=[perm]07325416
    UPNAITBERRHNACEHOTAXIACROHISTHAGXPDNTPDUNBFBGEQRSTFLVATYRYUGDOSTJDTAWKCLLSDVDFNHABHDODQPXZOSRDVOEDBVZZELKEDKOCFMNGZJATRETPSXTGATHLUOLDPPOSEVCSGE
[ 1] -6.8786  order=qt  Q5=AFINE Q6=METHAT Q7=SOTTILE  T8=[perm]07264135
    UENDANDETMBIGOMYONLELAOSKACKEWMPIRUIODGNAKOFOEGOIWFHSHROSOERYWSIOSPOTGTLQXZPLARAKAYTIPLGLBYMIVMBTANJRXOZGJJJSPFLCTVTDUDALBWMGQBLERJCJHGEEXFSAOLV
[ 2] -6.8821  order=qt  Q5=ONEOF Q6=FINEST Q7=OWNHAND  T8=[perm]07263514
    TJNDVEDFETRATLPIDUNNOAMOUGEERREBFWVKFSYPBHJAFWIADFACUCTTEREFGFVAGMMESHBMIALFWFPGPROOWOSDHFEKSOBMRDNZHAWAXMMGCCWHIQFAVLKAAGYZOJBZUORMLOORULTGAOAK
[ 3] -6.8956  order=qt  Q5=TOOLS Q6=WINTER Q7=TOSPLIT  T8=[perm]07321456
    UIUMORINLUUPTDLISTRAIEMCRABPBYDABTNIMSRSBHIAVDPQNANGSCBEKYYOUECPSANKVSTRWFRSFOGSIXSNIHVBGLCHEQGFBUGAWEZZDCNYKRYILMFALYCLIVLBPODWVURXXSQVIRHIOZHY
[ 4] -6.8970  order=qt  Q5=MOULD Q6=ALLOYS Q7=WRITTEN  T8=[perm]07261354
    TLIGOFQBWAYSANITSBITELBUFTCURWATAANTROYHAQNMQQDPQBMKZLNSCIANBGOCIOUOTFAKHCXXSLMLYDASFYKJCFQUQDXSYHLYCOURNRSRFBQZLLWNIICIUETCNWCCIIUBPEOXWNOFTYOV
[ 5] -6.8994  order=qt  Q5=FOUND Q6=HEWILL Q7=JOURNEY  T8=[perm]07312465
    DTRANAKUENAERHWVENGEOPAYBOTTHENGFUEORGIIXWZCZBSMYDMGFWCCDUEGQDKTVKXFQVRERFULBTPLOXRPBXICPYESLTNFUNGMQUMOTWQACKNSCSVOEQHEJAPNWEOERAFFNTTHEFSLAESF
[ 6] -6.8996  order=qt  Q5=HEHAS Q6=WITHIT Q7=ANEEDLE  T8=[perm]07264513
    BYGICTSAYIFUCHVALUPRDDDENRDTHEZNUQMIGEMPMUKUPHESVJLJMTRQSZBJUVAKHLMDJJHTCBCGDAQRFPUTHKEAKQJKYBBSKSTOOMSAMTUESFOMRVIRJGHELPLEDSPKJESMFRTWWENTZHPR
[ 7] -6.9089  order=qt  Q5=FOUND Q6=HEWILL Q7=JOURNEY  T8=[perm]07315462
    DTBANKKUENJEROWVENGEOPAYBOTTHENGFUEORGIIXWECZVSMYDFGFPCCDUSGQIKTVKPFQLRERFSLBNPLOXPPBVICPYOSLDNFUNFMQVMOTWGACANSCSVOEQHEJAWNWLOERAYFNHTHEFMLAZSF
[ 8] -6.9109  order=qt  Q5=AHAIR Q6=SUBTLE Q7=PATIENT  T8=[perm]07263541
    DOWSMYRFYEGRHARDNSEXOURPETRYOUTSWYYNONYLUAYABROTFRSDOHUYPNOIVELSPRYOTFWSHACLSEIAEWXQYGEQIYURZLAOFFVAMTPLKKYZPDSSDBMXNYEGRPJMPGUGETDJZLLUHAKXUAIB
[ 9] -6.9562  order=qt  Q5=OFTHE Q6=SUBTLE Q7=COUNSEL  T8=[perm]07246531
    SCCDLFOCODELMUCHTOLAYLGGWEEIAGETOEOALOZFOVZAAZIIKEDAAQTLZXIONUGRUFKILIGDKTTUWBVSCTCVELCNUKDOWRMFVYLKDYPKPVSPROWUAELAUGNWOHIJOYUMUJLBSFDSFICJUEBO
[10] -6.9580  order=qt  Q5=AREAL Q6=HEWILL Q7=HETELLS  T8=[perm]07264135
    LJTHISTALELEUVEUSPOOPCNOLORBOXVAXFDQHHZDWPOMSPFVDCGXNEZDJYGRTBVMCNEAWEFCYPXYWJERKIVBOWCCLIEUQAUNNJTPLIEENAEAIUNSUWQWKXLSINRRWFIITGTAPMBDOGYOSCEH
[11] -6.9624  order=qt  Q5=INNER Q6=DAYAND Q7=SMELTED  T8=[perm]07261435
    UVDFIEFERMRGAMTHONMOIAYROLDTTHEGXEQRTPDUNECEGWORSMNAVRZYRXKMDKOTJBLJWODLLFVBDWTHAQMAOFOPXLPIRTPOECPQZXQLKNDZOYFMNYAGATAETEBMTACTHCAYLKFPOLBUCMQE
[12] -6.9633  order=qt  Q5=LEAVE Q6=POLISH Q7=LEDMETO  T8=[perm]07253146
    IFBENJYHBEERSARERPANEIIGRADJUEGVHDYMAMCVEWLFCWBJAMCVGKBACSPZIJBKKSOUPNCYEGJENOVAIEXCATHSNEGSFNXMARMBGDWISQFJVGYWAEORGUBFJCTKNBEZIFEORIEQZKEPHSGU
[13] -6.9663  order=qt  Q5=EIGHT Q6=HAIROR Q7=LEAVEAT  T8=[perm]07246135
    DSADOYASMCHNOURORSTSYSDENEOVEREFDPEPKGILIAKIUYNQOWLUAKAFAHINKBDVBYFIHHEEWIZVNRBINUJNYWGDYYCBREBEIQYTTSAMJHCMJMHBYSTFSQMSESVHYKYLYPMNYFTLMAOXKCZF
[14] -6.9706  order=qt  Q5=CLOCK Q6=FILING Q7=LEGGERE  T8=[perm]07265413
    HTADCLESUMEOPYONONEWOJWXBOAFUNGEJAQREARACSDRWGKVOFLAHZBZPIKEACPGXEUMQMOWRTRAEFEOYUJNNIJGNASDAYBRUIOMPYZUEXNCCUGEVNTTGQBXIUEAIIXLZHSNYNOZEDMDIASH
[15] -6.9817  order=qt  Q5=INNER Q6=DAYAND Q7=SMELTED  T8=[perm]07265431
    UPDFITFERRRGACTHONMOIAYROLDTTHEGXEQRTPDUNWCEGEORSFNAVAZYRNKMDOOTJGLJWKDLLWVBDFTHAVMAODOPXEPIRDPOEBPQZZQLKFDZOCFMNYAGATAETOBMTGCTHZAYLDFPOPBUCSQE
[16] -6.9839  order=qt  Q5=INNER Q6=DAYAND Q7=SMELTED  T8=[perm]07321456
    UVNAIEBERMHNAMEHONAXIMCROLISTEAGXEDNTUDUNEFBGBQRSMFLVNTYRXUGDCSTJBTAWYCLLFDVDSNHAQHDOXQPXLOSRMVOECBVZKELKNDKORFMNYZJAIRETESXTOATHCUOLMPPOLEVCUGE
[17] -7.0006  order=qt  Q5=ATTHE Q6=REFERS Q7=WITHTHE  T8=[perm]07321564
    UDOPOFOOLELFREKUNIGACTTCAULJOBYRPRLHQSMAJPNTCUFLEGGCARMOIFLDZDNSRROMCHIGVBJWJZEABOMDLIMLGBUKYEULSNTESQEAOSQKELSYCSOWUPKHXPHLJEFMBXUUBBTHIDHAQYTI
[18] -7.0065  order=qt  Q5=TIMES Q6=SUCHAN Q7=NEEDLES  T8=[perm]07253641
    WKTOLLFERIOFERGZUMCRODSMERAOPENDOTOXKJUVJVRAUNHNHSTMCKYPEQFANISDTISHIXLNVJWMGGTUMSOHARGTWWVDCTLQNZCHXCPPMPAZFVNNNKSSETBDKUCSJIUXAQLIFBTAYBFLAPVC
[19] -7.0098  order=qt  Q5=THREE Q6=HEDOES Q7=NORTHEA  T8=[perm]07245163
    ICTRINFFSTAFGBSHYOTSERAITEATSUURXXUEARAPFKDCZEBWODCSORBFEYMJTSYNRDOWMUFGISQFEUEDWIMYNTGDVFGIXVUDFZBWEULGEIDSEEHYSDPVCXWMXCOFEONOJDJNENJKOETADKKY
[20] -7.0103  order=qt  Q5=INTHE Q6=ANDLED Q7=HEMETME  T8=[perm]07261435
    JLDOGTHSWLIGMYTESHMYSISLTOUBREAAOLLNHZORQDNPHNGCOHMJZXEIEDXHGAECURKNODDXYPTLLTEEODBPJAJHPKOUIDAOAEDAKTFUARZAESWABSNAZYENHMUOUSTHVUIUBPRFNSRXNIDH
[21] -7.0125  order=qt  Q5=ALONG Q6=VIENNA Q7=FURNACE  T8=[perm]07314625
    EXTERXIEASRURREALRYSDLWSOMPANYDOKNIXSNYQPFBIZLDQEAOLINARHLAYSVFTRCHDOSCNPJDQKBVTTQOTPCNPGEAQYQIGPVTUMRDPTYBRGOJARKJHSBCVWEORALDAABCFVTECOXIRQOAT
[22] -7.0173  order=qt  Q5=FORGE Q6=THATIF Q7=KRYPTOS  T8=[perm]07325164
    DNIVLESYETCODTYESKEGHTASIDTOINVBEPBKTWCHSTJJJOWWHKRLAPXYJASILMSERUFMXWNQXYUBSBWSNCJDEWXFKFMNXQMSEWASIZEHIRNZQMIGUSTKZOMOTHAZEMOSJFYWGAWMEIUCLHUU
[23] -7.0191  order=qt  Q5=ONTHE Q6=WHATHE Q7=LANGLEY  T8=[perm]07312546
    AEDEOFPBTOOOBLEFYTEADYHIFESSUEVDUEGLCHSRBISCDOFIXOGFGCAGEUUSRUXNVIIYHTGREYFCSKHIJWUHGVAZGACHPPURXAAKBRKANHASIRLPYIHWCGEIFMXETLCWXOXTGEZBHEYGDYZE
[24] -7.0200  order=qt  Q5=IKNOW Q6=DREWNO Q7=BEJUSTA  T8=[perm]07324165
    NRONMWTIOEDITATONWEISBRAOMSNETZBGNLVNTUAKIDRKPVGINDIZDAECFVMESCMRENEXVTVFOPGUKINQNUXCZECYBBPXIDBELPLUMEDXWDKEDCXLEXMXUUMEMNFYIVLSINDXDWBQYXCJYEM
[25] -7.0207  order=qt  Q5=AWAIT Q6=ALLOYS Q7=ANEEDLE  T8=[perm]07261534
    OAAJOCDFALSAITEWMIEFTATRECELNEVOIPAFLJWHFDWVTTFETTEOSQNZAEGZGBRRPQVFKRBJSTXFVFYRSFISBOFWOFGKJCWETDCMXTPWAYVIAFZIURALLPNEHWEDNEAOUHKVZLNGXRRAOEWL
[26] -7.0213  order=qt  Q5=OCHRE Q6=REFERS Q7=STACKED  T8=[perm]07254361
    HWCMYPRFILESELLBEDICFSONFRDOCKRRWLYBKBDEUEWEQVEDZXAXBHUBRBSGDODDFOMVQMBNCESORLCTISIOSLDFTOVHCUKWTCPMSPOWSMKJDMEXJTDAQEHOEIEWZWXNMNGTCIIGIJRKRNLA
[27] -7.0214  order=qt  Q5=AFINE Q6=HEDOES Q7=SOTTILE  T8=[perm]07312564
    ZWEHDCDEXNINKSNERALTENNTTHTEAMIPCZAOCUZYPMICEECPNNDAVEYOKEBQRZDXRAHVPQVIXCEKXOPAQOAOUZFVGSACPFUSBJDRVVYZAVNIPSOKOLFATUEOULNAPEBLOGRDDQJQAAKAGDCQ
[28] -7.0350  order=qt  Q5=UPONE Q6=PHRASE Q7=HEMAKES  T8=[perm]07256314
    HNMSTBYDRDMARKEIRRUSEBLEFORVTHRSLUROWPGIKRVCSFIHCOUWBLANDWXDGBTHKVXYMKPGORLNLGHJFYNFXLYRAHBCJVIYBUHIZSEYUWQCEIHFFEWJEXDMFOACHSYMKLMODFEJMWARKVUF
[29] -7.0364  order=qt  Q5=OFTHE Q6=STREWN Q7=HEMETME  T8=[perm]07251643
    RGNECCDUSWGEMDURRONSAUTBOTELISEPHWOYPHZAMBQALQHKSPEESDJHRJFVOYWICYBEGLOVPMGXUSRKXWVBALLQLLJPOWUSIKNEKETDJLQZBUNQVWQUCHDDZHTGHCPPORGRURAYHWYDNCGO
[30] -7.0379  order=qt  Q5=INSIX Q6=HAIROR Q7=WROTETO  T8=[perm]07246153
    KFJRERYARLYIINREZOPTWARFLATOTHCKLOJRSHSWHYRGPRITPWWRSLJAWOJBVJJIXKKZJJRLSSOFHELWALKOYIECRETDMKSAHKUMYVHQUTIYAWGPPIFIYIJSLTUIENMBPRHKBWQISHAKJMBP
[31] -7.0382  order=qt  Q5=INOUR Q6=SUNAND Q7=DRAWING  T8=[perm]07264315
    USEHOPGALOUPALCOCFRRMPAUPIEINONNDELJHAPDEOWDWLQAWFNMESUESAQOSTZJAHISEYSBGYQLVAITDWXTAIMEPLTJHXWQAAXCTMRESARUWPGIPQIZHDQAZNZMCTCULEVBDXFAZCQWSCFU
[2026-10-04T01:43:24Z] chunk 4500:4600 exit=0
[2026-10-04T01:43:24Z] chunk 4600:4700
progress order=qt perms=100/40320 candidates=107318484
vocab: 119 x 123 x 141 = 2063817 triples
T8 permutations: 40320
candidates: 206381700 in 23.8s (8.66M/s)

==== TOP 32 HITS ====
[ 0] -6.8554  order=qt  Q5=LEDME Q6=ILEAVE Q7=ONLYTHE  T8=[perm]07356241
    IKRIDCPEDESKANDETJORECHGOOTHUSQKXRALGVCEEPWJBUGSNNTNDHMIRRBLDQDXYTNSPUKWIUSLWLUHETYRADERHWWOAXTYESDEJPJWSELYTBOZKNINKJJRVWFLNOLYMTGCSNNUZEERSSRM
[ 1] -6.8575  order=qt  Q5=BERNE Q6=INGOTS Q7=ANYWORD  T8=[perm]07351462
    VLOUNDEJANETTLIVECKFECKSDEMKDEIPTIIPSMPFZWGGRERANUFDWLLWWLFREOVWQYKFHXRYGFPIAPHRWPQSILFLTUKRAHCIXIOGTGZAORSOFOLYZWGOPHNTOJOLNQACTUARTHZUVFRKTBSR
[ 2] -6.8673  order=qt  Q5=INNER Q6=DAYAND Q7=SMELTED  T8=[perm]07365412
    UPIAITFERRUNACTHOTHXIAYROHESTHEGXPDNTPDUNBRBGEORSTLLVAZYRYVGDOOTJDPAWKDLLSZVDFTHABPDODOPXZXSRDPOEDZVZZQLKEDKOCFMNGNJATAETPTXTGCTHLFOLDFPOSTVCSQE
[ 3] -6.8864  order=qt  Q5=BERNE Q6=INGOTS Q7=ANYWORD  T8=[perm]07351426
    VLOUNDEJANETTLIVECEFECISDEIKDEMPTIAPSMEFZWXGREJANUTDWLZWWLUREOGWQYWFHXTYGFFIAPORWPSSILKLTUHRAHUIXIAGTGWAOROOFOMYZWXOPHBTOJPLNQCCTUZRTHAUVFTKTBPR
[ 4] -6.9042  order=qt  Q5=OCHRE Q6=REFERS Q7=STACKED  T8=[perm]07352461
    HWAURPRFILVEULLBEDEDISONFREASKRRWLMAEBDEUEPYWVEDZXERRHUBRBAIAODDFOZFWMBNCEXYFLCTISXXTLDFTOWFDUKWTCKVOPOWSMAGSMEXJTVTEEHOEIGBFWXNMNYNOIIGIJEBCNLA
[ 5] -6.9168  order=qt  Q5=ROUTE Q6=EMBERS Q7=COMMENT  T8=[perm]07345612
    ONKCYHNUISKTHENETOGUNHIONDESAUDICXXBNCUKLSULDQDUMSFQAEDESCHSGKSTEUIGNMDVARYXAEFFHEERSKLVJELSSSDJJPWUAJROJMPUAAIBSERMWJWYTZUQGEDTBYEIWPSSDRYAZPMU
[ 6] -6.9171  order=qt  Q5=FORGE Q6=QUENCH Q7=ITTOTHE  T8=[perm]07361254
    ODWOWAISTPUPERYNDNOWOEMYWSDESEEZAQQCESEZPQLSDEPFNEXKEGYJWMGERSGATHLEEOHISBSDAESWGVXPSRLUSKWWLEITFFOHNVYXSRZUYPPNFDWLUMHHEMMDBPTVDZOFMNARIOEWXEPL
[ 7] -6.9289  order=qt  Q5=MONTH Q6=SOLDER Q7=ANEEDLE  T8=[perm]07354612
    UMKLOILFMESDUNCARNNANDNLYATYUGOCPRTXDONZMTTJBBRTJMXYLSHKZXEIBCMADJRPSIEGUULDQJPPUGOZWUISAIXUDITOWEJOODCQWTOCKELYKYDUCRSSTNUVSHLOSAEVXLSWACCDBCLA
[ 8] -6.9403  order=qt  Q5=OCHRE Q6=HESAYS Q7=THEWALL  T8=[perm]07362415
    PGCENNEHELATYLMYSALTHNYIELETAFLGVADCHTDBHIMMZRPTOMARFFORCEYRGKZJRXXOWHGCMSWKTBHKAILLNVEYVGPHSHTJETBJKSMLOWVCOEFULOOJDPRAHCOOOHLCQRQGEBYGKFMRLSJN
[ 9] -6.9463  order=qt  Q5=INGOT Q6=GOINGI Q7=USEDATA  T8=[perm]07326451
    PLFBIGRTSFRELPWHERATOLAYSJCPRITVHFJZGPDPSUKYWPECFVEOILEAZZAFTMACOBBFWJUXQFLLNMWGRAAHDFOTADONSFFWINFNOYFSGEYRIWGCJINZLJJHGASIHPUXALXAWECLMRUXAUGN
[10] -6.9466  order=qt  Q5=HEHAS Q6=COPPER Q7=AREONLY  T8=[perm]07362541
    VTFREAPLUKAUSAWDUNTIOUSHGOFWISGCGGUYEUZOVVQOROSCNBHPHXIGANGPTSLEDWNZNDMZWINULDKENNBOJYFXUCHIPNMKHWYFDRELYJXHMGSFOSIONXRHWIKLSMLYLDJJLEWBAYLRILAD
[11] -6.9524  order=qt  Q5=BEGUN Q6=DAYAND Q7=IPICKUP  T8=[perm]07345621
    NKLOGRIBSODOUSEDCANVNSAGUYSNMEAPBLLLJONAJFCGEKWWPEOUSRRJKHLPMPUEGJJLSIOHNUQNDCXMVBEANSQLMCKOVVNJCUBNEIUWIDSYKUFAJABOBKIDKCJMERZZKIIPALSSUGGEMPEC
[12] -6.9638  order=qt  Q5=GOING Q6=WINTER Q7=ONEOFMY  T8=[perm]07412563
    EFUNSALBREBYVECMREENCYOYMARVAANOPZHUPDITVGACRONANHASWNJTZXRMNRDKEZEAAYLGBTPWEESQTJSTKRPVJBRBESMBOUYBGAVQOMFGNPILSBQBNUQCMGCATNAZIEXKOLLBGIJSPTYX
[13] -6.9650  order=qt  Q5=INTOA Q6=SUNAND Q7=DRAWNTO  T8=[perm]07352146
    UXDAYVLBAKSTSBDOCOCEEVIEWERKSPINACCISBNKKNTLHYOWUGWUXGCNSRERSMCSRIVNMOOBHCYPXNQXDPWUIKAFINGHWUDJVHEAORIJBEBNONYWTJUVUSFRZHYIDHAVANAFRWWAZZCAUJSE
[14] -6.9686  order=qt  Q5=TRIED Q6=THEOLD Q7=WITHTHE  T8=[perm]07364521
    ULLFCECLUREETEUTSKOOGGEBOUHEMOCRNDQGQMTHPHOTZTZYEOHMFKNONYHATDZIFORTBUSFBNJSMDGOFJMCGIUFKZYKXQZJSTRMQNTAABSEMIEEBOBWZXBEXWKKADJTFULQTBWWYADOFEAH
[15] -6.9713  order=qt  Q5=ATTHE Q6=REFERS Q7=WITHTHE  T8=[perm]07361524
    UDRPOFCOLEXFRENUNIOACTFCAUDJOBCRPRCHQSKAJPNTCUFLEGDCARUOIFRDZDCSRRRMCHNGVBHWJZGABONDLILLGBYKYEHLSNWESQMAOSNKELAYCSDWUPUHXPDLJEJMBXTUBBUHIDDAQYBI
[16] -6.9746  order=qt  Q5=ALLOY Q6=FODDER Q7=NOBLOOD  T8=[perm]07345162
    HFFDARBYFREPOLISMALOONLNYWEOFCGLLOLWSDKJIZHPRJHMDZTNYUZFBAGUFICQDOPDTVCIQOIAODNMAJNZTAPYESTWBJLULFDORDFOLAAHSCLLJUNKICKSWOXKKTMUIRRVQOZEICHWAMPK
[17] -6.9803  order=qt  Q5=BUTNO Q6=ILEAVE Q7=LONGAGO  T8=[perm]07364251
    FTOPSIDOWITGOOSBMERBIORDKEUKENOORRNHZMWHUZLPINWGXGRANAHTOUOFFUJEVEXCRPPRNCCRZCTMCLCSGBFVDTFCNYKBYMWOVRRWMBUSKDBUQSNLYYRUNEAGBJLVIZNKDIFYTHEGHSXS
[18] -6.9901  order=qt  Q5=BEGUN Q6=WINTER Q7=THEKNOT  T8=[perm]07413256
    LEVINACETOYSESTYUMOKFORKLOOVSSRTXDLRYNKLHOGKUCUVICDSTPOAQOVVLIRZDTGWMNKFDARTPWKHHPNXUREPAIOCMEPSFUKBMBIOWXAVVFBCCEOMSTOTYAPTERTSGDMLOYXGFDCFCDRR
[19] -6.9923  order=qt  Q5=OFTHE Q6=WHATHE Q7=ASKWHAT  T8=[perm]07356142
    LADRBYRMOSTIFAFGYTHEBCIBYALTONIAXKERLVVTFKYDPIDNVNBFPBLEYZCVTPRPWOLOMOMCTAKGEUTBSMRFWFOIJEROTVLTCVJRRATELRBZORYBFRAGNSCZGCBHBXSXLMLIEXDREPMEQUSR
[20] -6.9984  order=qt  Q5=AGAIN Q6=THREAD Q7=MORNING  T8=[perm]07342651
    WIOWDECTEITHCTCOAPOLEBWALADEASYDKURIMDJHOKUDKDMOORNPHTCKVHNNDKMDWOBRIPIDNDFMDSBZHGLPVFACUEINRQUYIDEGFTMXSTVVYLJLOELIMIWAOHUOZDKVUROPCUOLUTFQLDLO
[21] -6.9992  order=qt  Q5=METME Q6=ASTONE Q7=IPICKUP  T8=[perm]07362451
    FRLDCWTMAILTINCYCIHOLNSISNATHIATIVASTACLSEXLWILOCQAWNIBAXZJDHBZJUOLRTRXGOZSEZEIRDDSCIEAYUJESPCROFOBPMIJRUYHDCVWCZCBVLVALNDOWDBECRZWYJPIXUUTQUQOE
[22] -7.0001  order=qt  Q5=TIMES Q6=COPPER Q7=ATURNOF  T8=[perm]07341526
    SJORIPEGHATLANTLANERGLSKLILCMPCCCUPFFAZOMVGXLNLLOHAILQSGPLPATHTAAMUUOKRMCTGLOSBRAGTLICGXLRVEIOIDVDZCLRXZMACKNGYXRZJNDSAHTAMGVMEUPXBXQAEBAFHLPDFD
[23] -7.0014  order=qt  Q5=INNER Q6=DAYAND Q7=SMELTED  T8=[perm]07326415
    UPNAIERERRHNAMYHOTAXIACROHISTHAGXPDNTPDUNBFBGWBRSTFLVRDYRYUGDKETJDTAWOTLLSDVDWBHABHDOFMPXZOSRTYOEDBVZXFLKEDKOYNMNGZJATRETPSXTAGTHLUOLKGPOSEVCMRE
[24] -7.0066  order=qt  Q5=OCHRE Q6=HESAYS Q7=THEWALL  T8=[perm]07362514
    PGCEREEHELATRMMYSALTEVYIELETDCLGVADCPIDBHIMMBMPTOMARGEORCEYREYZJRXXOZFGCMSWKTBHKAILLWMEYVGPHZUTJETBJKSMLOWVCYHFULOOJNQRAHCOOFALCQRQGOHYGKFMRUYJN
[25] -7.0075  order=qt  Q5=ONEOF Q6=NEEDLE Q7=LEGGERE  T8=[perm]07345261
    ESTHEWXTOEFEBDSYOTANONETIJCDBCPGJXELLOPKIUSLEVKMYFXFSOFAAOTOREGVHQVTAEAWHPXGVBSWFFNHIWUFZCOLAEOAFEEIMYOPOBVOPGVHMHHKSNNHFZKQHUEICIWHMRBBEPASDDXQ
[26] -7.0104  order=qt  Q5=ALONG Q6=FORTEN Q7=MEATTHE  T8=[perm]07352641
    IHRINEZIRVIFITISNETEONIHTREVMTHTGPOSMWRFSIICKSUPUJGKXOFEMLOOWKVGNJEWFVELATPTYRJBPRQMUHWAXGCXTDFTBWAQUGWBHEBCTMUVPMCGTXLTLGFNYAHREPFUHLOMYBOEGECA
[27] -7.0124  order=qt  Q5=METAL Q6=USEDAT Q7=ONLYTHE  T8=[perm]07352146
    BPBWNITYUPDAAIGANSASDSCONFALUAGETQOWAGQYZRQFYLHNXWDJOSKZRSEMPOESEBDWHFNTILIGFTENDWZNUQGTHOIJGSABOWVYTDINKDDICGWVUYFPKNJYIROZYEONPROJSIPLHQBSOPBD
[28] -7.0139  order=qt  Q5=FILES Q6=COPPER Q7=CALLING  T8=[perm]07351264
    VGYEINDFEEAURDYSETAGEOITREPCFAYNHAUYCRRCVUMUDISTTFPNAQDTRIKLRWGOTHSKJYHIHHBUNJHOCLRJYGPCUGSCSCGSBDUSTQOELWDOPHOWKVKUBBLFNEXLSMANABMDEBKTLLNJFMQQ
[29] -7.0261  order=qt  Q5=ONEOF Q6=THISTO Q7=PASSING  T8=[perm]07416235
    HEATEMTIOISAMHADZDMODELLEGGDTNYLBDVNQCHKDDCUENFSIMXGARWYLFXWLEPHOBMSXMSADMJENGORIWHIVKDWBTMEOJLCCIUUAHIBZKGLZZBJNTDRSONBOOPHENVJFCSZLYKNOFTKLTPA
[30] -7.0262  order=qt  Q5=INNER Q6=DAYAND Q7=SMELTED  T8=[perm]07362415
    UPBAIEFERRFNAMTHOTHXIAYROHESTHEGXPDNTPDUNBIBGWORSTWLVRZYRYRGDKOTJDXAWODLLSHVDWTHABRDOFOPXZTSRTPOEDKVZXQLKELKOYFMNGNJATAETPDXTACTHLVOLKFPOSMVCMQE
[31] -7.0269  order=qt  Q5=LETME Q6=BERLIN Q7=USEDATA  T8=[perm]07356412
    SNOWSEHAAATIOPTHLLSLLCHETORHFEAXENANKHEXYDPCTPLHTRYIVPCZUNNRADTXVZQIXILYBYGLZZIKGPPWBPRIMGRUPQPLYXTHRGKGQDBSAEZNWCELGVRPJARTORBRBTEEECJLXCSENCQY
[2026-10-04T01:44:10Z] chunk 4600:4700 exit=0
[2026-10-04T01:44:10Z] chunk 4700:4800
progress order=qt perms=100/40320 candidates=107318484
vocab: 119 x 123 x 141 = 2063817 triples
T8 permutations: 40320
candidates: 206381700 in 24.2s (8.52M/s)

==== TOP 32 HITS ====
[ 0] -6.9057  order=qt  Q5=ANDHE Q6=SILVER Q7=ARCHIVE  T8=[perm]07432156
    STTROLEEKOOTHSEXILTDBYLCYPETDRUBANAZXXUEXVRLATLBSMAWNHGRESBDGJZEOTODDYXLSITMHWEXPMAELIAKMSIZDYWETBANUFGUKAJQSXQYCJIETXOCAMANYUDVXCRLMSUXJSBSCWSQ
[ 1] -6.9301  order=qt  Q5=INTOA Q6=ALPINE Q7=THEROAD  T8=[perm]07421536
    KJAKESEMDTTEBISDOWINITYSMSMEHBDNEGTYDNOSWDSEWVNNITIZTTOMYCRRHVQTHAWQVIEQCXYTAGSXVEAFWYNKPHBALCSPMHIDPGYLNGHGRHIDDEVNYSASERDIGZFGNEQOXTKUUTXOMDYS
[ 2] -6.9353  order=qt  Q5=HEARD Q6=ILEAVE Q7=THESAME  T8=[perm]07431265
    NXDEPTDISCODFLUNDINGALADYOKVIBKVXHBEDOHCDLRIFCAODRFMNARMYHOCOLLJBBINAUSYXWTTEDEUDZRHFAOKYKKBSHCYADYVRJLDAVVEMSVZTIVDKCMPTCEPVSDDIEGNFYATUZXOETZO
[ 3] -6.9506  order=qt  Q5=HEARD Q6=TEMPER Q7=NORTHEA  T8=[perm]07463125
    IFUSAUPSBALETRMSOTOATSCTIRKKERYTDDTSTULSYBLAIIEVZEALSDVYSXARCTTOYORFAPSUNJZNKOAEOQCIBVASSMVXBYIOZNBRVYYWTAFFOOWAKZEFFQYXXFETHQDZMGPERNKMBDWVILXL
[ 4] -6.9550  order=qt  Q5=TIMES Q6=PHRASE Q7=HAMMERS  T8=[perm]07421635
    OTHENOIWGSECTIKDIMAPSPENSHTCENICNUVPZJUCRMFINAUELXCTFNIDXDREWAHVCEHPXTWOMTZPYIEUMLFDMRHPTURTFWDBSARKQKFQKVFMBCEKZFQJYICWARAEAUPCBPFIMEJAUDYGUAJC
[ 5] -6.9560  order=qt  Q5=INOUR Q6=FAILED Q7=LEGGERE  T8=[perm]07461325
    BPHHNUCHESAABASEEESAYFOIADOANUALMRCCBILTEDGHILSZNAPYZDARPCRIPDOZOSYXKQAXRSHZHKZFXPUSENJEIRCWABIXNVNICYZLFXXIQUCATZKWDMTKCCAFASVZIPOKLOSLLXOGNIHO
[ 6] -6.9759  order=qt  Q5=METAL Q6=USEDAT Q7=ONLYTHE  T8=[perm]07452136
    BPBYHITYUPDRGIGANSAGPSCONFAIWAGETQOOZGQYZRQIZLHNXWDSISKZRSEWXOESEBDSOFNTILIZKTENDWZJXQGTHOIZTSABOWVKSDINKDDHDGWVUYFKPNJYIRONBEONPROGCIPLHQBOSPBD
[ 7] -6.9853  order=qt  Q5=SEVEN Q6=ALPINE Q7=COMMENT  T8=[perm]07436152
    TSTANEMUGUPSTHSYSLDPTINNISDSPOFDGSXHRRBHQRXHTBCIISFPUEGAOWIHLZGNEFGKTBDEDFZPUZXOHEMESDMLLLJPBPCSHRUHOSOZGGOITMNXGOWSTVAIPIZAINUTSTHMFOAWFHZPVBLC
[ 8] -6.9901  order=qt  Q5=JUSTA Q6=MASTER Q7=JOURNEY  T8=[perm]07421356
    YAMTONSHLOESLALPROLLNCLAARCYERHRMUQMSXPPKKAEDKEWGYQODQJCERKTHAWTOSDIJASEFCERUMOXMSCIKDTCXQTVUMHXRTRYKWRXXEPILSARTORBCOXTBZOBLUGTAVGWNISURXDJYCXL
[ 9] -6.9958  order=qt  Q5=MYOWN Q6=REFERS Q7=REVEALS  T8=[perm]07461253
    SJKYISJKFELOPSAHPLEMADIBYACULTSSZIZIDQQVYDQLLAEGARDLEBDZGINRIJGNWXAKEDTNPYQFQPBAKTZLQXRNRWINDLCPOWBPARHUYLPAOYNCTRJRBNLYLGARCDHUANTZAALEQSLKCIIC
[10] -6.9969  order=qt  Q5=ALLOY Q6=DAYAND Q7=CALLING  T8=[perm]07461352
    KCEDSEEDMEPOSUKARUCHULIRTHOPCUGIICSZJLJCNDKBWJVUCHDDRHJAKEVDCPTAKDOBEXITGMGZSOUAIEWQQLRONBPAFMYYOBYYOYEIVXWZBIFLMNFRUCDAWASBSDBLHBCDOUVOABYDVBJL
[11] -7.0049  order=qt  Q5=LEDME Q6=ITFROM Q7=MOLDING  T8=[perm]07423165
    YNFEENBEWMANBEOOUTDORCTSWTONRCLOFGEGNCMSWETWTBJQLMGPPRZKGWVPQPELAUHIHXSTIKODKFPRYUPRWKXZQMUSEWUDSLOYCOSOPANYWDLPTLTDLEJADPFHEQVPLBVFADHRBILVNNAP
[12] -7.0059  order=qt  Q5=INGOT Q6=QUENCH Q7=RECORDS  T8=[perm]07421563
    JIMMYKYBOODFCITCLASTEPLOTSAOREVEXSUDKBECTEGZQHMTSSDORODMWZGHOIJPTSSHEMUQIJRHUTOZDEORJRZCLEZMPAPTYODDISFDMFRTDLPDHEHKXJSCRZILWKKPGSBASPJNRVBOGCBZ
[13] -7.0066  order=qt  Q5=UPONE Q6=HIDDEN Q7=SHARENO  T8=[perm]07432156
    EAMUCHZLINTSHANCALUGAOCHANERSVREWPGQNODRGKZZJIEXZNGREUBNCDOOUCLNMKKNIQEYOWINDEEKCXIQDHSTLLZJCEDCINDMCWHNGSNCSYJDISCDOMSMXDSTOUNHYBLMUYIXNWXFPFGD
[14] -7.0077  order=qt  Q5=NAMED Q6=NEEDLE Q7=SMELTED  T8=[perm]07463512
    BEAYEXIBMINITIFANTOAPNOKGSHOBRXUJKPTSERCLNNDFANRWLTTYZAQTKXTZDWRCOSETLBYCYAAUWURQLSMSKBRKIEILBVKHAJARCFGBTXANMZRVFRQANCRLEVWBUFROODOXYQVNSUNTWWD
[15] -7.0099  order=qt  Q5=LASTA Q6=VIENNA Q7=REGIONS  T8=[perm]07426351
    FHURETOUSAHYOUMAIERRCWPCISDCMILNRXBKDXDYCJMWGVNCOPBFHYDVCRKDWONTLFSUPHAGJXQPWRDXXUNOEUNSTKULDEXOPLEAZLFBIPPLZFKVENOESBFGWAFARDMJDCMWEVOGNMXTEYFW
[16] -7.0113  order=qt  Q5=LATHE Q6=FROMME Q7=SAWSUCH  T8=[perm]07456123
    LXICMHASSUOARDIFSUPMARDETRNATMLJNDISXFICQUZHOSTLWAITKRKYDDLCLNNJMVUWCAPGMETHJVHXGYAGFFIMOCTNVETEWZUBJPBVCYAYBAJICKSLVJUKETZIBYWDVUFWIFETPVTDFEOM
[17] -7.0121  order=qt  Q5=INGOT Q6=QUENCH Q7=RECORDS  T8=[perm]07421653
    JIMMYBQBOODFCHOCLASTEECOTSAOREVEXSUDKITCTEGZQBXTSSDORXLMWZGHOVCPTSSHELVQIJRHUGVZDEORJLCCLEZMPHVTYODDIBDDMFRTDGADHEHKXDFCRZILWOUPGSBASITNRVBOGJRZ
[18] -7.0148  order=qt  Q5=OFTHE Q6=QUENCH Q7=SURGEON  T8=[perm]07456321
    UNONERIFFINDWECCSBOOBUOTISFXGRLDWYNKWHYMNLLWUDMMDHANYBVIZNVROXBIGPREARXLSDBPINMKFDQRTJKDXPPRYSSTHKINAHDSXDWXNWKTMMQNUNZWRBFLUSDYFALZYMLEKAKAMLDB
[19] -7.0216  order=qt  Q5=SEVEN Q6=METALS Q7=LETTERS  T8=[perm]07451326
    EALLUFFNSANNEESTVADERWIFMIXOWEITFUJVDPUVHRJQLTWFYEWPENHEVYHDSGONAYGPUMCDGUAMUXMZRUXZGCAGNGLRRMNEUSHAUSNWDLKEAZPTAGEEPLAFFVDSCKVTNTBFZQJNYECVGHNY
[20] -7.0241  order=qt  Q5=LASTA Q6=REFERS Q7=ANDWILL  T8=[perm]07456312
    RDNRNEINWMONYAEADINAWAGGYWASTIIIJKIUWGRKPLVNIVRFINTWXVAIYDVPBRASRGMITINSHPXGTXWOIOYUKJUSFLXIRIBVKFUAQLWHPTGUFARNWWWAUGNBDFROUTAFFRLKUEVXPFHWTSAJ
[21] -7.0287  order=qt  Q5=UNAGO Q6=SUNAND Q7=RESIDUE  T8=[perm]07421635
    XINFBUPHINDAMRVIDAPPMFOTALHICLARGZOKHSTEPDAYHNOPAOVFGNNAILXJTYYANADBDKSXFXCMSHYRFHJTPZTLJPYSRARNOSQWYKULTMLJSTBLDATUASIFCYPDRKCCKACMUIUYAWPYZZKE
[22] -7.0302  order=qt  Q5=RIVER Q6=STRAIL Q7=OWNHAND  T8=[perm]07416325
    HCOANDCFWFJBOUTWOOKMOFOFFCOREYLWNPSYSUHMPOHIWHGCDENDPLSNADRARZCOIGEHSOWCDHSOIHACZBBDPXIPZPTJMVCCELPGGXDFRRFECYKVUVKGSNOOLSPDEHVZAENOATCCJWPLALQA
[23] -7.0360  order=qt  Q5=MOULD Q6=REPEAT Q7=ANEEDLE  T8=[perm]07461352
    KOFKIBBTNODYGANSOPETERERETMWEALPIUFVZICYVTASQAZZBTFXIGNQGLYHFGRNMESOKHMDXBCFSCSRCXAJWJMPXBPLUBFYYYLTFKURIECAEBYRYRNMEPFACUAWFAOWAYITFARVEIRKFTTL
[24] -7.0442  order=qt  Q5=RIVER Q6=INROWS Q7=WROTETO  T8=[perm]07421653
    GOWRADTONKEHEEVUEAUIDAVEGFREESNMIQEDNFCJDXGOEETCSIMROJOCIHWKHBEIPSJWUCKJIGTVFJOBCNHTYLRIGYNYHKFJLZMENUVFSMRADBEPUWKLYUNXTCLIMYBSUXXZPIRZMEGEIMBY
[25] -7.0450  order=qt  Q5=BARNS Q6=GUTTER Q7=TOOLSOF  T8=[perm]07452613
    RHTANEALTORSAGAEOORANLZBWORKBCHEFTERZGELHRSLPMPBNGIDZURNGDAGHPVRSSAUCYXZFDOIZEURFUAQMPSXVCSRYFSNKFMPXYXRLWXALAKOURLUFEJLUAKGXWEUDICENIINZOGWXRIF
[26] -7.0454  order=qt  Q5=ONEOF Q6=NUANCE Q7=ONEOFMY  T8=[perm]07453261
    WHDECLASRTYUTEVEIFSHPIESWOVEWOOENXYNNWIJSTMOHMAREHQCPNUSWHHHOTKZHVTKALRIJRROZJXIXYDSOMRESMHQROUSUDRUWMTYMEVHEUCHFSJDLZDKTLFFAKWWIHTFGYTRRYJIWFBY
[27] -7.0481  order=qt  Q5=JUSTA Q6=MASTER Q7=JOURNEY  T8=[perm]07431256
    YASJONSHLONXLALPRORANCLAARYCERHRMUOASXPPKKGODKEWGYXRDQJCERPRHAWTOSAMJASEFCKFUMOXMSQTKDTCXQTVUMHXRTMEKWRXXESFLSARTOFWCOXTBZVLLUGTAVDKNISURXZRYCXL
[28] -7.0510  order=qt  Q5=ATTHE Q6=PIERCE Q7=LETTERS  T8=[perm]07432156
    ZCUSEYBAVOLGMEACEWEONYITIARDYAPAWCHOSCEDUSKAMCFZHBPFEBESVWIDQKJVWZAQEYJFQZHBDCTPNSDSDOAEXLWTFYCOLNPTYRKJEMWUNYULAVWUPQFIKFPMZJMMCHALSVLXLSSEOWNQ
[29] -7.0514  order=qt  Q5=VENNA Q6=WHATHE Q7=SUNRISE  T8=[perm]07432156
    RNURSBYTELKYTYKADEBOPPEDYINGPROTBVBRUSGAVQYNEQVODXBGQZJGTUJLAIKZFUCYOXAUVXMENOUNEMEVOAIVDJCCLOEFEKGUNWGAHERLWPOYXAMDVWWTALUSNVYQNMCOMPILBGYEOPDM
[30] -7.0514  order=qt  Q5=TOPIC Q6=NEEDLE Q7=MOLDING  T8=[perm]07463125
    EMJORGHEREISEARCIMRKISAJUDOLMMATQANAUCTZXXANAFDBJGXKXEKSQUWFPYCEWIFIMLELMVSHQKTVJMZEUSTWEREONLTTBLYUDMJRSEFJVOSKZRAJXCYJNYJBRHYPURSZDSBOYPFLAJSG
[31] -7.0517  order=qt  Q5=ALLOY Q6=FINEST Q7=ARCHIVE  T8=[perm]07461352
    KAYCNHETAINERIECVTAPSIBIOSERXANDXYUAQLYOPMKSHICXCBZHLQEREGLNAMIONXSKLVTJNGVMUGZARAAYQIMTSEPRRVMBKYGTKECTAVJGCAMIAOMVTYZIRAMTJMBIOAVGOIECWHWTADEK
[2026-10-04T01:44:43Z] chunk 4700:4800 exit=0
[2026-10-04T01:44:43Z] chunk 4800:4900
progress order=qt perms=100/40320 candidates=107318484
vocab: 119 x 123 x 141 = 2063817 triples
T8 permutations: 40320
candidates: 206381700 in 24.0s (8.61M/s)

==== TOP 32 HITS ====
[ 0] -6.7594  order=qt  Q5=LETME Q6=METHAT Q7=INSEVEN  T8=[perm]07546312
    YSAVEDMGLIEDSTATTOACMPCONJLPABYWNIPIMPAFPGZOKYDVBAFQZDMGXCSGOBIALNCDLNOTPRUJSSMOCLTANQPLEUOPGKDLEFAKWVRSONPPNVIDEESNDKWXNFWAISTHDSTTMRKZOCILAVAJ
[ 1] -6.8493  order=qt  Q5=OFTHE Q6=ANDTHE Q7=DIGETAL  T8=[perm]07513264
    TOFEMNEDNELDYYITISLYALLUTNEMOOIHOICHSHWHFASYYXLNZAUPWZNNVGXCUPIKHULLMOLKAZAOITOJILWBXYPRKEEXTAEHZGDIFHOSRUYNBSLUCARSIHAVQKDKDGEDRAATVYSHWXTPECBG
[ 2] -6.8616  order=qt  Q5=SHOWS Q6=FILLED Q7=LANGLEY  T8=[perm]07523461
    LEDGOINSETCVNFSXDESALURAYOONINPHDIUAMEONDDGOEBOIKHLBVTIESBCGTRVWTHEAVFFAUAPGOWZNOTDIGGHEASQNEOLRHVVIBEFWHKBGUYOUTRDADVJUVQCLAYWUOHZZEJFQVTWRMYTP
[ 3] -6.8990  order=qt  Q5=IFELT Q6=REREAD Q7=COUNSEL  T8=[perm]07532164
    REATTSLFCEVEWASWHYISSERECBNBDWPHOFFSVAUFOHPHDZVCYREPIUYLSFWPIALLFRFVQOIEXEDSVZMWSNUNFDTOYISBJILPROMARAYALBWXPNFHDKIYVVEOKLLDQTMUZVSKUBSIVOUEEFKP
[ 4] -6.9112  order=qt  Q5=BALES Q6=ANDTHE Q7=HAVELED  T8=[perm]07512634
    WMLUDFINTATEEFLCENTHEMTICPICTMPNOHDZNMNSONFDXUIYCBAEDIRWWBUMOTYZRCNNLLEGEYHMRGAFFCBSZACHJFHAZRCXKADPKNPOGHNIEXHAMMSHAWWWZVDBELAOUFUGJRAYYXUTTVOJ
[ 5] -6.9165  order=qt  Q5=ROUTE Q6=SOFINE Q7=MORNING  T8=[perm]07541632
    RZGCSEIZEDAINTSAPHHISOWLWVALSISRRYWYXWJMZULAWCHJHXBWHXIINRGOHFNLNONOIXCLPNQSSOLJCINDYTTLQXGNYMLAUSDISGYMPGESECEUOUWRIKVHCEJSUUSLUIIANMYNLPADFILI
[ 6] -6.9176  order=qt  Q5=BEGUN Q6=SILVER Q7=THEKNOT  T8=[perm]07514632
    BESTLYMESGRIGFADUMNEDSTKBODRABITKMSNCEGZHOGWPHFVSCGKBGUAVGQKCDOADTSZRMXFRAPSUELHJEWFUTCEAIILUDDSPUYLIDSOZSTHQGGLCEOPQIVTNAFTGAHSIMFZEOSUFDTRUNWR
[ 7] -6.9203  order=qt  Q5=MEHIS Q6=GILDED Q7=BEGUNTO  T8=[perm]07526341
    GDANEDESILIAILSINQELDHPUNLIESIZCZEMIWBGXODFFEUCGTWRLXDCVMYWYVESUKBOZDJASLARKHWBZEFBMEWCRGGTSOKRGWDGLTSZFETASJKBYTOITORDTOPMLNGJBNGEODAKULNESVBFP
[ 8] -6.9320  order=qt  Q5=WATER Q6=MYTRUE Q7=TEACHER  T8=[perm]07536124
    ANSTEWHASFNAGFYNNMAMEOPTORMIANUFRYCYTEJLCBUWXEBIAMSSMMYBGWAIBUAFUSFTWBVCYDVBPDAWOKYHPOSSFLORHNBFIERHNUCVAIKMYWCNBZKGJGBFUNWMCENOJNDTRYMOWPZGOUMM
[ 9] -6.9332  order=qt  Q5=MEHIS Q6=INBERN Q7=SHADOWS  T8=[perm]07514632
    GAMEYBATUILEEFRECITYAIGMYORCUPKJVLRIKDMEVERZPODERJFIAIALPWHETHEVASGBXHVQUZGIPJHRODHXWJVEEMQEPOWMYHIINBDINOHZADQKJZGOLADWKADCMPPRBSKIZOYKFOCBMTDO
[10] -6.9490  order=qt  Q5=TIMES Q6=SUCHAN Q7=USEDATA  T8=[perm]07521643
    UXGFRIECSSMOMGETUMBBTNEMEENTRENDIEQVOKUSWCYXUJXKGDYFCLCYCTAYPROBCDNPVDIXVOUDFWCUMHBIODGTADWYHYLTKZFMXTGDLBFMFSKMLOXSUNABORADWJNPATIFEMCAYSVYOOVC
[11] -6.9584  order=qt  Q5=BRASS Q6=TEMPER Q7=STILLMY  T8=[perm]07516243
    BCZUGIANTIERLAAGRAITVALESEPOLOJRAGSZWLZARLDIBJUIZXUACTTGPVAGLEIGAKZHTKNSOCLPRIARXJFLVMJNXIKIMHOBYAHOFPLEGWRLFSPVGDAOJRVIOLNJOCEKZAQTPVSDOMTLASLZ
[12] -6.9775  order=qt  Q5=TRADE Q6=SUNAND Q7=THROUGH  T8=[perm]07534261
    FEFPIIKEIRNAEAFPALOGYODFEWANDAPPYDAVNUXQYEDYNYSEAJHFRGHUTCCDESSADBCRYONGLVANGBEKGWCPPYLRBZJHZQFZOYEUUSFYUZCVKGPSAAHLKYCPWNTSOMPSBRFCADXXCXPWWMFX
[13] -6.9785  order=qt  Q5=UPONE Q6=FILING Q7=BEGUNTO  T8=[perm]07542316
    EMODYTRIEAYFMGDANEIFILTHIENIRAWLBQOCHLCHQKZBSGUNRDCQYPZNKILQDNDFGZBBDSRERFKMJPJQBRVESQNORNRHALBASURAKEBBSUHFHUXOOCORBOXVPCOBDANLIURDEPEGLYIRWEZV
[14] -6.9838  order=qt  Q5=SHORT Q6=SLIGHT Q7=COUNSEL  T8=[perm]07524361
    OEDSJUDFEBKWILMTOENDRAKATHAONPASWIOSIAWDARRTDSGUGVUPQLWQJHKFXZCOOMENLPLIZUMYYEPLRNAKOGHCEHEKHPDMQOYVTEPLPFAGUGADCOJJSKQETJOINNEURHARSMMVGUZQQBZZ
[15] -6.9846  order=qt  Q5=ALONG Q6=THREAD Q7=MORNING  T8=[perm]07542361
    WEAJJSGSAUTOESHOPORVEWAPWASEPHYSYLAJHTNQOVWISABARANVJDBKMJIWDLRSPOTGEKHSUSMUSVGOHCNSYINELLILPABYEFAIFYVQFTMRXXFGAAWMHQGGODWJOJRXLAODEQWLLSBMLAKR
[16] -6.9862  order=qt  Q5=GOING Q6=BEJUST Q7=SHARENO  T8=[perm]07532416
    ZLYDCSPECOLNOLESDTRIBETPEOPSCEIGAZJLXLTHKAUPLCHPOHIHPQFORVDMASRBUVTGNXXIRDAJJTLYERDCUPXCVEGMULGSNITOMFDWOZVHIOMWDIGVKKEOFLJNWXWBVATOYCAUVCTHWKBZ
[17] -6.9915  order=qt  Q5=BERNE Q6=INGOTS Q7=ANYWORD  T8=[perm]07531426
    VLOTNREJANELTTIVECEREQISDEIODSMPTIANSYEFZWXJRBJANUTPWXZWWLUVEDGWQYWZHETYGFFPAIORWPSYIUKLTUHPAFUIXIAMTBWAOROOFOMYZWXWPVBTOJPINVCCTUZITKAUVFTPTOPR
[18] -6.9933  order=qt  Q5=ISNOT Q6=ITDREW Q7=PASSING  T8=[perm]07532641
    NTOGLEOLDCOUNTTOOLTOFAOZBCBHUBTHOIFZTUTGNQGORVUSTIKBBEGYCDQPRFWNSOLFFNMYLLMBEDONDTRVJIKQRGVREKNAEBRIHGUMFUWMGLZBTSJVUJPXDKGWSUEMLGNEUACHEOEVEKVI
[19] -7.0035  order=qt  Q5=SMELT Q6=WILLGO Q7=SHARENO  T8=[perm]07513264
    LTTONFREDERPNINLJILREYFTOIFDANTVDGPWELWRKNGTBQOSMVHJRUXBGQYSWIGHWSOAVEURJDKOVAGALLOWNSVLLFSKLWPFLVTDMXRUGEXXZDWHAEXNUBLGTTSPSTNBWEKMEAASYJZKALBK
[20] -7.0042  order=qt  Q5=TOTHE Q6=WORDOF Q7=NEEDLES  T8=[perm]07531462
    SNOLSIGISOROCRIPAGEOOCTVILKRYBYDROMOFTAUMRJLTQQHQWDUSEZNPLAPUQCERLEXUDMDNMPMJQNSKMSOUUUVVOKEXPURFTDUXUYJUHNGVAWACTVYCTRFCRRPBXNYFPXOWANEHLHUBHNG
[21] -7.0054  order=qt  Q5=HESAW Q6=SAYSHE Q7=ITINTOA  T8=[perm]07521346
    LMYASFWINNMUPOSTHPIAREIKEMPUTTBNEVVEEVFKOUQCAOANLGRNOSMSKKKFVMVKGTHTSRSFTHHACWIHSPFWQJXIAKGACDPOPZPEPAYRAFEEASNTYNPMCFGOWILMXHDOHFRPWJURJPZUBNRF
[22] -7.0087  order=qt  Q5=ALLOY Q6=SOFINE Q7=THEMAND  T8=[perm]07536412
    CEAGEOALRMYTOSNMATUSGAISAUUOFINJGNCMHLOCNCCWYTAQJANTWOOFUKYONKPTNLBUEDHVWGEYFWVITZWEDIDVRIDHWAKCCHWVAYILIGJRHKCFWVVLVTAEQAULUMUFDALFWOSPSTSKCQPI
[23] -7.0137  order=qt  Q5=HEMET Q6=CLOCKS Q7=THEROAD  T8=[perm]07513264
    ZCONFILTYISIFHALSALEDNMONELSYMSRUGEJSTIILQVBJQODAVMRASXNBULOCSGTDNKTKHYANHMLERARUFWWCVEMJWAAVAJCXBXMNTHEQGMFNHGXIJBCQUOHDOEWOJJZENEDGGNYVHONGSDO
[24] -7.0153  order=qt  Q5=WATER Q6=MYTRUE Q7=TEACHER  T8=[perm]07534621
    ARSTTWGASENATFFNNIAMEOSTOTMIANMFRLCYTERLCLUWFEEIANSSXMUBGUAIGUTFUBFTMBZCYDVBMDMWOTYHROTSFDORQNCFIERHQUBVAFKMCWONBBKGJGZFUKWMIESOJGDTEYHOWAZGNUKM
[25] -7.0163  order=qt  Q5=FOUND Q6=LETTER Q7=TOSPLIT  T8=[perm]07512634
    NTCUCHGATNEWNMPASAFHNTOAPANECKOEAYIIGFZYKEBFJZQTWVEPLLCAISSSLDDRYONWENQRGDJDFPLSVEPHUGAMEHSRPCJTHLMRIGIRUQKERYFIRVBKIIXGGVQKSPCECJQUBEEHITZHJKQK
[26] -7.0210  order=qt  Q5=BEGUN Q6=SILVER Q7=THEKNOT  T8=[perm]07514623
    BESTLYMESGRIGFADUMTKDSTKBOATABITKMXRCEGZHOXFPHFVSCOBBGUAVGPLCDOADTPYRMXFRAFWUELHJECKUTCEAIPPUDDSPUTIIDSOZSPIQGGLCEJMQIVTNADSGAHSIMTAEOSUFDAXUNWR
[27] -7.0216  order=qt  Q5=GLASS Q6=MASTER Q7=JOURNEY  T8=[perm]07521346
    OELYELDGISHDDEMSOTIMPSJOBTGRATLOLNUUMIRTPTSCHKIVEPWCZYLFIKXOVSVYSCHHWZCIEAFTEOPZUDBGXJBBVUAKPAIROPZPRPKVZHAHHBDOPPYEDAVOEPTSFTLPOWJRIJAXOWBLTHWI
[28] -7.0225  order=qt  Q5=AGAIN Q6=TURNOF Q7=TELLSME  T8=[perm]07523461
    EYKICONEOLDSMOVLNPAAWARINCISJKFOCHOLWOZIBKSPJRWTABYCVUPUDKZQVIRJNGJDGHTYPOLPPSEYJHAFUYAPSDMRUGSCJOAVISPMBDEEAQGEUPAVFEUNZLNBNJNCOUILBOENZESZQWDO
[29] -7.0239  order=qt  Q5=TRIED Q6=CLOCKS Q7=ROUTETO  T8=[perm]07541362
    FLSITYSDEWFPENTDSHBEMSTUDEAECUSBMJZHZWFPTFEQERCJFTFQYKUBUGONFNUAGGCTTGIKFISIEAJEYPAKLIEMDNIUIWAGEBRQYEEHNABRJYKGUNRATRDEPCMTTOPERECNTJVYPMFKAZPY
[30] -7.0248  order=qt  Q5=STONE Q6=SAYSHE Q7=ROUTETO  T8=[perm]07523461
    GOWEPUSTSBIESUSEINVLPSKBFNERSIAIOEDVDLAOHJCNNYMUAABRYGWJUUBJJKBYXEDUVIZMZYNOCFEQPOHITWEOHAWRYMMSEROWPPXJURLDHERGLSCXIHHOTDAFSXPOVPYIHMXPFCHRWZZI
[31] -7.0264  order=qt  Q5=OFTHE Q6=ANDTHE Q7=DIGETAL  T8=[perm]07514263
    TOFMENEDNELNNYITISLYALLUTNEMOOIHOICHSHWHFASHJXLNZAUWPZNNVGXTKPIKHULVGOLKAZAJTTOJILWDVYPRKEEMDAEHZGDHGHOSRUYFISLUCARSIHAVQKDQJGEDRAAQSYSHWXTIZCBG
[2026-10-04T01:45:07Z] chunk 4800:4900 exit=0
[2026-10-04T01:45:07Z] chunk 4900:5000
progress order=qt perms=100/40320 candidates=107318484
vocab: 119 x 123 x 141 = 2063817 triples
T8 permutations: 40320
candidates: 206381700 in 23.5s (8.78M/s)

==== TOP 32 HITS ====
[ 0] -6.7604  order=qt  Q5=GLASS Q6=SOFINE Q7=THEYARE  T8=[perm]07561423
    PTLXALLRKOFEATLFANORSAMONMDDEELSWMVFHRQOOETEXHTVHLOCWTBOUSDMGMSPICUTYOHVABJPEALEHEEXSCWVKULAASGPRVXCRMABDIIEPVHEADPUVSEAHINHCELVCEPUSTRWVZKHPQST
[ 1] -6.8587  order=qt  Q5=MEHIS Q6=INBERN Q7=SHADOWS  T8=[perm]07614532
    GAMEYODTUILEEASECITYAHHMYORCURYJVLRIKELEVERZPHRERJFIAFDLPWHETFGVASGBXXFQUZGIPNERODHXWWIEEMQEPAUMYHIINTHINOHZAGLKJZGOLDAWKADCMMHRBSKIZJLKFOCBMVMO
[ 2] -6.8701  order=qt  Q5=OFHIS Q6=SUNAND Q7=NORTHEA  T8=[perm]07621543
    VYLUBGLINWEDITBEVEWRNTOALPOIGNTNYABSCIFSPUBUUEZSCFMSAFORTJRLUURGXYYKRRQEDATCPIPOGLNQALCUDFVACLCOVPKKUMHZAJTIHYOYEEBEAKHNOHASTGCBPLULIRIWZFEYVBSQ
[ 3] -6.9060  order=qt  Q5=DRAWN Q6=QUENCH Q7=THEWALL  T8=[perm]07634215
    MEDFOSTEDWOLNEMEASMRRIGEWYETAVREXZSFORNHYIVICDRPPKJJNBXFFSVSOXSBFEPINQHCNKUWQAXBWEICAAMWNWNHASGPGRSRISHEMSNBANYLLRBNVXSLPAQUPRUSNATRJYRVREXFZYGI
[ 4] -6.9088  order=qt  Q5=NAMED Q6=REREAD Q7=THATIFI  T8=[perm]07613254
    YNGHISNDSELOICEDAKISTYTOMYQZUSIBISNAMVBWKITHMGIRDVLAWBOIJNHMYJAYWHCKZDAAOLSOPCPOLTEHEQKGZBOLKMLJOCYDEZHFGSIFXPBUBFHAMEVTGNFEGVBONBIOJJQZJKBHFABX
[ 5] -6.9173  order=qt  Q5=GLASS Q6=METALS Q7=STILLMY  T8=[perm]07615243
    INGLAPONMEKSPMDTOYRTOCISMSRRERVEUCKINAWPJVVIVGNDEXTGPPFBRMRBXVYCRJUHMPRELCOQOYRRAVSFBVOIMDAZSEXXXAYRROSERHOFXGOYAONKHCTDFRAFZROKGPCCIEORCGJLJVRQ
[ 6] -6.9282  order=qt  Q5=INTHE Q6=ITDREW Q7=TOAREAL  T8=[perm]07621435
    MFTOSYLOPMFNUERALEMYKIWISGEMETOSXMRJFZZDOLXXZNPALGLLCTUXUSTEXADCRZIRJQALOYEMERUEINIDMYOHVXNQUEIEDQZPERMURROOGHBLMZHSMPGJFMPHSGBCAUVNQYNGPFAAPEME
[ 7] -6.9315  order=qt  Q5=UNDER Q6=THREAD Q7=HETELLS  T8=[perm]07614352
    GASSIZGOCWARSIDEXRADESIBLUSGEMGFURKSSTRTNFBLMTRTJMNLTSSNQTILKVXMCIISIYUXGAGCIAPHBJMUOMLHWFYNLUNFEWMUGSLTOQPNUARMSISFTHOPEAQVWPCGVDODHPSKWSTEHXNL
[ 8] -6.9401  order=qt  Q5=FOUND Q6=MANNER Q7=THEYARE  T8=[perm]07562134
    MGIANYLESAFASISCRMUSWIFYPHMICLSJYFBIPEKWHDAAVEXMITGCMRMTKERAKYEFNWNEDWWMATECOPMOBLLAQBYTUYXOOILHROPPDHANZBLSRJBNRXYODHSGPFSUQVLSIZTCKIJQJPFERYKR
[ 9] -6.9616  order=qt  Q5=WOUND Q6=SILVER Q7=STACKED  T8=[perm]07624315
    LWSINFURMAVIZYNOONASISASBYHGAYSRESCUZWORNOHIJBYBYGPLLSRFKZZNGSNAPITEWAWYWXJYUTKRMEQMYDFQYZRHWEBDPKEBTPURYHQHGIILZYXENGIEHGWQJBPBURZGWDHDCLAWTORQ
[10] -6.9642  order=qt  Q5=INTHE Q6=ANDLED Q7=HEMETME  T8=[perm]07631245
    JLACUTOSWLDSLYLESHLDHILLTONIREYAOLMRUZIRQDYPBNDCOHINMXMIEDVTQAJCURDWTDWXYPANKTWEODIYSAQHPKAHVDOOAESHYTAUARYBASWABSVYNYNNHMDCKSSHVUKFQPGFNSNYKIAH
[11] -6.9644  order=qt  Q5=SHORT Q6=TWELVE Q7=THEMAND  T8=[perm]07631425
    FIQISEHESOKANFALAOFFITYDAAVIGHURKPVNNRQOLIBCRURSVRGOSARUZSFPVAISHJDIJMOZEONRFFDUSFMIDCOSYORZDTQDHATMORSPHQIGQSTGSIAKKKVCWKSNJIXSIUAIEVJYSRISELYN
[12] -6.9651  order=qt  Q5=ONTOA Q6=ANNEAL Q7=CARRIED  T8=[perm]07564231
    OYITECIERRBUIMTORLIGOTHDMTLIVEBLEGRRAKIKIJAJWRSCILQGQLVKAIKUIMPPAKQBCCPUNALHEZXSJAKSRDXTOXMKCUZWHEEUSEREPIDLBZOHLFLRHPZUYPECWHCMGOPUGFKNAKCPLPOK
[13] -6.9698  order=qt  Q5=AGAIN Q6=FROMME Q7=HEMETME  T8=[perm]07641253
    NICPDESURBEMYNHMODERCOAILOTAKZOOAIPBTSNMUIQCOECOZXYPEHOIVSHVGHMASBEEFXXPQQTIRCLUMIOIMNODULDOLVJFBKDVDEZFTBRTYIDFXTCVZCEDLJFOIEAPKFRBPFDNMYGOLWWF
[14] -6.9722  order=qt  Q5=TOPIC Q6=KNOTIN Q7=BELLOWS  T8=[perm]07631452
    HOVIDROGRADDUSTCLKNARAHBAIDBYRUIDXDCCNGIVQZYVVNVJVSUJOVODXJLTZRRNTRWTRDPEVGFSEPHIDEWOTHVWHWBUEWSWLJPBOHINOCRESBGEVIALVNMSALQHEAIRTKFUKQEWWXCINOX
[15] -6.9753  order=qt  Q5=TOOLS Q6=WILLGO Q7=HAVELED  T8=[perm]07623145
    EFAUERTCLYEDATIKHURANPMINTHEVZNZDSELWXONDAOEYTCQGJNHIGHOMDDQYSCSYJEARJSUAIPIGBBJCCBMUKWGEMPOMPBBFHOIAWPPSBIIHYBVOPVEGBIPGNEWDWTUBVZGTTINOOMNTAKJ
[16] -6.9803  order=qt  Q5=INTHE Q6=ANDLED Q7=HEMAKES  T8=[perm]07624315
    JXNRMEDSWKSMIALESPERBILLBSAGTEYECJFFPZNORFVCEWHJDKEWDYZQEHNEQHUCUPLXCIWXYRVIETWECYEMMAQMAIFHHDCCHLIORBEYFNZENDTFBLELFCXNHDWTIESHVAAJLPGFWZEVEIAM
[17] -6.9808  order=qt  Q5=ISNOT Q6=FILING Q7=ANDEACH  T8=[perm]07563241
    MANCLONYLLYESMEONVMETIROSSBUCSDXSEHOUSAAUPIEJPIKSKKRUPVJXDOHFEFRFEMPITCKJRTBYJATXXRMIMTRRAZEMBSZXVIAYMILTPZOEHZNMTSKVFCTREHUBTNUSQISWMNVXWSLKKUQ
[18] -6.9825  order=qt  Q5=AHAIR Q6=FROMME Q7=HEHASME  T8=[perm]07612453
    NZHAHEOURSOIDNSMBASNNTANGASANLCBOIDBHDWBUELCAISOZOCSNFWIUKUMHGMAXMECCJXYXQCIICLLVZAIUNBHNDCTLKFDABEHOHWFVRTBCODEXDHKACEYLIPPXESPTAPAKFYWUNOWSVRJ
[19] -6.9937  order=qt  Q5=EMBER Q6=ALPINE Q7=PASSING  T8=[perm]07614352
    OCTAOSTIELDPPONUEASOFHCONTPTDUMIWUAKBRTYIOMMHIMPSKOFZARNTSRUCMLZRVMAELTYDCGGWNTCUISGGPHLGCYYUIFWAIRUCEMZVEVMWSABAMRXODFGVPZQCOMJMEOBSEBTLCZRAZAU
[20] -6.9950  order=qt  Q5=PRIOR Q6=NUANCE Q7=THEYARE  T8=[perm]07641235
    KTSUBSEPSSARTCHMAEEREIOSEFOUPLCSQITHSNDSZRIAYFRHYSRGUPAZJQHSAHBKTNZPEMUFFNLMVYLKPWWEGHVDEKAUTXKGTXYFTTANQUNYHEPWCERKSSTFEIECALVXIFEPHQWPVLASPYOO
[21] -6.9992  order=qt  Q5=TOHIS Q6=HEWILL Q7=TOSPLIT  T8=[perm]07625341
    TKBSATNHINIBPANTKOFDNIAUDETATIMEUUGKBCCUYDIVFYOUTOIZDCNIVPXGEEKQKVYONNFEWPWXIFUDEILFHTAHCUMQOPFVLIEMNQPOSLGSAGXTYTUHAWNRXQTHYWWMQKUNDTEECHZEBZPH
[22] -6.9998  order=qt  Q5=GRIND Q6=ANDLED Q7=THEMOST  T8=[perm]07613425
    YLEFGMTOIRTUNTYDOINTILPNXDWASCEMNXAGPUPRBSUXVHRDAHAPAMOXGJOTHEFHNJQOFMCGXGJEJPINKHSLRSNVWHWIRFZSEIGTCIUYISGEZSESATXLJPUTGGWABIBKXHGLTBEUTGALOTPY
[23] -7.0078  order=qt  Q5=PRICK Q6=METALS Q7=FALTERS  T8=[perm]07612354
    NSTNNELOFIGPFQDENARTKTTREVEFORTHNWLTHIAILBOKIAINTXMKJMCHEAZPOAJKTXUDCAOXANSUBBUOTMLRVLNQUAFJAHLHOUQTACTZPMVOCLSHNZSHZPWDNIZBXZIIBVPVEDBCFEVILXLT
[24] -7.0141  order=qt  Q5=INGOT Q6=FEWHAD Q7=ANEEDLE  T8=[perm]07621453
    MLTLMOKFEBSAONMSLOOANDTASAHOUATIPTMBRWEOZDIRIABRCDJBQNUWOVGFYZQYXBBIYLBJUQSFUENAMAKKZNHBDBYVELJZPDMAESGGREUSIHEDDAQTSBSARAWGATBOZORTQNZVWLCDGGCW
[25] -7.0176  order=qt  Q5=INNER Q6=DAYAND Q7=SMELTED  T8=[perm]07635412
    UPIJITPERRUSACLHOTHGIAGROHEETHSGXPDCTPQUNBREGEYRSTLDVASYRYVBDODTJDPQWKWLLSZDDFJHABPSODCPXZXBRDROEDZRZZILKEDKOCFMNGNBATIETPTVTGETHLFNLDXPOSTZCSLE
[26] -7.0223  order=qt  Q5=UNAGO Q6=SUNAND Q7=RESIDUE  T8=[perm]07621453
    XINFOUSHINDAGRRIDAPMLWSTALHMAHCRGZOBIXPEPDALWTVPAOVQDEVAILXAYETANADEQWVXFXCCCWZRFHJMDEWLJPYMPUZNOSQUXYZLTMLLCPOLDATDDLFFCYPFJXQCKACKSADYAWPZLYBE
[27] -7.0277  order=qt  Q5=GLASS Q6=SOFINE Q7=THEYARE  T8=[perm]07563421
    PELLALLRKHFYATLFANORSAMONMDDEELSWMVFHRQOOWTZXHTVHEOIWTBOURDWGMSPIHUZYOHVANJMEALEHGEVSCWVKILGASGPRUXDRMABDBIMPVHEADPUVSEAHCNQCELVCRPOSTRWVEKYPQST
[28] -7.0304  order=qt  Q5=PRICK Q6=METALS Q7=FALTERS  T8=[perm]07615342
    NSENNTLOFIVPFEDENARTENTREVEFYTTHNWLTSWAILBLKKDINTXFKBSCHEAQPHPJKTXKDSOOXANLULHUOTMNRBPNQUASJUSLHOUNTCBTZPMIOBZSHNZSHDMWDNINBVAIIBVNVPYBCFEBIQCLT
[29] -7.0350  order=qt  Q5=GLASS Q6=DREWNO Q7=THESAME  T8=[perm]07635214
    ZIDJITTORSCDENOTASNATUPEENQSHMBSXEIMZURWHHSKBBREDAGVQHQCVYPNASFUILHCHTRYPYBIEOZIELTISVYDKMSMRZACSRWDRLXUEZNLMAXPARORSNNGDEEBZNIKDALNVWHIMQXZBVPS
[30] -7.0371  order=qt  Q5=RIVER Q6=HEWILL Q7=OWNHAND  T8=[perm]07615234
    SYRAVPPORTIALOWIPODNOTAFTYCNDYBJWUWCHHYDROFYNQOCYTTUZWQFEYMHIWFWGGTSVMHCYARSJPAYPKJKSIDUWPIJLQSCPDOAAZOOONHARYWHNVXKVELOCZYAOQFMEPOLTAXRHWHLAWBA
[31] -7.0401  order=qt  Q5=TRADE Q6=ANDTHE Q7=KRYPTOS  T8=[perm]07624351
    IKSVERYLEPMOMEONEMEANNUDFJOWNLPAYUCDOTRHIMAWRDZMHVSMBNOOLZDHRUMHYSGLNZNZIKMNKWERXLEUSHYSTSWQUODIFFAYZOTFFSXWROULJNRSKDZSCQXLMNFUJSEGHGWKJHUVDALZ
[2026-10-04T01:45:30Z] chunk 4900:5000 exit=0
[2026-10-04T01:45:30Z] chunk 5000:5100
progress order=qt perms=100/40320 candidates=107318484
vocab: 119 x 123 x 141 = 2063817 triples
T8 permutations: 40320
candidates: 206381700 in 23.0s (8.97M/s)

==== TOP 32 HITS ====
[ 0] -6.7960  order=qt  Q5=HEMET Q6=ANNEAL Q7=LETTERS  T8=[perm]10245673
    OERUPBINGGRAGRADEIHINKSMIIEBFEISEKAMEZLSNTYUQUXEDWDKMNGOAHNFTEVAJNIRNWCATWUSNUPHCBIMCSHOODEFMGZORBRMYGBIZWERMGCEFXHTSEBHJGOCSEKMYNGUYGVGRHUANLPA
[ 1] -6.8253  order=qt  Q5=ONTHE Q6=SUCHAN Q7=ITTOTHE  T8=[perm]07645132
    KUTHPYSPOMPTILLOXHITALYVEDREECRESCENEEVTFTEBWKHTSTBAOUWWELFEUHLESNNLGBDVLMBBSCOWVERQOQCWAVEMWAISFBSLEYBWBCDFIEFDEUQUICWCSLXBFGSNEKBJFDUGPOYVHGZE
[ 2] -6.8713  order=qt  Q5=LATHE Q6=TURNOF Q7=ATLASTA  T8=[perm]10243576
    IQQKPSPICEWFRORSTONPACKABITGUGOOVFRTZCMVIFPEMDMRCXSIONAZGROFCAZSMBNGODQWBIEAXCDMUCYLISRBCODTOJDFONKEHMTACVXHIOMSFAWVAOIVWYBCXZXETRLEMHBITFMEMYDS
[ 3] -6.9452  order=qt  Q5=WHICH Q6=VIENNA Q7=SUNRISE  T8=[perm]10253476
    MYWELIKEGSCRTTICAOWTWNDINSEXSOODMISTQLNDNSROCTHNMYZSJJDUWZQQORKFDOKZUSRTPSIZHISNENRWSTBPLOBTNNZYTDVLCOMJMLFSEVKUHKKYMAYZBZNOVPKIWTHABPTAIWPDMICV
[ 4] -6.9573  order=qt  Q5=LATHE Q6=FROMME Q7=SHARENO  T8=[perm]07651234
    LMWHATMSZRELENTOVWONFRARCHCGOESUPILXAYTNDROMGEBASHIFPEFEDSKWWCRJECRTEJVSBOOGYVIHMHABWOVWIXSADRBUGCNPYBUFMSTLGLZXCYYAMSMKTAZWQEUPFTDOPFIQBXGVBTEW
[ 5] -6.9704  order=qt  Q5=BALES Q6=HAIROR Q7=THESAME  T8=[perm]07645132
    KETPAGDIMPROJBROOMANXRADAMPERVCDDUMNOOMNABRIICZORBIZNGJBYADAADXFPRVISKQJIBTHQZJCFAFIGUBVCIKPQJUMFCHZPODDATHDCRZCESDOMOYLEDTUIYUDRLTJLFDJJANIJYAO
[ 6] -6.9717  order=qt  Q5=NOTMY Q6=FILING Q7=WITHTHE  T8=[perm]10234657
    ILLTIREOTEKLAYOWOWCRMATTYUSLCDOCBYMEBCYNICOZRZZONWPWUCWACQKAAFAAYMSRUMFJGDSUFRGEVLTUGIVNNPVWPDOWIUJUPHXWXBRNPMNCBLEZINDPYWEAGWUBWAPRAFVFEGVILTOL
[ 7] -6.9732  order=qt  Q5=IPICK Q6=SUBTLE Q7=DRAWNTO  T8=[perm]10243756
    FRFTILANDUWTHEYRSOCHTASIRTRNEYINLSYTTIKYONGNSOWWHSTMMOJDABBBVMCJQUOIPEASOTYXMOJTKIOZURBSILFOJRNUADUHHCTDIDNHYZGOFJJBLPDEKJKJWCWXFEQJAYITSIUXDOWI
[ 8] -6.9782  order=qt  Q5=BRASS Q6=PIERCE Q7=ISNOTMY  T8=[perm]10246753
    LTOCSDBYOSTTEWOSTOTKEALSJSFALLGNEXASTLMHSXNCEADLWRPOKWOKRHAIUFVLLJYWIEFPTOBOOBSMVCAAGCNCIWZYJUNLXRJOLPOOCIXPKHDGWHRGOKXKOFWOENPAKKXQUSEYBFGGCOID
[ 9] -6.9793  order=qt  Q5=ANDHE Q6=SUBTLE Q7=FROMTHE  T8=[perm]10246537
    MENENATTOFDFCRSBMINTSAECURRITLZEELEYHIKUPWJEWXDRPNFJYVRGIGOSNEGACOQEHUBMFTSJVZKUGHKYBNMQZVHUULNEACHTXVZUXJPGYAMSIEASJTZABYDMYSEDCOLXSCHBUCSVJBMN
[10] -6.9796  order=qt  Q5=NAMED Q6=THATIF Q7=SUSPECT  T8=[perm]10254376
    HDEUTESCIFILSDWYOULCCIEUGINHETHJWZUHBYNAXIJARUPBIAABVGPABECHBSBZMLWTLSCSOPRKUAVELNZUTCSGWREGNNOOKIXCOOEFADWAPOOXINCVJJEXTQMCHCZGFUKYBYFGXNJTMEWG
[11] -6.9834  order=qt  Q5=NAMED Q6=THATIF Q7=SUSPECT  T8=[perm]10253674
    HDEVEEXCIFIAIDXYOULSCIHUGINLETEJWZUPBYTAXIJTGUQBIAAIJGYABECLPSDZMLWRVSASOPRISAVELNZWSCYGWREFGNFOKIXDTOEFADWEVOBXINCOJJYXTQMVBCMGFUKSXYMGXNJVTENG
[12] -6.9909  order=qt  Q5=VENNA Q6=ANNEAL Q7=LOGSAYS  T8=[perm]10254673
    WLLENDIMERLECUTBYFDEMNERDEDAKMXTHLTDLIAADTRNEBYCYQBLKTCWANYASTUZNYGTTKRGQGVWWJRYZFGDNLOYRSPFVWQRKANUPNESVILLIAKEEVYQTIKEHTYOSZKWEHCQYTZVZLFTMJNW
[13] -6.9936  order=qt  Q5=FILES Q6=THATIT Q7=BROUGHT  T8=[perm]07653412
    YLMTOUNTGOXOFDOENBEONODGYRAMSDUSFPIJOTEDWXAXCDRSMJSBXNTTXXSEDNGOSZCKIDYMOUSLXHGBRSSOTDHTNWGYIQVOMEMBFGHAVICUAAAOWDKQWFZDTSWQKXNJIEDROKOICOAKOWPG
[14] -6.9991  order=qt  Q5=FILES Q6=SOFINE Q7=THATIFI  T8=[perm]07645321
    TGECEOSLUMESTSTGGAMNNONTLERNGFLSOYMXOEWWUUQWVNUROESHAUTYWLCMPDWXINUDIBYXRFBNQIXIGAJEUNADGTHJWSCVMANCIIDMSCLBNUTCWOAEOWDAIIAQADUFBZVMUHGYVNDSISWW
[15] -7.0032  order=qt  Q5=SEVEN Q6=ILEAVE Q7=PASSAGE  T8=[perm]07642315
    YFRIPLORPHPMIANBIESNTMMONDBKESIVCRHOAUVKWHDMELTUKOBRWWAKPDPPBVWASWFRIFSCHADSZVVLMGNIKVGEMTACKCLDFVQENJTOXWATBWDZJWRPMZEUNSCDJHLYDDZUENBLUZEEWEJU
[16] -7.0087  order=qt  Q5=EVERY Q6=AWAITS Q7=SMELTED  T8=[perm]07642351
    YDESINPPSMOIDFEDLORSTADIAOPTDHGQRGXYNGZFFXKERTHGNUVPIABJNNKHHJGSTUXCONJMYLBUAMPWSEXOVFRPWHEITQIGEKOCRRKEQBPIIDEAJJUAHIHHEFGIRGEVNJILOFMZLIOWNDHZ
[17] -7.0089  order=qt  Q5=VENNA Q6=ANNEAL Q7=LOGSAYS  T8=[perm]10245673
    WLLETZIMERLEENTBYFDEEKERDEDATHXTHLTDLIAADTRNBEYCYQBLIICWANYAKDUZNYGTDQRGQGVWNQRYZFGDSTOYRSPFWVQRKANUEEESVILLBHKEEVYQDCKEHTYOYPKWEHCQROZVZLFTEWNW
[18] -7.0097  order=qt  Q5=HEMET Q6=ANDLED Q7=LEDMETO  T8=[perm]10236754
    OETOUNLEVRCALESORBHODOZERILATIFMQLTZEERNFFYSFXLUEWNCOFLGJBCTOFCQFQRYXQYIXCTBOVMZTYBEXQNURHFNQCSOXCDUCACDCLAYTONDBOBVCGHRJAKOWEGGOZCBQUCICUMIUKEN
[19] -7.0109  order=qt  Q5=ISNOT Q6=STRAIL Q7=TRIEDTO  T8=[perm]10243765
    MIALVETFUSETDSEXWAVREVIOCTOFWUTNPAKTRYITADIHRPJGMZETYQTRLRSDOWUWMAHEHAFWNEHULMPCNMPWWSJETAFZNSLXTWFABDEOMGMVMVNZJHTETERAKVIKUOXEIJOAPEDNLHZEWVJZ
[20] -7.0112  order=qt  Q5=SMELT Q6=ROADTO Q7=BROUGHT  T8=[perm]07645321
    EWXLTINNARIEGEAERYNNIPRSANRIMATFMZQSQNOSHCRTOGCEICTMEWCNUIQCJONNNASMFKNHHILYLWDNAECVXFETXDDCUACDMXHPFRWDXJJVRZGVHMJKCSTEGHRUVANOCINNLTAILAANVUQS
[21] -7.0113  order=qt  Q5=TRADE Q6=MAKING Q7=BETWEEN  T8=[perm]10237546
    GAOPSECMAYSHDERACETPRMYFTETSPOLFIGRIYAAPAOENSEONGEGRULFYNUBIGQECWAUZZYMNTLAGYTNZNHTURKUOQWWXPESEJMTJNABLXFCJHHZFQPVGHZNCICJBZZIWVIEBXOYESPRSROST
[22] -7.0122  order=qt  Q5=ALLOY Q6=WORKED Q7=THEITEM  T8=[perm]07642531
    MEERBEDLFATIHNNAIWASSURANRHORHRNRXCEFMPRCLSWAOFPLIDJTSMTSSINYSONRUIQARIWSAHWWRGIMOEOBVFHFDLUBXDGKTCTXYTZMPORWSUNOFOZZTUFPCIOQKYFUAFTRJYMLOEHORRN
[23] -7.0160  order=qt  Q5=MAKES Q6=STRAIL Q7=PATIENT  T8=[perm]10237456
    JBEMANTACITTVRDOAVIPNALAPKIDEDILUFZYOXGJIDCZJAPHGXYPUOUSLHEXTJSUDICCJPGGWREZSUBAFJAOACHYWJDKSZWNHLAAAARELEENEMYPDYGDGKEILSTIURKEQDRJQXDOFSTPDMLA
[24] -7.0162  order=qt  Q5=TOPIC Q6=FORTEN Q7=SEEKING  T8=[perm]10254673
    UORYOCCARBEAPSORSSRSULLOCCLWEBGTHELEFUCTARWOPGVSQLFSMXEVJDTCEAVUAQQKCXKEAETOMIQJILBOWLOONECLXDQCDTKQNPHAOZGAQENLBMWSQUNMUKJBCBFUCZIASACWAWQCGWAO
[25] -7.0241  order=qt  Q5=SEVEN Q6=BYNOON Q7=THEBARN  T8=[perm]10234675
    ZZJRCURNDWAYSHOUSOLDUNRCUMERWLINESAEAOGRPIDQRLTOVFIQWIWLQGHJUWOKKMDNGSSYMDDOFGZCGMGHNTAPENOWDSBIKBHIWSASWXDHQFLTWNLOTGWDQWWUWXFYUSRYEATQZFQPUSQR
[26] -7.0283  order=qt  Q5=MYOWN Q6=DREWNO Q7=TOOLSOF  T8=[perm]10247653
    EMUDANITIEXANDGLARTHLUGSDBXPREAWEXKGWUKMZNZAFIKCIGQVSDLREUQVYFEMUKBEEMSSGJNFDRQVKDFFTHTOFPXKNVEDPADWEVWJFQHZJGCDKTUOYNTGIGGJRONEWOYFSHUHEMYTDCPO
[27] -7.0285  order=qt  Q5=FIELD Q6=CLOCKS Q7=GUTTERS  T8=[perm]10243567
    CZVDTQLSECDOMAMTHASECOMFANULLPIASVBCUNSDYEEUYYUMYWJTSLXLUGQVTSXXASCORVUACNPZVYQRZSPUOXHYSIEQPDATULGOENICAOTKDOUDTNSBJEPFSEKEAEPNDIVFACSZTSGLGGXC
[28] -7.0287  order=qt  Q5=KNOTS Q6=SUBTLE Q7=HEHASME  T8=[perm]10236547
    WRIDMDTAOBYPLECOCORGOOSDESWROFWVHWJIVEUXSWNENJBYGVCDITYQGBSFBAMITPOMJKGBBZCUQYKLOFREFJCDAWUFWMCJPHVSIAYRPUNDVDUSMEPNNOCDONKTZGCODUVEQLCSSFFOLXHH
[29] -7.0349  order=qt  Q5=AFINE Q6=FILLED Q7=TELLSME  T8=[perm]10235647
    QHNXNOTGAGLERMIENFSHISONJOUTSETZUULNWNXSOOGYYCXNMANRRWDNUEQXUWVWOQVHMOZJISURAMJIOSWWELYPXNBCTFRDTDBHESEMIESXLIRKXWIBLLLJMPWYKQARCNUNTVLCCPLSEDIJ
[30] -7.0369  order=qt  Q5=TONGS Q6=FORTEN Q7=FOODAND  T8=[perm]07643521
    XSVGRWIAGOUSINAIALMCLUBVORIDEDUDVTOOMVKJTYTRCCUDYPBMAFLIDCLAGDEZSUNGLRDCUTRQLBZLKDIBABTGRIULIMETIDQTADDCVQMTOZJCUTPVBJULKRDXBYLNNTQLMKAWBLUPKMOA
[31] -7.0394  order=qt  Q5=STRAW Q6=MYTRUE Q7=SHADING  T8=[perm]10237645
    GSTAHETOPRICBXHJRSPHRYSHODISSUCRGVNLVTTRUDNXGNGNVSTCFNLEHFSMAFUYSTOSJFHIAFGLPHNIKUKSLTAFLORYYMFAOCOIFNDLHKRUTKHPKOAPPQLRDBOUPFAOMTPZDCIQHAVOWLPV
[2026-10-04T01:45:53Z] chunk 5000:5100 exit=0
[2026-10-04T01:45:53Z] chunk 5100:5200
progress order=qt perms=100/40320 candidates=107318484
vocab: 119 x 123 x 141 = 2063817 triples
T8 permutations: 40320
candidates: 206381700 in 26.9s (7.68M/s)

==== TOP 32 HITS ====
[ 0] -6.6620  order=qt  Q5=JUSTA Q6=INROWS Q7=ASKWHAT  T8=[perm]10345276
    OSSDAEAILQEEEDONINCDESTHEDERGXFPFALUXIFSUAZIGSTYETYYUBWOZEFOLUKTYSHXFYPGFEDRUYAISRFRBCTTNFOLRTSEPVSTHUCJJENYXAJCMUDWEWDSEAOWAVZCOPPEBTDUBBSDNMAS
[ 1] -6.8391  order=qt  Q5=IPICK Q6=SUBTLE Q7=DRAWNTO  T8=[perm]10324756
    FRUSTLANDUDNFEYRSOXMEASIRTSMAYINLSMHTIKYONJGCOWWHSWHPOJDABPAYMCJQUMBWEASOTJSVOJTKIRJBRBSILHTIRNUADKLSCTDIDNACZGOFJBVEPDEKJXHRCWXFEBRBYITSIXHLOWI
[ 2] -6.8839  order=qt  Q5=ROADS Q6=NUANCE Q7=ANYWORD  T8=[perm]10342675
    JAXJOBOFMOTOFORALGOIHBARBSTSUAMLHNIOWDEYTFLQSNBYUPOYBKZFCCUREDIDTHWTSHTEOPPBNADFIFADOEBIDHCOAYYTUGUTIOGHOFHQHBBOOWHDTHPYCNEFYQTNLJNYWFXQFEQPYNHU
[ 3] -6.9078  order=qt  Q5=INGOT Q6=REFERS Q7=LIFTING  T8=[perm]10256473
    DAORNEASVOSSHDTOROVOYEDRUMMSLVISNHSYJTNYSKGOZLICIOFDAUBOSIWWBGTGMUGDEVESAEXGZAKHIVBYKVADGPCFKFTEAHHHJXJEZVOCADRVWEFEFTVZLOLEEDERANHSPKPTZKIBHXXX
[ 4] -6.9134  order=qt  Q5=TOPIC Q6=TURNOF Q7=LOGSAYS  T8=[perm]10274563
    MUZANUSDALEVYONEDALAYREMERBISHNIVGTAKHDOTIQURXTTCJMIMLPJORBDREDENZVMKGQYGIFAOKLKCDONQMNCACXJTNRLCUIEWUSIFZZFVSSDPOPDYBKCCBDRSGHIATPOUPRWAFNKYPMD
[ 5] -6.9308  order=qt  Q5=TOPIC Q6=SUCHAN Q7=HETELLS  T8=[perm]10267435
    NIKASABYNOTOUTABLUOPWSERTLELTTASTPYUPFOKGBUKOAMEANTUTRIRKKIAFQMZERIOSQZCQDQSHVEGVOHXNJNVUGVALKGZMUDFPCRMTALGENDVTMDJRANZRLWQYGNGBTLRIKTFKUYPOSPO
[ 6] -6.9357  order=qt  Q5=ISNOT Q6=HIMFOR Q7=AREONLY  T8=[perm]10265374
    ATQLNAPSTORUVIDMEPOSTHAAADRAKEAHPIGYNUFWTPTSPMLDGEQVWAFFWVQPITWVYRFQCKWFISHHNQWEBTKHRNYYODAFUEKFCIMRGARCTOYFJCJNWTKWXNCHMITZJTLOYLSSIADTAUTEVOBY
[ 7] -6.9445  order=qt  Q5=STEEL Q6=WILLGO Q7=YEARSHE  T8=[perm]10276534
    FVAMEHYWILSOXDROCEPTONTCISARLAARZACNYMEKBMBDUPRLIPQJRPTIOIDWYSPSWDCHAYWTMTITTHYTVHPEDJVBTVXKQOBWOHMRMBOGCHFJOODBYDBTHJSWBULSXGNARPQNOYIPOFMVEKNK
[ 8] -6.9525  order=qt  Q5=DRAWN Q6=QUENCH Q7=GILDING  T8=[perm]10273654
    KIAHTTODOPWAKITUSWESOLETAGETXMNIKHCPTGAGPDTLIBYATDMUKMNPPGMZMOBAUGSRVUIQIPDZCAKFISSKKMNRGSUTKHYRSDRMBUYJEWICGDPAZEZKHAGRPBMLUPRREJEKDEEGPXTWYTZV
[ 9] -6.9592  order=qt  Q5=AHAIR Q6=STREWN Q7=MOLDING  T8=[perm]10346257
    FPHSFYAMAPATAHLWOMSNEATHGASELIGIDTHSITHGMMVQYNXLKHFFAUSYUODEBCUNCELEIUVEPYIMNWUDYRZQFVMXANHYRTOMARDOSPLSGPRWCNQYSXBBLIJPTFLORRDKPJENAORIYNMVLCPM
[10] -6.9743  order=qt  Q5=GRIND Q6=BEFORE Q7=ANDLOST  T8=[perm]10256743
    IUOSOURSTAUPLOBDUEEFUNTYUTWNGAFERNCCTTMOUVHGIFLUPCDDEFBWBIEZQMEBBQEMCOWJKDYBCDRRTTNMGQRECOGHRSEEOUDDVXLBYHNTUHJAOHRKBULTBZYGWJSJUSKSIVNYTPAEAMXE
[11] -6.9746  order=qt  Q5=INSIX Q6=ATLAST Q7=LEGENDS  T8=[perm]10327654
    TMICXMAGEHADWUITUALORANAHURWOROCLLTHPCBJDCLHBHCTSMTIPSDARTYYVGDPWVGBACCDARCWRHZSPVIJTBZKQQFXZFZRDCTSDFFJAKTLAMRIZAPZFPOVIEDOYIMRLVNFOSTZGOESGYAQ
[12] -6.9785  order=qt  Q5=BEGUN Q6=TOWORK Q7=THATIFI  T8=[perm]10324657
    RVBFORCZVRKKBORNHEMANTHEPORCLAUWBEOFEAPRQFKTRTKEQCYOHBJXJVAMIMHATGOTHABXCRFTQXNREDEOWEATWRGMIHJDNMODPOFSWVHQMKKCDYLFMVUMVXTOJLJDEDCVYFKTASSRICEE
[13] -6.9902  order=qt  Q5=VENNA Q6=ANNEAL Q7=LOGSAYS  T8=[perm]10274653
    WLLENSIVERLECYTRYFDEMEECDEDAKEXEHLTDLAAIDTRNEBYCYQBLKRCKANYASHUINYGTTVRLQGVWWHRTZFGDNMORRSPFVTQQKANUPFEGVILLISKFEVYQTQKSHTYOSUKREHCQYGZGZLFTMFNR
[14] -6.9923  order=qt  Q5=WIRES Q6=FILING Q7=PASSING  T8=[perm]10265437
    OIMIZEEYNOTPIXGRNBODISOCSSLEALSAKTFNLMSTSWYHXSXPXGABZNDRNOOUINOBSFTIKDOHHZLDETGOKVYRROZTIQJHIACBKVLMVEZZMXZNHEAWOSOBESTNSEVZLZHNYEHUTOPSCOXOIGLS
[15] -6.9951  order=qt  Q5=IPICK Q6=SUBTLE Q7=DRAWNTO  T8=[perm]10342756
    FRDSILANDUBNHEYRSOOMTASIRTYMEYINLSMHTIKYONNGSOWWHSBHMOJDABCAVMCJQUFBPEASOTQSMOJTKIHJURBSILGTJRNUADMLHCTDIDKAYZGOFJYVLPDEKJYHWCWXFECRAYITSIOHDOWI
[16] -6.9972  order=qt  Q5=TOTHE Q6=MYHAND Q7=COUNSEL  T8=[perm]10264573
    FHPATHESUNDZTHOTHUOITUTOBUFIRHTHCLPLFXNBASGITWLVEIONJUAUKFGWHURJPNUEOFMKJVXDSCSACWAEFEWBUKZLJXLRFYEURDZNFNEOVXEDVBOJJDWVUNCIATFPGRJXUOPDSHWSWIZV
[17] -7.0042  order=qt  Q5=LEDME Q6=THESUN Q7=USEDATA  T8=[perm]10324675
    RUNBRALYNTLINATLJIPHTROYOUUNCABOOURNNOFBZRFSLPHHOLGKLBSSESFRHBERKAZSEZHDBIHYBBTOBLYWHIIFHXFMFXXTRQPZVTWDZUYKIBEIYQUHFUFRUEGIFZZDVEHEGWYBAXLBRGJM
[18] -7.0053  order=qt  Q5=HEARD Q6=WERISE Q7=SMELTED  T8=[perm]10273465
    KFWANEPRBVIESXPMONIALANCSTNERTMBUVXCZEGEDSBQOJKMKDUUUDKFDHWTXTYHTMFVBHQDMYHAOBZEHELYCCIXWKLEHSHERWHYGOFTATOMYIGTCAEZJBCQNHUYBAKBWVURJSGNIFONEMIH
[19] -7.0073  order=qt  Q5=EIGHT Q6=NUANCE Q7=COUNSEL  T8=[perm]10256374
    TERGYMITYHGIPGLEHETSTIFTHUCLERMEAOQQREKPDUPGTXQFDPOVEJXUWLWORIOTQEDALDIISPFLLDCUCRBSQKAGOSLUBFANRKMJPBAKKKEXHCMHWAEAGTRYGJAVMOORQVNNRIMLSTVJCTAU
[20] -7.0120  order=qt  Q5=AWAIT Q6=SHADOW Q7=LEGGERE  T8=[perm]10265437
    GTICNCECUORIAWEMMEEOLICHAREFPOUNBWTEESOIYAHAPQBOYYPXKCDQAKBSITEUMEUHXNUMAIAWNKERNWYIUMQVPTHNIRMMJNCUNFPHSORVCMZVZHSMLWJWXWNTZAXDREVUSHEQBNMDRSME
[21] -7.0133  order=qt  Q5=TOPIC Q6=SUCHAN Q7=HETELLS  T8=[perm]10267453
    NIKASABYNOTOUTABLUOMWLERTLEQTRASTPYPPTOKGBUIOMMEANTPTNIRKKIXFPMZERIBSLZCQDQWHOEGVOHFNYNVUGVNLHGZMUDDPERMTALHEMDVTMDORMNZRLWVYENGBTLCIMTFKUYKOCPO
[22] -7.0138  order=qt  Q5=AREAL Q6=ITINTO Q7=ISNOTMY  T8=[perm]10264735
    SIWJILACKPDDNAMICALEITEENMBBLISTPOROMSGEFTPTZOFNDRKOFDWFWMENJHBXEWJRTEXCHINWHRIMNLBXPCYGNMHRAHHXFBETIAWIQXPTQIKUXNTDUNBUQWIDCYGHUWTMSXUEGHKJGDCI
[23] -7.0172  order=qt  Q5=MOULD Q6=BYNOON Q7=AFEWHAD  T8=[perm]10256437
    DALYDALLSSSBEDREFLTOUIRMIZETESSGOQZHKSAEETBJGRKIZMOWYWAVWJBQZVMBESRCTZHGNIFEFVDCFLBMWOIPXVYAHARBKMONDSYMICMHUHPQUIKCQHCODPCTGWYAIKBELANJJSBLHUGP
[24] -7.0174  order=qt  Q5=LEDME Q6=WINTER Q7=RESIDUE  T8=[perm]10346257
    YITONBUUSETTEYSHOYLVEBAHALILLLWYQSMOURHIMINKEEMTBDTAEIPCWPTHFZYHOTXYMQIKQCMGDPUKUJSEYUHWUZIEKNYOLISVNNYJGLDWDPJHSAMBALRYWILHREGSNBMFIBNWFGVPSGWY
[25] -7.0218  order=qt  Q5=MOULD Q6=PIERCE Q7=METMEAT  T8=[perm]10257643
    TUSELIRFILANIPBAITFALBRAZINLVIIOJXRNGKOMAMYNVDYEDQHJVBOUQUEXHCPSBUEYECYLOAWSWNRMZXTQANYDWTGUTMPZOEYVINCSPYITRTAESXFJZMYYJWVGHECRTCARHCXELLGAMKXT
[26] -7.0220  order=qt  Q5=COUNT Q6=THREAD Q7=STILLMY  T8=[perm]10273456
    XPONEDDDTYNOTECISSPPTYAHONMCBVIEQREIFBPBAUGGADAXCGHRSXKVJMKECCGKWQEMCPRONAACMTODNBUNBEOHLKWHHYOTNHVKGHYYUGXRPTFVQTSRCYGROGARSNRORSFRPPIXQFZTJNNW
[27] -7.0228  order=qt  Q5=ALONG Q6=FROMME Q7=FELTTHE  T8=[perm]10276543
    FWISFAKANDWHIJAPABBERUOERUSCLOAZNXBDMYFOYZIOFXELMEOKLLNYQQGCWAUGVNTGBOAEZAANUTOFTYTERPEDNQBPKFTMPBFYTFXNZYQATZUQNVGPKUNEMFSRUSARUPJBHXOLDHUEIFDC
[28] -7.0252  order=qt  Q5=FOUND Q6=GUTTER Q7=THEYARE  T8=[perm]10276453
    HFSVEAEOLARAFUNCSTTAIENRONSASIANRZMWNOINLUSBYPRXLYXSLLBPIIKXANSCPTLKWULTHIBIOIRRYZBUULTDWQYPRGJQRXUJDFTFPNDACRTQMPUSJKKSCDNFGJKHYVILEXSSOOAQFJAU
[29] -7.0285  order=qt  Q5=GOING Q6=ANNEAL Q7=BEJUSTA  T8=[perm]10273465
    ILMIGGYCOMECURSTOREPPILSIUHDSYTYNIWYYJZDLCHROLPERWEKBDQBVLZLGCOXABTTOMMLUXLNGMTUNNIAQCXJYXEAUGSTTDYDBRMEIALZVYPLXJNHYENCLALFEOQZBNNBRTZNJVDEMCRF
[30] -7.0321  order=qt  Q5=METAL Q6=HIDDEN Q7=SOTTILE  T8=[perm]10256734
    OUXKTWTHSRNRESTHARARKONFUETINSADTIEIDLNCUWQQOIGGYZUNASDARCNSJNLJOGBFIFCFEOGVZHUVHOCRIZZTROUIHNAHTUZHENFOJOGFINYEASQIOJFJELYBWVLEIARUUOYXWVYVYLOY
[31] -7.0359  order=qt  Q5=METOA Q6=FILLED Q7=GILDING  T8=[perm]10256347
    KETAHTTILLGEESKVQTERYLCAREUSEIVAWBNDQTBRNTIMSYGPTYTSNLQSGMBFRLBYOCTGOGYGKRJTSJINRXAQSIOUPVUREREJTNGOKVHOLLPFFPNZKANICAFEPTIXPPFBWTRJGKUXLOTWLKME
[2026-10-04T01:46:45Z] chunk 5100:5200 exit=0
[2026-10-04T01:46:45Z] chunk 5200:5300
progress order=qt perms=100/40320 candidates=107318484
vocab: 119 x 123 x 141 = 2063817 triples
T8 permutations: 40320
candidates: 206381700 in 24.1s (8.58M/s)

==== TOP 32 HITS ====
[ 0] -6.8627  order=qt  Q5=HEARD Q6=GOINGI Q7=REVEALS  T8=[perm]10423675
    IZACFRCBRARTIBUYGUEABBEFVATERALGTFEDISXVWSKAWMVBHUASWPENRLKSATEZTPIZTHNCLHEWZCATSTKYLVKRGJAVOLSEOADOZALWWOOPIMWPADYEVXFKDCEUSADLXXZLNLQGHOFPDUJF
[ 1] -6.8714  order=qt  Q5=TOOLS Q6=COPPER Q7=TOSPLIT  T8=[perm]10365427
    KEANOQAAPLYPMEKBENALOREIFALTBOYTBHEISXLHEYPLFHHITVSHSWLGJIFOCLXGJLPDFOOFGSIAFEFIDJANPDWIIDTXRGQELEVBWDVAIYMYHNMYBHOLAMITTOPCPGKRDKDXFBNETEXZUEUI
[ 2] -6.8716  order=qt  Q5=TIMES Q6=FINGER Q7=EASTNOR  T8=[perm]10356724
    JITHEIFULARLEFRWROBLINPXBURDDAUSPQHBSRSGUUSEOKOPDOHQNJCOCJMTYRTTHLIEHTMXWRWAOGLONQTYWEDGNQTWIDMJHLOVWAVGYESIGKNHHMYSHEMHZEZPQFDUKIBXNVYANVEMYBIJ
[ 3] -6.9192  order=qt  Q5=WHICH Q6=TEMPER Q7=FURNACE  T8=[perm]10346752
    TSGENHERSHNTEINKANNCSUMONMYGITIVNYTHROQRXFOPHYMYDKJDYROSDIJAYFXIMPFTHMXEGMNQAGGSFLLQACLEABURFBUCNHODMFNIERQWBAWIJSVYBZDOKUJRDOMHBYCUPDAPOEHTJRWP
[ 4] -6.9196  order=qt  Q5=IPICK Q6=ANDLED Q7=THEMAND  T8=[perm]10357624
    LJEXPANYUTYSORALBEROTBYCOMBKNWAPRTEUJUHJVIUYIWSSBHOWBUZHEBIGBUTFGMMVEWLLKEXTBHYLPHNFIIXKAPIFQPEALAWLAVIXBPETSHZLXTBPUVYRFHWGFCUKSPCGMRSLLYTEACUG
[ 5] -6.9218  order=qt  Q5=HEARD Q6=GOINGI Q7=REVEALS  T8=[perm]10423657
    IZACFRCBRARTIBUYGUEABNERVATERTLJTFEDIXXTWSKAWPVWHUASWUERRLKSAGEJTPIZTENFLHEWZMAUSTKYLBKIGJAVOOSWOADOZCLUWOOPILWTADYEVCFIDCEUSODNXXZLNCQUHOFPDXJC
[ 6] -6.9407  order=qt  Q5=TOPIC Q6=TURNOF Q7=LOGSAYS  T8=[perm]10374562
    MUTYNUSDALOYYONEDAGEYREMERCHSHNIVGQLKHDOTIFPRXTTCJJLMLPJORTHREDENZBSKGQYGIITOKLKCDJBQMNCACNUTNRLCUEIWUSIFZZFVSSDPOIXYBKCCBSOSGHIATBKUPRWAFITYPMD
[ 7] -6.9417  order=qt  Q5=INOUR Q6=HAIROR Q7=SEVENTH  T8=[perm]10364572
    BIOCINTPABIGHOLNGEEOUJESTMOVERVPQWQYVLNELTEOFKTEEWEFEDYBHEIYQCYMUJOSTOXIMMWCCQWEOYFOPIAUIKJSBVWFCZYCPGIHXLOFRJSOFTTVHVAMBZEOFOOLTZEURVSTHCWMHRES
[ 8] -6.9448  order=qt  Q5=WEEKS Q6=MAKING Q7=LANGLEY  T8=[perm]10357264
    ERCHOTJOUMMESTWMDLANHIGANFMHAUSFOWXWTPNYHFATEVKIHAUCCLCKKURCOAADSZOYFRGGEECSKYJIDXAKEKBEXYWPISCFSORQCJKRQDSWCDONALIFGDOOKDEHSSQWLTWDNCPPSNPZVDJX
[ 9] -6.9571  order=qt  Q5=TRAIL Q6=TURNOF Q7=ROUTETO  T8=[perm]10372465
    BZETSREVARXYSORESOCRSMADOWEENCEUHEGAILFNYQFPHCTXDXVGCHNLZWRBQEARELCXRBDSRLMYUFLDEDBCKVIAPZKIRTUGEMYAHRXGOIDKQLTIIOZKNERLCTDRCUBEZXHYHGNIGTRWKESF
[10] -6.9619  order=qt  Q5=WOUND Q6=PORTAL Q7=STACKED  T8=[perm]10362574
    EFEDTHAITEXTEGVIHALLORKABOKAECHUEIGTYMEMKSQJMLCXYJTFIIWSJZCOEMTLLAREMWHQYXDLDHLNGSEUAJXTBQPVADHARINTAGPEASOUCYOQQWUMCVENMTLWHETDCITFJKMBYVLISNBQ
[11] -6.9641  order=qt  Q5=INSIX Q6=ANDLED Q7=EASTNOR  T8=[perm]10356274
    DALSNUGEVELTYTMAWBRUGEINUSSMSSIXXFIHACEXDBPPVERKECNFOPVCHXAPVNZPVWLNNBADHNOMRJMMLFKIDVIEINLIDYKPIZBKFQGANVSMHTLYKOULNNHANPIUYMEBONEEDHNTIZOVKKRD
[12] -6.9651  order=qt  Q5=WOUND Q6=SHADOW Q7=BROUGHT  T8=[perm]10372456
    SSAMEGSBRAHESCUOMIROBRFENCLABSCAMSUVGMNAZSIDONGIOORBTIVSBVGGWGOZVPFIAVGURPLBMISHUGDUXKCEWESEEGWAUFEREWTSAXDLWYVUQQQWAAGSMWZTSJWBOWNPZRSUMPEFQWOS
[13] -6.9694  order=qt  Q5=WOUND Q6=SHADOW Q7=BROUGHT  T8=[perm]10372564
    SSAMNOSBRAHEODUOMIROONWENCLAESSAMSUVYEEAZSIDHZXIOORBOVHSBVGGUSHZVPFICWDURPLBMSIHUGDUYDUEWESETSEAUFEREUSSAXDLQSUUQQQWJGXSMWZTGEUBOWNPNIXUMPEFXJBS
[14] -6.9725  order=qt  Q5=ITAND Q6=THISTO Q7=ONEOFMY  T8=[perm]10362574
    NIAFURIUROGOLFCSHETRARYIEMSRISLLZSXZGNRTTRBMKRRLCBCADIIGTVBUSPFJOWOTWPKMENDJVIRSENUIAKAQZZMIMTUIQYSGHTTURGQLFAMRFQJUDRVSDMUCDGOKLLPMEMIDDDCHRPUD
[15] -6.9740  order=qt  Q5=UMBER Q6=THREAD Q7=LOGSAYS  T8=[perm]10425367
    RIPERANBEAOFFSRCUTDZINTONLKIARYOLZKPWOHUETMWPFIJGOQCATEEMTOVCBOXZDVMWKRJBKBXXFUTMOQUNDSRCNCLXTAUVWXRAERLQJDFNZIOVEPLPQYGMYPSDERIEQXKRMCOMCKERJEC
[16] -6.9843  order=qt  Q5=ITAND Q6=SAYSHE Q7=WEEKSIN  T8=[perm]10376425
    ZTRLCSEHVOLONRYATDNESSALHONDDEEDMCIRTINMWTEATIKHJWJATJRSZTYQFEHHPLDLEHMXCOWNULEIPZYMCNAXUVATQWIBUMYUTPKFWUDEMLIEDVZAQGIPJZOIVWINTVAIXRERODZTMIMG
[17] -6.9939  order=qt  Q5=GOING Q6=WILLGO Q7=RECORDS  T8=[perm]10426573
    SUDSIESJANBCTASOSPIRANKLITIOCEXIKPBUEFZROVBLOMOLFBSUUKFDOEUHTCTCRRLMLELZFMFMOEQTEMZVTCNRRTXFUUBYBIJPGPSYMBEENHAEZYYBSJPARMAODENZLPSTRUNPKGLYCZGD
[18] -6.9951  order=qt  Q5=IFELT Q6=SHADOW Q7=ONEOFMY  T8=[perm]10357426
    LAMDMURDEAUOFSTNOIIAMOTHIMPNGREFPTUAHTEHPRZQOLAXCHPUTUXRTHGCSMLDDOWKOBXJOUMFGTJMNATZAIVXKGXAPYNIDXLIGGIVICPUIDKWATOURBLCBDLABTNTRNDMEWQXRHXQOYCO
[19] -6.9996  order=qt  Q5=TOHIS Q6=MAKING Q7=GUTTERS  T8=[perm]10357426
    BNPBPAMSMANWHERWOWSPSZEAYEBANALRBMRQAIUBLHYRLXRVUENTHBRIDTBMSWLZMANOOWGOWOXCYPTTFDTAEOLLIFNGOSTEVXMSLORVJAQCSJCUBHXHJLRCOOVOCUSSLGBKMXWEUVOUIYZM
[20] -7.0030  order=qt  Q5=TRAIL Q6=FEWHAD Q7=MASTERY  T8=[perm]10364275
    CAPCOSDECUSTLMAUNATHDSENWAINPCZXMNZMQJXJPZJETHYPOLLAHJLRFKEDIXTZABTBOJUYBRADEWCAIIAHPTAGRTVBYXFVSOHDYPWNFPYLJRFVVOWDSNWAZPRSWKGIMPBAGSFMESTDOHWD
[21] -7.0064  order=qt  Q5=ONEOF Q6=HEDOES Q7=WEEKSIN  T8=[perm]10376254
    REASMUHSYTOUSEMMMELOOPSDTEVATEGLSXCJVZZLDQOLPEHIVLZNTRLFYRFWFRYPTSHCNDOHWITTCRLCOEEEPEDUFZYERKJWXDSQLUHVGSYFUDLWCIUGSUSSMSHTTDMEDUBOSPRFNEXXXTLS
[22] -7.0115  order=qt  Q5=TOTHE Q6=THATIT Q7=GRINDER  T8=[perm]10357264
    VSGOESECSYCARDIYXRHARDTSVOLAROLOFQXPTAMIEYSIPQLOIZGTHNMGPNUANSBEEONCLBHBDDTDEVVAJVMVXMEWUSOSUAYUKSDSDZYSCMVLPOLEVMYMNYVGGGOMOCMPKTRZIMWEDJPHFAOG
[23] -7.0147  order=qt  Q5=TOTHE Q6=MYHAND Q7=COUNSEL  T8=[perm]10364572
    FHBYTHESUNTOTHOTHURNTUTOBUGHRHTHCLNRFXNBASOWTWLVEIPUJUAUKFCRHURJPNAZOFMKJVRASCSACWMKFEWBUKQVJXLRFYAZRDZNFNEOVXEDVBLTJDWVUNONATFPGRUNUOPDSHNDWIZV
[24] -7.0164  order=qt  Q5=TRAIL Q6=TURNOF Q7=ROUTETO  T8=[perm]10374265
    BZDTAREVARBYVORESOFRPMADOWBEVCEUHEXATLFNYQIPECTXDXIGJHNLZWXBWEARELFXXBDSRLPYDFLDEDSCYVIAPZRIKTUGEMRAIRXGOISKXLTIIOJKYERLCTWRVUBEZXDYMGNIGTCWMESF
[25] -7.0168  order=qt  Q5=ANVIL Q6=PHRASE Q7=LOGSAYS  T8=[perm]10357246
    JHPHLONGAUYINTEMUILDDISKTOMAYHQTPZVIOLMCKYEDJRTIDIFIDHTOLQOAPRBPDWNQYQNCUVAGDNCPSBMCRENISYXHNOTHVCENQLFHTBGQIYTICSZYZJHVARSLIQPAABDGEGRAMQFPHFUM
[26] -7.0220  order=qt  Q5=ONEOF Q6=HEDOES Q7=WEEKSIN  T8=[perm]10374256
    REASEUUSYTOUWERMMELOOPSDTEVATEGLSXCJVZZLDQOLLEKIVLZNDREFYRFWLRWPTSHCHDDHWITTXRYCOEEEREFUFZYEAKDWXDSQMUGVGSYFYDDWCIUGSUSSMSHTDDFEDUBOJPLFNEXXFTPS
[27] -7.0237  order=qt  Q5=OCHRE Q6=REREAD Q7=TELLSME  T8=[perm]10425637
    AUNMMAMMINDUNHONKGXDKIDERENTTELSFNEGPXSFEBYXILOQUETAJIUZHMEBPTGUCVWILEONRYZAYNNNWIXJZWUDQNWWFDOFMIUGNCWHONGXUNNCPIMNGXGJODFVDVUSLZIONMALJTWSTNQB
[28] -7.0423  order=qt  Q5=INTHE Q6=FROMME Q7=EYESARE  T8=[perm]10375426
    OTRTPGOCAMAITENTEALTELIVRDICWNOULJMGMXITAWQRKEMOWHVSWKYQNTPGOULNALCZRTOMSDMUDUTQQWIOHSLCUCCAPVXAHCJLKCUERUKHEYNMUDMARMXHNJZAOEKESPYHPBSISFFLREPF
[29] -7.0425  order=qt  Q5=TONGS Q6=METALS Q7=COMMENT  T8=[perm]10354762
    FOSTSVQKSRATAERONEWARECOHAIFTTKSZDGOFMWRRWJIVMHCZEGXTLRSDWIECRNDDKBVBAJOTIEZUCOWQMWMLLETNRAGEYSNTLMTSXXRHNGWXFFRCGZVUYMEUGRISTBKRAMINKRRCXFNAKEU
[30] -7.0430  order=qt  Q5=ITAND Q6=THISTO Q7=ONEOFMY  T8=[perm]10362754
    NIAFUCIGROGOLECAHETRACYAEMSRISLLZSXZGKRWTRBMKURWCBCADBIQTVBUSDFCOWOTWYKNENDJVXRWENUIAJATZZMIMEUBQYSGHSTNRGQLFPMOFQJUDUVFDMUCDMOULLPMETIXDDCHRDUP
[31] -7.0447  order=qt  Q5=AHAIR Q6=STREWN Q7=MOLDING  T8=[perm]10347256
    FPHSFYHEAPATAHKHOMSNEATHGASELIGIDTHSITHGMMVQYNDOKHFFAUKBUODEBCJXCELEIURSPYIMNWSZYRZQFVQVANHYRTZXARDOSPJAGPRWCNGCSXBBLIJPTFLORRTSPJENAOLZYNMVLCIS
[2026-10-04T01:47:22Z] chunk 5200:5300 exit=0
[2026-10-04T01:47:22Z] chunk 5300:5400
progress order=qt perms=100/40320 candidates=107318484
vocab: 119 x 123 x 141 = 2063817 triples
T8 permutations: 40320
candidates: 206381700 in 24.6s (8.41M/s)

==== TOP 32 HITS ====
[ 0] -6.8000  order=qt  Q5=TRADE Q6=QUENCH Q7=FROMTHE  T8=[perm]10473562
    APXNMAIESWIMEOFIMIONLDAPATLSEHEAESCDYMNSHFWMLFAFNNDAQWZETRGZGPLULODFYSUBRBSDBZDSGLVIXVUNENXONSCMEFEHTEIBUTPUMADCKFOXGMVDWQSIFSAIDJAOAGNOUCMAGEMR
[ 1] -6.8527  order=qt  Q5=BERNE Q6=ITINTO Q7=CALLING  T8=[perm]10476523
    ETHMFAREGELILEYOROROAPRLGSUDDLPIYMTMLPIUDCVSRCQVGGHOSFGVNRSTPOGIJXPPDTWRKLKFRLSESVHISPAKVWECIEAFRAPANEHEIPLLIGOWHSCFHNOVMIAIFCGSELIIJXRILGFBBUYY
[ 2] -6.8658  order=qt  Q5=ANDHE Q6=SOLDER Q7=PASSING  T8=[perm]10472536
    RUALOFCAJOGELIIIWETISDEEASHAHUXLLSOUMTPTTOOUDTLLRMRCRUJVIREYGVWCCHGJGGYWESTOFMOUJWDDUPDEQRGQTDOLYWEMXMGIGNDVHFWXTIMBTNPSYLIROHHVZERPJBIDGBEDGVCV
[ 3] -6.8773  order=qt  Q5=PEACE Q6=MANNER Q7=ANDLOST  T8=[perm]10435672
    IIESITSKAMIVULDORPABLYOTDMALIFCOYIHPYJSWUVTFTEKAPFEANLJTLCAAIMCEWHPOPDKIXXWIPSFGASYWOUBUCHBINRRFEACTXJHXQDZVVXIOPBYQQCBABNZEMHZAXLOIJEADDUPUERTF
[ 4] -6.8939  order=qt  Q5=THREE Q6=USEDAT Q7=NOOTHER  T8=[perm]10453627
    ZRTIDSPURSOONUSRANTERIPNQCTOORDNALGGDYZONNSYLPMQRRXPJMBIDFWWYOKWIIAWTYLKSDOVANUDRPNBJVMEYSUKUHMEKLONSOBJOSGETCLIRLIRJZGAMVXGLCATCGLOVWPOXIVSSHNL
[ 5] -6.8962  order=qt  Q5=AFINE Q6=VIENNA Q7=ANDLOST  T8=[perm]10463527
    ASEEANGDOMPGCCDRMITAUTOPSSEOWPBZYOXNWENOCIPWFDEBITALPQBKXRXAASSMITUCRGLEFSHIQPCVEOXQRATRLBHONMNHSLCVFBETYSIIBFJOGMCYRMOJKDWODLPNVLECTIMHRAMQIBZN
[ 6] -6.9173  order=qt  Q5=AGAIN Q6=FINEST Q7=HEHASME  T8=[perm]10436572
    DGAMEDTECHKJISELKDSSSTILMONMASDOROTIHIZVDDPSMYZMVIICBKCEBZYSJNOSYPLVESLMKQHAZACNGEUAVITGALPXRKATPMVFUQQXOADISPPTRAVMLVCIMOCFPGCAHROXIFEDWLLXKWWG
[ 7] -6.9179  order=qt  Q5=AFINE Q6=VIENNA Q7=ANDLOST  T8=[perm]10463572
    ASEEANGDOMPGCCDRMINAUTOHSSHOWPBVYOSNWENWCIMWFDENITILPQBMXRIAASSRITXCRGLBFSOIQPCOEOFQRATGLBKONMNYSLAVFBESYSJIBFJTGMXYRMORKDZODLPLVLNCTIMSRAIQIBZV
[ 8] -6.9316  order=qt  Q5=FOUND Q6=MASTER Q7=SMELTED  T8=[perm]10456273
    AVRALRAGEAADYPIFSIREILINEDMBSMYEYIQUCRXHAVBMLHTHGHISOWNIEEXCAGOLZTALRKIVCHFOPIMGEYOVAKYVKDKINSRTFGGFHTYCYLCAFNMQJZNOHERCKXLIHUNQKAPAVRKIJBDCJJAY
[ 9] -6.9568  order=qt  Q5=TIMES Q6=NUANCE Q7=NOOTHER  T8=[perm]10475326
    RELOGHFNOYPATTHETUSTOFAORQAYPUIAQBJLEVMRLELJKWXAPLYFWVJUGFUMTUEGMBBQBMLNLUHXTZWEONKZWQZVKTWEBTHERECHTINDHWDCSSMOBDVPNNQEQSELQSIKGCINACSOULXTDETL
[10] -6.9611  order=qt  Q5=THREE Q6=USEDAT Q7=NOOTHER  T8=[perm]10453267
    ZRVIDSEURSSONUORANVERIENQCTOORDNALSGDYSONNFYLPFQRROPJMRIDFJWYOAWIIBWTYJKSDVVANTDRPPBJVBEYSHKUHZEKLPNSODJOSLETCGIRLURJZAAMVNGLCFTCGOOVWIOXIISSHKL
[11] -6.9654  order=qt  Q5=TOPIC Q6=TURNOF Q7=LOGSAYS  T8=[perm]10473562
    MUTKUUSDALOGLONEDAGASREMERCIOHNIVGQADHDOTIFCUXTTCJJUHLPJORTIKEDENZBGNGQYGIIVGKLKCDJLEMNCACNVPNRLCUEFKUSIFZZNISSDPOIDJBKCCBSATGHIATBISPRWAFIHMPMD
[12] -6.9707  order=qt  Q5=INSIX Q6=CHISEL Q7=THEKNOT  T8=[perm]10432675
    IOBTHDAWDLEDSGTEMOVICDEAWETOFHOANWRTBCUCDXOTQITNSUHEERGEJYOUXZHUIEJEYILVAYILUOQMJWYRTCPKIFEPPROVGRECEBDFEHPSJCBDALWMYXYADPRTSSPSUBIMKLPDNMURSWTA
[13] -6.9880  order=qt  Q5=ANDHE Q6=SOLDER Q7=PASSING  T8=[perm]10476523
    RUHLOFYAJOVELISIWEITSDEEASEDHUXLLSWPMTPTTOYDDTOLRMGLRUVVIRINGVYCCHINGGWWESXVFMQUJWXXUPBEQRUSTDELYWFJXMHIGNYWHFTXTIPWTNPSYLAPOHQVZECEJBZDGBKAGVWV
[14] -6.9925  order=qt  Q5=WOUND Q6=SILVER Q7=BROUGHT  T8=[perm]10472536
    SOWEBRSALUBRECENFEREZASANBANTYCSBQIKFDCUNYIFFGAEOTLFRMVOXDAHZOUGJZFWGEALRYABCYSGERTHLCZZLASNZQLPUERGCLTOWFTFQOFCHJQNQRAYMVIFEAWAUEGVHHVCFZEDMTZY
[15] -7.0063  order=qt  Q5=HESAW Q6=DONEBY Q7=THELOST  T8=[perm]10453672
    IVEOSPHSHGANTWRAPPLOSSHTSCAVWBOAPZOQIMBNGUJXLOPAGOOZWAFUQWEKFHDXNREYOFUNSYEJSORYVHSETTATHRONZEMKNDHWIWWYBDAYSATGDHWOQXGWDQKZCXDIZGWIZLKSGUGMPAAG
[16] -7.0090  order=qt  Q5=ATURN Q6=FORTEN Q7=WILLLET  T8=[perm]10467352
    RYBLUDOLEMEABDVERWCAONEYBTREAGELQASYNIUKFESSANIZLJPKOAOJKHBDOKDHNEJTXNCSCBUDDTISUJCXGEIBOCDBRZNVNUNSGSPYTODFDXUCZYNPAJOSHUPGODOALXIVBGXSLPFTCJQG
[17] -7.0139  order=qt  Q5=LETME Q6=SOFINE Q7=ROUTETO  T8=[perm]10463527
    NODPRAPENESTFNICBCINCITICKGNTGPWSFWEYUSPREDVKLSLOQDEREKZTTHJANIPPOZXPJGVYTAEQJHUGTEJWUNPFSNVLFSQZEIHLMSLKSTEFJACTPHIUCOMQDQTFYKYEBUBTSOWIBEPDRZP
[18] -7.0139  order=qt  Q5=OFHIS Q6=HIMFOR Q7=ONEOFMY  T8=[perm]10457632
    NSTINRESYPOUSAMROBXEMPTFORUFLUDEITRUOKGDGWPXCZXLPEDCTNGDNCSBDLODBEMOFTSFQVVSDWDIMOIQJXANYAFIGYXUYQSCRCTWYLTGSAYUTYDRGPDPDCORLDTKMIYEIXGSRAIJFKYP
[19] -7.0140  order=qt  Q5=INSIX Q6=THATIT Q7=FINGERS  T8=[perm]10437256
    FTANMRMBLETOIEPPSOFNIIPRINGOKWOWCPSCFNORDCOPQILGCGHOQHWWJPJUEFMEDJENHFASTIJWINXJEAKFRQARNPIUDCACVZDDZDWILBQEBJLMUPEOMIORHUCHSIAGUWICPRTVYGFZSRVM
[20] -7.0149  order=qt  Q5=GATES Q6=ALLOYS Q7=WILLLET  T8=[perm]10463572
    KGCALCAPETHATINGARTOCAEJKFBTSGDZUVYXUGUTIUYATMUKFLAPOLWDATAGTTEAIMMSXSFMOFMMJZDRZFCPOPVFTCCMYAIEUKNNJHZARXJQOPZWZOEQHFTLGSTIRFATLDMDTOUAWAAWGOQO
[21] -7.0178  order=qt  Q5=TRAIL Q6=TURNOF Q7=ROUTETO  T8=[perm]10472365
    BZERCREVARXWEORESOCKAMADOWECUCEUHEGBHLFNYQFFOCTXDXVDFHNLZWRSVEARELCBLBDSRLMOMFLDEDBJNVIAPZKLZTUGEMYPMRXGOIDPLLTIIOZPJERLCTDJQUBEZXHGPGNIGTRIBESF
[22] -7.0191  order=qt  Q5=WEEKS Q6=INBERN Q7=FROMTHE  T8=[perm]10465237
    NUIMODHONDOFFAGEJSWERONILGAAPLTUDXATWOHNPWIRZXOMBKNLXCFZWOAPZXSHTAPFIJHMYQHNSORYWIVBBAGFPNLOMWIGSDXYNWWEPNTTAMUATLSMSOCTCFXZZUSEWPYXBPMENKPPWRKZ
[23] -7.0232  order=qt  Q5=FORGE Q6=PHRASE Q7=DRAWING  T8=[perm]10476235
    MSTTDONKGASIPSININESLLORNMINGQUOJDUZIMPATCGNZQXJOYEZXGZBFNGREZRSQXJJTMJAVAOPODTEDHVRLZESKLFMCSZYNWQRWOKAPDOQRKIIEFEPBHCISUDODSTYIWWAYGUAIAWRLWDV
[24] -7.0277  order=qt  Q5=THREE Q6=MAKING Q7=STUDENT  T8=[perm]10435276
    IRLIRTEAGEHRHIPWOTYUCTIOLEARSIKCUTLLHENUZAYZFUMHRGLWXWTPBBHYBYSHTJOOAHQINPDOMRZYSRCCSCLFNIHGAMNNUGRWTBHCGHSORMLSYCBKTSAVVOXAWRTYTYVGVDCYSCDUTLUO
[25] -7.0295  order=qt  Q5=HASME Q6=ATLAST Q7=ABSENCE  T8=[perm]10436527
    IAMISFITEBICTHYLHASBRUNERVAWELJULITIYCQPFJRLDUMLXIORODOWWAJDRNBOGTUUNMLTHXQGOIHETBLTJVQYLBIVACEVWTTRVVGGIEMXTCAICAYMFDSNNTSKQSRXUCPGURXWZOOLYDSP
[26] -7.0312  order=qt  Q5=INTHE Q6=AWAITS Q7=HEMAKES  T8=[perm]10462735
    AZEERINXVHEUTPASMEMOILGTOUSIDIALVCNWGUFZEAZZBZXSAIZMGSMAHXSVNDNVFIENOLLETGPKKBESLAOFCPNVJTELJFMNCMDCEFJVTUGEFSAPSSOAPEWRIGTEQITWWOISYZTBNXMZTLLO
[27] -7.0376  order=qt  Q5=AZURE Q6=COPPER Q7=NOOTHER  T8=[perm]10452637
    BLEGSSTYNGISESHOMYIWSEOSSATIETNCUBLOECLFFERDZAPPWYLEMOQGAZZTEUHHEISSVCDMXUNQMYLESZACYQIXBCVXCOHERXVRZWKRGDSFKDVEPTJDGFNDRFQVGCBERQYOHBECCXPVEDUT
[28] -7.0516  order=qt  Q5=OTHER Q6=HIMFOR Q7=ISNOTMY  T8=[perm]10462573
    CRINSIOPNKVESNOWOBDOMEANDCPIESCJWBSNKPSIGOATSOBHASPLTCHVLVATMYYBKPUJJSZCFKXWMYFSMUGFEVVAHFMZKXPEDQRZNBUYAASSDWZUQNAJPHPCWCEIVREOHQQRIIBSCIAMYDOV
[29] -7.0518  order=qt  Q5=ALONG Q6=METAKE Q7=NOOTHER  T8=[perm]10427653
    ZNELIMPOKAYTMIEMEBATOASTURITTEDEDFKPDEXSWCORVPVWVQOWNKCGHEFCYAPWQOENPZUEOWFAESJMOPUULIVBRWHFXJWAKBENDHATDSMNZRUVTYENQPFXMHOYVUARBHFEUNBIYTUEDDVJ
[30] -7.0537  order=qt  Q5=FIELD Q6=SOLDER Q7=SURGEON  T8=[perm]10462753
    NEEADPELZERNTOSTSPONUNIWROSPBBYAQLKUBINQGPRNJFDDMJBKNIKIJFGGFUISVHDVXAUDIVCODWZJTOWINKTHUJYAINSJQJOPXLZLBEKRTGSZKXXEFKKICKATQBLXROKPCHEADEVYONQR
[31] -7.0592  order=qt  Q5=KNOTS Q6=TOOKIT Q7=TRIEDTO  T8=[perm]10432576
    CRIDEONAMEESGAONDBULANMRCMIENPXOGIHSKKQJVDEEMJMBUVKGWAFBKVBIREVFJCDTXDTVCEKGJNWITFKXRJGVOMTFRURANDSQMDZAFCFJUVOITYJOUWLFLBRTUKIPFUCSOLFRTIFROFRQ
[2026-10-04T01:47:52Z] chunk 5300:5400 exit=0
[2026-10-04T01:47:52Z] chunk 5400:5500
progress order=qt perms=100/40320 candidates=107318484
vocab: 119 x 123 x 141 = 2063817 triples
T8 permutations: 40320
candidates: 206381700 in 23.8s (8.67M/s)

==== TOP 32 HITS ====
[ 0] -6.8635  order=qt  Q5=FILES Q6=NUANCE Q7=WITHTHE  T8=[perm]10547362
    IRNUSOYOUPELICDLOFORYFCGLVANTDONOOHOLBKESRPSTZNBNGMGAYOHCPGBRLEIBRROMRYPNEIGBTVJGPFIINFKDRLARTMFXYPTYBSZTEREVCSYOKFEUOURYATRIFCUHZZJFJHZEYMQRLCH
[ 1] -6.8766  order=qt  Q5=MEAND Q6=FINEST Q7=SAWSUCH  T8=[perm]10542763
    ANLEHEDECHADETEENEGOAITVYOTEJUGBFDDFDOHCBCZUUCCAISHAYDGTMPQLESSPICISPYJZLLWQFFPDPXYICREXHCURAEZWHIRJSRSRETWSPQNACAVYVYGFEXJLNDESREIKKOSTKYDWKEPP
[ 2] -6.9325  order=qt  Q5=SHORT Q6=ISTUDY Q7=NORTHEA  T8=[perm]10527346
    PRIGNWEDMSNLIFNOBLYUAINCAAMADOUNDJNXXFORHIBIFGXSEBSIZEVGLWXPEDURNNLVTOHWFQUQDPEDSMEFKXAQCIFRAIILSAPHPYDRGNECNJNOQPRJQMWJVKOZIOQSTCPPINESUGJIDKQL
[ 3] -6.9367  order=qt  Q5=ISNOT Q6=FEWHAD Q7=LEGENDS  T8=[perm]10562347
    ZXECLARKIRTFOTUSAHPLSSUEPHTRELAIXQWCPARPCJYKATIWEOCMAQUQBDLHKHHRJJIXBGEVITRNVCITWYHROTUBPBSSQSMIMIKIEUPMUNWRESMHEEFUTFPDDLUWNICRUCNTOFUBZFWEDCTD
[ 4] -6.9430  order=qt  Q5=MEAND Q6=FINEST Q7=SAWSUCH  T8=[perm]10543762
    ANXTHEDECHJRETEENEGOAITVYOTEJUGBFDDFDOHCBCECUCCAISBGYDGTMPIVESSPICQRPYJZLLBCFFPDPXTGCREXHCIAAEZWHIKLSRSRETJGPQNACAVYVYGFEXDWNDESREODKOSTKYVEKEPP
[ 5] -6.9432  order=qt  Q5=LATHE Q6=ATLAST Q7=ISNOTMY  T8=[perm]10527463
    TCEUMPOLLUEOMSPARIASSHBYABOTOUWRBDUTOWVMKZUFSITXEAANDSBCIEWLEFWSIHOEXLBRPBEJLSHGAWCSIHUBDZHAGXZHHIAQYSOCXKUGLUGOPGDITKTEMLMLKWEBFISULFBLOVTNCQDR
[ 6] -6.9597  order=qt  Q5=BALES Q6=HEDOES Q7=FIFTEEN  T8=[perm]10532467
    CNROELAAMCHIOEMMPRPTONADSPISSISUUVTHIDAMESADZRMYJBZWNKGHZLBQSFKCSYNEIAIUJOQNUQRPXMERJACKRCXDXDKBHTFRGOTENHHOHFDCHOCXTVELELLLAGAZPWTCSEEZRKHAYGZI
[ 7] -6.9852  order=qt  Q5=METME Q6=STREWN Q7=YEARSHE  T8=[perm]10543672
    LKCDELEEXPTRINASMTCDYNTSFOLLTRCXVSURFCOTFWXLYHGDZQVPNEQEHYIESFWINDOTLTTOJBHTXTWNKGEYMBPVGHXVXYOTISWFOLYDOBULINDSZILMPKSQGZDGVXJUDIPJFUASHOXXVAXR
[ 8] -6.9869  order=qt  Q5=ALLOY Q6=FEWHAD Q7=BETWEEN  T8=[perm]10526473
    JGAONHMEIFYBALTHOTTINTTONTVNQNQIBNFIEMIOJMDCXKICXJSLTYAASFQYCYCNMAXDBYVBKMAKIQNXNZYMKFSDECYWIIANSTLLKXONDDOCPJSIVEPKAGDSMIAFIDERTZBFBUXLYVITQXVR
[ 9] -6.9889  order=qt  Q5=ALONG Q6=METAKE Q7=FOODAND  T8=[perm]10526437
    SNEENOUNKAVEOFBREYHAUAPTIBAMCGGOLTLYEPAGIKFFOQKRGROIDLBXUEFFAQWZQOOWOAZJOLNBOROPZDGXOMXTBIOAKAJBMZMUSDIURGMMVCLSEYEXTXFOMHZAPMRUBBNUWPFOVEGOCEHV
[10] -6.9892  order=qt  Q5=OCHRE Q6=REREAD Q7=TELLSME  T8=[perm]10542637
    AUBMRCMMINBUSPONKGODINDEREITCDLSFNEGNBSFEBOXMEOQUEIACEUZHMLBXPGUCVLITTONRYPAJRNNWIEJUHUDQNVWHCOFMIGGXFWHONQXUFNCPIFNOFGJODJVBQUSLZJOAPALJTTSACQB
[11] -6.9916  order=qt  Q5=NAMED Q6=SAIDHE Q7=TEACHER  T8=[perm]10563472
    HRADRREMLOTOFADSOJBEAVIUONDHEDILFLISRMOXWNBUUSFAJJABDMQLYIOFKJYUPLRODJGLYTNADVILPDCRYTBRUKAUVDAPVZHHTUILYSBELCUUMTMSVJURFKKGKIRTPCPOOWWSNLBSQFTB
[12] -6.9936  order=qt  Q5=TIMES Q6=TWELVE Q7=AHAIROR  T8=[perm]10564723
    YKETEVOLMYONDLIFIDBOWTTGOOCAPESGPJPMAYPRDEMHKBCNMRIGPOSWUOSOAXSTVSFALGLATBWSCNHVJBNPAKTXKDFHVPWXVCLAFATODEHTLDQDARCZHIGBKYVGITMSAKINETYYWTNSYQVU
[13] -6.9971  order=qt  Q5=UPONE Q6=SOLDER Q7=YEARSIN  T8=[perm]10564327
    HAMCFOWCATGEECCTFUNEBYOFFROSENGBOOLRQAPGQIBMIFRIJNUOIYIASYCKCMUSOZDONWJBISAFHUACAVACOTDDXORTSYLOVVBFSLDOASHTUMGBDSYOIZXRDSLKEOAUNJTETNQFBVZWDJQI
[14] -6.9978  order=qt  Q5=BLOOD Q6=EARTHS Q7=ONEOFMY  T8=[perm]10543672
    NCTKIDCTPANYOFOILFETULTYTSASWADEIVHUNRHSRGINZRDMJIXKWOFROKAUOZOSUPJQKUQTSHCLDGWGSBIEEANXPXFDIMEUKEAFQQJJIVJZNEJJTACULYEODFORYTYCNNJNIYKNGEYOPKYW
[15] -7.0135  order=qt  Q5=IHAVE Q6=WILLGO Q7=SEVENTH  T8=[perm]10546372
    ZFRIBMINTBACORPPDORFFSBREDBYSICKJSYZMSJECOKOWRTOROCXJBQKLNSFOBTRPFRSAUDJACEVYELNPLYAWKWPSFAOOPTBOIZOPMVOFRYCDUEQYZELWRMTZVAPJFOARZPAIYUHEPGMOXBR
[16] -7.0168  order=qt  Q5=WOUND Q6=SILVER Q7=THEWALL  T8=[perm]10572436
    DMLCERNETISAPRISSCABEFNRLHTSSLPTHLYTKPARJINZIYGBMBTSVRNMYWRFPTBLPNDPQHETUKGOZPNACARRYINWWTNWHFICMXOKZNDYDJLSUBCVMPHLPUQSOJGMWORQICNNFACPDOBWHZNK
[17] -7.0234  order=qt  Q5=UPONE Q6=SOLDER Q7=YEARSIN  T8=[perm]10546327
    HAMCWOFCATGEGCATFUNERYFFFROSINCBOOLRQAPGQIBMFFTIJNUOTYKASYCKPMRSOZDOZWDBISAFDUECAVACMTWDXORTAYJOVVBFHLYOASHTHMQBDSYOUZMRDSLKAOEUNJTEPNUFBVZWPJRI
[18] -7.0368  order=qt  Q5=WATER Q6=ROADTO Q7=IPICKUP  T8=[perm]10534267
    TEGUCNDWASEREAWDADTOSEGBNOOTGARVVALWPKOPNWAYRYDSNJMIIFUUZECUMBSRTETIOWTBGSXIAOKEAXNMADCPNOGGZYAOLGEGPRIALLPJKBHQOMIDRQBQUQIWVILTPMPKKHOYPZZBOQJE
[19] -7.0394  order=qt  Q5=BERNE Q6=HESAYS Q7=MEATTHE  T8=[perm]10537264
    PNZUTHEDMAAMLEEEGLOVHADARDCYTHELVCRBTOPMLDQSFZTPJWKVNZOYNCEIEOYXHAMBDBMJEWEHBTWMYNORCEHFCRAKIOTUAYRXRRRRKSNKPHEMARKXQAQSIMXHIUWZTJJYXWHFSWEDTEPU
[20] -7.0409  order=qt  Q5=IHAVE Q6=FEWHAD Q7=THROUGH  T8=[perm]10562734
    FGCSBTELUSDRHORTESDIGETCYFNODANDBKBPKOJOSKRKRDOWFESIAREEGNFQIPMZSYGALXXCGNMZWBUCPMWMZRZVDXXMIRLQANVAUNGXSSFURWIRDLLUCUTAAUGCEAHPJBLOLBEKWVPPQXYU
[21] -7.0446  order=qt  Q5=THREE Q6=ROADTO Q7=INBOOKS  T8=[perm]10543627
    WHOHOAMKLPAGETHGALAWITMIGNNKLARNQYEJSDYHAGTIUZTTJSHKEAGEMXWUKVZRTEKASDXEWDMANBRBTFAYDGNDHJDOGCQNOGGOEXEYTDYAWNSDBYSRUMEDXQRVPOOLDFPIZHNYKWRYLWNI
[22] -7.0480  order=qt  Q5=IHAVE Q6=GILDED Q7=THEKNOT  T8=[perm]10542376
    ECOADFJURKETHEHAWEEEVIAASDANDATEJFHVZLRMDDKYBNMZUAFJPPWDNWXMIACDYMLSSFNBYQKYHBCTHXRFCWDUBSAAYUEPHZYCJXOTVDBIOUPESLSYWATRSAXDLLETFLIRCTBSXXDYAYAA
[23] -7.0490  order=qt  Q5=EIGHT Q6=ILEAVE Q7=AFEWHAD  T8=[perm]10562743
    DBOPAGEYLDASEELLEAVEMHESHLDGWIDEUUTEJCMKRYINUPVVUCXNFIUGUVUZSYYEKULOHJDCQPMAQXYKROBLFRKODDPQESLTCEGUYZESPHXOGOEEFKEJFYRDDTRAAHANKTGLTASRIVHODSWD
[24] -7.0498  order=qt  Q5=NAMED Q6=SAIDHE Q7=TEACHER  T8=[perm]10563742
    HRADCREDLOTOEADAOJBEIVIGONDHEDILFLISBMOLWNBUISFGJJABPMQXYIOFAJYHPLROCJGMYTNANVIBPDCRMTBEUKAUPDAVVZHHSUIIYSBEGCUZMTMSJJUAFKKGOIRZPCPOLWWQNLBSRFTR
[25] -7.0552  order=qt  Q5=HEARD Q6=FINEST Q7=SAWSUCH  T8=[perm]10542763
    ENLPHIDERHEDEVEINEOOEITHYCTEBULBFYDJDOSCFCZGUGCAASMAYYGBMPFLISSUIGISUYQZLCWXFFUDAXYACOEXSCZRAPZRHINJDRSNEBWSUQWACZVSVYOFIXJCNHESNENKKWSBKYYWTEPU
[26] -7.0556  order=qt  Q5=WATER Q6=ROADTO Q7=IPICKUP  T8=[perm]10534276
    TEGUCNDWASEREAWDADTOSEYNNOOTGATNVALWPKGUNWAYRYZLNJMIIFPGZECUMBWDTETIOWAOGSXIAOLQAXNMADWINOGGZYNNLGEGPRGCLLPJKBINOMIDRQWOUQIWVINYPMPKKHGQPZZBOQGH
[27] -7.0575  order=qt  Q5=NAMED Q6=GILDED Q7=INSEVEN  T8=[perm]10547326
    VESABYBMASOBWATICITSPELFVPONDPODYLMARERXKYRBHTVELWIYAEMOIAMBBBCSXNIMEXTBVQMMSFIJZYXBZHVEJRVPFERHIZPOLQLBBUYCONNEDWWGRJKSWNQMFXAVYAJYCTTZQDTHMTRM
[28] -7.0599  order=qt  Q5=IHAVE Q6=GILDED Q7=THEKNOT  T8=[perm]10532674
    ECONSFBURKEVUEIAWEERPIDASDAKSAREJFHEZLFMDDKVWNCZUAFFBPVDNWXIJAEDYMLCOFLBYQKGPBCTHXRRXWSUBSAAUUMPHZYMAXOTVDBFOUSESLSLLAURSAXNILTTFLITKTHSXXDGKYPA
[29] -7.0609  order=qt  Q5=BUTNO Q6=OBJECT Q7=WHICHIS  T8=[perm]10567423
    ACFBEINOORQAWNUTHEFEFHOREPHVINNOZTFOEWVDCAIULJPRTRSOPLVDQZPNFWDIDREWWIDOCUSXVXONGUDWIEEKMBYASNLGOAHHFHTPRWULDGRCMKRJAZGCUPEXSYUVFGEDIUXKDFKLEQIM
[30] -7.0622  order=qt  Q5=HEMET Q6=POLISH Q7=EASTNOR  T8=[perm]10534762
    IPSUECSONAVUECHEDMSMASNENUDGILLQOMPRNUKGJFTXWEEJNLHITDSOIHHHSQDYUQOBELIISEMCPFQLEVWESITEXCIGWSANRRORNNSWSZJYPFPJNOYXQLBPXZPZALIOYIEPFMHUYCLABACP
[31] -7.0638  order=qt  Q5=ANVIL Q6=ATLAST Q7=BELLOWS  T8=[perm]10572463
    UMDBEBILELAMURTHLEFUFCEVILDBEDCAITEUHACEOCGSYGLXSBWCSTWTDHTZQURSTKRMMAZJGUBURUBOODZRJNELBHNYJZAXWNOCHBFEHLEWTHMBMAKGLPZMWAMIIPSAGWJTUMWYAPOCKPQA
[2026-10-04T01:48:16Z] chunk 5400:5500 exit=0
[2026-10-04T01:48:16Z] chunk 5500:5600
progress order=qt perms=100/40320 candidates=107318484
vocab: 119 x 123 x 141 = 2063817 triples
T8 permutations: 40320
candidates: 206381700 in 24.0s (8.60M/s)

==== TOP 32 HITS ====
[ 0] -6.7566  order=qt  Q5=MEHIS Q6=SUCHAN Q7=SHADOWS  T8=[perm]10623574
    GSURPONSJOTYPOOKBESISEBCBITCIREXOWUWCCJANYUKHEULATSKUFNZYFAABDFEEDWTYUSYSEWMBNQACENDBUHKADDRVTIOSDWEFTWGARBACEJBRIYMJARUDBEHSMWLOBPAXHJPUVZLPNFU
[ 1] -6.8273  order=qt  Q5=AGAIN Q6=METAKE Q7=NOOTHER  T8=[perm]10627453
    ZWCUSMDPTRYBENDMISEXTEOBIRNYSOFIBJQPICRKWGPOZPLUKHORHTSGMCJPKEPRHOILLNEIPRSAMTLFOANZMINSOLHJXQIATSIGSMCBTSVLSUMKYSONRRGMMMPSOUVZFBFITWLISYZOYHYQ
[ 2] -6.8996  order=qt  Q5=AHAIR Q6=OPENED Q7=SMELTED  T8=[perm]10652374
    ZLEHOWGODRYNWEBYWQIRENAHANATEMNSETMYPNABFTSLGTINTRVALMEXWDOEUBGSBKBAFQGTDVOUWQLKETUGHCOUTDLLWUCKJOGSIFSLSATIPSEVTQXOFDNCMNGWNLUFZRFUYCIOAGNMFMEW
[ 3] -6.9209  order=qt  Q5=MAKES Q6=PICKUP Q7=OWNHAND  T8=[perm]10634752
    LANKSAVNEANVIDSSFEMMYFZCANBESBYTLNPHAXJFCMYXJICODEYUWWKBAOFGHOVWHHZYOTNHELDSCAMMORFGDBSBUTYGALWFLKNXGVFZPJIMNEQKYKGKMAGMTSNKYCOWWMTTUEANAXPFMCKT
[ 4] -6.9381  order=qt  Q5=MONTH Q6=ENOUGH Q7=FALTERS  T8=[perm]10623745
    YUDECHQIFSTAILURXLSOURTAREDWEBVFXWAVCEEOCGOQENINGMLIBWYBSAYDSFEYTOTUDBQUFTGALGABNTTKRBHTSPOPJLAWPASPXUAQPHIWQVJEDFOKOKSMFSJFFTMJDZLHSINKRJRETPLD
[ 5] -6.9428  order=qt  Q5=ONEOF Q6=EMBERS Q7=THATIFI  T8=[perm]10647325
    WRUNWXWARYDAOBYASANKTOLUPURPEENYZUTDVTAYWXUJQJCUPPLHOKNQWMALOHAVEDFPZEROTTSTBEZDPVHVDIAXGYJZADUGTAPAHIEDNNONQUIYFFVOOABNMPLTNJFOJEUNVWEEZYEGKMUC
[ 6] -6.9545  order=qt  Q5=INSIX Q6=SPLITA Q7=PRICKED  T8=[perm]10653247
    NPRRNMACUTNEWEBIUSURBUSYLINFMISFDBGISJCREYFOLBUFPAMCZZGXISOYZPBTCLGCPRIVSTLSBRAJOARMOMJVIJCHWUREDSCOFMDIPSNNCGWVIHGHJIKAKDPMRFMSIJEWQFPOLUKGTBIO
[ 7] -6.9589  order=qt  Q5=ANDHE Q6=SUBTLE Q7=FROMTHE  T8=[perm]10642537
    MELENASTOFUFCRUBMIITSAICURYITLXEELRYHIDUPWVEWXTRPNJJYVWGIGSSNEFACOREHURMFTXJVZBUGHCYBNCQZVIUULMEACETXVYUXJDGYAESIENSJTGABYFMYSCDCOSXSCZBUCJVJBBN
[ 8] -6.9632  order=qt  Q5=INNER Q6=AWAITS Q7=FOODAND  T8=[perm]10637245
    COBICASFOEMARYSYONLIMNILFHUPGOILKTDARNVLPPIBBVHSSRXBEYRDJINNLYOTYYERCWSHYGLQBUSMHKSDMCDSFSBFJYWERZHSVCIMDWIDECZPNINZNHTVUKZEJEBRGFTISTSZJYUCOWFW
[ 9] -6.9646  order=qt  Q5=BEGUN Q6=WILLGO Q7=BEJUSTA  T8=[perm]10623754
    TIOACTRPOSWISPBENIBRAHSKNTISROUNWARNUHLCJIPPDRHOCUEHOFBUMGFWKJTNUZUDAPBQAKRMRIKBKAALYTWWQTYOMNEUBJAXACSTESOGRZEBQKIWAMHKSONTSQTVBASHAXXITDUCPKXE
[10] -6.9735  order=qt  Q5=IKNOW Q6=ILEAVE Q7=MARGINS  T8=[perm]10653247
    UYBIGSUNORWENEKLDEASMAUVOFDEUSEGHMKVDPUUEURUFFAGBOMXJJWHZUEURKOAFRNNEHBOXVCSGUYLANHYBXPGMOTTDRSMFCDBBPZPHZHJSEURUHNVKYVIEPMUYFGZNUTTYNTRHINTUPXA
[11] -6.9824  order=qt  Q5=INNER Q6=AWAITS Q7=FOODAND  T8=[perm]10635247
    COBICKSNOEMARNSEONLIMNILFHUPGOILKTDARNVLPPIBBDHMSRXBEBRTJINNLAOZYYERCMSNYGLQBDSPHKSDMADBFSBFJBWORZHSVDILDWIDEJZVNINZNHTVUKZEJLBUGFTISHSIJYUCOEFC
[12] -6.9908  order=qt  Q5=LEDME Q6=GILDED Q7=LATTICE  T8=[perm]10645372
    VNJAHTAOFAHEANAFATNAGRIMYFSCRIBDLFAACEEVTSVGINAMMQEKVIURCRTHLAPRCWUASFMMSQIVDDLEBOVCVECHJYMWSAFOGIMJUQDTIUENOSWAJYGVTFIHELEMGDOBWGAKZDDEWZVUMVIA
[13] -6.9945  order=qt  Q5=TRADE Q6=WINTER Q7=ANDEACH  T8=[perm]10627453
    CLIVDATESAGEBAIDECMTOFSMEAMMFCOJKKTYBKDMLVDMGYZAGTOEVKEZRXOHOURUWGIQCLIWNUSISKPEFPDRAKEYSEZDUWORGILDNAEEDXCVZSBYPAPEOSQVYUAUTUIAWFEGFDVJKNRVYIFY
[14] -6.9973  order=qt  Q5=AWAIT Q6=WHATHE Q7=YEARSHE  T8=[perm]10627453
    ETTRIIELULLSPSGIICHALUESYSPUCHOOGJEQQTRKSNIVCCRMELVMPFGKVSKUPUJUCPPVERHZVRKADUSVOBYINSTFZPZQIUNIFNPZJEFYSKMITIFCOKGNVRIXAPPLPEXJAPSYIEWJEDLAJRFW
[15] -7.0021  order=qt  Q5=TELLS Q6=HETOOK Q7=EYESARE  T8=[perm]10647532
    HYINABSRODOYABOKSORSGINETERAHSGIOKMLGFWVOJQLKFUSMCJLNRASYTTBEJCCZGMEYZLOLWIOJTVNSMPDSOIVOZTHLAUYQFFAARDJANVEPNOQUMDOZCVXYHIESQDMTUBTLLAHRDTEXHAR
[16] -7.0084  order=qt  Q5=MAKES Q6=CHISEL Q7=WROTETO  T8=[perm]10625473
    NTOKERUDRISEBABUDARITPOLEJUSUNDIAYMBBUQCBCIDRVIKCQGBDNCACUCDRLUSQHTXLREUNYETCABJCLVNDLHYROBIXLLRKSTODLYLYMUMNJPUQBROZOYSQUZHHBAZOVNVJFWGRSNEYDXA
[17] -7.0093  order=qt  Q5=BEGUN Q6=ROADTO Q7=LIFTING  T8=[perm]10647532
    LUIFGALOELTISBCTSSYATTERSOSTORUWXZTYGUMVDCOSCOHGZVVEKDISNJKMFTBQKPAGPOBGARLTIWMEROJZKQEWQIEHOWEEIQZYPXNKITDCHTSGQVCCHJLKXNMQYCLIVOWASGTTTRUYEVEQ
[18] -7.0119  order=qt  Q5=AGAIN Q6=ANNEAL Q7=SEEKING  T8=[perm]10576243
    WCYUSZANCLARGONDYTOBEGHITMIFFUMIMTFDRGSUBUALXKITZNHLTAGBJZSRLJPTRNRBNQXCBWOUBZHQQYIASTANWPGUDRGRAFTPUMJKPIFOLGYPBQUIOMSOWTCRUCVALBRRIOETPULEAOZE
[19] -7.0295  order=qt  Q5=ONTOA Q6=METALS Q7=TIGHTLY  T8=[perm]10623475
    JATHENPYTOPBBYENDTOTOCAKLGATHISVUQHZZFRHYEUNPDTQCIWNJEFKRYRIFJOTZTZZUAESXRYMQMLDWEZENUOGBYIOLBKSMBHJCOVGIWIXSMHEPECEOGOCDTVSQPODHDAMSTNLZQPTNUSH
[20] -7.0295  order=qt  Q5=PEACE Q6=ANDLED Q7=TAKEONE  T8=[perm]10624375
    PIBYGIGLYTHUTARNEKENIAMORSAONISZETABIHQZBSPMPOLEAPRWPYLEPWJARHGJCIUJSDNMNMLNHESEVBKMYWQPCMNSIAOPCHTCOFPZVIEKQOBKSEPZIXXROLJTAMXALZHJCMLVJFBLARVC
[21] -7.0368  order=qt  Q5=FIELD Q6=FINEST Q7=SUSPECT  T8=[perm]10623547
    GRICQHEIWOMAHELYSDMOIDOFOUTLEOFDMFQMDNEBHIMWFRFFRSUKXNWUHEAZEKAPRSQARVGCTVPIJEORFTEZDKRRKCFPVSNSDUEPVVHPUDXKAAKDOUNEARYUPEECIIGUQHTSIMUUZBOUYELF
[22] -7.0426  order=qt  Q5=FIELD Q6=FINEST Q7=SUSPECT  T8=[perm]10623457
    GRICFVEIWOMAIDLYSDMOAMOFOUTLEOFDMFQMPKEBHIMWMUFFRSUKOFWUHEAZTAAPRSQAYUGCTVPIAQORFTEZQJRRKCFPIGNSDUEPQXHPUDXKEPKDOUNEGUYUPEECDQGUQHTSPTUUZBOUUMLF
[23] -7.0508  order=qt  Q5=HEARD Q6=OBJECT Q7=INSEVEN  T8=[perm]10637542
    CHMYSDADMOFYWNENASEPROBYTIODIALGHKYAWTVWATCNILYYCTPNLXYLFLUEOCZIKTVGMAZDIEDAYSTWOWZGBABUYAUSOVBZNLFGLMHZCZRWVPZSWGQHPPKFDVBDDXIHGSOAESKPMRNSQLMB
[24] -7.0534  order=qt  Q5=INOUR Q6=TURNOF Q7=FROMTHE  T8=[perm]10624735
    FEHITSBROAREHNFFTNPHFISTANGOOPMBWUWNJCDRAVKTLDJVXPTRTICTVPOINCXGOVCJBMOINWENFPPOFZGQAIJSTODUSHHCCHNZQUCHINILTHDQSPEXLPMAYYQVYTEBCKCWHVJLAGTSVWZA
[25] -7.0538  order=qt  Q5=THREE Q6=MAKING Q7=STUDENT  T8=[perm]10635274
    IRLISTSAGEHRBICWOTYUOTNOLEARAIZCUTLLTEPUZAYZTUKHRGLWVWSPBBHYTYDHTJOONHBINPDOURVYSRCCLCSFNIHGYMXNUGRWKBMCGHSORMLSYCBKJSUVVOXANRBYTYVGRDTYSCDUKLZO
[26] -7.0607  order=qt  Q5=WHICH Q6=SOFINE Q7=IPICKUP  T8=[perm]10637425
    ZTOMSMNOTHUHOPEVENCMTUSTRONHWIXISTVLYOQETDETFIEPJPSPBSGRGUPYDWEPYOLTOLSJWBIDVLEGYFCHGUKESFISDQVOOYDUGDRDZFPZNUDIOHLDSJXRJGTQAOEZKKKGSUJAABPUBTLU
[27] -7.0623  order=qt  Q5=WHICH Q6=SOFINE Q7=IPICKUP  T8=[perm]10647325
    ZTOSMMNOTHUVWPEVENCYQUSTRONATIXISTVYLOQETDEDSIEPJPSATSGRGUPOAWEPYOLRBLSJWBIZALEGYFCZYUKESFISDQVOOYDFVDRDZFPYJUDIOHLUUJXRJGTEJOEZKKKDCUJAABPDNTLU
[28] -7.0625  order=qt  Q5=STUDY Q6=DAYSIN Q7=DRAWNTO  T8=[perm]10625743
    LHUBEEWRILUTEIFBALNKENSSUREEOUNSLPMOLOIXJDSMDISCCMFCEDFAFKTNERGGQVGYTOSWULQJLWBJIFWMJDYXJANFWJXVYMOCMZXWNLQNVNYYBAYORDZROPXANMVSLANWSAHEARNVUGWS
[29] -7.0633  order=qt  Q5=HESAW Q6=DONEBY Q7=THELOST  T8=[perm]10643572
    IVEOILLSHGANLOSAPPLOUJITSCAVYRAAPZOQOPANGUJXQEQAGOOZJEIUQWEKALFXNREYMCENSYEJQQXYVHSEKIKTHRONREJKNDHWQHRYBDAYSDRGDHWOFCDWDQKZAIUIZGWIGHISGUGMSVIG
[30] -7.0638  order=qt  Q5=NAMED Q6=WERISE Q7=WRITTEN  T8=[perm]10643257
    TAODOSNUIMMIGOMEOUTANOMYNZULAMEUDFJGCHBEORIRUCRVANTUNMDPWQALJLPHUCGERYITPOLYEIQVVIGCAAMIGKOXQSMZOPCNGXPEXBPPYHCZAHDACBNWOHFMLLNFCCROZWARSRGDKJRD
[31] -7.0652  order=qt  Q5=TANTO Q6=SAYSHE Q7=HAMMERS  T8=[perm]10624537
    NOFNDWWAIPPLETOPQSEERIPSREECELHERFIPQAKMVHBPZZFOMEBGAZJCOVKFUXHGFUNCETOXJYZTQHFYVLPLZTHCOIXNEFRASNAYCBFSIIFLNQAUAIMWUSOEOIONYHNCFCTWPOOVDNSUTFIP
[2026-10-04T01:50:27Z] chunk 5500:5600 exit=0
[2026-10-04T01:50:27Z] chunk 5600:5700
progress order=qt perms=100/40320 candidates=107318484
vocab: 119 x 123 x 141 = 2063817 triples
T8 permutations: 40320
candidates: 206381700 in 23.5s (8.78M/s)

==== TOP 32 HITS ====
[ 0] -6.8860  order=qt  Q5=BUTNO Q6=MAKING Q7=MASTERY  T8=[perm]10657432
    ZLECTPREYSIRXEPAGALESTGRPAUNDVDEMHHNOWRCGYVHJQNSUAEYXTTIIYNXYACJARSXRYMPORJLJBEPBQYTAIHREGORPKDASFANEIIMUXNJYLOCGXFAKRIOIGBUDUITEHFASIAOOSXZSKEH
[ 1] -6.8983  order=qt  Q5=TANTO Q6=DAYSIN Q7=FALTERS  T8=[perm]10674532
    LOCACINGITWCATAVQFHERLYMEEACFCEPRFHWJBHMUSUPKGEBHGGHQLFTAVRMLXHHEHYCETSLGJHTNBBHDLLCWTIBTAGUEGHSYNKYCHBIILEDPQAUBACEUSTERJLNRSLEGWQIZAOSWEUUSFIJ
[ 2] -6.9081  order=qt  Q5=INNER Q6=ISDONE Q7=PRICKED  T8=[perm]10723465
    DKAINDPHSEVAYNSOSISUAFESOFACATUBTVDEJKYMVXDSRACPXRUNTTLWVPLUCRAVLGANIACSDOSJDZHAFLHMPTQBTCKEDYMFRJPFUOFQAJRYBAPSGHJEPSFHLASSTSPQKWZNFTTDYTSATEFC
[ 3] -6.9189  order=qt  Q5=ONTOA Q6=METHAT Q7=SUSPECT  T8=[perm]10653742
    HRAMVARMXOOPINCARLOFENERYSEUVIGAHUVZKNFNQEBGTZADAGVNTRQOZINYFWPHPGCMYZNPOFDNEPEBBWSEAKFREFSPMIUQKSPPYRINGHNAGEVSEADVMQGITEOMLOPZUHRYJEGOQITYXIWQ
[ 4] -6.9222  order=qt  Q5=OTHER Q6=THEOLD Q7=FROMTHE  T8=[perm]10735426
    VALLLEYYOUSUIRVIAFOPIMALADELKOPSTNPGJAKHOGLUDVESBDRAYAAXRBGAKDRGNBQMERIVDHZNKEJCFYNOOTSTYARDHMWNXFFQLGVCOLLEDYDQEIJDGBYSFXWXPVVLCHJORWETDSDLTHKR
[ 5] -6.9273  order=qt  Q5=YEARS Q6=SUCHAN Q7=THELOST  T8=[perm]10672534
    OSGIPFUNTREERUACTERLXGIRROLIORWXFYWACFWIKTAEDQUIWSABUKDQTNWTXRULEVDGAWXSCMRNDYBOMETHDEDZURREPHBHWNOFXWTZCNIYJEWEDPMFJOLMKTIQWDZYIRQSATJSHPEBUNIS
[ 6] -6.9425  order=qt  Q5=PEACE Q6=FILLED Q7=METMEAT  T8=[perm]10674253
    DIEPARIELKIHEMSBANDSITHCITOIOBWPXJZCSSSRQGJRMCEWCNQQVHXZBNIXJGGMOESJEHOMDINOUSWGBYWPCCCUPTUITLXJJZKORAMVVRDNBYGBMAOOYUOBVLNONWOESMOVEKSCCSTSFKMS
[ 7] -6.9520  order=qt  Q5=AGAIN Q6=GOLDEN Q7=FURNACE  T8=[perm]10674253
    EGHPPFORRYDABITRBCASTITWOHRIOAUDYIDYNNZTHUUUGEGFURSYUPGXFJFSINSZGRYTPSAWFMISFPSMPEUASODRRECPQUIAEYKQKUUXADXGKBASXBZDTKMWAYMDCPBEPJOCPDHISRURHUUJ
[ 8] -6.9590  order=qt  Q5=IFELT Q6=HIMFOR Q7=ANDEACH  T8=[perm]10735426
    ASBEWIACKSINGLLSSOFTUBTIRVRDENTTWECLSTQRFEIVUFFWIEMGXAZDLFHQPSQODYCLPHVOXHFARYBKYDGOWRFAOMTSMKGIEETMHUFAMOPMRUXYOKXSUCOLKDKBLMCRLEIELUCBUIZDMADE
[ 9] -6.9601  order=qt  Q5=INNER Q6=ISDONE Q7=PRICKMY  T8=[perm]10723465
    DKAINPEHSEVAURSOSISHIFESOFKLATUBTIMEJKYMISDSRACVSRUNTTDOVPLUCQIVLGANBICSDOSCMZHAFLAKPTQBTYBEDYMFQXPFUOFGIJRYBAVHGHJEPZQHLASSWHPQKWZFQTTDYTZITEFC
[10] -6.9625  order=qt  Q5=LEDME Q6=AWAITS Q7=UNRAVEL  T8=[perm]10654237
    XZUAPLANDONACAGULOUOXEDHOWEXKELYQONHPSMMCTIGOBACMBBLERZUIDJVVLACTTVLBAUGICMXISEWINWWETVQJTZMPSJHLRXRWPCMNFCVIDOWNQGOREJPOFEEVTAJDOGHKWBLRVVHOXZO
[11] -6.9692  order=qt  Q5=ONEOF Q6=EMBERS Q7=THATIFI  T8=[perm]10657324
    WRUNNYWARYDAFRYASANKEXLUPURPAINYZUTDVTAYWXUJCRCUPPLHDUNQWMALSGAVEDFPXFROTTSTWVZDPVHVZKAXGYJZKLUGTAPAOXEDNNONQUIYFFVOZGBNMPLTLMFOJEUNGSEEZYEGNZUC
[12] -6.9736  order=qt  Q5=AZURE Q6=PHRASE Q7=HAVELED  T8=[perm]10726543
    NSAYGDYNNMINEVEOSEEPSVOCOUDONEEMQTGBWQRILMCHGYYRQXSXSVAWHNATNIDNHHEWANLQGOHAKFDBRMZTDQYYDZQSMDEPASENEWTVSEYFXRYXGMECCNXNOFELFASTFCPPBRICAEYRLNRL
[13] -6.9772  order=qt  Q5=THREE Q6=DONEBY Q7=ARCHIVE  T8=[perm]10654237
    VSDESWABWRUITFITYESFOKALUCELLANDXOUNIZSPAECTEMAEYHRDCNESHIENGUDBMGCZMLMSGRGTHAAACRLHVRZKKWIUMCOFKBAWXWVSGLQRFCUTFWYPNGZUANRPARICWYPTFDHKGJIFQLVC
[14] -6.9831  order=qt  Q5=TOOLS Q6=MAKING Q7=NOTHING  T8=[perm]10657342
    YCFNAISCSACHTYRGOVIDANHOMANAEWJLGXYITXNTZAQXEHOGFOLRSYEBTPWSCOWLBAFQDJUUSNEQTSITYSCOUUSJCQXCETZATKBMNUDYCREUJFLHEYGASBSPUOWHVHTOIPFNSJBEERBSJMFS
[15] -6.9894  order=qt  Q5=HEARD Q6=OBJECT Q7=INSEVEN  T8=[perm]10735642
    CHMYSETFMOFYWCSBASEPRYASTIODIDIFHKYAWNWAATCNIHEVCTPNLOZGFLUEOFWHKTVGMTCPIEDAYUAOOWZGBCIFYAUSOUDXNLFGLNDYCZRWVAYZWGQHPFPKDVBDDETFGSOAEDEHMRNSQCDX
[16] -6.9908  order=qt  Q5=INSIX Q6=THATIT Q7=FINGERS  T8=[perm]10734256
    FTANJRMDLETOKEPMSOFNEIPOINGORWOVCPSCYNOEDCOPKILACGHOXHWNJPJUFFMDDJENUFAZTIJWANXXEAKFDQAMNPIUECABVZDDVDWMLBQEIJLEUPEOTIOIHUCHBIAEUWICMRTAYGFZJRVB
[17] -6.9998  order=qt  Q5=BEGUN Q6=WORKED Q7=LEAVEAT  T8=[perm]10735246
    UZMBSICAUSSAPACATCGREETOMCUTLPOTBULOGIVQIGKDQQPHFVOPXJPEZTKETNNPWPLULUGOJCRYIAPXINLYOKASLVOAVEACOPOWQYWITHDDZFXZGUCFPUOCSXZFPKLLAWKOYLNTOKAIGYOG
[18] -7.0023  order=qt  Q5=ONEOF Q6=TURNOF Q7=GUTTERS  T8=[perm]10657423
    ULONEAGURWSTOAKMORTOTASMDVNALYPZDXCDATHXTRNIDNCKNLLDONEKUPSCNUWOKANSHGHMHRLAYAZDDMUPNJLJGASSAFLEVGRMTMVMCYQGTVAPZZSERJGTMPXALUDUKPUMCQESUKPWGDQP
[19] -7.0061  order=qt  Q5=TOTHE Q6=REREAD Q7=SUSPECT  T8=[perm]10657342
    SIDEMYSNMTSUSDBRIEGEIDECIAYUGOOXLIMOONSAUNZAPPURICKPTFAGJMDITESEZBHUVXQBVPCBZWNNFHSQQRPSYYXMUCLHOSWRPCSEFMAWUAKREMWHCWTHVZBZGKBFIGYSAYFGBCFSYSWW
[20] -7.0066  order=qt  Q5=MAKES Q6=PICKUP Q7=OWNHAND  T8=[perm]10734652
    LANKSANVEANVIDREFEMMYFXDANBESBKSLNPHAXLECMYXJIMVDEYUWWWEAOFGHOQZHHZYOTPTELDSCAUIORFGDBGRUTYGALZDLKNXGVBPPJIMNEWWYKGKMAJITSNKYCQBWMTTUEMBAXPFMCMF
[21] -7.0083  order=qt  Q5=GATES Q6=SUCHAN Q7=ARCHIVE  T8=[perm]10672435
    LWMBENMNAPPOIPTEDLARCEONTDOEILHOOYJNESJOZRAHPUIYSPCHKAQYOCIAOGLTXGLSOMDWHELMAYEADOLWPLJORECFKZENEIMZITWZYOSAFXVBDSQTRRKIYDUKKZKMATZQCEPWUVERPHQZ
[22] -7.0162  order=qt  Q5=SHOWS Q6=ANDLED Q7=THESAME  T8=[perm]10675432
    KOURISDWAXWILDSYWAYAITGHERRAYGMBELFFJOEDSPQLKUFHNBVYPMWEKMMXNLIMARVIVDJFDCCKVYEAXPMQOESCNXCDEHILAJACJIPNRFRGAISXBJLURRDRUPUNKUUSMCKKAHIZMFHPFOGT
[23] -7.0315  order=qt  Q5=FIELD Q6=INGOTS Q7=LOGSAYS  T8=[perm]10742356
    ZGPETREUNTINETSTROKERGNAZUGMCNPYYZQJOITYWEAFEXDZVLYMKHZLCABLYDAYNWBDMZJEQILGMAUGIHANUYENSHSIEFGGHIXXXNEDZOWGYPGHVCPUFBHVJKMSYJUENLEARIVIXDJWRHBE
[24] -7.0325  order=qt  Q5=VENNA Q6=ANDLED Q7=LETTERS  T8=[perm]10735624
    WEHEMAIGHTCANNGYAUGORQRDFAMOVIABNFBLEXMIAETXIAQHYQRIMMDAJAFIWETHCMXRNHWOPIGPTRUZDYAYUXWRNHFNNZMURAKMAQACOCSADDDSAWBYCTVUBGAWWDKWPDXEMOYYWQFEGEXA
[25] -7.0362  order=qt  Q5=TELLS Q6=HETOOK Q7=EYESARE  T8=[perm]10674532
    HYINVBSFODOYOBOYSORSQINTTERADSGNOKMLGFWVOJQLPFUPMCJLTRAUYTTBLJCPZGMEVZLELWIOQTVISMPDNOICOZTHJAUPQFFAZRDXANVEDNOGUMDONCVTYHIEDQDHTUBTMLAGRDTEOHAQ
[26] -7.0380  order=qt  Q5=HASME Q6=FILLED Q7=THEBARN  T8=[perm]10735264
    GJOBMICLONHIREHATTOOIENTZWIODBPFPGDFABIIIYOKWEVREASFRWQSKLZATNTYYNQVGWLSTJWEURWMADTJZAPDXDUHVNLAKEOEBQUHATEGYHAWAUXDDLTTBHTYNOLEJYXIGWKPWERXRFET
[27] -7.0386  order=qt  Q5=FIELD Q6=ALLOYS Q7=LEDMETO  T8=[perm]10674532
    ACCALLISCAHHIBBESNTNOONZUNANAGGWQWWWAGXHWFRYGMJKONFHRLAGORBFFPBWIKCASRSMOOQQZXQSZDCDJBZPTFCXKBBEQMNQUONIVOFFOOAIXPHOXFOHMOVASFAOMOZLEOASHSBATRLY
[28] -7.0424  order=qt  Q5=BALES Q6=HAIROR Q7=MASTERY  T8=[perm]10654237
    POROMINOUNTRONGTISSDHSHUSALQCAHZJDFOFDQVRYTVWBULASUTSXACHPLCCUAAQGVELISBVCKOAAWGNVZXFIGTAXJIKVWGXZKSKISZOFXIMJJTHMSABYEJNRZLDAAETRSARWLCAOSXCYFQ
[29] -7.0442  order=qt  Q5=PRIOR Q6=ATLAST Q7=MEATTHE  T8=[perm]10735462
    IDBCYNYOULATELDONOWGEGMRMVEHERWAWWVISHSFMVVRYDDEEHUSKNVDMUNRZWPEQHEREZNUTMDNHDMLVPLLVSGINGFLWQDRXUTBYDQZZEVHRFOUILKDDOTSRCSYHTHJAKEHWAGYFEDRQOER
[30] -7.0465  order=qt  Q5=MOULD Q6=PIERCE Q7=METMEAT  T8=[perm]10657243
    TUPELITFILYNIPGAITEALBYAZILLVILOJXYNGKTMAMENVDNEDQEJVBBUQUCXHCOSBUUYECMLOAKSWNXMZXEQANUDWTIUTMRZOEXVINGSPYMTRTTESXIJZMZYJWEGHEQRTCMRHCGELLOAMKST
[31] -7.0470  order=qt  Q5=SHOWS Q6=WINTER Q7=LEAVEAT  T8=[perm]10723456
    WFQLEASORIKEFTTORKREGIFFORATIVALXINJPOYPLNYRUIKODZEAGCJPTBUGZDCWDHLGXSIEXWATPMRRZFHVYSFDIMANOGQQYRQXQCOPZFTBRABMUYEXHDPOBEXDEPHIGSOFXGHYYLJZJDGQ
[2026-10-04T01:50:51Z] chunk 5600:5700 exit=0
[2026-10-04T01:50:51Z] chunk 5700:5800
progress order=qt perms=100/40320 candidates=107318484
vocab: 119 x 123 x 141 = 2063817 triples
T8 permutations: 40320
candidates: 206381700 in 24.4s (8.45M/s)

==== TOP 32 HITS ====
[ 0] -6.8706  order=qt  Q5=NAMED Q6=PIERCE Q7=LEGENDS  T8=[perm]10753642
    TNOLCEWMUBAKIACUTHSTHATBSSIMPIOCERINEQMQPHXGGJMOHUEESSYHNXTDOTTFBEYMHAYBZQMLNWALOHIVBMLEUROKAIDIKFOWOXTFRYGOHVPKDTIVIMSLIFYLEBBYRJPSIJXFVFFNMXMA
[ 1] -6.8990  order=qt  Q5=HEARD Q6=SAIDHE Q7=LONGAGO  T8=[perm]10764325
    SPSICCPEANOMEAWWIWDFORSFRORMELBETZPCMAEWKELHSZIGVPDEXAMYESFOISCGCDJKIXODRDCULWONTGTOLKMEFXVOFPPSJSGNXCARXXCSRJXHJQLXBERLWDOLEFDRROAUJZPYECNDTDPI
[ 2] -6.8990  order=qt  Q5=NOTMY Q6=INBERN Q7=LATTICE  T8=[perm]12035476
    LURMUNJANITKNINCAREYTSRCUSBUTIOFWENEXGDTIPOPGJIIDZKRJSKUESOEJCHKRFHFFQFISJBTIAMJDDSIHOCNTYIZUSKQNLPAQLDKNMIGSETFANAOTLEHONSKWZODIURKKSABTVAEHRRX
[ 3] -6.9000  order=qt  Q5=INNER Q6=REPEAT Q7=BEJUSTA  T8=[perm]10745623
    NECTELFTPTPLIBCILDSWAROFARHSURBLOWLGCQJSIBNPRPULILISKENUXGFEHBDENNOGSZLPWHOYDJCRAOBTRGDJDWXUAREGVHXUIRMVLOYRAPUPQEBQNAAJURWHSVAOSOHWSTIPYOWLLCJT
[ 4] -6.9182  order=qt  Q5=PRIOR Q6=OBJECT Q7=WROTETO  T8=[perm]12045736
    EJARTPDNTIFTINSSYOFEBTHYSECCDETRBPMYAFIYYYXAZSITGOHRNFJCRRCELPRKKJYFZRHITHOWYOUMMMMXBFTMGWUIBMNVFWYADDGRMYLIKRLKBRLENEVTEAGGTDGENVGABXSEKTCZREAN
[ 5] -6.9440  order=qt  Q5=HEMET Q6=GOLDEN Q7=LOGSAYS  T8=[perm]12045376
    XOUFPOLANOWDSIBLBEYOUROANAKSBIPMBKFRETSELYNSGQABXEXLFUANVUNDYXVBLBBLQXAEECOSINPNTGIFPKETCARAKOFAVVRZICSYGXRNDOAFCYXAFEGFHMAARCRFTMTXVRXOFJWLUXQP
[ 6] -6.9485  order=qt  Q5=SHOWS Q6=HIDDEN Q7=FURNACE  T8=[perm]10746523
    EYOURORDKIDSEXCIAESCOSYKLOALRQVQEATPLTHRIQJPTMMEFTARFYPVMMENCRJVKYZVBQICGKMAAVIAEDGZOSZANXJMTSPSCQRACMNRRENIDIVOKKORJBVMALSYMZBOYPMBPSWYOPNTIGAO
[ 7] -6.9588  order=qt  Q5=BLOOD Q6=SLIGHT Q7=THEMAND  T8=[perm]12035476
    XTFIBCHUMXHELOLERRIFCOSTBRONLIMHWFZXHAYYPAKELEXNASWSHJLCOVXTMIAXZOWUBEWEALRPLBAPKTBMYECYFZDYSDLYSNVJESKOOHCQHGXZSHRTNTFBMYDNMKITHWANCBEDLMNSOSSF
[ 8] -6.9660  order=qt  Q5=IPICK Q6=SAIDHE Q7=IWORKED  T8=[perm]10765243
    ANTRAPSOALLSHECTERRUDESMWEEBYCUOPNRZKGIHRHLWRXTACIXBHFTVUSEZZUVARWEREXSKAHLVHSOLIYBVLOHIEDCBQIZFKNOEFTSUPZPCWHZLDQUMBOHPTSTWIFQRARRZEPUIOBSNQHCN
[ 9] -6.9708  order=qt  Q5=INNER Q6=THREAD Q7=LEDMETO  T8=[perm]10745236
    ABCASENMODASFARIWAJOEMYFANJOFUHLYWFJSWDRITGECSZEHOXTPKLQLGELSOFYNNSYBRDWKHNEFRSTFKMFIDVNOLJWCAAYNGIWUXDNUVSKAUQOEOLOJAMRMTWASMYYHBWCOMECOQGNDCKR
[10] -6.9743  order=qt  Q5=MEHIS Q6=WHATHE Q7=ANEEDLE  T8=[perm]10764325
    UBICDRSAGEPICSNEWMYOPLESJLOEAAUSYGRIGRATMOPOKPFYEDKZNJREPLSELUTIZHRCOYEVELMNEKFXDJNEHRBFUXUBZPCZUFLIYESYTDUAXDXHNMFIGSAOHEBSEYPZPLKLFHRFGZDRMYTP
[11] -6.9890  order=qt  Q5=ONEOF Q6=BYNOON Q7=NOTHING  T8=[perm]10762435
    EKSWATEDZEGNCKIEODELOVEIVEFEEATAHQDINWYMFGFCMFBUBTPJUGBBWAYREWNFJKPMTNUQDDRFUCZEBYIRCHUECBGAONCZKZYXTMNVDDMOJEWPNBLOOSXOTVTIZOXYBACEXXWOEIMFIAWY
[12] -6.9928  order=qt  Q5=NOTMY Q6=INBERN Q7=LATTICE  T8=[perm]12045376
    LURSANJANITBEINCAREFQSRCUSBHEIOFWENVGGDTIPOCAJIIDZKOFSKUESOHGCHKRFHCIQFISJBNKAMJDDSKPOCNTYIZUSKQNLPXPLDKNMIJPETFANAJNLEHONSLSZODIURWPSABTVAKZRRX
[13] -6.9937  order=qt  Q5=SEVEN Q6=SAIDHE Q7=ANEEDLE  T8=[perm]12037564
    WIUNTONTAMWARMOYADSIAHUSSDGTELLHPEIJTEURAOSDLKFKKTQIONYBBPMUITXHEKDESANPJYIDVMODCDNTQJRAPEEIPBPFHEGOGEBDUJDVFARIFVMWOCJTIMKGMAJKBXSQEOIATLISBMML
[14] -7.0057  order=qt  Q5=UMBER Q6=SUCHAN Q7=PASSING  T8=[perm]10745362
    GSXBYADDREFUSMADYUARITYALYWOKJAWRONBCOSQQHNHOCAXTFIGKGMZXZGGQDJGWBNPEJINGNATOLLRDQMORROGRNNXJBACPCUVNYLWORBDLDJUDKYDOKUSHYNULUGDDLAKSZZTMMKWDEMT
[15] -7.0083  order=qt  Q5=STILL Q6=PORTAL Q7=GUTTERS  T8=[perm]10756234
    UVNVFRRCIATHRESUMMERKEVOSEBISMTPSRUVFJMMREVTHAYEBYWSKYEEDHEBLKQANRDITWMUEOPTIXSPCVZXNOIMZWZZVIETFZGTRYJZTJEPJAGKNBBEZREBMBIBLIYOHGSQKXUOBLEEJHXY
[16] -7.0133  order=qt  Q5=MEHIS Q6=WHATHE Q7=ANEEDLE  T8=[perm]10764352
    UBICDRSAGEPICSNEWMLOPYESJLBEATUSYGCIGNATMOMOKHFYEDBZNBREPLWELTTIZHTCOZEVELCNECFXDJAEHGBFUXABZLCZUFIIYGSYTDVAXCXHNMRIGLAOHEDSEKPZPLBLFSRFGZARMOTP
[17] -7.0151  order=qt  Q5=LATHE Q6=HEDOES Q7=INSEVEN  T8=[perm]10753246
    WINDPLAFEDBYLUDECAMSTOOLQCFIKESGWNDYMNOFYSQSQHVWGKOHMOJAVKBHNATAWZIAEISOCUIHTMERBAVEXJPUGTJSHIKNHLODFPTFHYSOKVYCXXRYGRWWXWDAAYSFSESDONDLQYNCWFIC
[18] -7.0191  order=qt  Q5=AFINE Q6=VIENNA Q7=ANDLOST  T8=[perm]10763542
    ASEEFNGOOMPGPCDAMINAYTOASSHOUPBXYOSNOENICIMWIDEJITILNQBYXRIAFSSVITXCDGLZFSOISPCNEOFQXATJLBKOYMNNSLAVDBEBYSJIAFJOGMXYXMOTKDZOTLPWVLNCRIMCRAIQHBZW
[19] -7.0199  order=qt  Q5=WHICH Q6=THISIS Q7=AFEWHAD  T8=[perm]10754326
    CFSRWINSMREGESDENDWALOWLIBTCFIOLIRNIDKNJVBUMDUNJEYQQOMRAMUEVRRWNWHOTGQTOPEXVBIAJEARWZHFWVODOWHAUUFIFVDEMIPXEEXUDLDWXXNAYCBGSFOLORUJPOPCOWZNQOEUY
[20] -7.0203  order=qt  Q5=THREE Q6=BUTTHE Q7=USEDATA  T8=[perm]12043657
    CERINYDTOSKOKAESTSAPLEUSGRBORFLXFTRTFZKMVSEFUPMQYDQPVIYQYLMDLARRSYSIOXBMCIECBBAIWJRUWANESSICPUOEVVDXXEYBMDQXEKOINCXSVLKXYRAKIMMHNGEOLICOYIKEHIST
[21] -7.0216  order=qt  Q5=TOPIC Q6=IWROTE Q7=SHADING  T8=[perm]12035647
    LDSUNSSIVEDBCFOWRTHASWUSBLOKICHOODANXAZELCLUTOPPEZITRLBFPSYSFUVEDSBCELANTCBINRHNKJQXBCCBTNYSPFLPCFXZONEGLXONZKNLJWWDOHKIGFBCBQCYVHGXEJSBUOKXYKMK
[22] -7.0221  order=qt  Q5=INTOA Q6=MYEYES Q7=COMMENT  T8=[perm]10753264
    RKSIMESRAOPROYNTEKBECYTHGOLAMPIPAWPDXJXTVCVFKFSIANQNNZKAILOENVRZIIMRHEEANSPEXXGYYCHCMIJLAKPCGIESJINOKDGVSGBNZQQITUISKVSADBYTONQCYENJXLNDRGJERLSE
[23] -7.0236  order=qt  Q5=TONGS Q6=DAYSIN Q7=DRAWING  T8=[perm]10754623
    NGNOTCESFGTAISPISNFAQEATLAHOOUNAWEXAXAGWPRBICHMGXHEBRKJTEYEIGOOFJXBBDZMFWHMPHUBCLIEAXZBNLHQELHVKFFUONSKCANMURFMJDTPANPLQAYVBBBDNHPBAMPUYSAWDBOLE
[24] -7.0267  order=qt  Q5=SPLIT Q6=FAILED Q7=ANDWILL  T8=[perm]10763254
    MWWELHNEORACKAGDCTKERWEBLOOMDANCFKNLSXGHABLCARMKJNEYRTHXPRPOTNGYTYCOYBKOQFXARAWBYSPBPSCDNROVBOYAHDAOLDCCMCDDJGYPNNSOBRTBERSRDAVPVQXTTGUFFMHVBKOM
[25] -7.0274  order=qt  Q5=INNER Q6=THREAD Q7=LEDMETO  T8=[perm]10745632
    ABLASEEMODSSFAYIWAGOEMOFANNOFUELYWRJSWURITVECSJEHOZTPKJQLGCLSOHYNNBYBRBWKHNEFRSTFKVFIDMNOLCWCAHYNGIWUXDNUVPKAUWOEOKOJACRMTTASMUYHBLCOMLCOQLNDCVR
[26] -7.0319  order=qt  Q5=THREE Q6=MYEYES Q7=LIFTING  T8=[perm]12045763
    PUNTHEYNIACEREAKSLIATSWGCFFRBESQWLXGNZSWDOOBGHARFATXOKVSZDQJZAUCKSYOCMHFXHVAOWWAVDIVLPRIRVZKGHUIWCAJKUFFOJHUANOHKOGOANLXCNSHPZLLEUSERTOFEFRDENIE
[27] -7.0341  order=qt  Q5=IPICK Q6=SAIDHE Q7=IWORKED  T8=[perm]10746235
    ANTREDUOALLSAQATERRSMEGMWEEOCCLOPNRLBGIHRHLBRDAACIXKLSIVUSEBIJYARWEXIPKKAHLOJLCLIYBBJARIEDCVGCXFKNOGNPXUPZPBXASLDQUPPOBPTSTUNSXRARRLYNVIOBSVXKJN
[28] -7.0349  order=qt  Q5=TOTHE Q6=ITINTO Q7=ATURNOF  T8=[perm]12035476
    JGPLOKISNANDWAGNGMEFEBRDISOFIWPTFESXREDCOJIZSKBAGIEYJQUXHRINRYSSMXLWGYBSIFHIEOZOUXASIFEHREPXLELNWODNIBSWYCIDGGJPHHAFNGEPWLYMIRIYUACMZCQXTSIJSVAN
[29] -7.0410  order=qt  Q5=BUTNO Q6=BYNOON Q7=OFMYOWN  T8=[perm]10763542
    VLSHSIPOTTOMEADRIPACTEEGIMSIETGLOYEBLRKCOONLOFJXHZGHABEZCAUJZNQFJCMAEMSEPBPEVTTTLDQNQKOTOEXEFXYSQKRWIYDTEUYSDOJUHGDPAKTKQSLNAIDYSKSWETWHUSFXAQJK
[30] -7.0413  order=qt  Q5=SPLIT Q6=FILING Q7=SUSPECT  T8=[perm]10753264
    NGZAGWYTRANDBONDOUTEFBNCEREAPCJUHDXITYWQAMMZCWHOPFABGBNPYRZVBCBOQPPRBRIKXXKLSANTQFPMTUFSISMITTUBVISOGBSCPFKEDDAMFHDLDSHSCWXADUNNXJQCLWKMXNVRATWC
[31] -7.0429  order=qt  Q5=ATURN Q6=TOWORK Q7=CARRIED  T8=[perm]10762453
    WDUHTPAAWAYRETHARSNTYSPISSOAPHCSKSDXDOIEVXJWDBRFNTUJYYGSMUGLGKBKEQCBFFAKAXJCLEOTILLIJNCHLYMIIHNJRIFGCIGOYMCMEKZUWPLYJICRTEPUTWRGEGECURDSLXBYNWQF
[2026-10-04T01:51:50Z] chunk 5700:5800 exit=0
[2026-10-04T01:51:50Z] chunk 5800:5900
progress order=qt perms=100/40320 candidates=107318484
vocab: 119 x 123 x 141 = 2063817 triples
T8 permutations: 40320
candidates: 206381700 in 25.1s (8.22M/s)

==== TOP 32 HITS ====
[ 0] -6.7173  order=qt  Q5=WROTE Q6=ANNEAL Q7=DRAWING  T8=[perm]12075364
    YOFRHAKLYPRHIRSTYCANDLETRYLEVHPTEIYROCFPUANPZNXSTWLSLVAMEEDHMPCEMAABACSODEHOEIPSYHIHXAEXFELDBLSEUHGUATNEWUNHSYTIAIPNSSYCIQROOUVNINLNZREMCWNIDEQZ
[ 1] -6.7696  order=qt  Q5=BERNE Q6=ILEAVE Q7=HETELLS  T8=[perm]12047653
    OGRDREABEDGASTEESOBQAMBOOLLPMAGTUSQAPDDOWDEIUUPUHUTTGWBROCCTVRUYNORHPVPECDQKTIGIESSJWYVOSNOLLLVPORYINGEMFDDXUQAWMVXOBREOFIZZQIUNECIEEMWIVOXYDDOC
[ 2] -6.7729  order=qt  Q5=STILL Q6=INDIGO Q7=FELTTHE  T8=[perm]12074563
    CMRESHLOHCOANKAACTWIFEENSTYYRAYQUPMLDKRTEMZISYKGEIAJKZXEIGAELYDMVKIEPTITBLYWNKXJUMTNSFAPTVYXPLGZISARCOFPYSKPEPCDITOFWHEGHANSTGCZRYGRNBTUNDPIVYQL
[ 3] -6.8019  order=qt  Q5=NOTMY Q6=INBERN Q7=LATTICE  T8=[perm]12075463
    LURHUNJENITANINYARECTSFLUSBLTIYNWENEXGYFIPOMGJKIDZKSJSMXESOFJCWJRFHEFQCNSJBNIARMDDSTHOUMTYIMUSHGNLPXQLFANMIGSEPGANAZTLVCONSXWZPHIURLKSZZTVATHRTY
[ 4] -6.8706  order=qt  Q5=TRAIL Q6=MYHAND Q7=TOAREAL  T8=[perm]12304567
    ZMINNMEBORTTOGETODILTTNAEJBEOBEGBQSSJCYOLDFVFIJFWHEGOIYPLCGGCPBECAMLBSNAEGLEDEPSMVGZEEJEUXUOGEDBRZGNISDQMXPJGGHILAFVIERDLEKGOTLYWGYRMCSSVSCTYNSD
[ 5] -6.8763  order=qt  Q5=TONGS Q6=SUCHAN Q7=FINGERS  T8=[perm]12047563
    QEVARITHINTEGANTFPPEGECHLWITIKETEUHOHMWCSBTGGVXEPXSHBBORISIZIFFPCFHXRUWOEDAGZBARIENHGBOTASMUWQUODOFCWADDNCRCBOZVLJWPVXKTUYATTSLNTOHZYDFWIEPPMXQO
[ 6] -6.8840  order=qt  Q5=STUDY Q6=SUBTLE Q7=WILLLET  T8=[perm]12067354
    AFWBENERNCHIBESFOOKBUNORLIAENFMRTXDEIZOLDNLACQCABLOKWSYRSHDCBDPOPQEHQDTHECSEAFFADJWWUVBBQBMMIJTOROOWTHCPKSMQAZICQRPHFJJONOYTFNELDIVTNHBAYEVOZJHF
[ 7] -6.8909  order=qt  Q5=BERNE Q6=ILEAVE Q7=HETELLS  T8=[perm]12047635
    OGRDREABEDGASTEESOBOAABOOLLKMDGTUSQZPMDOWDEKUDPUHUTVGOBROCCGVMUYNOREPZPECDQCTSGIESSYWJVOSNOOLPVPORYLNEEMFDDWUUAWMVXJBJEOFIZWQLUNECIPEKWIVOXODAOC
[ 8] -6.8968  order=qt  Q5=WROTE Q6=WITHIT Q7=CARRIED  T8=[perm]12067345
    GPAQSCLEESIRALINKMLOGIOTASHEFUKKKQWIRNOKUWTROXJTLYKCWPYDRYBWEDLITKGFRHPSKEPDIHCQGEITUAOTTSTIOHGWGUPFAFDIINOAEZYVKVNNSEMLNTFYPOEUDFCHTVEVWDEVPHVI
[ 9] -6.9134  order=qt  Q5=VENNA Q6=FILING Q7=TOTALLY  T8=[perm]12046735
    TUPSBUIRESSOLDCOCIEELCVSJOETOMOAWXONFYWFFFSBNMPTUEJHYPVFCIFNEQTRSIBUWZZMQJMGEVESUXLTHDMACUXLZUSHBISNBGWNHXNPYRLIGKOBYJRBALOIROUVOCTRKFOIPERIKOBN
[10] -6.9182  order=qt  Q5=STILL Q6=USEDAT Q7=LATTICE  T8=[perm]12304756
    ACGERYERTREPMFRXLOSEENDLOSSSYFFKZGXWBABCZNHHMRDZXWDDSBOYTVKJKRKUNHCRABNSPTJTZOGOJFICUNANRYVESJOINNRHYBNFRSDLORHMBCFGEMSQDAMTINKARABYGYIDYKYSJMDA
[11] -6.9265  order=qt  Q5=ISNOT Q6=DAYSIN Q7=AFEWHAD  T8=[perm]12057436
    DREGSDUAAERAELATENTSIGNTOWIOGFAAIOTLWPDJAPOWDPROPNOUQCOKKLWKKJSXSCZSATFAIVGGRXOZRIOTRPAYTYZRAMLLZISXPORKXEUJOIJZHRPADIEECWTICKNDROMDLHSYVBRMBNLP
[12] -6.9270  order=qt  Q5=TRADE Q6=GOHOME Q7=AREONLY  T8=[perm]12067453
    MNERLICURORIDPARGOLSVESAGOXPOLNSDLYMDCEOOXHQLACIPHICUTSUNIIDPWGQAYNMSYUOXEISEJNQMJTPLYEALNIQMUSOLEIREPHGGWBEITOGWINRXWLFYTVBIWWCDLUUBQAHJWCMASAX
[13] -6.9340  order=qt  Q5=MEHIS Q6=METIER Q7=PASSAGE  T8=[perm]12053476
    PWNTINANKONMYYASIANCCPAYFWYPEARFZSOMICITYISLEBANDLOKQXITWMVPVRBGGPPFIMLRLZJRZZMMGBBWUROPOFGHITDUSIXLCCOANPZKTJOYRHXSDOTJPNXEOHDBQEKCGTAPFFPVADOL
[14] -6.9622  order=qt  Q5=ALONG Q6=DREWNO Q7=TELLSME  T8=[perm]12304657
    TWDCYLREXOEXTINOORXEDSAXANDPRESBMIJBYCTXPOVGCKEBANOWLHDATIZSNDFLAZQZVZLJEQPAKRMRYUTSWNPAVVSJFHLIBBFRYAWSOOAGRNAINYHTASCNJFIXXLTZFETOBMUPJMYIYHLU
[15] -6.9627  order=qt  Q5=ALONG Q6=DREWNO Q7=TELLSME  T8=[perm]12304756
    TWDCYLCPXOEXTIMSORXEDSTRANDPRECOMIJBYCNCPOVGCKQZANOWLHESTIZSNDDNAZQZVZNHEQPAKRMRYUTSWNAPVVSJFHDVBBFRYAWSOOAGRNTMNYHTASMDJFIXXLEMFETOBMICJMYIYHUL
[16] -6.9671  order=qt  Q5=BALES Q6=EMBERS Q7=WITHTHE  T8=[perm]12076453
    KFHEYNENMEOPOSKOOLARICSEEPRTOGQBUGIPMNANUHJMCHFDUJPTNWRDPEFEJASLIDSDHMFVWHIZGUDIENHXBWOUVSTEKUMVJOTFONGDIWOGAELEHOARGDMFFMCJHIAQVAWWLJODMAGRNSYF
[17] -6.9803  order=qt  Q5=CLOTH Q6=TEMPER Q7=UNRAVEL  T8=[perm]12064537
    BONANMGDEHRSLIFIHIPHURWALLDIASABOOLRKBERGPEGLBWNPLHWCXMIERFXAKVCNLDBEGCFNCOMYOJSAZNJECRERSTXWSBRJMPDXNVMLSASSVYPMGCZDGIOHMMEFBYAVHQGBQBEOSTWYNKX
[18] -6.9844  order=qt  Q5=ATTHE Q6=VIENNA Q7=SMELTED  T8=[perm]12047365
    AILILVEICLESYAMNCKNOTDCAMATABAKAOONOVDJSALCSHNQYBOXLARKKQGDTPAUPIPUXHCHIMEAUDIGDSHFLXFFDRPUIAIKUEVIVJJJOBAGUGDDHKXDNYACLZLJXPMBECLSBWIYWKNYVNUOF
[19] -6.9882  order=qt  Q5=HESAW Q6=OPENED Q7=TRIEDTO  T8=[perm]12067453
    NEEDUNTRARMISORPSRECFJHAPSTGMSGMWNQFBBEHIFKZTPITEABAWLIDIYUNDYHFYIETZZUVPDIUOUTSORZTJQKHDUDIVSUOYEXRTHSORYOCQPEFBNEGKWXTKMQSWEXFFERZHYXFABAOPBEV
[20] -6.9916  order=qt  Q5=GOING Q6=SUBTLE Q7=SMELTED  T8=[perm]12074536
    LBCASTKCATAKOWNTDETOBRILSUSERXGTWINYETVNPFHIMNDDNWUXCLVPVLAONYTAINDSSQGJWKBGIKIXPYPXZVYRXWOIXSFFKOGETENYCJHYOOBULIXRXYULCDBGARZJATYIPDEORTGUWONV
[21] -6.9958  order=qt  Q5=OFHIS Q6=METALS Q7=IREREAD  T8=[perm]12305467
    GYHNOVAANBOWBRUAMAINWOMAVSAENTSNEQKXQTFJMDQLSEACTOXXNKGKOSEYOFMKKSARUUCTKTFDNFATREBDCAETWGRKUSWEJJFBEKPEQFXCCNWERINFOGDHQGPGORUJPXPQHNORGPCGBTWH
[22] -6.9962  order=qt  Q5=PRIOR Q6=SHADOW Q7=TOAREAL  T8=[perm]12067534
    PSHOTSRACHNEMERNTIEYFRATBOIXPEORLRDYYIRMPWJWUGTOKMNKOFAXPXEULLWWKUTSTNFIREHUCJRZTNNNIKVXLRBYSMAYBOTTPNUNIVLQYLWNOTHBVKQGSZZHPMAHKKLEFAQHAEOAVJJU
[23] -6.9968  order=qt  Q5=AWAIT Q6=SOLDER Q7=WILLLET  T8=[perm]12056437
    SCYOASAFORNOWINHMPUTHYSSITONLRGXCGHRAELCIDOFIGZLPOUQJHEDTVEXCWHIAPMLTSPDZQUGQFESKLLMIDNMUJLVRXABBCLLCFIGIZOHOHFPHSRWRNEGMYAXCSVIVARAGJXJICLKEUIP
[24] -7.0089  order=qt  Q5=VENNA Q6=FILING Q7=TOTALLY  T8=[perm]12064735
    TUPSWUKRESSOIDEOCIEEXCISJOETRMCAWXONFYWFFFSBVMKTUEJHGPEFCIFNLQXRSIBULZOMQJMGIVASUXLTRDOACUXLXUAHBISNKGONHXNPCRDIGKOBVJABALOIOOLVOCTRRFTIPERIAORN
[25] -7.0098  order=qt  Q5=COUNT Q6=FEWHAD Q7=FURNACE  T8=[perm]12073564
    CIXHPENAIGNITSAUTTUIVERYASNWOOMFZAECYMWINFVZBEYAFDAFOINJRXRCCHLLOBYOXMMHUBZICIIRJICDXACCOCYEQSLHVBMSRDSHYTUIJUXDIGEYSHIUTTEBVOELYRGDSHQCCVCXMMDU
[26] -7.0144  order=qt  Q5=MEHIS Q6=FILLED Q7=ABSENCE  T8=[perm]12076543
    OMSTEYSIFPHSESAVINGCTASRGANRAJADKBOORJWXSSBXMACHJCLMBAOPSIVDWTKWFQTROGBUWJLHBRFJUQFJGAJUNANKBYENJEAGEFKHSWXDRPPRWTTWOMTXBISLHVMAATHQONPMALGTWVNA
[27] -7.0173  order=qt  Q5=HASME Q6=HESAYS Q7=ITTOTHE  T8=[perm]12306547
    BTRFTOBIEDACFAOUNEWANGRELTPMONEQXDCIATEMLHSEKREDTKDDOWNJBETNHANWATFJBMGSNWFQUOESFWXSXNABJRUOOEUCMWAKKKURFPIXYLGIXCZZCODCFZOLGTFUOIJMEFGZPMPATHFA
[28] -7.0293  order=qt  Q5=ISNOT Q6=TURNOF Q7=WILLLET  T8=[perm]12067543
    KDSSUREPOMLEFLEHISAPTQNOLSFRACEZGHQJAQLKGJUUZYNBIIPDPLYMERRTDRFUGDEMPQAEIHEGKTNOBZEOAWGUEOECFZHURALSCCGBOBYMGRGMBOPHYCAYFPERQTENVXZUIAGCFFPAKMYJ
[29] -7.0385  order=qt  Q5=HEMET Q6=HEWILL Q7=REVEALS  T8=[perm]12056473
    GNSDEPCLALFEXECSNBRAZONKGROTEINAYSSBIIUSVTBPTAIUWUFTOFWGSDTOTWUNORYGVZFARXZFXAETNBQMPRQQPQKDHMACSJEHLHSAACICAMNANXHOLWATAPVCWAVKIBXOMDVLRMAIQSNK
[30] -7.0390  order=qt  Q5=TRADE Q6=POLISH Q7=ADDRESS  T8=[perm]12053467
    YDCHEREYIVLEOMELKSCLICRORGSILFWDIMDIEMTPYLXZIRPCCHPSEFXEJVYJUXJODKAUHMPXCIQVNIMSNHRQRMDPERUKSOPTFAFCXEZWSGEJPGFMCPTOPNTCPOWFFQPQBEIGHETUSYTYTLJE
[31] -7.0390  order=qt  Q5=PRIOR Q6=PORTAL Q7=THROUGH  T8=[perm]12075634
    SSKAMAURSKGAIGIMBLTOUTSCATIAREADGREBVNHHUSNWAFXYSRJFZIBZCUIWDWCWIAPOTZAMDJDUDEDDSIEYMYNGORHEPPRZOLDRAVOTXYSSRQKUPRWGMCSZKHRDUHRDFYOEMQHZRAYNYOCJ
[2026-10-04T01:53:36Z] chunk 5800:5900 exit=0
[2026-10-04T01:53:36Z] chunk 5900:6000
progress order=qt perms=100/40320 candidates=107318484
vocab: 119 x 123 x 141 = 2063817 triples
T8 permutations: 40320
candidates: 206381700 in 27.1s (7.60M/s)

==== TOP 32 HITS ====
[ 0] -6.8983  order=qt  Q5=STUDY Q6=ROADTO Q7=ADDRESS  T8=[perm]12357640
    AAOUTBYANDLSMMOEURETOEAHGEGONTWARWUSLTALQWFNYTBMCWETMUJINGTAYUOIAASKWSTZKIGARDETFJIQYJRMBNUVCDALANVKKLEXZJDTRVXRCFILTDFRZYNIYRWFWZITHEEBRWSRNNWB
[ 1] -6.8997  order=qt  Q5=FORGE Q6=STREWN Q7=RESIDUE  T8=[perm]12347650
    YSCPAULBUTTMEMBPONTABAAREAPNDZJNYTHMMUVBSPAJPCICVUDSBYGOTOFVBJKLTLFVIGECNZEETQYKXIRXNEDWGAOYRLLXFCOIFARALIIHSHCQJQOXONEDGSOFIXWSTRLKIXAONTCHPFYP
[ 2] -6.9590  order=qt  Q5=MOULD Q6=FILING Q7=SURGEON  T8=[perm]12356074
    PETWAITOMSTWBHTMLANGESTNOIPGRPFAYFEGYPNVERYLBRIBPSTAZSOMEWLOVEEBWVBJDSRAXFULIPWIKDRMXCRINTEFKAWOVVSYSVRCWKCOXTAKFFOCBSFWDKWPBQZCUKHVXUFBUIIVUYCV
[ 3] -6.9855  order=qt  Q5=METOA Q6=HAIROR Q7=OWNHAND  T8=[perm]12345706
    DEOVSYFWPOLAYINOICADIVALORERSFMBSXEKMDSDOJMCSLGPIMTWXNFJIKZNWOBYEJZNEKUFTOTLLEJZLVMZEYAPTOMIXHAHYTULENNGAIIJAKHUFBHJHLUNEDIAGNFRPJSHOLOMCVEJOIBF
[ 4] -6.9881  order=qt  Q5=SHOWS Q6=HEWILL Q7=LEAVEAT  T8=[perm]12374650
    DJBBSLAMITCDEBRARDENSTCEROFMFSGKRTSDRCCBSPOZHTEMEPQMHNXKCWAVEHAAIXHDLUABSRNRFYDNRRLWGDTUBYDVKYUSCOCJINHFARFEHEAAYFRJNZHAEIXWMGJLWUYAELJOCRONTZPA
[ 5] -6.9940  order=qt  Q5=METAL Q6=VIENNA Q7=GILDING  T8=[perm]12357604
    QEESVANBGOANRTSEPAIMWITBLEISTBCAYTDFMTWILAYALKBQYMJANMNFEJEABLEPUFUPFRWEXZJZINHXZVTHKICLSIAZPWQZQNIWJZPTXICFRNUTJBXFTONTETWOGSIHAMDBEXGSZBRUQXMK
[ 6] -6.9977  order=qt  Q5=METOA Q6=BUTTHE Q7=LEDMETO  T8=[perm]12365047
    VCZIIARORETNTSEGAUCEWAPGACEPTHENSDATYOGMLEFAKDELAMRPBOYBACZOCSWEIIRRAYRJDGEPEINQBIXQSKFKDDPIYQRNUUQKTOTHRKMIBBHQWDPXKPWSXOVKIHBSECNNZLEMIBSAKXIY
[ 7] -6.9995  order=qt  Q5=LASTA Q6=ILEAVE Q7=FELTTHE  T8=[perm]12350647
    VLCRHCSFERETEALENADOESPALUXMYMLINXNDZKSVWCBFFNQOYRUWFYIAFTENDXEHTCFDLZVQCSELRHYLMWTITMGCCKLYNFARCLNWJONCMPHSJFRIREILTQUEOSROWORBYQNGDKRCLGJOZMGL
[ 8] -7.0051  order=qt  Q5=INTHE Q6=ANDLED Q7=HEHASME  T8=[perm]12365407
    EPITEWHDEJULMNTPSASUSISRINCDREEXFKKEHPCSPXJKMEETFNXTPYEAPVIGEFEMGIOBOODCJLSOLNEHSZGSJOQXJNRFIQEYYLBCTCDNANGFIEWNWYVHWYESAURCUFTBTPTXBGRTYHDZNPHO
[ 9] -7.0176  order=qt  Q5=IHAVE Q6=DAYSIN Q7=ITTOTHE  T8=[perm]12346570
    ARTCULOMMENIBACUSWWETAGOLAKMUSHHRAVRFAEEMQCETRLACTGTQSWESEGSATVPNJCNFNZCEWJQPLENTLDIRVTQMHXYRBBCSKARNSXPJPUDPUJBTMPYRONAGVBHTJCVVJYXOFLLYTPEEBXN
[10] -7.0249  order=qt  Q5=ALLOY Q6=SOFINE Q7=HETELLS  T8=[perm]12375064
    FNDECOMINELASUMSYIONHNPFUTDTONWHOFSMSHTSDTTWMLQYBJTMOZNPVEKLAPEYISTXIUSEODYJJONSMMNNTROQZYIYNIIOTWIQHSSKWPABMWPYBDJSUMVQEUBCTXPECDNKUDLAEIURPAZJ
[11] -7.0250  order=qt  Q5=AHAIR Q6=ANDLED Q7=YEARSHE  T8=[perm]12345067
    WBNCACINEACVEMAEDDOCTSUAORMANUNCYPDOBASJUPZZPZJOMISJYRVIGNUPJUMPXTJOEIKHEVJLAYBOTTHORGARBACPFKBDCHNNYQKVUGMJLUBXFRGYLPIYDATBMQLOXNFABXQNSEGCXBHD
[12] -7.0260  order=qt  Q5=FORGE Q6=WERISE Q7=ITTOTHE  T8=[perm]12346057
    ISECTDRQPYOSREDIRENABIYERSDIGHTVNAOFBJUDUEYJOICDTKLTCJDMMBOHWJPQKROUVCEPTYLHUHASTLZSHEHOLVHABILSYYLMOZLSQWGXZGQCDCJREVETVRIHGSOKFAHIXPMNJMZAIIGA
[13] -7.0340  order=qt  Q5=BUTNO Q6=MASTER Q7=MASTERY  T8=[perm]12354076
    ULRIGISMILONHELRTNETWILXGAYSUBEBTZIWQWEFAHREAONIFAGWGJYRQGMOOAZOXGUIMGFLTREJGQHWTOTNCINKZZSMVEGRTFPSQRENTCIPSLZFZDZDPFCYYGBFOAEVZZSVDISXVMEKMEII
[14] -7.0346  order=qt  Q5=FILES Q6=THATIT Q7=SEEKING  T8=[perm]12307564
    PFBRETIPDERMSCRDLAPTALAGEMIBENGHRIZYDCHIRSHBFEYDNETXQUINBVLOSLCUMRNLFXGHESOQIOIJMAUGDEOPZPOPXHKBIAVRSZDRHLGBZBRICEAPTMGZLAXJYSISTYQAJZMAGXIAEYVC
[15] -7.0361  order=qt  Q5=HEHAS Q6=SAIDHE Q7=ANDWILL  T8=[perm]12364705
    QITYOOLEOSPIKIETISOGNEEHOWGRIALZHIVMTCUQYZHENIAEHLFWANMGGEWRAYJIANXROJISEQWHOKECFORSOFRREXWGLSWKFGLGAZMGRBDOEFQOLKSEKKCBRNVHEKQUDZNSWPNVLQNDHVOL
[16] -7.0398  order=qt  Q5=AGAIN Q6=ITFROM Q7=DRAWING  T8=[perm]12370564
    BBLPBUSTCONSOIOTHSHRAMEMFAFUGYEASHVIEABONQCXXVHPITHALPLWANRAKPHDNVGEPHXMMIGYRWDGBFIUBDSSTYZEGLKKXRCRZJCIPUCBGORGNPGURONKZWSIZWYSKUCUIRDMCQKTALQG
[17] -7.0405  order=qt  Q5=ATURN Q6=HETOOK Q7=THEROAD  T8=[perm]12357460
    VWACDENTRWILOLNENSGSUNDRCDISTHBRDDZGNWKELXYMNBAVRPCBXITTZHEUGHESEDNKCJTKFMODGMFSHRGTEONWVSPNRWVRNCEDUVSKAWOBROUYEVDDNHDMAUVCTRMYBGNBELOEKBRKLQYV
[18] -7.0411  order=qt  Q5=MOULD Q6=REPEAT Q7=LEAVEAT  T8=[perm]12345607
    EZFMWEPXITASDOLSOATIASPEANISSMHOWHFEWRCBIZYORZTTVZYOWKANUEWOSNEMMZDQWNOPFACNROPTUHEJCDAXFEEOOTRKAICJUHECVNOBKIIQAODTYYTDDXYAQVFZIUKPAISHOXXIOWWN
[19] -7.0507  order=qt  Q5=METOA Q6=HAIROR Q7=OWNHAND  T8=[perm]12345076
    YEOVSYFOTOLAYINTACADIVAZORERSFMBZXEKMDSLEJMCSLGWVMTWXNFCBKZNWOBCFJZNEKUEUOTLLEJBRVMZEYANWOMIXHAUKTULENNIEIIJAKHLMBHJHLUGSDIAGNFSLJSHOLOTYVEJOIBN
[20] -7.0521  order=qt  Q5=SHOWS Q6=DAYSIN Q7=CARRIED  T8=[perm]12307645
    KXCFEEONANSTQSTMYPENSDIVTOPUNEWUMCYJRRZGIULAFWCITINAWUXCEDIIIOVTVYGDDRLTRKDSYZMAYSIIGSOFGVBBAPMZMPFPXDHTVMMIOFXLMHEIUNDAUZHYBAYPAZKRLEIUGUOLVCEA
[21] -7.0535  order=qt  Q5=SPLIT Q6=FINEST Q7=LIFTING  T8=[perm]12374560
    FNUFIDNYWOFTITSAMPLOREFRWWIROLDZITDWDAQDOMUZISWAFRQYOLCGXEUPCYWNXSNJLNLYLWUNZQZFWFTCLFTOWOPPHYAIDSUMUAYTTOTAJCUGRPKTTEMVCLBONFBWTNCNMCTTWXPBBPTQ
[22] -7.0570  order=qt  Q5=INGOT Q6=STRAIL Q7=ITINTOA  T8=[perm]12347056
    PZHEYDIBESOFITKENOMTCCAYEDOIFIARASAPEKIZMUAORSXIAHHGKMESTTNREMJIXAQJGYTTXPXYYVLXGEGFFILEJSSKVQUPHRZABLUOOYJUDRNHIEPLWRHODCITQRYRCBYTAMIWOKAZFCNC
[23] -7.0576  order=qt  Q5=LEDME Q6=THESUN Q7=USEDATA  T8=[perm]12374605
    OUEBRALSETSINATDAITHTRODIUTNCABFTUQNNOFJORSSLPHHILKKLBSCPSTRHBELBAGSEZHHJITYBBTAKLEWHIIERXSMFXXWRQVZVTWLDUJKIBEJKQYHFUFVGELIFZZHYELEGWYZWXWBRGJV
[24] -7.0584  order=qt  Q5=SHOWS Q6=HEWILL Q7=METMEAT  T8=[perm]12374560
    CJEFSCILIAGDECZATHENSULHOOFMESJTRTSCROQBSPTZLHOMEYQUMKLKBWDKEAHSIRMDLVOBCONRFMNVORLWFQWZBYDUKXSSCOBJMUJFAKFHMIPARFTQNOBSEMYWMBQLKZYAETYBGRONPMGE
[25] -7.0603  order=qt  Q5=MEHIS Q6=METIER Q7=PASSAGE  T8=[perm]12350476
    RWNSINANEONAYYASEANGCPAYGWYYEARFISOYICITBISEEBANHLOVQXITXMVYVRBGQPPOIMLRCZJCZZMMVBBHUROPSFGGITDUPIXQCCOAKPZNTJOYGHXQDOTJONXCOHDBCEKQGTAPVFPFADOL
[26] -7.0662  order=qt  Q5=ROADS Q6=LETTER Q7=MOLDING  T8=[perm]12350647
    TOIMITTEMOSOPONDSDLASONEDSYMRCOLHJPTOORINNZMQSVCMYXYJUCRIFJXGRIOVCSTGRLFSKBOFLKXCLCLWQVOPSPTOCGJTQHALEOTXJAIYBNMOUHAYLXJZHRLTPUNPMCQOQIYXEPDJPWI
[27] -7.0679  order=qt  Q5=SHOWS Q6=HEWILL Q7=METMEAT  T8=[perm]12374650
    CJEFSLALIAGDEBKATHENSPCHOOFMESJTRTSCRFGBSPTZLBEMEYQUMNXKBWDKEHASIRMDLUSBCONRFRDVORLWFDAZBYDUKOZSCOBJMWHFAKFHMEAARFTQNZHSEMYWMGILKZYAEJJBGRONPZSE
[28] -7.0707  order=qt  Q5=BEGUN Q6=ISTUDY Q7=STACKED  T8=[perm]12367540
    MONLMMIILERGADDTETWAYTOCKNTXPILLWVQBYZSKAIAGLIKXSSMIFYYBJJJEWECQJEPMDWKRWUDIDEPIOCFBXTIAYKRIKLYPAVITUVZAATPMQMLOFDGSEGSHIWVTKIFZMIMUTWSXSNYOUVGM
[29] -7.0728  order=qt  Q5=JUSTA Q6=BERLIN Q7=METMEAT  T8=[perm]12347605
    OCSPMOSOTTORMRUNDEDMECDFAURIDSFNHUAWKNYOCQCMCESMYRSFBMPRSQOWRXYPGILCFUXNWXHIPICZPMMHTHVCLZSHVBKNDTWGMFNWRHAEDENOGPCDHECWOEWHIPHQAVQXILEWEXTMBGAC
[30] -7.0740  order=qt  Q5=UNAGO Q6=INROWS Q7=PRICKMY  T8=[perm]12357064
    KGQINSEESARRSOEDESORIONOENMYTCIVLGPQOZCTLEJEIFONUDEIGYSJJIPURSDUMFUELFZMUJREHRFBLLXQPVPPTPVWXADFMWPEENXUCDEFPJZUZLNSULHRXQOYVIPURNMYKXCNAUPHEMQV
[31] -7.0744  order=qt  Q5=OCHRE Q6=STREWN Q7=FURNACE  T8=[perm]12376540
    XMRESSHUWCALLOGYSYNNADAEALESTIOIMYHHVSNEZZCMBMEOBDAAHXSRIBPMYLJFQPTFCHTREAHTXGNRRHKDCMGNYNFGERFCQVSOLWMGLERSGUSCMVDRCXSODAHRWKUOUWRBEGRJEQAHULFT
[2026-10-04T01:54:49Z] chunk 5900:6000 exit=0
[2026-10-04T01:54:49Z] chunk 6000:6100
progress order=qt perms=100/40320 candidates=107318484
vocab: 119 x 123 x 141 = 2063817 triples
T8 permutations: 40320
candidates: 206381700 in 25.5s (8.10M/s)

==== TOP 32 HITS ====
[ 0] -6.7642  order=qt  Q5=SPLIT Q6=REFERS Q7=NOBLOOD  T8=[perm]12465073
    GASTSWEKICTSPRTXTHFNISCUMEDOAYSCLMMCITVFINTOQJFNZPETNSELOUTDPWWREBLJONXSSHFDIOVMGVWULYHNNLLKTOMTCGKXANTILPNCARLIUEIACBUWWZYEDKUAUSXDLIFLESYEPOLR
[ 1] -6.7887  order=qt  Q5=INTOA Q6=TURNOF Q7=IREREAD  T8=[perm]12460537
    SERVNOMATUATEEJETEGILIVEOFPALQLYXMEJKIAPWWMQZMFGGQLUMWPSATAKEMUXOJHDXEILYTHKURANAMTEIESYMSOMSORUIJZNLFBEPJPFTTLMLNSIXYRAYVJORXSJLEOTRIXOZAARCNWM
[ 2] -6.8777  order=qt  Q5=BOOKS Q6=COPPER Q7=NOOTHER  T8=[perm]12457036
    PETHEOSEGMOKRAMUUMDYOOMAUSEOFCUPPCITOZALWOBETSSAIAMOBSKMFIFCDIYQZHQVWHEAGVDNFMMOANNDANGFIHJMZSFJNHXSXLJPACAYRIMFWOBCAYPIGSDWMBCAVZPZTCDMFHPRDTIN
[ 3] -6.8824  order=qt  Q5=ALLOY Q6=POLISH Q7=HETELLS  T8=[perm]12403756
    RNOCLCUPSETIITGHOFBIGTONOTOOLGPAIFNONSALLRAPUHVOAJZVQBTAHEGIHAWOOPAOXWVONDWBKVGUYMSZVIHOFZMPNWHYJWDLOTALIPQFUIZODANMTPXYWUPEUGBYADSFNMQTCFXEYVCY
[ 4] -6.9015  order=qt  Q5=ALLOY Q6=POLISH Q7=HETELLS  T8=[perm]12406753
    RNOJLCHPSETXITTHOFBIGTONOTOOLGPAIFNONSALLRAIUHDOAJZJQBDAHEGDHAYOOPADXWLONDWNKVYUYMSRVIFOFZMWNWQYJWDJOTBLIPQOUISODANMTPXYWUPOUGHYADSYNMTTCFXWYVWY
[ 5] -6.9205  order=qt  Q5=EVERY Q6=STRAWS Q7=HAMMERS  T8=[perm]12457063
    BNGUSAGEFOYABYPFONISZICHHASNTSOZYHYCIAFQMTDXWELSFLIOYPCEYPFEGCYQINMWBCXCWBNGTFRWMREGNIWHOWENNHTEITTYVAMGBAYOIWKFDWYBUYVNEPMWQUXKDELUVHSXUSIXHAGZ
[ 6] -6.9267  order=qt  Q5=UMBER Q6=BYNOON Q7=TOOLSOF  T8=[perm]12450376
    ARESTSCAYUETOHVIEDBBLOUILTHIVVCPAYIANZNQNIUCNTAIRTIWXEFCRDAYSEXKACUOYSNTKRARQFBANFYSYCDBLANJSNDRHPFALZVYICKETOUTXYHMFPGYHVTGCMFZZITHLJZEDRZLVIMM
[ 7] -6.9288  order=qt  Q5=BRASS Q6=FILING Q7=ITINTOA  T8=[perm]12430657
    OSTEGUNDDVBUYMCNTIESENFOSSAMYLOBFWRTAUCIMLAVSOPEAROJCUYVCYHXLZBRIMSXCMOOGLSIYSDVSUIEBEIEDBACDEVBRVBYSGUMLRTOPHGLKHUOAZKAXJONJFAJVXOHNSPFEDKIKNLX
[ 8] -6.9383  order=qt  Q5=INGOT Q6=REFERS Q7=LIFTING  T8=[perm]12456073
    SASRVEASIOBSNDTODOFOPEDROMSSNVISEHIYITNYMKDOJLICSOMDDUBOLIDWDGTGRUHDRVESSEYGVAKHLVGYNVADNPOFXFTEOHFHQXJEHVNCTDRVREEECTVZTONEVDERRNOSMKPTBKXBVXXX
[ 9] -6.9442  order=qt  Q5=BOOKS Q6=COPPER Q7=NOOTHER  T8=[perm]12437506
    EETMENSEFMONRIMUPMDDOIMAUSEFFYUPDCIFODALLOBETFSABAMBBDKMNIFZDMYQXHQKWEEAVVDUFAMOWNNCATGFVHJEZSFJUHXGXBJPPCAPRMMFLOBTAGPIMSDRMZCABZPJTSDMNHPODNIN
[10] -6.9511  order=qt  Q5=ONEOF Q6=METALS Q7=WEEKSIN  T8=[perm]12407563
    OELCAGLUNYSIBFAHEETRINELLEMSWESGNVESYMWIDQICLIOMOLHIKBZWJZUNFQFADSRUGCRBPIEOKMAGYCPVHUTSFZMSFLMVRDHHINEHOTAFLHIYVIGZKZEKDSAXYOSIGNBDWLIEAEEQBUKG
[11] -6.9527  order=qt  Q5=ANVIL Q6=BERLIN Q7=DIGETAL  T8=[perm]12460537
    IAATSSATSEUTITEAMYSIMVSMAEPDYINYGDDVBOGYUCRSGMCHMZEUSGILFKEZVYVUWIKCHVMVTQEDTAOLORYGSITYOIYAKUWPERQWGUNEFOOESEZGQHJWOFKUMTHTAMAQONDWXQKGOINQVANL
[12] -6.9612  order=qt  Q5=ATTHE Q6=WORKED Q7=PASSING  T8=[perm]12405367
    MDSNOTACLITMSOOSEBAAVSYCASSWHITYQJXOJZEHDEERKELPWMNIANLRYLWFVHYQUOOWPQZYDSSSRTWDWVFETORJKMLYKNNRAPYKXZTSIPSWWJFWPSHHCMHLASESOMDKFUPWOFWEVONPPGMS
[13] -6.9705  order=qt  Q5=ROUTE Q6=REREAD Q7=WILLLET  T8=[perm]12435067
    HUTNAMEMRNPANMENGSEZEKABETGEBAUDFWESPLDRBNVLIUMQJMLHCRUDDAKXVIQZHKIRUMINNZTQGNUNPBANSWIPFKYRRAFORIMJWGAMRTRMMBKQABZMSXEWMHCFLAEUBZEANVIUPFALINQO
[14] -6.9740  order=qt  Q5=TANTO Q6=REREAD Q7=TOSPLIT  T8=[perm]12435607
    FPLAGERGDDHOLMEKTVERBLENORAGRWPVUNLVETLAULLRSSVMCLXWZRTABNEMNCIMPBRPLXSRIGDGEHVDTSONOTBNNYZMGMZYWLESOZAHPQCOSHWMVMJPTVLVTWZFNTWAONBRUINPVHPWORKN
[15] -6.9742  order=qt  Q5=KNOTS Q6=WHATHE Q7=GILDING  T8=[perm]12406537
    ITHPACEIGOTROJERBYLEWSOABTEMEBPKGVKBNINIHUKHHGYRATFTZUDZWTNNPGLJIKFFAXLTXPOMCPOUQPBDZNAAAVXREICAMNVULTYAHVSSPBUTIABYHTDESWKLAENBOMANTZSPKPPSQQHE
[16] -6.9819  order=qt  Q5=HESAW Q6=ILEAVE Q7=ATURNOF  T8=[perm]12450736
    TQOSTUCCIALOKPOVEDMOSAAPTCPISCNETTYKQVUYCTGNIZDOXJOOZDCBGETENPBMUBETHBSUOSSIDNSWXTGBVYCBLNNFLOGVHJUFLTTIRELRLADGSIUQHPKLIXTAVACBUAAIFYFHJXVGBUGG
[17] -6.9872  order=qt  Q5=MONTH Q6=FODDER Q7=FURNACE  T8=[perm]12457603
    OUGHDWETEASAFNEHAIDETOLAUPSPIECHVKWCFIMCCUXSNKTULSEDOCJXNTFPTLZJKBYMHISLCPYUYEURLNADPNSYZBNEHZVGQJQZMYSRTZLNOHSUDERZACSHIDKUFHSPRUKCPFEOTAXSKARK
[18] -6.9913  order=qt  Q5=METME Q6=INBERN Q7=FALTERS  T8=[perm]12403765
    SIHANCITSNOVSPIEPRIBEOFHLEDVESJSLNILLKYMRYDSBPXPBURNNTLBOSMBWSYXOKBDDUIDAJPLEWREABHAPBYPDRUWNGOMKVBJFDJSIXCAPZFITNEKZZRJTKSBAZYOJFSPQRJDRKIHYALL
[19] -7.0029  order=qt  Q5=WOUND Q6=HEDOES Q7=SMELTED  T8=[perm]12406753
    BMRSLAERMSPOSSERODVAKBISSUTASSUAOHYOGIQSYLKHGYTITDCOOIWAIDGTKNRCEHYGWUTMWDCNPBVKGRPLEFXOSOGEIFRAWCEEPMSPDOQYJHPWCQNJDIRDIQKHHRWENSXYKSVLDPOOREAJ
[20] -7.0039  order=qt  Q5=KNOTS Q6=TEMPER Q7=LOGITEM  T8=[perm]12437506
    KLAPURSANDYISHOPAAUTAPMUIMBUDYKXOOXVVVPRZKIRACYAMPEFWJOPMIKHAXVMXHKTTQUNNROPACNLOINHHSYRYHFNDQRBFLAGXCONWNNULVEANROUHGBLOTDAMJYRAHUYMXUMQXTBOOAT
[21] -7.0103  order=qt  Q5=BEGUN Q6=HIMFOR Q7=TOSPLIT  T8=[perm]12460537
    HUSERIVINUFLDAXULEARGICEANFEFINHMRONQLXMVVDSRTHANZPIAFZZCXVWYXRKIGDRCFASHMOSCHPMURGFTQYXVWBLYRGAONPDPPCNSIANYMZGNDIKCMLLUIHJAVICITSIHJLXOPZRDTNE
[22] -7.0251  order=qt  Q5=STILL Q6=ITINTO Q7=DRAWNTO  T8=[perm]12437056
    BLSMYSWEHIUEMQTEREBALLNDETABELIFYCANTSEEGXRZOZCKHSFLFPJLDNKLRBYVZDVFROPBUGBHJEZNTZWDZRKNKSBVATICURTJOHUQSTNGEZINPHIHLHICGSUIUXGYLOAQDELYRUGLCIDO
[23] -7.0283  order=qt  Q5=SPLIT Q6=REFERS Q7=NOBLOOD  T8=[perm]12467035
    GASTSTENICTSPDTITHFTISCDMEDYAYSFLMMRITVQINTJQYFVZPEVNKEOOUTNPMWWEBLGOXXTSHFNIJVXGVWALTHONLLHTZMVCGKKAMTHLPNBAQLWUEIMCBUFWZYCDQUIUSXYLOFCESYHPLLF
[24] -7.0297  order=qt  Q5=LEAVE Q6=POLISH Q7=KRYPTOS  T8=[perm]12465703
    RCLAUTORSTYLETEHOTTMPGMTWAWIHLZUTADCCKXUNAOBHIKRGUZXFMYWMOXCLUSYYUUANFRUPRRUSKLHREYDRRAWIYBLGKQORAALWLGFOADLFRREGKFJWHGANPURXETVRCCQPATVNCNHSWYN
[25] -7.0297  order=qt  Q5=BUTNO Q6=HAIROR Q7=FALTERS  T8=[perm]12437605
    GLARUEXLOCESAHIUANINHOKYLANDSTREYYLNBFGWADEHAWJMOGTBIUOEXJGKBBHDPYZYYEVISRYAWIMMEBDEDTUIFZSKFVKNDBKHMMIMGMUMPLNNODMYBCYWEYZGCRHTLYFDUFPBCMIZOASK
[26] -7.0303  order=qt  Q5=AGAIN Q6=FINEST Q7=HEMETME  T8=[perm]12436570
    HGZHGDTERDTMISELYSYSSTIGRASMASSRDOWIHEUXODBSHXRMHIWOTYCELZIYMNOSGZYXESLMUJLAZACIIGIAVIKCBLTXRVPSRMXFLJVXLAXEYOPTHAOHNVCIFREHPGCAXWNXIFESSNTXKWNC
[27] -7.0307  order=qt  Q5=ITAND Q6=FILLED Q7=ATLASTA  T8=[perm]12467035
    OPYTIMYEAHUKPOORDTVUTEDNEWOCONPLUCOKTRWAWLICKWKPGOXSPLUUEKANBHOZVFIMWILKVJKOABBOCHXYFMZNTBKUDSFBXVPIOWYACKCOYCTNATIIYGDHTELXUDUVPTTXNCYEDEHAREBH
[28] -7.0421  order=qt  Q5=BUTNO Q6=HAIROR Q7=FALTERS  T8=[perm]12437065
    OLARUESLSCESAHHUZNINHOBYLANDSTREUYLNBFQWGDEHAWDMFGTBIUXELJGKBBUDTYZYYEUIWRYAWIRMUBDEDTEIOZSKFVANBBKHMMLMLMUMPLINEDMYBCVWSYZGCRNTOYFDUFIBYMIZOAGK
[29] -7.0464  order=qt  Q5=HESAW Q6=TOWORK Q7=ISNOTMY  T8=[perm]12460537
    ATUTHABUREBOXATUBLMTTENGEDTRNEDVANAPPUOBLZJPOPOFNQLCJHYONERMNOODHUMOILQSMHCTIEKEBUUPZWDDRLHJPCEIFFRFHYGHZODHXEEVNXBYLPEPXFHXTNHZEOLGAPAFAXQCHDLX
[30] -7.0478  order=qt  Q5=BOOKS Q6=COPPER Q7=NOOTHER  T8=[perm]12457306
    EETSEOSEFMORRAMUPMDQOOMAUSEOFCUPDCIWOZALLOBLTSSABAMFBSKMNIFYDIYQXHQWWHEAVVDDFMMOWNNQANGFVHJEZSFJUHXTXLJPPCASRIMFLOBIAYPIMSDMMBCABZPGTCDMNHPQDTIN
[31] -7.0527  order=qt  Q5=ONEOF Q6=FEWHAD Q7=SHOWSME  T8=[perm]12437056
    JBTCLHOFORNTENOTEDDLTEANNEVEXTUJEFPNOOIBWXFLTOTEWBMCGWDOLIELMXMLHBDVLCORTMMSMHRNWYDEEBOYVMSTJWLMUMFGOQIEWHHHKDQPBBZBACMGTFLNCHOFWIMFEQRDCAHCSMGF
[2026-10-04T01:55:55Z] chunk 6000:6100 exit=0
[2026-10-04T01:55:55Z] chunk 6100:6200
progress order=qt perms=100/40320 candidates=107318484
vocab: 119 x 123 x 141 = 2063817 triples
T8 permutations: 40320
candidates: 206381700 in 23.9s (8.64M/s)

==== TOP 32 HITS ====
[ 0] -6.8532  order=qt  Q5=INNER Q6=SHADOW Q7=CASTING  T8=[perm]12503467
    UFEIMECOHITSPHPHYBROAONZDIERIEGSZCHNNEDHBCAMGIBRLGOWWOMDRMSHPIAAEDCVDGLKFYDPUTLEEWPPSOSNCIKWAEESCONRMYSKNOWZVDXXHVIBLAWBJBMFDUSYCWRZMERNIPGVRTCX
[ 1] -6.8921  order=qt  Q5=AGAIN Q6=FODDER Q7=FIFTEEN  T8=[perm]12473056
    BNHERYPRALSFVAOASJUTAISTODVATOFZWGDQDBEKXODIPKRYORYWSLDJTVJMELRZYBCURXNURANNFUJARALIXELJPRVCSDZUBQCRMYHVUDIRCTFXYSEZUXVIRLRFOGOLNOACADSTTIEAERSW
[ 2] -6.8958  order=qt  Q5=INTHE Q6=THATIF Q7=LEDMETO  T8=[perm]12543706
    EBVTHENTHASURNELSQTDOPCSANKTRBHIDRYVSVRZGYJENALAUURZDLALPCIRSTUTCLWIZLYOWETXTVPWXAWNORJVAODIMDIYNYBNGZZFJPCUTTHIJKPQDLAMDTNNHHYSEOUZQKURGARQTSAH
[ 3] -6.9074  order=qt  Q5=UMBER Q6=OPENED Q7=SHADOWS  T8=[perm]12536074
    ALLETHETEOFSDSNMSKFORKSVXTTHILDCRVIPPSBAXTVNLQJSPRHPWYPHTGZISWLDUJOBTESTFAJSWOLTSZTDHPHRGXYGKRLEXBMNODRCZNEIHOMVAYIGAOGCUNNCACNIRBZBOZBUNEDAXIXB
[ 4] -6.9087  order=qt  Q5=SEVEN Q6=BYNOON Q7=NORTHEA  T8=[perm]12475306
    HBRNTTUBEAGPELIWACKDETARCEISAKYTPVYAKISYZRMCOCSUMWTBWHHSWVEWGMIRLYICVGNIDHADSGBUCEBEUEUSLCGBMVORJQWIDEKPQCARLFTLSYKQEPMJUAPOEJTIEDEIBYAUNONTVPBC
[ 5] -6.9552  order=qt  Q5=FOUND Q6=FILING Q7=THROUGH  T8=[perm]12546073
    EMTBRTCAWSMANTSOLIARINELGEUNOOMIMYJECGZFCSTHNFOKSBLOYRWPGTICLBJBTYJMRXCHXMEMOLYIHKNSEKRWAVVCHPORHRSOUZLZYBJOTQOOHLOCTSIZWKOGYARJNBDNFANHPOOWDSCY
[ 6] -6.9598  order=qt  Q5=INNER Q6=SHADOW Q7=CASTING  T8=[perm]12504673
    UFEVNEROHITINHTHYBROTOEDDIERMEGPZCHNBEPSBCATDIHFLGOLTOZYRMSCSIKJEDCRAGMWFYDHDTBQEWPOBOJOCIKLSETQCONKNYTYNOWMKDYWHVIBKAPNJBMSWURKCWRIVEIEIPGBNTYR
[ 7] -6.9681  order=qt  Q5=WIRES Q6=THATIF Q7=OFMYOWN  T8=[perm]12530476
    BELBGDCRATHANBYALGGINNECOLEWCFXCRENKQLQLIMODVIREXFMDAKNHIEDJAIDKERLTSBSAXTINCEOPMLAUAMFOBLHSQODAPLWOHNBXIAFCKIGRQYKBORVPCKFXLMMGXKNCSIZWMJETWCYH
[ 8] -6.9821  order=qt  Q5=ISNOT Q6=DAYSIN Q7=AFEWHAD  T8=[perm]12530476
    BRELSRUHMERKETAGANTHIXNISWIFGAATOOTZWGDBGPOWDKRYANOXQJOFRLWJKUSYGCZDALFCAVGIRDONDIOPRAAJOYZQAJLZVISOPKRROEULOIJLKRPYDWEVEWTNCYNYJOMRLKSDSBRVBJLM
[ 9] -6.9855  order=qt  Q5=METOA Q6=HAIROR Q7=OWNHAND  T8=[perm]12546307
    DEONSTOOPOLYYTDTICACIKAHOREZSEMESXERMQSZOJMMSERFIMTQXIMLIKZLWTGKEJZPENJHTOTQLNOZLVMSENOATOMLXGGAYTUGEVQGAIINANUMFBHNHOUYEDIVGLMBPJSZOYIFCVEBOOVJ
[10] -6.9902  order=qt  Q5=TELLS Q6=THISTO Q7=IWORKED  T8=[perm]12506734
    YTSWEVINDINTHERHFOFNDEUIDINAABTHBIGBYHAGYFONDACQJYMVTSEWUBYBPOKRLHVISIUBLZFQAMPALXHSRKNXNDJATDYORDZEOOXYCHJFMQLJEMGAIUDSGLILURMAVZYINZJIRFLCYKXC
[11] -7.0006  order=qt  Q5=ISNOT Q6=MANNER Q7=ATLASTA  T8=[perm]12476350
    ACHBURCMMMUBERARORTRYMOCHORUNONRVUEYVICESXWETSRWVNVCLSSMOFURYPWOTUAICJEGTFTQOHQIEDFCFFBMEWQQVSLMJMILOSYEDXASDVCBTRIPXDMCOLPORLLHCBTNRWABFBVHZDPT
[12] -7.0090  order=qt  Q5=METOA Q6=HAIROR Q7=OWNHAND  T8=[perm]12546073
    YEORSTOOTOLRYTDTACASIKAZOREYSEMBZXEJMQSLEJMRSERWVMTUXIMCBKZIWTGCFJZOENJEUOTQLNOBRVMDENONWOMDXGGUKTUGEVQIEIIJANULMBHYHOUGSDIPGLMSLJSNOYITYVEFOOVN
[13] -7.0152  order=qt  Q5=LASTA Q6=PORTAL Q7=ITINTOA  T8=[perm]12537460
    FDUXUPTHESEEADWFDFVILLAPHALTHHOFPDFLEXBZAALBTTPVFDFUNPPPHHYNIXSNOOCCENAJBPULELTQIKYCWIIUMPAGPIHRPAKFOOAOZPDYLXJPGFPSQHBYMQVSJOIATBBTHUTXPAEXZZED
[14] -7.0199  order=qt  Q5=FOUND Q6=MANNER Q7=THEYARE  T8=[perm]12506734
    LKMANYSAGMPASITYOTISWINELAOICLYKNDRIPEKIWUXAVERTZJICMRPUBKGAKYLWITGEDWLRNPWCOPVTTDGAQBISPQNOOIJQPFTPDHZLKTXSRJIBEPIODHKLKXSUQVUNDASCKILHZOEERYAD
[15] -7.0304  order=qt  Q5=SHARE Q6=FILING Q7=BELLOWS  T8=[perm]12534670
    UFYMOKALLIFAUTEHILICDSONPAYNIAOQEDWGPEJRHOHQOSITAPKRICOLXULUNICVBMUWPOHBVXKZBRBXFAWLNCKZBEDPTONWUWQJPTQASDDPLCWTAFHCODSQGRAWUURAIUSCCULTFCGENKIB
[16] -7.0312  order=qt  Q5=LEDME Q6=ASTONE Q7=LOGITEM  T8=[perm]12546307
    STJRLPTHNPPUEDONAMTHNDOWASTANISEHIESLUPQKXAXNAJTRPBVPUPEHBTYBGDWEGORLPLVEMHZULLYYUSRYGVVSZMSUYQRLLAWTEXCSKNCKNISSPWQYPFYELNBPKGUAAVWXTHIQCGWONBM
[17] -7.0313  order=qt  Q5=TELLS Q6=THISTO Q7=IWORKED  T8=[perm]12560734
    LTSWEVKNBINTHEPHNOFNDEHISINAABBHBIGBYHAGOFONDASQRYMVTSKWRBYBPOQREHVISIRBUZFQAMZATXHSRKSXMDJATDPONDZEOOSYJHJFMQDJOMGAIUJSLLILURHAWZYINZIIBFLCYKLC
[18] -7.0363  order=qt  Q5=METOA Q6=HAIROR Q7=OWNHAND  T8=[perm]12546703
    DEORSTOWPOLRYTDOICASIKALOREYSEMBSXEJMQSDOJMRSERPIMTUXIMJIKZIWTGYEJZOENJFTOTQLNOZLVMDENOPTOMDXGGHYTUGEVQGAIIJANUUFBHYHOUNEDIPGLMRPJSNOYIMCVEFOOVF
[19] -7.0386  order=qt  Q5=SHARE Q6=FROMME Q7=CALLING  T8=[perm]12546037
    FTHEASRTBFGSREFINNONBYADKEMYNGBEXELSAZLVDKGFHPPZZJJUORJSEVMAPALCEQUWZUELVFYXXYRPQQYGORHDSLPWUYNRZTODFSEWHSITDGLUXMHYGECDDINSVJGRAMWXRBECCRLHWRBA
[20] -7.0446  order=qt  Q5=SPLIT Q6=REFERS Q7=NOBLOOD  T8=[perm]12475063
    GASTSWATICTSPRELTHFNISRPMEDOAYZJLMMCITHQINTOQJFNZPETNSBQOUTDPWALEBLJONQDSHFDIOQQGVWULYIMNLLKTOZWCGKXANWVLPNCARJJUEIACBKMWZYEDKLEUSXDLIUBESYEPOGO
[21] -7.0448  order=qt  Q5=HEARD Q6=ITINTO Q7=PRICKED  T8=[perm]12563047
    ADSEAFIATHRUGEEFFALHEDQMSINASKPNPMCMOXIEXFJMAYSGZQTGXVEXDRBMLITHSQPANXPSULBPJHKPDEXBDVVLCSUUXPLHATRIGWOYBPFQHKKKMTHHKMSWOLLYILITZKMADEAYBVVKACLU
[22] -7.0475  order=qt  Q5=INSIX Q6=SLIGHT Q7=ATLASTA  T8=[perm]12540736
    FFOFANICPTMLWGKIIESOUTISSUMHEDOWGLHSEDPBLBVELCWGTIKUQPMFROBECRCTYMSLJNGQMMHCPFAKGPVFKORVTKSTINHIJUCOAMKBRTLFFNSTHHAGASOWWQQSYQDBGQRIHSAEDMXLSTZS
[23] -7.0492  order=qt  Q5=ALLOY Q6=STRAIL Q7=IREREAD  T8=[perm]12506437
    WTHBEEAESFORLANOINEEXTSSFEOSOVNUETSNRMAQMQPEGPAUKJZCMULOPPWKIGHDSNHHBMAHCUNQJSCIYSASZPURCSEEUIUXWQZDEGEYRDUQOWSSKHCHPXEATIPLEFDQJYPRWUTZDIOWCIAG
[24] -7.0531  order=qt  Q5=SHARE Q6=HIMFOR Q7=SUSPECT  T8=[perm]12534067
    GYFCGKINAPHGASEALLAWEELOFRIXOCHEIRGRLVDSANHDIWLNSOIILIDRRHJUEPLMDIALJDPGOFNJXIOKUTZONZKTWEDONNYIAZUCYTHNDIHKPPSDHHWWXRJWQFQQWCSZOFHCCWMKDIZGQNUO
[25] -7.0563  order=qt  Q5=AREAL Q6=OPENED Q7=MEATTHE  T8=[perm]12504673
    UEHLBEVIDISOAORCGPLODOCKUNTYATUSHCQOWPPMIJAIIHEFXZOZSAIWSGPSKWSYETYOFJEXQLRMXJCHILDXDQPTMLEESOBKAKDWQAXVRUOFOJEBACZRZEPAUDVFSMEIBXHZALLCRCWOHCPM
[26] -7.0568  order=qt  Q5=THREE Q6=NUANCE Q7=MASTERY  T8=[perm]12473065
    XDPSEOFEVVEROFDCGFMSTHATSWBUTHEBSMEADFDZGEPEQCGBNGJNHNGQKRYJARDHQAREMLIMSUTWTYTOAWCKNQEGCCCFWWWHDRDBPIIQWXXPSWROTBMFWQTAOSDAZZIISTFBWKLTOEMJEVWL
[27] -7.0576  order=qt  Q5=MAKES Q6=DREWNO Q7=SURGEON  T8=[perm]12473065
    OWONSNEMTYTHEIWPIDRRUPDIEPARSEEKPDIEFFWKEAZLKBDEEXDRVZWCIDWMYXJVRTBSDRPLUSORDUZCSKVINFNRZJGZSXCSVOMUDNZDAMAISVOLAKECKGPTFFXPJKLVAVHLJSTLNMWXOENH
[28] -7.0592  order=qt  Q5=PRIOR Q6=PATINA Q7=AREONLY  T8=[perm]12563074
    KLGIBINMEORDEFRRERSHTQWROTBEFATRGFEWCLKWHYJEQUBBIVKOGWKSRWNPFJINKAPPWNUEPHCFDKBVDSUDITUPWAKXGAIMWRTYECJLDHAHRGJULXGKLBUEYYXCOBALDLUCTKRGANXHVWXV
[29] -7.0601  order=qt  Q5=ISNOT Q6=DAYSIN Q7=AFEWHAD  T8=[perm]12530467
    BRELSRUHMERKETAGANTHIXTTSWIFGATAOOTZWGYJGPOWDKFLANOXQJWQRLWJKUINGCZDALCFAVGIRDHDDIOPRANTOYZQAJOEVISOPKPZOEULOIIMKRPYDWVEEWTNCYLTJOMRLKXMSBRVBJQI
[30] -7.0611  order=qt  Q5=THREE Q6=MYEYES Q7=LIFTING  T8=[perm]12475063
    KUNTOEYODACEHEAMOLIAISWPAFFRPESRXLXGPZSFNOOBDHAUCATXFKVYWDQJTAUSDSYOVMHIRHVALWWMPDIVUPRTPVZKEHUINCAJUUFUBJHUANOEPOGOINLGXNSHOZLKVUSEGTOIPFRDBNIV
[31] -7.0640  order=qt  Q5=ANDHE Q6=THEOLD Q7=THEITEM  T8=[perm]12503764
    DOESIHSEKOITUSQUENEPPICALBIDBAMMINGNPIMOFLWBPLAVEBYWDKMFYZFSVWAJBKKJGPMTMHAXTOCVTGBBASWMOKOYXBTNNCLICTYOKWTJAEDRJZYOAPPANPFZPEGWWABQMGSAMDQAHYRN
[2026-10-04T01:56:19Z] chunk 6100:6200 exit=0
[2026-10-04T01:56:19Z] chunk 6200:6300
progress order=qt perms=100/40320 candidates=107318484
vocab: 119 x 123 x 141 = 2063817 triples
T8 permutations: 40320
candidates: 206381700 in 24.3s (8.48M/s)

==== TOP 32 HITS ====
[ 0] -6.8037  order=qt  Q5=AHAIR Q6=ANDTHE Q7=FROMTHE  T8=[perm]12640753
    HMUDSIDREVILERPCSMAOTQUELPMUSRWINJADMRAJIYIROMFUZOJPBHSHSJQAMZGBYOZNETTUYOMATESAINEILEFNSSCHVWOMDHCFRPTVZJZLKICHBDIWNRIBACGNIEGBTIEEBVAHTFGOHQHH
[ 1] -6.8300  order=qt  Q5=LEAVE Q6=ILEAVE Q7=FALTERS  T8=[perm]12634507
    PLBMVDDESWESHYMIKSEPOFAIDHARGENEPNQKADGEADAREZKLRWZFZARFFANDZDLVSCBIDWFQYHKMBYEGSFJXFAYBMCVKHQRQNURYIMITEPHOSTEJEWECBLOARYKTHRBEMJFDSOJCYOECDAQZ
[ 2] -6.8330  order=qt  Q5=KNOTS Q6=PIERCE Q7=OFMYOWN  T8=[perm]12640537
    SSCHOORVDALEBCTANDUSYLLSSGPIPEUANUZJSGAYMIYJFXEWSEESOOVMADWRYBSRLZHUFUWAUDELVEDNEJCTWUNMUMFBFLULKFKRKFCYEAHOOLSRVDRCFPWNAUTTSONDRPVISSJOQGNZRKBN
[ 3] -6.8382  order=qt  Q5=EMBER Q6=HEDOES Q7=THEWALL  T8=[perm]12607534
    VCHBYONLTICIABEAMLRURIDECTEDLNSLIJTEQUSRBWIEHHBNOUZDDRVNTRUJONSVXKCQEXESDFIBFHJXNEDTAFYHEBMHRGPITIUKEWNSFNEHMXYAXSYASYJTOAALGRDIRCARETQALGADEUDD
[ 4] -6.8976  order=qt  Q5=INGOT Q6=DAYAND Q7=BEJUSTA  T8=[perm]12574360
    HIFSEGEWYOZFDASSEDFRICARBOOGELZKNAPMKHTWXYDTYRPQTMSCOAKMBWHTEEXJIGHUANTDNXUSYXIJHCDKYBRVPHYSGDPCEXOVUXLERCOTEWMAREXIHOUZSOFLUHPGRSVWTZZUPOTHZPLA
[ 5] -6.9125  order=qt  Q5=TOOLS Q6=WINTER Q7=TRIEDTO  T8=[perm]12564073
    BOTIGAMWDAYTOIDEEECHETILKTYPEBOCLXEOEINFBRCPDZUESFDYOKHQEMENOLAUPBZNTVOGIHXQKNYOHVKPLUXMYUYCHYFSFKSAIOIDGRENVCGZFMDEAJHIAFGERDFNOLEHRCANOMODWTFD
[ 6] -6.9129  order=qt  Q5=EMBER Q6=SOLDER Q7=ANEEDLE  T8=[perm]12605743
    RDAIZEANMDULIDRAMBSJETONPATHEVHSOEDUIJETBBQRMMORNXGGHDTXQLUXNYOENOPKRVBCMTOQRONIXPDPXIUNBGSPPAIMFREHGIXEEESQEOUTUSDHASVWBGFEEZIPQJTHLEBXPIINTPDC
[ 7] -6.9188  order=qt  Q5=UNAGO Q6=FINGER Q7=HAVELED  T8=[perm]12634570
    KEUHASREAMEYACHOGCLRIVMHISALORGUWFATYAAWNBBFTBWYLPGNPQKXERBNMQOSKDVERNLNLMMXADWZRMLGNOAAMILMSMEBYNKYLGFASLLDESIWCJIKFRUSYLERUPREVCGYOHHFUCGGVNKH
[ 8] -6.9289  order=qt  Q5=AWAIT Q6=MYEYES Q7=THEWALL  T8=[perm]12637405
    MGHELLDRSIGPOFAHOMNCADEAULOUDNSUAIRWVQRRFMFJRTPQQRYEDXISBOLPAUSULTKBTKIROLELAIBTWCEZVPVMHOMEBOKNHZJAIMJEAKSJGROOTYUILIFRREAQPFRZOCEGHPJHBHZQDWES
[ 9] -6.9338  order=qt  Q5=WEEKS Q6=HESAYS Q7=AFEWHAD  T8=[perm]12603475
    AMIDLEAMUBSSIZATBHOIPHMATESIONQUCCITHAUOIECRTCLWWGNPISRKFXIAHBHSTHJBBKOLAWADCBPGECKBUSGWXGGDEIATUNAQBTCYMYPNSCTERNWDRJLAUHBRQPHSJYWDUSURAPYWVSJD
[10] -6.9367  order=qt  Q5=BOOKS Q6=WERISE Q7=TOTALLY  T8=[perm]12603745
    JOAMMEFNAAATRAINLONOGIRREWAUTUALLLNLZQJGJQCBDSJQVJQBKXBTKPMMXTAQAOPEYKNKEGCAYFREUTMEOYOULXRNDHNTBAINYUPJOFFRCSHUSUUIPTUEBRCJEUHHYDORFCAPZRCOKEZH
[11] -6.9429  order=qt  Q5=BALES Q6=KNOTIN Q7=WILLLET  T8=[perm]12567043
    BETICTHAJOHPMMODPROPACEMLIAMLYVKFWBJDWAGNBRLNIBPDISXUATRTMEUUTDTEDHVNWTPXDOCIVLOMGPMCZBFWVVDDSYUKEANSONTYTLGEXJSPMOWWWLNFTCDBIHWWEVGUMAONARAPHQP
[12] -6.9431  order=qt  Q5=TELLS Q6=THISTO Q7=IWORKED  T8=[perm]12570634
    LTSWEVHOBINTHEESNOFNDEXOSINAABRUBIGBYHMYOFONDAFHRYMVTSTNRBYBPOWXEHVISIXEUZFQAMHMTXHSRKLGMDJATDPONDZEOOWEJHJFMQGGOMGAIURULLILUROJWZYINZFMBFLCYKSQ
[13] -6.9432  order=qt  Q5=WIRES Q6=ISDONE Q7=GILDING  T8=[perm]12570364
    IJIGAITORTYSEVLVHSMENDINFIFUKDEJHHUTUKRHIZFUPSXJNFFHVLTOTAAFDRVATPXZCGLCHTYEETKHASAGMWVUQVCSAOFLVOFMEFILMXOHTGGABKJNRTCLUCRTXZWVVLOEUIEHSATAJOYE
[14] -6.9718  order=qt  Q5=MOULD Q6=CLOCKS Q7=NOBLOOD  T8=[perm]12605743
    OZCTSEMBFONTENMINDYALSLEENIPTVARCMGWGQERXLMWXSBUELSTSTTSANPTHIOQCVASNIKOOSGKKRXWWVQNKDWRMEWMJOEEBPOQQLGOINMOVIFNACRIESYWFLOEZHGMPYGBYAZUUYMZWOEM
[15] -6.9815  order=qt  Q5=ROADS Q6=WORKED Q7=SUSPECT  T8=[perm]12573460
    LUPREVIAHQGEBAALLBINDSESEJISGODBUTFWYSMWINOHHHQUIQEUTWSEZKRWTVBQEEAURRYHVGIEFSGKUZNKGHKRRASWEVRMACPMKTOPPSLXAMYOLVNSIGRZWOERCOSEAPGDVXHKLSACXHIQ
[16] -6.9851  order=qt  Q5=TOHIS Q6=SUCHAN Q7=VERDANT  T8=[perm]12640753
    BINBOORBYEAIKSIMKEONICEAURWEPTOTDRJUMVJXQDZIONZRAHDSJPWVSIOYNRHHQTLAAVTFKEEURFWTRISHPYKDDHQESLIDIFKGIFUIYZOSCOBQXMISKOPERQISFGGICBMACDNEYQCOBCMH
[17] -6.9905  order=qt  Q5=IKNOW Q6=ANNEAL Q7=LEGENDS  T8=[perm]12635740
    BVMXXXPDEEUPDANDNAYSDESAYSREEMADCWWLHIIXTIXFMGMABTIWALHERGPEOGWSBCQNFTXNNVXAYQSPAEDCLOCAYBSTXDWIRAOBELPDMVDLJFVKXTEYHRERCIZCKDVFGNUSDNMLMORUHYRZ
[18] -6.9934  order=qt  Q5=GOING Q6=ISTUDY Q7=YEARSHE  T8=[perm]12604735
    UTLSEMEJOLTANDAYDDNLEEAHMBANFLAYIUZICFKEDQCEKRWVYJSESZFUZAMTBFEWJSLNATFPSODNUGDSNCASQVZEOPUBCFHNNNURIDFOFPYIFICSQONSKLIIOPYQEJXPPPAUNWLIRERCOZBD
[19] -7.0085  order=qt  Q5=TOOLS Q6=WINTER Q7=TRIEDTO  T8=[perm]12564703
    JOTIGAMICAYTOIDFNECHETICKTYPEBOCXXEOEINOYRCPDZULZFDYOKHRMMENOLAHYBZNTVOHXHXQKNYVTVKPLUXYCUYCHYFZHKSAIOIBCRENVCGPSMDEAJHUFFGERDFHLLEHRCAAFMODWTFP
[20] -7.0175  order=qt  Q5=IHAVE Q6=INGOTS Q7=CASTING  T8=[perm]12607345
    FFLBLAKOWDOFOMNDBEANCEZOLDDIONSSOPOUVBECCODOLFEMWXZKPCCEKCVMREBSYROSMQCLIFQNDDEEOAJAPEBBZVLXQKNPOFYUUQEEPDPXXUNIRYVQDDJIABXNSBBIMMYLAKHBUSNIYDWM
[21] -7.0201  order=qt  Q5=GOING Q6=HAIROR Q7=THEWALL  T8=[perm]12570436
    CKYTHEEZIAGARCHEMINGWAORNSNAFHOFPFXHMLCNIIBAHANHBGMRBRBDMXNCOFJFFPVLVSRTABXDOCEFZYCRLAUXBRJOVAMNCFBMINBDYUTFGGULLPJCOVKPAXUGKINBIRENDIBBLEZYKQOK
[22] -7.0224  order=qt  Q5=PEACE Q6=THISTO Q7=NOTHING  T8=[perm]12643507
    UVLEUFHALEASCEASOYOURSRUERELINOTUIOGQKFBUCEVLTHOMNEEVVQVRDEFHUSPKJCBALEYKQMNIREPSCJWPKEZNWHUGUCDFLPWJHVYKEBOGPPDVMCDSKPSYMFMDHFJHAHZCHHEDALFSDZB
[23] -7.0239  order=qt  Q5=OFTHE Q6=ITDREW Q7=AREONLY  T8=[perm]12576340
    QCMNSWEDUCANDSCSOVEDAWWDFOLABAFKALCJTOECPRIBIABPUIMRXXIDBVMKABKHKISQOWUHYBNCJULLSCHCOOLRIAFLSFFNKIIONBAMLKTOOSIZNZLMEAHSUQPRRJHCIURTUQFJBHPILKXR
[24] -7.0274  order=qt  Q5=FOUND Q6=TEMPER Q7=ONLYTHE  T8=[perm]12570346
    NLGIVIRHAYPEAEGOSTSACTHURSNOOFDPWGRATRRWGUETYRJEXEEKDTXGHEAKKEGCTXREUGUZOZRPHYJOMPKLNZFEOAANIZDWVBTFSHICBNNTHIVUTXWAZLKOGHACOVYNSWCDSDPRSBFKTGGU
[25] -7.0284  order=qt  Q5=UPONE Q6=ISDONE Q7=THROUGH  T8=[perm]12643075
    ZPREKYDSTICYSARSNATCGRONCETNOAOKIFITBYJUKDLEZORMPJIWMRIPVTIIOIFMPUIFBNNMERLBAFAWFFCSAERWAWDKEBPQGKGIFZABBCMTRYVLTNRCGMPKEEYPRVXIKLRAZUDIOWYNBHIT
[26] -7.0305  order=qt  Q5=SMELT Q6=BUTTHE Q7=SUNRISE  T8=[perm]12574306
    RMCLANDGTOAPFPSBZONEMINERLYHSSDAYVTYNZMLUXJQWAINBSPDSEBCMMTWGVECAMEKLMWKPMDJTRFZRTICSNEURECUPXHBHBNISMDCQWRYUKXAUHWTTBZKOISZXMDLYPRUTRUTSWMVBWMH
[27] -7.0340  order=qt  Q5=ONTOA Q6=NUANCE Q7=OFMYOWN  T8=[perm]12607453
    VKHUMBEDIHFERRARFETHEAMONYARUDKRXYXNRIDCDIGXUUEFTTDVDWOGONVLDCEGVQXNFRMYYPHEEUNRWXDLLKWZULLHLOQMMAPSFHQVADHALSOJPCDGRSVMBICGVOPEPDLWHENMGHYIIICS
[28] -7.0340  order=qt  Q5=BUTNO Q6=ILEAVE Q7=FOODAND  T8=[perm]12564730
    FCWESTOSEIHAZSERLPMCDPRAGRONJUNMMTVRZXKSGVDSPNWNBPDEVLBJNFBQFDERLTMMUIBDBEDAQYTOWSRXMEKREWRWNAPHIQTPDSRIHFSNPEYOPYPLYZVTHTWAYLVCIJZLOWFDCFVANAFM
[29] -7.0416  order=qt  Q5=RIVER Q6=BYNOON Q7=JOURNEY  T8=[perm]12574063
    HTATIEVEFOUNVEDYRFUZLAMATEEHELDPLVZTFORIDYUMCEBUTMCETOXJIVLJHGPTDGHSPPXEALQIZXLNRYBQZACCORWKNRHRDZKAMGWPULPTRMBMIYXEHLBEUCSAOXRIOOEOYJLSEKNOHILF
[30] -7.0440  order=qt  Q5=MEHIS Q6=HESAYS Q7=BETWEEN  T8=[perm]12563740
    ANNUYAASHIECAANEVENEALOLKNYPINEUCJSBVUVROYOGOVWVTFZDOVJPFVAAPBWCTKJBHOVNKBDECRPEOFNDDRJTOCCCJFCOBALUVBHACSTWGFOSLOTIXWEFZUOIUPEZZYOSUEDRKPCHAEWH
[31] -7.0441  order=qt  Q5=CLOTH Q6=MAKING Q7=THELOST  T8=[perm]12576043
    BHRECHRCPMCELENRUNSFEARTLFANGROSIXVHCRNSNTHEVPCWZFECPSQRMQQNHEAGKUFSDTFSXPHYRAEEVTJOYEVKFZPOYBIGPCFRARLDZETEKHSTTSEBTPHJQFKMRQCMIMPHITSXOEUEKQIC
[2026-10-04T01:58:02Z] chunk 6200:6300 exit=0
[2026-10-04T01:58:02Z] chunk 6300:6400
progress order=qt perms=100/40320 candidates=107318484
vocab: 119 x 123 x 141 = 2063817 triples
T8 permutations: 40320
candidates: 206381700 in 24.8s (8.34M/s)

==== TOP 32 HITS ====
[ 0] -6.8059  order=qt  Q5=SPLIT Q6=SUCHAN Q7=LEGENDS  T8=[perm]12674503
    MLTADTRVERTOTOVBRANTMBBENGBSTSLFGDJXQKIPXDRIXVIRLUBVWXBHLFNPEOCJXJMMDWALODRYOOWOFOFFWDJUSZJMYXJVRAOINESAQYALIZILEMOPDLRALDEQRTQUOCTMOPUKMOMOMTPX
[ 1] -6.8315  order=qt  Q5=FORGE Q6=METHAT Q7=THROUGH  T8=[perm]12654370
    GVEARVOOISTLORASKMAACCUSCIBENMENHCROPRYFTIMIBJEPAETONCFAXZANLAVILEDHHEHWFYWNUBDMORZLLKOMMTJQQFIDBZZOZGBCECYEEWESPSXTENUAXTFGLHNHSBVBROJINBOVTDOL
[ 2] -6.8617  order=qt  Q5=UMBER Q6=ROADTO Q7=ARCHIVE  T8=[perm]12675340
    MYNTRMFORFICIDEABRSHETTARMCEMDEDDSLMFMMHITZDTOAFPXOHMRTDOCTNCWIBLNONSVOKHRDOBRJYDXFUPWAOPTRDOCNZPRUSFBXIUROUGKJRVQLMFRPBNINZGEQTWGVEVEDNKSIITUNG
[ 3] -6.8790  order=qt  Q5=STILL Q6=METAKE Q7=TAKEONE  T8=[perm]12674350
    NTXTMECUMBEREARNCLNUMCUTWEPAVOMUJSOTESMEEFTMPWCYSOLHSEKNZZEKGFEBZEOJTERYZMAKSEGIOZFCEHATEEZUGWDMPHUGGQDSBVLLRSEMVYNTYERIESMSFFQEPPZVJDLQUPUNDUZT
[ 4] -6.9045  order=qt  Q5=OFHIS Q6=NEEDLE Q7=ONEOFMY  T8=[perm]12673504
    MDADFOCURORYUNTODXGTUINUDOILSTANUSBNJINFAGPOBAPTBIZZJGEPMEEQRXHSTRYAOPDBWKTHRYYILAWVVGABPWBEITDFWXIDEJPCQNSERHSJJMMQSJUZWGMERLDKOLYNIZCAOWWOILXF
[ 5] -6.9184  order=qt  Q5=METME Q6=ACLOTH Q7=AHAIROR  T8=[perm]12706354
    NMIRODUVJCLUTMYIDUALPRLTHOWTHREAMULFBFJAQFWFRCBUUDEYPECKROZZEUQEUIOACPIXZITTJJBYGXAIRWILLYBGXLCOTETHISAJECZMKMAWSLPJFFMWOQFEVAWNLAGKFBMIGINEQCCN
[ 6] -6.9196  order=qt  Q5=VENNA Q6=SOLDER Q7=SOTTILE  T8=[perm]12703654
    LOPAHAEFXELDTELISTNDIWANTLEPARBVIPTEMTEMWIDUBEJAENJAMCUJYQQTQGMSRRLOVMBQHPQXZIYGQOZNASJBUAULMHMKNJTWATTAORRWEFGBEFEDXSLIERBTASFLNLHOHFRCLZARLGXJ
[ 7] -6.9546  order=qt  Q5=ANVIL Q6=FEWHAD Q7=SUSPECT  T8=[perm]12675430
    VRMITHAFGUESTASWANUGBKNRETOKFULHDEOCZRCXGORKAKASUPCONVJZIWKJCPMRTOTYKCLKMYBEYCACNWBCGENXKVEEKTEFTHYQXGPMVFARGBRPSLNOOVPHYEKKYRCJSTETMYDSALGAVVOI
[ 8] -6.9573  order=qt  Q5=LEAVE Q6=FILLED Q7=RESIDUE  T8=[perm]12705643
    UIGNIMONIXEISIMATVIMODGOCLABSEORSIKFXFWFXSUHGRUSYDIMEJAEANIRAUTRLUKLFOMOMOUPBPGWHPACHAHYWJQSFQPRCMSOFCIJRTULJEHRYQZQHVHATICNWDEGHUXBFVLOSAQZTEBN
[ 9] -6.9602  order=qt  Q5=MOULD Q6=REPEAT Q7=METMEAT  T8=[perm]12645307
    DZINWESWIAERDOUSBETHAOTHENITOMNCWHFEWTFBIZRHTPUTVXYORKDNQEKASNGLMYHTWNQPIECVRTKAZHEWBDPYFEESOAPKAIBFXMICVMOHTIFQSOGEYYRCDRSVQVVZMZKHAHULCXXATWBW
[10] -6.9677  order=qt  Q5=MOULD Q6=METHAT Q7=LEGENDS  T8=[perm]12734560
    QZOCTAMNHUMEHGICHMORESECTEESYILIVBDRSSKARWEBWDJCEZRINESNEBLEGGINUNTZGLTLSMKRPJUUNPBDOBJUJBMAPVNWEGBMAXHDQJOYRPAIVOGAGGVXUMFQUAKPJPMHIELKGJTJEYXB
[11] -6.9882  order=qt  Q5=EIGHT Q6=NEEDLE Q7=MARGINS  T8=[perm]12670453
    MNMDPSYCOLGOVINESLEOHASSAVEHLMEBRSSKDAFEPSLTEGWTNTOKBTFNXXVCQREQJOLDPKLLHNPMQZIRIRWUACHRNXXICVTPMUPWIARCKKIIWCZCNOTSLDMHEQEPUFQGBENOMZWEOUWIMACO
[12] -6.9883  order=qt  Q5=ATTHE Q6=GOINGI Q7=CARRIED  T8=[perm]12670345
    EDWOBHIARRAGMLLSUBLIMANYMSKATDUESOZQBTQUNCIRQCFLUFORKBNZHXKFELFQGOQWSCBXPEMUHTUKRPMCOAUGWUTVUZGPLSBAZXJWETTWECAAIRPNMAMFUEYGODQYTARKIVFSSKESBSVG
[13] -6.9897  order=qt  Q5=UNAGO Q6=HAIROR Q7=IPICKUP  T8=[perm]12703465
    RWSLPTEGBENLOWERNESSPTCHNORSABJAMHQPIEUMKIORMOWILDUWTFTWGLURTJUFELVTXHOHAYGTOCEYMUGAHUIXVOVXITYJZBPDPIZALYRXAYBLQQQTXFOBSSLBTLMPJWDNSINBDKRCAGFL
[14] -6.9958  order=qt  Q5=HEARD Q6=SPLITA Q7=METMEAT  T8=[perm]12653407
    CRISHWUNLPMBROASOVINAHURSOULLNMEWKIRWKHTVJDCVKMIASMYVYOOKUNABIGPUPPWVURQXCUEGEEIITYFHCCFOBDAOQSRVEDCVLXABMYPMJYDWMBSNMQSCPSUHNEUQUACGEALSCCACSZD
[15] -7.0056  order=qt  Q5=ISNOT Q6=NUANCE Q7=STACKED  T8=[perm]12654730
    AUDHRHANTYUPHPCCLICHARENEWSMWYRTHHDKENPYREWLSTPFMSBFUOQOMFAVBXOCSUTSULAKGVVVVARKUJAFUWURNSJHCCJHBRYNHRDANZCYHIABALXAYXOETGGJXBILOSFHFRTIFTHTVHOA
[16] -7.0094  order=qt  Q5=IPICK Q6=THESUN Q7=SUNRISE  T8=[perm]12654703
    VHXOTEXTOALCFOCOANONYLFUCIDEAATVLYRKFMPTOOJMQZOGQLGXUTMEKFOLBGTMTRTOMAUTPAAOFPUZELTGHGBKYATDMSJLAEQLJTHILFCGAEBWDHOEFQHAKEUFUZAEPOEVTTGJHETEMGEP
[17] -7.0125  order=qt  Q5=ISNOT Q6=SAIDHE Q7=FURNACE  T8=[perm]12735406
    HMBLHOXTOLSIGHISPOIFREEKETKACAUDLZTYMGRPCDTHASCOVHCTZCAUGTBYEQMHARALMNBZIKACROKLIMTDKATNUBYIEWVOZHHMHCFRCYGCGPRGAKLSTPEYXAUVBEMZUOKAQDDNKWPUJGYO
[18] -7.0216  order=qt  Q5=FILES Q6=SUCHAN Q7=NOBLOOD  T8=[perm]12704653
    HECOVEBEHTMACTGUYREABYGOMURYSDHICNDJHFHZWQZZRTKPQLBILCBENMYUNOPWSIKSNJCXFBGRIFDQZALFNKJNLYSTBHDYRPANMUJEIQRVGALRTYBLFJTEUPOFTZUPORFERLDETNRZDOKN
[19] -7.0223  order=qt  Q5=BUTNO Q6=HAIROR Q7=FALTERS  T8=[perm]12734065
    OLARNESNSCESMHHDZNINDOBSLANDATRDUYLNXFQAGDEHGWDFFGTBNUXALJGKCBUCTYZYCEUBWRYAIIRKUBDENTESOZSKGVAMBBKHIMLULMUMDLIFEDMYQCVESYZGERNYOYFDDFINYMIZIAGJ
[20] -7.0233  order=qt  Q5=NAMED Q6=INBERN Q7=RESIDUE  T8=[perm]12706453
    JIEDMHATCONDNOMEMYWITOCAAEQPRKPRTSERMISNSRAUPYSFDAVYLTFOQHDNUZOMYDRYAHWKTFOAGPDQUGSEVIPWMBISPNGJDPKFMOYWEBCWYKZERVWHAYMZZIADPLZXBYSPFEOCQGYVTDZU
[21] -7.0247  order=qt  Q5=GOING Q6=ISTUDY Q7=YEARSHE  T8=[perm]12704635
    UTLSEMBNOLTANDYADDNLEESIMBANFLOTIUZICFRDDQCEKRSGYJSESZCXZAMTBFCZJSLNATVNSODNUGGPNCASQVSTOPUBCFJLNNURIDBCFPYIFIFPQONSKLMFOPYQEJGHPPAUNWYTRERCOZKM
[22] -7.0337  order=qt  Q5=FILES Q6=SAYSHE Q7=ANDLOST  T8=[perm]12705634
    KEHGVEHEADEILISINCEOUEMEMCAGEAFPJKCYKSUAIBEDMINDKLRGTOAOFFNFHHJLEUKLTYHMDVQLZFVSSICFAFURDCFMUFPDKWKIBYJXYHSRSPWICVSJNFPOAIFMJUAPDCODWCPLWRKVIDLR
[23] -7.0368  order=qt  Q5=FOUND Q6=HIDDEN Q7=LANGLEY  T8=[perm]12674035
    VZNOYOUXENMOLDIDARCHIATRPITAVAWHPCDDHEBPNFISEREVJUODGWNMAJOTZSBJNTSNTRWNTDVBPRIZGCPXCMANNMSDRETMHGKNPAVBUKOSRXAWCMEFCZWRYBTQJCDRBOVAWZMMPPOFEHIM
[24] -7.0382  order=qt  Q5=TRAIL Q6=SPLITA Q7=LOGSAYS  T8=[perm]12675403
    QLSEERPXCGHOSGRISBOLISRWENDITHNERLSFGLFREXEGSZSOLKBWBPPBERVAVDEIQTZSGSFEIAMEUJPDEMAXBFDCUSMFEVEVECWAWOYAZPMGJQLMXDMYALTSZTMOFOVPWKUHEZSRYGKDQPJI
[25] -7.0384  order=qt  Q5=METOA Q6=ANDTHE Q7=LEDMETO  T8=[perm]12670345
    XENFIHNEEETHOLMSTUDFLAHSEEORTHAZIDAOPALMHEGMQVBYIQUKBZDOTCZPDPVDFIYGRAHLKIOSEKSATIXRATDECDTNVHZKWWHVTTKZZKMMCPBQSDTPQPOFFAJIIBEDCCNTKCLRABARQDFC
[26] -7.0386  order=qt  Q5=OCHRE Q6=HEWILL Q7=BROUGHT  T8=[perm]12670534
    GORDSPIMFREATODMBYOHADECWTDALEMSJNRYJUORHBOBWFOYGAOIKQIRYXOWOOKFIRQBELAWHXFAYNGJRTRJNOTGBJENUNIOBVHNLWARCERPTBXFYMXIVIAEYVJEKCIMOLRYMDDBPJQGKATT
[27] -7.0387  order=qt  Q5=TOHIS Q6=FORTEN Q7=GILDING  T8=[perm]12650347
    EREDICFISOPBRSSWSELFSDPHICOCRACWDEPIKTXIJRYMWPGDMGHZCXLTWUETIAGOFHEGERCDTREOFWGTCLYRAGMXXHOLLTEUCNLNHNAORMWNYHJMPHNGODJPLQWRTBJBRMSGPKWZXFPBUNXM
[28] -7.0392  order=qt  Q5=FOUND Q6=HIDDEN Q7=LANGLEY  T8=[perm]12670435
    WZNOROUXRNMORDIDTRCHMATRSITANAWHMCDDZEBPJFISHREVWUODSWNMDJOTVSBJJTSNARWNNDVBHRIZICPXAMANMMSDYETMIGKNYAVBZKOSWXAWMMEFKZWRIBTQPCDRFOVANZMMUPOFNHIM
[29] -7.0442  order=qt  Q5=OFTHE Q6=FORTEN Q7=JOURNEY  T8=[perm]12730564
    ATLSSTULLVEINKMFUTHOODTINTSEYOYXJQCKEUJJWOCWPLODTOWDDZDJGIBOREGALCGVWTHRDEYWANDMLSQYGATSULIAWRXUDHIAAFEMAHKVGBVVDZDDCGZCKCJACCKSXVRLSUZIKMFZHEPS
[30] -7.0504  order=qt  Q5=UNAGO Q6=HAIROR Q7=IPICKUP  T8=[perm]12703564
    RWSLEVEGBENLTXERNESSKACHNORSDOJAMHQPTVUMKIORRVWILDUWOETWGLURYMUFELVTKFOHAYGTOCEYMUGAMLIXVOVXBEYJZBPDPIZALYRXTOBLQQQTAPOBSSLBEDMPJWDNKUNBDKRCECFL
[31] -7.0525  order=qt  Q5=BRASS Q6=THEOLD Q7=THEMOST  T8=[perm]12653470
    OWHEERAVIDEUTIONDNMGNVOWISFRGLNALSSMSBIJOWKJZJUXFGRICKFMUYQBVINOFZIMXCBUDNEYDVODITJTBRMBODMQBMWXAKZQBXSQNVVNIIIPGAARIPYSJUFSSVEOVCSLICHMKFAKCWOO
[2026-10-04T01:59:06Z] chunk 6300:6400 exit=0
[2026-10-04T01:59:06Z] chunk 6400:6500
progress order=qt perms=100/40320 candidates=107318484
vocab: 119 x 123 x 141 = 2063817 triples
T8 permutations: 40320
candidates: 206381700 in 23.7s (8.70M/s)

==== TOP 32 HITS ====
[ 0] -6.7087  order=qt  Q5=EVERY Q6=STRAWS Q7=HAMMERS  T8=[perm]12754063
    BNGUTAGGFOYANYPRONISUICMHASNOSOXYHYCOAFTMTDXPELKFLIOSPCAYPFEHCYNINMWICXYWBNGVFROMREGYIWOOWENQHTDITTYNAMJBAYOVWKODWYBAYVAEPMWVUXXDELUEHSCUSIXXAGI
[ 1] -6.8488  order=qt  Q5=INSIX Q6=THATIT Q7=OWNHAND  T8=[perm]12736045
    IVEMRCALYEDCLARDITARMEUOXWEROMOUOEDJFRTITOKUWPCIVQIOCKEIBUOQQENLEJRWOECLPHUOWLOXFESBOKOLPEOYEUFFYUNYWAYKYIWESUSASUATNFRVNUUMBGQPIVZLVJSADLEUFJDA
[ 2] -6.8496  order=qt  Q5=MEAND Q6=INBERN Q7=MARGINS  T8=[perm]13025674
    LICKUDAPMDACONEDTICEAZRETACSOASWQKWTAGEVSYAVLBKYHJHEOOARTPIFINMXNJEWPLDCSSDEHPLEYTDYCSYAPDRFEBJUPNBMXYAIJMURNPXEPMUTATSOSJJPFOLALTZGVTOFINJHMUWH
[ 3] -6.8591  order=qt  Q5=BERNE Q6=MASTER Q7=SUSPECT  T8=[perm]12756430
    IGTUSAAYKESWNCHNEWEWXESLEATOTHEUVLALRKFXBVJKTSLAEGZWDJQCHYMOYCOFSGSRGONTAYOQSCIOCIZHGRRAMETWFEHMSGIDNFIGNUEOPEXUWVNBTAAEUWFSTOGLNQSUARVREUPLFASL
[ 4] -6.8894  order=qt  Q5=INGOT Q6=TOOKIT Q7=LANGLEY  T8=[perm]12746503
    EUSPICIAPCESECETWXANDSTINVUYDZOOWAFTDHLPSGANNZZJAEAHSZGSOBIJKTVNQJYHPIWAOBASAXOROOAIFUAIDGGMIJAYFONATBERYAGTMLJNAURBSBNTHTLQHHBUGUIJHPMEMKPZSSPM
[ 5] -6.8985  order=qt  Q5=UNAGO Q6=BERLIN Q7=HETELLS  T8=[perm]12746530
    TEOSHBADUSALALLPRLULTMSANDNDOODRIYATYPIECQFFETZRZARTHYYJPNVEJMYWMDKENNQHGVDFPMICNHAKDOKSHLZPUSBAKRMGGUGAYGCCBDBXOQECDLALYGPNAIALSOCGFMLPLLELAEXW
[ 6] -6.9231  order=qt  Q5=VENNA Q6=THREAD Q7=COUNSEL  T8=[perm]12743605
    FVYLOTAKUNSDOVTHESTAMBENDLAVFUNXSBYZQFFKAKCFMDPTTASIYLPRZNASTRYYRRTONHCEWONPBQTGVGCTLEIMITLOIBAKQRLVPTITHWOWXGCRLPVFPKIPCRCFNNEBRRRYNBLLYZIFECEM
[ 7] -6.9336  order=qt  Q5=AGAIN Q6=REREAD Q7=FALTERS  T8=[perm]12763540
    RUMDDUOFWEDPEIARYASBDSERNTINSTVHUVREEJQCUCULDOJKTUNLKIKTEPICRHVPJQQIPEXAARYYIPQBHSONSWSNKYQPSWDDPRMBILBUHCRGNYODIOLNRGNHRSDEGFMULTEDYMSDFSSHNRFE
[ 8] -6.9354  order=qt  Q5=UNAGO Q6=THISTO Q7=THEWALL  T8=[perm]12765430
    MODOWWELTDSINNIEONCHIDAHELODNNEFEGAYHBISQWKSVKLIMHDBLAUYZRKGAMWMKLMMYJUZDASWMOFZNCMPCRMOCOMDTCBOTGHUBXCTPBLJPUGXKOBQLEGIPPPHCOLEETTRYPZAJIIPMEUZ
[ 9] -6.9408  order=qt  Q5=LEAVE Q6=HAIROR Q7=IPICKUP  T8=[perm]12735604
    ROSNOREGSOWRTOSONEWNTFROSCCDRYQIDOHAFEOFTWOIUWEIOTZQOCOROLFISPHPRUTDLPDVONATGXNVWPGEFWAXQZKABRIQKBQFAXWXDSCLUPJZZEHHIFYYSHLUORUPJLHKKJRFHKMVICOB
[10] -6.9597  order=qt  Q5=TELLS Q6=METAKE Q7=BELLOWS  T8=[perm]12756430
    LNOSYGOSHYANIONTECNDYSEXYGMDINTPHYUCEUYSCDXBKNBNEFICLHEAHNQFFLICSVMGPOSTSFMAIARURMSTJEMKEMSLBZJMMLLVWHOWXQSQLMJJJXGQFKMTCBDESWEAFBRWIWGLBRLJJHJU
[11] -6.9679  order=qt  Q5=YEARS Q6=IWROTE Q7=BELLOWS  T8=[perm]12735640
    VAMYSTATATOFRASBANFSIIQHOPUPRISLRQLNUNSBADEFWKAPTKQHJIAWLOSYXEZRYXUIURATNJUGQUOCSQFNCHNFWMEXYJGQUIDOWSLRRXYOSGLMVHJOCSUTHVWAAPROODZHHYFUTEDBYWTE
[12] -6.9736  order=qt  Q5=IHAVE Q6=IWROTE Q7=RESIDUE  T8=[perm]13025476
    ETERHNAJMDONTAAINUETINLEREEAGDAHSRHSETYSTYXECIBBSYQCZIOUZOTLZDMMEVSXPLPDRWUMPYDRDFOYUROEYIZVUSPEXDPNNOFSLMETLPPCLNIRABTPOTUEZEFZJATJWHRJASETIQNL
[13] -6.9775  order=qt  Q5=INNER Q6=FORTEN Q7=ANYWORD  T8=[perm]12765340
    GCURTODEIZOTHETHANOCXCCEABCAETMUIAEDBHOHCJPMLBFONXZKLWAXDFTVHLSNMMDMAPLSZMKFRYRUGGIBMEIUSEWCBVOZFLRQMDLOYGOPNDWATHGIRLIYVUOIRTSPDDOLREFXCLZJJBEG
[14] -6.9785  order=qt  Q5=HESAW Q6=WHATHE Q7=THROUGH  T8=[perm]13026754
    RGERICMIXTSETEPILSACTOOWLDJSMMODJZITMEUPPYHSOXTWDVFMROZCNTHIOBIXFYEWVOFEZOMYNQPQIOTHYVOAVEIOSCWQRLCOINUDVLRDOAGHOOKUYPSQUUKJMRDRTSDRALJEDVKXEDPC
[15] -6.9836  order=qt  Q5=LETME Q6=ANDLED Q7=SEVENTH  T8=[perm]12745306
    LEANDCIGABIAXFNASPIBLOGNETOOFEWRZDWMEURPIPXOTOUKORVRUETTNVPANBCKGOCOMYIOBCNQARVPKQRSGPCCZAVTIBKMXHFOPGHATZUATXCXOXHEAJXYOUWAMAMFMZIOBLMISRQHDEZR
[16] -6.9859  order=qt  Q5=OFHIS Q6=ISDONE Q7=LEGGERE  T8=[perm]12746305
    DWSSITYODBLGCHTOSJMPSOUTSEADVIDEWYWMYAYYVTUUMGBMPBBURIDSAXACOMATDZXJXRPPZWSURJSTDGFEZTICYHPOOKREMQTVJBOKFFFOWLOFYKQBHUVUCJETMITITHRSNFAVUXMCEBTR
[17] -6.9997  order=qt  Q5=HEMET Q6=FEWHAD Q7=HAVELED  T8=[perm]13025674
    YWHANOSTEMAJOOSEPIMAMKDAILYHEVMAMGNUDISWFAPFGEMBUBPGJQXCNIVPQCHANBJMTJFMPXZQTOYTNZRIVMMUPATXEMMSHFOURGWGPWITSIUTJCCMJXTXGPMSQHXTICUTDXVMEICXEMEA
[18] -7.0002  order=qt  Q5=ALLOY Q6=WINTER Q7=MEATTHE  T8=[perm]12753406
    ZCKRVPVMENSINBATISRBONKTEASESASSMKCHKRFHICCNZSTFOYWTNEGUMVOCOJJHVGQBCAGBQABVNANOBJTAOTCJRININXJKMBTYNOKHADIVENKBSQVIMFHBZBBCBZDPEYHYOUMRAFAVHERT
[19] -7.0008  order=qt  Q5=ONEOF Q6=BYNOON Q7=NOTHING  T8=[perm]12760435
    BKCWATEDBETNCKIEEDOLOVEICEZEEATAUQPINWYMUGPCMFBUSTOJUGBBEAHREWNFVKWMTNUQXDGFUCZEFYERCHUEHBBAONCZZZPXTMNVPDZOJEWPSBTOOSXOTVTIZOXYSAEEXXWOFILFIAWY
[20] -7.0030  order=qt  Q5=INTOA Q6=MYEYES Q7=OWNHAND  T8=[perm]12736405
    CBCTHANOATHASPHFRTPTSGRGRCAONALADWOHLIDBYPHLJOGIEWEAVBHREZNCZWLPOHGEFTGIKDBAMLRRXGFJMFRUXKLHYAADJCZUZOJVELRESXYCSPDJUJIEDANTXESLAIPIXFNCULAXRMJI
[21] -7.0057  order=qt  Q5=STEEL Q6=ISDONE Q7=BETWEEN  T8=[perm]12763054
    DOMRKNGLISSECDTTICVOTALLEDOBORVCNVTIDEVLLTAVOGGESSANZETWLRQLOZVLKAVJLOLEYLUZJESYCUOCFINYZNQURRADHILFIBJQWQQULOGFQTMSJZXNPATUUTLMONKBOLUTFRFBFNCU
[22] -7.0112  order=qt  Q5=AHAIR Q6=ANDLED Q7=THATIFI  T8=[perm]13024657
    XORAGMPLGALIEWSBEAURAIDATMELGINSMOGFOZVAHZPNSNGALGJVDTOEGJPGGRARETZWAGZEBNLWAQVOQUASFXLXWCEWBBXRIDXHQMIXHERTUTHQAXSXYJLKMAWRXBDYGJKKOTONEYCHPQAA
[23] -7.0120  order=qt  Q5=ISNOT Q6=DAYSIN Q7=AFEWHAD  T8=[perm]12750436
    BREGSDUCMERAELANANTSIGNBSWIOGFASOOTLWPDKGPOWDPRZANOUQCOVRLWKKJSWGCZSATFKAVGGRXOADIOTRPANOYZRAMLJVISXPORPOEUJOIJMKRPADIEZEWTICKNBJOMDLHSGSBRMBNLN
[24] -7.0226  order=qt  Q5=GOING Q6=PICKUP Q7=BELLOWS  T8=[perm]12764503
    WUYERKETAYPAVACYANSHEPETAKNVUGHOPANJUTUSJXILEWJPJRRTOXBQXYWTUVSHRUGHNYBMSSSVISDDZOGXKCSCYNFOTTILIIDQQNTLEMLOBDUPBTUVVQROGDAMLGYOWBWNDHKIVETYQJJR
[25] -7.0236  order=qt  Q5=ALONG Q6=GOINGI Q7=ONLYTHE  T8=[perm]12760453
    IESACEDRDCSDIESAMSWACCUMILDBPNDMJWVGYOTHJUMNBNGDIHNZOSAOOEOAIDOXZISCZPZFFORMLJMQKRHALAHIPJPSRMFFRTANAFODBBOPCLTNMDERVHTVCBKKUACLCTFTRGFYMDPAODBT
[26] -7.0247  order=qt  Q5=UNAGO Q6=MANNER Q7=HAVELED  T8=[perm]12765430
    QNUTSATHAFECEAROGCERMGAACHATYTFOWSAVATWCNBYQAZKZEEGDVRGJEUBPCOKUKDJITDTDEKMJMZOURFLHEIPTMIEAAEGZVRKIJHELSELCRMIMCJCGPTGCVZELBJNZVPGEUKYCUCALTOPI
[27] -7.0264  order=qt  Q5=BERNE Q6=MASTER Q7=SUSPECT  T8=[perm]12756340
    IGTGHAAYKESXMCHNEWEISESLEATOTHEUVLADBKFXBVJSXSLAEGZTPJQCHYMXCCOFSGSYFONTAYOEICIOCIZXPRRAMETJNEHMSGIBUFIGNUECZEXUWVNHXAAEUWFRCOGLNQSCNRVREUPDNASL
[28] -7.0304  order=qt  Q5=TOOLS Q6=ANNEAL Q7=ANYWORD  T8=[perm]12753604
    PCLIPPLELGQDANIMDCTGSCEATOOLFORUPQDFCHMYCSVUCCDUDOMHLBEUINYVUEOSHOPIFWPVRXPODHIYMQASSUVYMBGBJDTFALPCOBRETLWWNDNHADGUFTXZDURIYGJPTXQEYJFYTAXISBMC
[29] -7.0409  order=qt  Q5=IKNOW Q6=REFERS Q7=UNRAVEL  T8=[perm]12765340
    DVEJRBALDWONITCAEVOWSANOFEANGUTXGVMCFCJQCIKMELXBPBHGLZFETOUPBQHTSSTUMNGFEBYUWRMQMBIQNOXTOMRBWVCUSTBLPSEUHMBLKLYFKAPZMKXOACDWODVWSWXGOWOMYGSALQVV
[30] -7.0519  order=qt  Q5=INSIX Q6=FEWHAD Q7=DIGETAL  T8=[perm]12736504
    DAREFAMINAUSUTSBERYJDZEONPADELPRZGEOQULBMMGSYGQUKMARYVIEQNNLSYVYKJVPTMFNDQBAISOAITKUSAUDULJKIXWCBLXKCTWIRKGEYTYJPWODUOYEXTBETNAHLIDWIQXPYHILHDXT
[31] -7.0526  order=qt  Q5=STILL Q6=INDIGO Q7=THATIFI  T8=[perm]12736450
    VIEIQXSTONOIOUSLITFDERWHANTYSTIIKOHZMLCPOHAWNVMFOWTUNAHHNDLDPEYOODIRBZUHULLDKLRFSASKFZPAHXXGRBOFGYIAMAKKXHWGAHNSCRIMPDVPALNWNHZXJYYFEYNLIZOMFSIH
[2026-10-04T01:59:30Z] chunk 6400:6500 exit=0
[2026-10-04T01:59:30Z] chunk 6500:6600
progress order=qt perms=100/40320 candidates=107318484
vocab: 119 x 123 x 141 = 2063817 triples
T8 permutations: 40320
candidates: 206381700 in 24.8s (8.34M/s)

==== TOP 32 HITS ====
[ 0] -6.7389  order=qt  Q5=BERNE Q6=ILEAVE Q7=HETELLS  T8=[perm]13047652
    OGOSREABEDOISTEESOHHAMBOOLTJMAGTUSRKPDDOWDSQUUPUHUVFGWBROCMUVRUYNOFPPVPECDNRTIGIESFDWYVOSNTMLLVPORKLNGEMFDVFUQAWMVEMBREOFINOQIUNECPWEMWIVOEIDDOC
[ 1] -6.8122  order=qt  Q5=INTHE Q6=THISTO Q7=SHADING  T8=[perm]13074526
    LOUGDKERCBLIDSHTGCLIVELSLIGANDLTJDTAPKRBSRAZLVXNWSKYHLMORTUYBGODBRGOVLXFHNKNELKERREHPOELOWIUSGBOSQEINDUSRFYFNPLYITTIMPDZGAEGHYGFCEBNGVDOADYEHNUH
[ 2] -6.8933  order=qt  Q5=SHOWS Q6=WINTER Q7=USEDATA  T8=[perm]13062547
    MLOSWYASTEDSHYNTAFFBMPDTPOSHERATNMJOIQHWWJRWEAIKRUROMQHXGGWEDSOIHDWEKTFYJCINCOLKSJTIHUNAWUPDLYGNAXBTMNMYBBJECIEIMARWFNSGEAHHNUFJMMDLAWYPOUKUNBJY
[ 3] -6.9056  order=qt  Q5=UMBER Q6=SUNAND Q7=COMMENT  T8=[perm]13054672
    SBYACRECLSHITPMGHMEMUXDELSGETOUCFFJNENPGESGTFRODASALGIZXUBIZTTBNFOAXUFXGWARFSJDRCOSUBJNOWYYFATYOOMOAGANUJYXMFADDNEJQNGXSHJWNCCYSWFZIJMOVEOKWRGGK
[ 4] -6.9291  order=qt  Q5=EMBER Q6=STRAWS Q7=HAMMERS  T8=[perm]13052674
    EWGAFACUASENOMOUDVERUNTILAWCUAOKTTDYCDUGCBVNJERSOMGLPNLWBSJPCGXHSNYIDDZIWXBHEIBMEOMWOIEONXJXLTXNWANOMENTSAZVOXTBDGJUEOMOVAUNLUWUIFIETTUSACSFDECT
[ 5] -6.9425  order=qt  Q5=AWAIT Q6=EARTHS Q7=WHICHIS  T8=[perm]13045276
    RBJINFADVCLESCMULSYAMITHMORGUNDRYIRWMEIDBPFORTENVPPMLWVXQPUCTWWTOKTDNTOPVKGAKEMIXKFNZVGMUAJAMOSQZOOXLAFCPOMKOVLSEYYOCISNHYMIEPEFHUUMCIOJQALSFCKC
[ 6] -6.9501  order=qt  Q5=LETME Q6=SUBTLE Q7=PASSING  T8=[perm]13065274
    JGUITNUNNEALLELMCAPBRUTINSYCOHMYWBDYJCBYLPHUEWTGLYNGZHENNGXKZLEUYQXXTJGLGFXNLPFPDEBTSOFXHLTZHESTFGIXTLYHBIBADKVEORCDAHZRJCLEUAXBGLAURMAISTITBYJT
[ 7] -6.9526  order=qt  Q5=MAKES Q6=MYEYES Q7=HEMETME  T8=[perm]13042576
    MSENTWEONSWEPWIIAESAMNLIACALELIQCMFUTOAQWHMLFVHWHIMAZTDGCIYOVFINCFBSDYSVNAKUHFMIRYUMZLJZFYMEMCONOFCRSQVIFOMTKONNTCZWZFBKZQKOCKPRONROTPVTEXPTKFAE
[ 8] -6.9748  order=qt  Q5=WOUND Q6=WITHIT Q7=GUTTERS  T8=[perm]13072546
    CEESEEGYBTUBRANANZFALDBOODAINONWHICNCEGOOWNFPFOUSZDETLMPNXTDIMSJLWFLVLXQANVUIQUHDEGLMIGXNLGRRPTYNCCRTOIMQISZNAFISNTFSVRQOWNTHYRGMDEKMCIMJXAMZMVJ
[ 9] -6.9839  order=qt  Q5=BARNS Q6=FEWHAD Q7=ANDLOST  T8=[perm]13056274
    IIONPRLYLYISRORONKSDTTFEACTEDFGOUDBBYMAAWLAMWBOTNGRPRGBUTQPUFFHSOKEURKVDSDXOHZWHNIBGRZDSADJCJWCXWCUANNRDADDAMMDHHITMSKEPANQDWVVCNRDGAVFDCMUYXPSN
[10] -6.9920  order=qt  Q5=STEEL Q6=INDIGO Q7=THESAME  T8=[perm]13072546
    LIBEDDLLLIFFYSITISSOWNROTRENFTEMVOZMZDGRAMQWCKFGLWYTHYYEWHAKMXOSNSNRATKRMUGQGFMVNIBNYCROAMAAFPWVEDQKJPEOYHJRAKSDRAXWOHSUEGUIMGNKGKBCOVCRLESYNZRU
[11] -6.9924  order=qt  Q5=LASTA Q6=FROMME Q7=MEATTHE  T8=[perm]13074652
    UAPLEOCKSKASOTLNEANESAADNELUPETCCGTGDMFEUCKZOBXJRENYTZMMENBSCXLVRNKRUDQUTVJDESOYIFHQGCPCFKNBLMEBIALDPXVBLFTTRRATGEISZHZESSRVCRXKPCETONALEGSTDPRX
[12] -6.9978  order=qt  Q5=LETME Q6=THISIS Q7=AFEWHAD  T8=[perm]13065274
    HICVADKVATMWOUSESUSRWIRITHADPHIMLMIPGEDROEFWZTATVOASDQZPBSUHYDAIZQCSCLELDYMPVTCOFDVFTAKOLBCYYTLDKWTLROOATCOAUBRFPRSKRXTYGENDCIVDRXDFSUUBLDPHWUGM
[13] -7.0059  order=qt  Q5=MEAND Q6=LETTER Q7=SHARENO  T8=[perm]13076254
    RJUNICARIELOPELPHNUNFPAOHNSHAIRXYAZBXAJIVUWWIXLQGDIFAGFGQPYJLOKAYYMCARCXXKAMORWIMIEUNUYZWYKSBLLDRYIMBADTUEAGPASQOPXXIVSTWMWHYJHFIWJOUSSTLIPWBDZV
[14] -7.0059  order=qt  Q5=GOING Q6=GOINGI Q7=TEACHER  T8=[perm]13065742
    FODVARSIANEQAFATMINTUENRARFUTTHUSKGRPGWOALTSFCIFUIGPADDSLCXLSUOWKNVTREQJQXJJVGKATPGEBUDOMNSQSQOXNTSPGJECEPELXIRMWMBRMVHKCTPVPNVTTWDOGSQLGJNTAIBI
[15] -7.0065  order=qt  Q5=MAKES Q6=MYEYES Q7=HEMETME  T8=[perm]13052476
    MSENMCEONSWEEIIIAESAYCLIACALTXIQCMFUIQAQWHMLMJHWHIMAPKDGCIYOZCINCFBSAOSVNAKUPWMIRYUMDSJZFYMEMCONOFCRWPVIFOMTPYNNTCZWDRBKZQKOKCPRONRORSVTEXPTIWAE
[16] -7.0121  order=qt  Q5=MAKES Q6=MYEYES Q7=HEMETME  T8=[perm]13056472
    MSMNMCTONSSEEISIAESAYCLIACALTXIQCMFUIQAQWHTLMJYWHIFAPKJGCIWOZCQNCFGSAORVNAEUPWAIRYWMDSHZFYFEMCENOFBRWPWIFOETPYKNTCZWDRBKZQQOKCCRONLORSSTEXITIWUE
[17] -7.0141  order=qt  Q5=MEAND Q6=GOHOME Q7=FELTTHE  T8=[perm]13076245
    ZZRIITORBKAYFEROWSSTAEPEISRALEURZEFMWEPUQOUSSCLIEDBRIMUGTOEPEADKXBNVZWVLMPTVRYTEOUCOPMBUWWXSIMAADYZQNMUIOTPNPURGMVMRWINHTHDQXYFUUNJKEHZNAFFWUCBC
[18] -7.0202  order=qt  Q5=OFHIS Q6=FILLED Q7=ANYWORD  T8=[perm]13064275
    MSSHMOLERABRDSCOMADEAPHWRBDIDBYJHJXEWCETRSQMZLNVLCDPDVYHOTEIQCUAREKTEJRORTTDHRWMVAVEZGSDAIGKIZKRWFOTRZVIADRYWHLKWNFEACEPDMAETLGMEMCGXGLMQOTMUHJL
[19] -7.0211  order=qt  Q5=GOING Q6=GOINGI Q7=TEACHER  T8=[perm]13065724
    FODVARSIANEQAFATMITTDENRARCUATHUSKOREGWOALISRCIFUIOPIDDSLCALWUOWKNNTTEQJQXZJGGKATPZEVUDOMNQQMQOXNTBPEJECEPDLZIRMWMNRAVHKCTRVONVTTWYOUSQLGJVTTIBI
[20] -7.0222  order=qt  Q5=SHORT Q6=CLOCKS Q7=THEYARE  T8=[perm]13052674
    WANODFOUSBPRODBLMIVELOWSRPWOFWHAAFZLPALFEASCJTSCAFAKNAEDMKTJITMSNONCJKEFTEOLAYBCYEMYCKMVTUGZCNBYXMCNROWRQQNSYFOOQJLPISQFLODOEUBTYWUIZEAJXJGLUSJT
[21] -7.0228  order=qt  Q5=LASTA Q6=FROMME Q7=MEATTHE  T8=[perm]13067452
    UAPLDOUISKASITCLEANECAWLNELUKEEOCGTGUMREUCKZBBMNRENYWZHPENBSSXHYRNKRXDWITVJDVSJSIFHQECMVFKNBMMEAIALDYXOKLFTTWRTEGEISJHHOSSRVVRATPCETRNDMEGSTMPFO
[22] -7.0235  order=qt  Q5=MEAND Q6=MANNER Q7=SUNRISE  T8=[perm]13072564
    KGUTEHAONDARIDEAYNGDLSENGNANABEYCOBBJMNVCINQHIDASHKEAJDEOANJFICMUJHCOAELETPJZMCAPVKIMYIDNIMDFCZSGKRVVOSUKVTRYEVZOVQYVKETIDUUIOOCHBJMHXMPLEAUNAYV
[23] -7.0284  order=qt  Q5=MEAND Q6=GOHOME Q7=MEATTHE  T8=[perm]13046275
    NZEINTOLBDAYOEUFASSTIOPGISRAMEOQZEFFOUPGQOISJCLIETBEMMUDXOUPRADTXMNVPWJGYPTVPVTNOUCOVMMVWWXKBYAHDYNQDMUBOXPPTURFFVYRMINGTXDQYYSLONJKYBZFAFFWNCMO
[24] -7.0307  order=qt  Q5=AWAIT Q6=FAILED Q7=LEAVEAT  T8=[perm]13046527
    SEMIZIRJETSDGUREYIFISEDATBUYTILLLDGZQTHBNREBUAOFWCEGAICBFNGMSYJHETIGGVCOPGEYOXCHWJGLTWOSREXGARYOSAZHYIIILXQTLUMVQRPMXREDJDVOVHVLBUGVDLTNDSOBTAZI
[25] -7.0350  order=qt  Q5=GATES Q6=FINEST Q7=SMELTED  T8=[perm]13076245
    EFOTONEKTTEGNDSWNPIRBIESARPOLIABWJPDUDNNHLOWEUAYUDROLAPCCUERLTCBAKEIOVNUYHPXMMSEMNRUHSGOLEOSSKDNMVBEJJZJOCFCZITFGTPCVIHOPHUVLIWATTAHJMLXDVXMRKPE
[26] -7.0363  order=qt  Q5=HESAW Q6=STRAIL Q7=LEDMETO  T8=[perm]13027654
    OKBEXFLGAMMITTSOAGBYNIDOUTOFTIDDSOWEFFZZEOMNYBJWDNUSGCMCFTTVSRREHGILEEROAYBBRRBDBFFLSCKNOHIYIWDWRDYOOKUTERPUCRXXLYBMMCODIVNWKTRRRJNTAHUPVKKLTDRB
[27] -7.0371  order=qt  Q5=ALONG Q6=ITINTO Q7=LATTICE  T8=[perm]13057462
    PXWRATTHEVOLMORTMHJACOBEDAYUKVHMIYFTFRQNXOZEULEOCPWQFBADMWDSYSIGGFGHTAMIOTIXKJKKIJBEPNYVKOKVGXKFAONAPREGRVFHOBBKPSCGEHMSLVMUCULSAYXOZNATICNUNKKV
[28] -7.0375  order=qt  Q5=HEMET Q6=GILDED Q7=AHAIROR  T8=[perm]13075462
    BFOAWEVEDESSEDMRHEHCDEATDPDREISSHWXYGKIZHJXRZEXHPEASADVLSFBZEEDBBWDTHPHILJDTCFPLUNMXXAPQIGORLELINLCMFCHVMBTNTRPMNYLDPBPKOHMKIWCWDCXDXRAYPOAPQIPA
[29] -7.0383  order=qt  Q5=HESAW Q6=STRAIL Q7=THEYARE  T8=[perm]13045627
    MWPRSBEATLINKINESPTOSLATEBRSUICKDBCXCNIPHZOJFRQFTSIOXRUWZRGFCKUNEFRUIPHASMDESQOQXJJETMZECLJINHKUTTBYGIZSOHZQZGRETZFBYRZWFUOROSHMKSSADNMMFTZEXMKD
[30] -7.0447  order=qt  Q5=TOTHE Q6=CLOCKS Q7=INBOOKS  T8=[perm]13047265
    HEVICERTHTFFKCIOTGHOLDRELATEMANJDKBBAEBIHUZLWMEHZQWFFRXOJVLSMIOTADYFOWRHBUEQSAZERVMQYFQSNIUWFYOXBXDAIYYHMENDFATRDXTYSYSCHLUQAKEBMGUZHTAGTNCINPRZ
[31] -7.0449  order=qt  Q5=TELLS Q6=WILLGO Q7=THEYARE  T8=[perm]13062475
    EFUAGESETXMOSPFEBTMEDAHLEAHESMCFCHDQPWTYKESUNGJXPFWUNWLHCSRIODLBTBBZFIPJTWLEWSICMSNGINXYRQRTMHNOGBACJKSGSHCURFMKURRAWSSEODFAIVSQKGDNOHVDHOCLAQYI
[2026-10-04T02:01:02Z] chunk 6500:6600 exit=0
[2026-10-04T02:01:02Z] chunk 6600:6700
progress order=qt perms=100/40320 candidates=107318484
vocab: 119 x 123 x 141 = 2063817 triples
T8 permutations: 40320
candidates: 206381700 in 24.1s (8.57M/s)

==== TOP 32 HITS ====
[ 0] -6.8341  order=qt  Q5=TRADE Q6=COPPER Q7=LOGSAYS  T8=[perm]13250764
    DINXMMODNOONYMICHHLIKERMLLDHOTHYWBVEZIGTATEUCBYLATJLYPVDUGADLYTCLDUNBTHHMDBXHMLPETUPIWUSEMNEMHNYAAMRJNWRRIWAILTASUVGTCZPTYTYMAGMBMWSYRWDSNNRFBBI
[ 1] -6.8612  order=qt  Q5=OFTHE Q6=MANNER Q7=PRICKED  T8=[perm]13264075
    GSTRMTEAGGRITISUTHETOOJQYUKWITCFYOMXCHXYKINNOPXOCJPHBEAVOTRANAPDXAXRKCOSURZXHXDBIDIUMGLSICOFIECIPTFIHVOHPFJBSVOXHUEADAFEEGHIIKEYBZPFYKYPKPWUWTGI
[ 2] -6.9133  order=qt  Q5=RIVER Q6=THESUN Q7=TEACHER  T8=[perm]13270546
    OFYLEBRETMUSCUTUVTHAELEUPTORTCOCNURCYBCNLPHOYEFUJMOSMADOFIYZRZPIERCHGGWOHWPITGSUPSGIPVNKNRSRPJYSIHVYLRTLBYNSIHLMQVLTFNBWSETLAHNWOVCLIRRNOOHAWKFT
[ 3] -6.9151  order=qt  Q5=HEMET Q6=HEWILL Q7=LETTERS  T8=[perm]13256047
    QNWGINCRYCLIGENSDIALAINAMWALUIELZVWEVAYDUTUBJHEKQOSTOBGUHDCPAGUQINBXEZVDVOLPALEGATOFPRFIRDTUUDHLMJWJEUYUDNRIDHCBSXAZAGAPVUREMASYMIPATQVLKHHYESET
[ 4] -6.9456  order=qt  Q5=ATURN Q6=MANNER Q7=TOOLSOF  T8=[perm]13250674
    EDWSEFOIFILLYNOINIMYROOLIGHTRVDFQXBUGAHHRURYNTSQRAWSPGCMICXLSQGVCIXTXKZDPSEYOLBDAFTSEMQAUARNHINAMEXPUOZAWCQRTBFTOTGWFYBYMOIVAXCACCUKZUGEMSJESIUQ
[ 5] -6.9694  order=qt  Q5=RIVER Q6=THESUN Q7=TEACHER  T8=[perm]13240576
    OFYLIBRATMUSYUTYVTHANLEGPTORECOYNURCDBCELPHOYEFUJMOSUADYFIYZLZPZERCHLGWRHWPISGSNPSGIYVNRNRSRVJYGIHVYXRTDBYNSJHLLQVLTANBYSETLEHNNOVCLSRRYOOHARKFK
[ 6] -6.9896  order=qt  Q5=ONTHE Q6=DONEBY Q7=INSEVEN  T8=[perm]13250647
    DCGASALWETYEURYESEWSAGELERNVPINBUGFEDZAVKXIPEQTNISEXUCNWIQGTCRWWSIWAYCNCRRPSUVIDIIMEYBTKUBTUOCDTOWKORUBHXBQJTYBLHYYAMULGHLFRDMLHUODTCZAYFSOHKQHC
[ 7] -6.9965  order=qt  Q5=RIVER Q6=THESUN Q7=TEACHER  T8=[perm]13204576
    JFYLTBRASMUSKUTYITHAKLEGATORACOYNURCDBCEHPHOOEFUOMOSSADYSIYZWZPZLRCHEGWRDWPIDGSNJSGIIVNRQRSRUJYGWHVYJRTDRYNSWHLLKVLTRNBYYETLIHNNTVCLARRYXOHABKFK
[ 8] -7.0030  order=qt  Q5=BALES Q6=INROWS Q7=STUDENT  T8=[perm]13245760
    MVPLEAUWTKETHPATHUSINUSTFUITARVTEHLGHCDPFUSANRSEVSIRWTTQWYFSYWXLJNOLNPCTOLERCMEFAMBZDNCJHREYMYBIPETORVPUPQSDTEERUJGLYKHHIKMUVTFULLPTWXOVVKUQYBTO
[ 9] -7.0037  order=qt  Q5=WROTE Q6=MAKING Q7=GRINDER  T8=[perm]13264570
    NLVOKMOVILLTPCIATLETIGAMUNTCAILGZNNDQXLVCWBPXVLMPSTPIXAGWAPELQTHMPZJPQUOQRBDKRQBDISYBLUZKWVGASLRHFONHEQXYHNUSISVTNEOTRWIKXVNAXFRONNEDSUIWSATHITP
[10] -7.0056  order=qt  Q5=SPLIT Q6=METALS Q7=ANDWILL  T8=[perm]13204657
    QNEXTMRFRESTEPSHYBURFAIBYRMITESSTDFHKQCHAFYVSEMVWIZHRBFMVEZUPIRBDSNUBMLUXBSPDESATJJBUYOONOWGZIVSISVJFHQRINRULCJGSWWHNECXRWYEDEAUTTADBCPRKVJLADHM
[11] -7.0069  order=qt  Q5=BALES Q6=GILDED Q7=IWORKED  T8=[perm]13205647
    IAPUTECKHESEORCOCKNRIALGRDANPTHQSLWKIPVXLEZMNOCXGRSFIEUNWTHEZCURDOJSAMGCBTSTGOESEXYITTNXMOAWJGVIVCOAVRHAASZVHKAGTNOTYPKDKQERFQKGKUKBYNDRXAOMZDZH
[12] -7.0074  order=qt  Q5=MAKES Q6=FILING Q7=CASTING  T8=[perm]13264570
    BWNGKINWEOENSBASAEONLESQUEZYTHEHBTFNHTBVSOWBUJSIJAFSCFDXTSOOWXSELLHBWGTNHRLABDGHGTPCWBANHQUPIBERSWEMYQKRTWACQAFTGSOLYXTXONZATLJMJGNWCUPPSSXISPME
[13] -7.0099  order=qt  Q5=MOULD Q6=PIERCE Q7=COMMENT  T8=[perm]13257604
    LRMALPRUGPARPPLGMTFISLANCIATBUROIFRURFOMRMETWDYZQPQDTBNUURWIOWPIVAELYCEWZAWUHYATLXMHTZHDDMGOVTPZNEETZNCQHEUTYTUEGTXPHSYEHCVNTEMAVCARVMTWALRQXSDT
[14] -7.0134  order=qt  Q5=LATHE Q6=ALLOYS Q7=METMEAT  T8=[perm]13267405
    OLLSILARTFITPENTEKEXTCIITHELSINRKWAMKILGUUIZUVRANLCMRUVQTBUNTSEOVROSCPGQKBJTNTEIFMYVFACWQBDMBDCOZKZNUGOAAZQHTRZOYSAYWZRSONAMIIFJATIJIRQBFGFLSGAF
[15] -7.0148  order=qt  Q5=MONTH Q6=LETTER Q7=LOGSAYS  T8=[perm]13257604
    UOSPITENARLIBMFDUYISESAUPWORERMUYGNWGWEIJKLUONTYLURFJCMWQKGAUMDLJVCRGKRAMDTCDSSCDZCCTPKUZIWRONCGVIWWYIRYIKNUGBNSORENZVECKMLAINVGUHCYBRAZLALMWPIG
[16] -7.0182  order=qt  Q5=ONEOF Q6=ALPINE Q7=OFMYOWN  T8=[perm]13267054
    VTDUEBSARGKNOONOFTKAFEJONSWEHOLOSSKFYFTBSIUAPZTOQPBBQWOLFJZPQGPLTQCOMKUYVACJRHNKFYHEYTWVEFANACAMUTCAYHTKCHJHKOCQWCMTHPTGENTWHOGBTCJCGISVMAORWNUS
[17] -7.0198  order=qt  Q5=HEHAS Q6=SILVER Q7=CASTING  T8=[perm]13256740
    MNODILDRIXWRATOTECINSJAYRIUAGALDQRQCBOFBMGIFMAGNKAJUIXRCKELLELXRZAJQPCDYSOLTSNROLNWZLRJBKSOZCOMDBCIEIEDPTQEAVTWWAVEUCMDJIIETTJVZQSOOCYTHDTBIZPNQ
[18] -7.0291  order=qt  Q5=BOOKS Q6=SPLITA Q7=ANYWORD  T8=[perm]13246057
    MZMODONSECLERAATONSWWWETOLNKDBRFXATEDVKHHJKNVRDWCUDFISNODICMLEDIMEPZSIZMNORCXVVUKJOPMBKCOMHNZTSGSAXSGEPHDCFHEZUDJEIQQORUYERYAITIEQYWFSMZKLATEKGS
[19] -7.0291  order=qt  Q5=ROADS Q6=LETTER Q7=MOLDING  T8=[perm]13265704
    EOHNINJPROTAPPEELDRWUFCHASHSTOFHSJQGGOJKJNYICCJKTYMBXSOKNFPETAFAXCOOJUQDKKTCPUEXWLTVEAERESAKLBGWOQJOIPHTJJNPPIJUJUISLEGALHZNSATFEMMEGUMBGEQNGDBE
[20] -7.0350  order=qt  Q5=BOOKS Q6=WINTER Q7=WILLLET  T8=[perm]13206457
    WLRVORBTOOJOBRINZOPREMBURNALSMUSZBPRBUTGLYNEEMLNQNFBMKMZITGTLIHDMYMRLSYYXZGDFFCQNIHIVKCKFHPLRKOAHRSUBWKMETCOPRCRBUCHLSKEXDORARWAWECNXTQUDESXBILM
[21] -7.0420  order=qt  Q5=BALES Q6=INROWS Q7=STUDENT  T8=[perm]13245067
    DVPLEAUOOKETHPAPLUSINUSRCUITARVAVHLGHCDMPUSANRSQUSIRWTTUZYFSYWXIHNOLNPCSOLERCMEFPMBZDNCQUREYMYBBPETORVPUSQSDTEEXFJGLYKHWBKMUVTFYWLPTWXOJMKUQYBTC
[22] -7.0425  order=qt  Q5=TOOLS Q6=BERLIN Q7=COMMENT  T8=[perm]13257406
    KOMLACTIWLINIATEFFAWARHEBALTZLGCIVZRASTSCDVBYBOAIEMQGKNGORLEJRRZQGSEDWUIDEENBDYFIBYSZLYDTHVCPHQOHOUMAEQXYCIFKFJUWVWUISOAWGVPULQRSWINGVFURZVYMJXV
[23] -7.0556  order=qt  Q5=FOUND Q6=HIDDEN Q7=SHADING  T8=[perm]13256074
    AMTTERBOTONIMMEDNTUITENOSLBFATDDORJVAWRWERPNCINHOSMFDQITMCTIVWXEFJBGRLIBJGQMPWKCJEJUVVYWUDZBHTBRSYGFHNUNDEDAWKSEQEXLEWXLUQOTYKWJQBANYNKGSOHEBHEL
[24] -7.0561  order=qt  Q5=TRIED Q6=MANNER Q7=PASSAGE  T8=[perm]13257406
    VEYAEALICWONRDHASSAPBCSUSICEIPIPLSMZZFTTNZBJMMLUTLXBNYEDWGGEDIMCMLFCTDOCYANWCXVXCHYWLNKDMBOWZTSRHMIDWNTHZGUSBJTJWMUEOKBREASERYQNSPWUFFHOUEXUSJTS
[25] -7.0582  order=qt  Q5=RIVER Q6=THESUN Q7=TEACHER  T8=[perm]13245706
    FFYLICRZGMUSYETPATHANHEOKTOREFOYEURCDWCTHPHOYBFRYMOSUHDCJIYZLYPMGRCHLDWYBWPISYSDLSGIYXNERRSRVIYSJHVYXYTBKYNSJMLUOVLTAYBBXETLERNHGVCLSORJQOHARMFN
[26] -7.0587  order=qt  Q5=ROADS Q6=FINGER Q7=TEACHER  T8=[perm]13265407
    TUCEBRAUSSOBLEDUREARULPUGPACIZRHMISRWEYAXOUOURLLUFWCXAMCMWGFFECDMNEYAXBSIWJBICDTCCFBKWSWFHXDPCHLMYIJZTQBGUGGFFCUTITPQDZTJQEEANWCSDNNDOWPHFARBUMJ
[27] -7.0588  order=qt  Q5=BALES Q6=INROWS Q7=STUDENT  T8=[perm]13240765
    EVPLEHUWUKETHFATHUSINUSTFUITARVTEHLGHCDPKUSANGSEYSIRWXTQYYFSYMXLENOLNBCTQLERCPEFOMBZDUCJQREYMVBITETORUPUDQSDTTERUJGLYKHHUKMUVXFURLPTWHOVDKUQYQTO
[28] -7.0589  order=qt  Q5=SHORT Q6=BEJUST Q7=WRITTEN  T8=[perm]13245670
    DKSLENXBYMDSISTMTITALATTRFRELBEEIJUKLCTPGRBYFNPRXZODSWYBDRNJMSZRFPEMVKFRTIOUTIVEKYNVYSPBVGOFMYKAEJBQKWRWRINTRYDEAOYAGTSURAUVWNJWMCPARZCKFUQIXHST
[29] -7.0591  order=qt  Q5=AHAIR Q6=HIDDEN Q7=ADDRESS  T8=[perm]13264570
    NGILLALMEEADDEUNTRPEJETSRKFADDJDFMSKYNHDFZJRPCEILHRKGSKJSROADTGHRMBOGTZPRKADJZTIBSLSYJPQVSEXFORDDWJZLDUDWIOMLJLCJNTOSCIZEBYFTPCBIKJWANFIDWORKXIT
[30] -7.0595  order=qt  Q5=TOPIC Q6=HAIROR Q7=LONGAGO  T8=[perm]13254760
    FCOHNAWFEPTIAFOEDEATICEAAICUSSPIIQOEJEIBHRDHAPTDMTTCEXBCKNYOLEWSTTOURCQDVVXISVAWQYQZDUZOSCIOJOQYFDROLBVCELZOOLASJJGTHTRONJIZUBTQRIPLFQGSGWXYHSFP
[31] -7.0641  order=qt  Q5=INTHE Q6=STRAIL Q7=FROMTHE  T8=[perm]13246057
    SYSTURTROCTHILGWPINTOFNPODBBSELYJHGIHNAMCLVVTAFRQDEPDCRVAJABECKTQLQKULYFLUGWXBKFHEBTBMZWAJSZBUUWOSURMMOFQOOYYQLPROALWRRRGNWWTWEADYEFFFUWSCSWIFKG
[2026-10-04T02:02:28Z] chunk 6600:6700 exit=0
[2026-10-04T02:02:28Z] chunk 6700:6800
progress order=qt perms=100/40320 candidates=107318484
vocab: 119 x 123 x 141 = 2063817 triples
T8 permutations: 40320
candidates: 206381700 in 23.9s (8.63M/s)

==== TOP 32 HITS ====
[ 0] -6.8519  order=qt  Q5=UNAGO Q6=NUANCE Q7=YEARSIN  T8=[perm]13270654
    XRUDRKBUSRUMONAHTCOMMDIRMERENGNSQYLZLWTDOIJVLSNHACIICHFFHLFELLSYNIXTHPICHVETEUIDUWDPKEIDEROMBBZYMTKEAIFTJWRPAAKCWYXECELPWKODGIUOAGCLOSAFUDNTSJCM
[ 1] -6.9139  order=qt  Q5=LEDME Q6=LETTER Q7=CASTING  T8=[perm]13460257
    WWNLODDLBEIRSTIMEGMMCKTHEJSPTUALEBJSIOHDPGLOWVDSDSWGPDKEMATFMOCSITIYVMGTHXYNQURTZEBHTPJBURNPLNHKXLGXHTEVNCHERYKFEEXVZNOQANLEOCAHSNGOOTEWXBTHDLJG
[ 2] -6.9423  order=qt  Q5=FORGE Q6=INBERN Q7=CASTING  T8=[perm]13427065
    PUDIIWHENTVILRMATTIDDHIRDGIONSAIRSINWHAPURVYNCKEDXQFVOZHLCJQZQXCYLKPWHXGDUCLDPSEXDJRSHNBECKRVPONOMWLPJIQEARYBUKMUXINRDZYRLOCIXEUPFONJCJOVZVSEGOH
[ 3] -6.9456  order=qt  Q5=TRADE Q6=REFERS Q7=NOOTHER  T8=[perm]13275640
    WCMMUNDHNOLARIONSEMKABPERTMEDUTOALETZLZTQTLINOEWHVALSYYOOOZARNNVSGOSGUWFNSMAFIJJSIVPATTIBTSPWGXJOSANDBVUJOADXEJRHJFCZFQESTWGLEHUWFKMAQYGTAMKTANW
[ 4] -6.9547  order=qt  Q5=HESAW Q6=MYEYES Q7=ANYWORD  T8=[perm]13275640
    BQWEBNKDCOTSUMSTINGAINSLOFNFIUSEMGSSDTDDDEGGEEKBLODNTHCUBRUYCYFQVSEZRCIHSZJJCYHJTWWWJIXSDYVHEYCIHAWYNOILVJZHLLLLLOFIZSTELSSBOMZLTJIMBMPILLHHAMGA
[ 5] -6.9578  order=qt  Q5=METME Q6=SILVER Q7=THEBARN  T8=[perm]13274506
    NFDUENEYWHICKUHELIFSEODYINGEDHBGTBCDCUWKLATQEOAIRAOJCZBUHHRBEFWMDXFFBUJXQJQMSWQSURZBPRGPENUTTIPHYGCZOXRNMUTFIDTHATRGSONOYDLRZWUEVWCWONBBCVITEEDJ
[ 6] -6.9585  order=qt  Q5=IKNOW Q6=ANDLED Q7=PASSING  T8=[perm]13450267
    IKTINARSIFIPAYDAVNIXOFGMADEAWAFMVBTODVEEOIXDOCUHAMNEMLUOPELITXTFPWBEPWLSIRDBOEVDNCZMBVVDBSOFYFANNKKZJEORRTZNVCUDBIVHTMWONVKENSTWGMIASSYFAJRQFNPI
[ 7] -6.9592  order=qt  Q5=TELLS Q6=ASHORT Q7=WRITTEN  T8=[perm]13405762
    LBRLOUDNASECLUPEOPEDSKOSTNAIRSHNOJHYOYWDOTILCEOUTYAPSAQVHOTHKHVQJOREUHMOTTBGXPJOIUWSOGXVMEPQSYDYXCJBYKMDRARMFODBSIGHKBIZSIAVYUZEGWIDYHUSRCRMZASA
[ 8] -6.9652  order=qt  Q5=INTHE Q6=THISTO Q7=HAMMERS  T8=[perm]13276054
    SFOOUKENEWINEFWERRHAPEXUANAHELSVUYPZDVNFABVSMBJERXLLKHJFLEOQAFLYZJVCNWENSEMEPMVKKOSUWYXCEIGGACSCQROVATKXETDRTPJCDEVAVILLCVCLKHENCPIEDKRQLHUMMAXS
[ 9] -6.9658  order=qt  Q5=ALLOY Q6=QUENCH Q7=CASTING  T8=[perm]13276450
    EABIGAJTWOSBLAISANPLEOSALJUALLDOWSKPAHQTRQXBBLCWHOPMUDLSKEUBWIRPORVEFFNFIRRHNRIHTJVHLPJWTWXGOLXTHKWMVENBHTALHRDLSERVIWHVBPHCOSYZYGHFSAHRSHVGOVMQ
[10] -6.9689  order=qt  Q5=SHOWS Q6=GOHOME Q7=GILDING  T8=[perm]13427605
    IMIOPEZLQTOHIOHERYAPDATHEAKAHETHXYPPBGTHTKJXAISIUGFXUPGBOPTRAZARAQGGAZDTSNBPDPANBAUZCKPTLVBYTHSAKYPQACEXSINUQHTIJHEAFFTESEIOPFUWHLQMHCUSWPHZAYMS
[11] -6.9798  order=qt  Q5=HASME Q6=METIER Q7=LATTICE  T8=[perm]13420756
    LRESOWEOBYDONSHELLAYHEINDNRXVUAMIAARMEHDJNSOZHPEEXVBADHIHKPFQNJIICUSSCASNXGUKLISYTEJUSEWUEWZUDADEWHGNBOSUNILKYGDAEHZPVRPCZTKIHKEBBNNDVYWYFXJODIC
[12] -6.9935  order=qt  Q5=JUSTA Q6=PIERCE Q7=FALTERS  T8=[perm]13406725
    QCGBINDSLALEJUAWEASDDOLDALALLMAKFLDQNYUSUKKICICCBPDUCKUHMHJSEKNVRDMSUCABLBFINPANSBVZNHREJGVFHENYYXNOSBZXJDYQPANIQIZNFAVYMQNSPCFARKSPTNCVCSOURAMG
[13] -6.9940  order=qt  Q5=TONGS Q6=ANDLED Q7=GOODBYE  T8=[perm]13427056
    IWLPLOXINTHOXPLEUITSMITELYTCONRCHLFSAIACDFBTWJFNQZYAHGEXEGAYVQWZZCYMFFUXRINDYZALXEOFIDSTBHMWTFSLTYLMYUDEJONQDSXHICPUSHSFNMODRILOYODNBWPBSWUGGFRL
[14] -6.9982  order=qt  Q5=FORGE Q6=ALLOYS Q7=LEDMETO  T8=[perm]13457260
    ENEAMPTOOSISHTRCVPERCODDANHNDNEPERAXRFDGMVYKSFPGRMEHALVXXEHNEDWAZKLCPPIVHCNFLNDCOQIVSWSKAEJUCFJDYYWNXXREAOZEYRSSUATAVESAFIZNPUENDTOUSFPAEJBJQVKG
[15] -7.0026  order=qt  Q5=INSIX Q6=ANDLED Q7=EASTNOR  T8=[perm]13456270
    HALAHUGEHELSBTMAPBRELEINBSSSOSIXOFIWLCEXOBPKTERKPCNMAPVCWXAJKNZPAWLQABADGNOVXJMMWFKQZVIEHNLEIYKPGZBXJQGAOVSSHTLYGOUJANHAGPIWSMEBNNEYOHNTYZOOTKRD
[16] -7.0144  order=qt  Q5=METME Q6=MASTER Q7=CASTING  T8=[perm]13420756
    URCLOCONSESREBQMENAVSKLLDNECTURMIBOOHIFUYGJCUUZPCDJGCDTGJGRFJCHBIPLFQMEYNYEMQRIBVEPHPSPDURLAUNASWRQXGTAKLBELKSWILEFZWZZEOWTEOBTLTNIODBKYXHHMALIC
[17] -7.0152  order=qt  Q5=BOOKS Q6=SOLDER Q7=NOOTHER  T8=[perm]13407265
    MEFPERCELEXBTHTHEMVELOPAOSAHFOUPTYAOBZEDLOWOJHLAHAUHBEUMUBWLGJWGYHSHCSBARVUTFATOBFUMDBEOIHZOEMKJOHBZXBUPJYVLTIPOFOIENIHIZSCXMSDAEMWNAKHEWHIEVJMN
[18] -7.0268  order=qt  Q5=CLOCK Q6=METAKE Q7=THESAME  T8=[perm]13460752
    CDRUCCONDHONEIOLESOTNVGENSTAPICSXIPCROUEWZCAPZWNQVZZLLEQLYLEAKJNTWBISYEOGOUZRUYDODPINTOTWPUYIQBGMXRZYFWSSNCRAUCBSPFYRVRLABRZYCOODZBJEMIPRELRWRRS
[19] -7.0285  order=qt  Q5=WOUND Q6=SOLDER Q7=LONGAGO  T8=[perm]13275406
    REEREPOBONOIABYRINEOWAYNEXAQNRUXGAXMCULGKRKFATGFHOCKSOWHAMMTPNQJQEGOXNXGUQUGEBYCENVUILENDBTAWLZCVQUULKDJAINGOZGQPFQGPWSNSMUFRNHGGOTLXNMADOYPRTED
[20] -7.0331  order=qt  Q5=STONE Q6=FILING Q7=LOGSAYS  T8=[perm]13274560
    FYAPPMZHONUTMARGPTOODSUGHONTHECVEGHWNMJACIDYCKLRIQKYYFNQZPJXLMMEHVIESITYYLQDMWOTWIIBDVTEHSHXFNEHKZUIAUVLSRFWDDHIKKNRGDBSNIMAJDANRSGLEOCZACALDBYO
[21] -7.0334  order=qt  Q5=MAKES Q6=HEWILL Q7=PASSING  T8=[perm]13460257
    ORDETNLAVOSINEASCOYWIZBOLILYEDCNYTIUVIKTVRDFCBBKQLPSORBDCSOZQCKBHGQFDFFMRPHAMUECPTFOMYROVJUGBIECORAMAJXPOPFOCASOUYSNDMSICWSATMQXQESNMLWEQYHNVDQY
[22] -7.0351  order=qt  Q5=BALES Q6=SUCHAN Q7=LEGGERE  T8=[perm]13427506
    JGFOMEWEIZELYTHTWOTOITTVINTHATJYUWJIKKACORAXJMEGJNNKLDGMGFOJJDKKVHXIJJLAOFLDTOTABCFOFBWSMSIIRYARSYJIQODFGKIODOVIEVVFYKFZISOFSWFZCOACEAXZFGZESKZA
[23] -7.0389  order=qt  Q5=OFTHE Q6=MANNER Q7=PRICKED  T8=[perm]13274065
    GSTRMTAEGGRITIGHTHETOOBYYUKWITYNYOMXCHJDKINNOPXOCJPHBETZOTRANAGKXAXRKCRDURZXHXBDIDIUMGMOICOFIEJBPTFIHVXUPFJBSVTZHUEADALSEGHIIKASBZPFYKEQKPWUWTCN
[24] -7.0408  order=qt  Q5=ANDHE Q6=ITINTO Q7=MASTERS  T8=[perm]13274560
    AVESHKANDVENEWYSDCPLEFPAGEAUALFQTIPPZOZZXBRJMWGOLTZJHULTEMLBCIIERDZGHELNRCMSMZOVKMKUSTXTTIDNARYLCORCYJDBBUDAHLJVCEWGVYYGGMLTSLHWITWEPQCRCBDYDGNQ
[25] -7.0522  order=qt  Q5=IHAVE Q6=EMBERS Q7=FOODAND  T8=[perm]13457260
    CINKWEFPEOURIIISNOYEDUESENZYAZCRMWPKQDMERBWVQEZMCVWTDFPIPOERBEUWSYFSHMMNCASHTMPGNCUBAZEVPVTJMYZEKJYNRWUFERWDWTWFUTOEKDNFEDDBIGPMISAWLAMPEHSDOGKF
[26] -7.0533  order=qt  Q5=TRADE Q6=FINGER Q7=SURGEON  T8=[perm]13405267
    PIFACTINIANIYNDBNACYRNEREPILIDWHPUDVJLJORLYUGQXWSOANWDJHDGLPHURBAVUOPRZKWNLEXAXORJZJFDLNBIOFLIFLCDCRSTJHLJDNODEAWOBVXJFWATVHNXUZPRTPAPLSMIOTEIQF
[27] -7.0619  order=qt  Q5=CLOCK Q6=METAKE Q7=THESAME  T8=[perm]13460725
    CDRUCCONDHONEIOLESJTNEGENSRAPMCSXIUCRGUEWZQAPHWNQVLZLZEQLYKEALJNTWOISOEOGOTZRFYDODIINMOTWPCYISBGMXPZYDWSSNBRAVCBSPWYRERLABZZYEOODZKJEKIPREQRWXRS
[28] -7.0681  order=qt  Q5=STONE Q6=FILING Q7=LOGSAYS  T8=[perm]13274506
    FYAPPMZHONUTMARGHTOODSDGEONTHEFVPGHWNMXAQIDYCKSRAQKYYFRQBPJXLMCEEVIESIAYELQDMWVTCIIBDVMEYSHXFNWHYZUIAUQLORFWDDIIEKNRGDWSLIMAJDCNNSGLEOLZDCALDBZO
[29] -7.0698  order=qt  Q5=CLOTH Q6=SUNAND Q7=STACKED  T8=[perm]13274605
    KDEWALSNNTIRIEBNATAGRCHEEPUBHIMKBRABGANNBRRFDELUXVVPZFQATFEURHONCYOFDMGNWWVSREMRRLSVXMOJXWGJEIXUFINUDBALVLKSYOTSVNYIOMZLUYGETGSHFBLXGNNDQNNTJBRQ
[30] -7.0712  order=qt  Q5=MONTH Q6=EARTHS Q7=LEDMETO  T8=[perm]13426507
    RPULPENTTTISMOOGUESBNJUNWWEYACTGREAMWILEEVKNNGQAXZLIPTPVWQBJRWLFAQJRYXURRYLAOJURRUKOZFBEMBSOAVNXKQOLSITPNKDNAEXKYJFEFOMTKZSPHSIORYJUDYBMYXXWTFAB
[31] -7.0760  order=qt  Q5=ISNOT Q6=ROADTO Q7=THEWALL  T8=[perm]13420657
    QRHORDINEAWDINSAMANATTOMISLDPLGCALICPWJNHDWLVZDUCXEABRPIZEJVMMVMVWQABIXXJXZLYGFFOMWNSTXKWSANXUCSUDEMMFLLNDJNEWTAHGOECSSYMZUKUPXTERABBYOHLPQWHCXP
[2026-10-04T02:02:52Z] chunk 6700:6800 exit=0
[2026-10-04T02:02:52Z] chunk 6800:6900
progress order=qt perms=100/40320 candidates=107318484
vocab: 119 x 123 x 141 = 2063817 triples
T8 permutations: 40320
candidates: 206381700 in 24.3s (8.51M/s)

==== TOP 32 HITS ====
[ 0] -6.8657  order=qt  Q5=THREE Q6=SAIDHE Q7=SHADING  T8=[perm]13462507
    OLLFYOMASTCHKJAMISAVEFPDGAUSETTFRCYFJDTTDKECEPTOHGZPPHEYEPDVJZADASHIMGKDRPSKHHFACYJEMWROALJABFOPATGEWCOAKNOCGDYPORLAEYCGJNVFYAMQCARMZSNPRAHMIQUT
[ 1] -6.8682  order=qt  Q5=THREE Q6=HIDDEN Q7=TOOLSOF  T8=[perm]13504267
    PMWOFHARGSIILHURYLEYGIATOBEALALWWWLSAPQGRNBDXGJEDASOPMHUBFFAMAWFWKYJMTREWHOHDOERSEOTULCXFWDRWFBTQWNQZXZGAUGPOBQTOYYMEGMAUGAUUEBUAKCXAIJORBYESEVI
[ 2] -6.8692  order=qt  Q5=IPICK Q6=NUANCE Q7=STACKED  T8=[perm]13462705
    AXESADNWKSTHASKCONEREETIFWVFMYSADDURXWISFHDATNCJSDSOUSLOTJLBAYTOAUGYDQQPKMHHAKETANIJJFQOPDUTFXVHGOWWLUNPVZOUPNAEVGICNVNIYJLQKSJUNDDERHVIMBEMFDFP
[ 3] -6.8738  order=qt  Q5=VENNA Q6=ITINTO Q7=COUNSEL  T8=[perm]13504726
    OSMFWTTAKERSMFIRVEDEETEWSRPREZESKKTWCSGNDOTGADIMVLYCJXNBREYWZIFMBSRCZQHKHIGAIVNKAOTONDOLECNDKOPAJEPIXGTDRINCQWMVIBCCCSREYEGTKYAATNDCCGWQCTQUTOMI
[ 4] -6.8764  order=qt  Q5=AGAIN Q6=HETOOK Q7=MEATTHE  T8=[perm]13502674
    FLVNNURECRUEEISWALSILANYDEFAOFFFZIOBYZYTUHETSYOKAIDCDCTIROIOFPLBIHGJJYLVIRQAPTMTVNXQRFXVJZAMEEFDFVBEZONSSCMHASMDLERSQPRIFJAXTYJEADMCMRVWUWABAEGQ
[ 5] -6.8893  order=qt  Q5=SHARE Q6=GOLDEN Q7=HAVELED  T8=[perm]13504276
    MKNURSDUHINTSDTWELESSOHBFOXPLOYDZRNQSJEQNUNYKLQDWAUHPLLWLTOGSEPUUACCISMSRHGSFIEPPKNJFWZDELERBOKOIPFMSTAPYCESVASOIDFSNRNBMSKQIERUNSVMTZITALAWGCVB
[ 6] -6.9235  order=qt  Q5=MEAND Q6=GOHOME Q7=FELTTHE  T8=[perm]13476205
    TZRIDTORYKAYMEROTSSTKEPEGSRANEURAEFMIEPUWOUSPCLIRDBRZMUGCOEPSADKABNVJWVLTPTVIYTEYUCOSMBUSWXSSMAABYZQUMUITTPNTURGIVMRKINHXHDQTYFUMNJKHHZNSFFWVCBC
[ 7] -6.9587  order=qt  Q5=AGAIN Q6=HEDOES Q7=FELTTHE  T8=[perm]13542067
    SLSNLICLELIOTIOWRESITGURPESACSYITIZBYIPFUBLTRYNCEUTZZPWWTOZZEPMOSXGJEYJNQRHABTRERNMHMFXDDNAXFRGJPVBEMZUTPIFXASBEYOLSQPITPSRXKVRGHDFPRAYUTLABHETE
[ 8] -6.9707  order=qt  Q5=OFTHE Q6=USEDAT Q7=IWORKED  T8=[perm]13540726
    ZERMAVTHISAFPVCCINIOSSONDVSSETFUZHTCDCHTRFAXQYLBGOOACDCTTLQFDFFKPHFYHSVBLDNAHSKDANJMJAXAMSERYCHOROSYDONGICWITWGEIVIJXTDYZXXXIRQYTJTCXDODTKNVFUQG
[ 9] -6.9875  order=qt  Q5=GOING Q6=FILLED Q7=DIGETAL  T8=[perm]13540627
    OLYVWFOAFIECORARDMIXEERWAREAATYFTSLKBATSNSDMTPATDZZZDUNADAPQAHJLOMMTAJGNAFAVDQFLCIOKYXGCOYOTNIOSUTKRJVGPKZBJXBSRONHIUJEBBHWBGSBWEWHHIREAWORTPPNV
[10] -6.9880  order=qt  Q5=LEDME Q6=LETTER Q7=CASTING  T8=[perm]13467250
    TWNLODDDLEIRSTICEGMMCKTHEJSPTUALEBJSIOHDIGLOWVDQTSWGPDKLGATFMOCEQTIYVMGZZXYNQURNREBHTPJSIRNPLNHSWLGXHTEWFCHERYKNEEXVZNOQRNLEOCAQVNGOOTEADBTHDLJR
[11] -6.9998  order=qt  Q5=FIELD Q6=SLOWLY Q7=FROMTHE  T8=[perm]13524067
    CNTECHIAXQMASANDOWOMENUISKGEWPLNOUYAMLMPDDMSTLECLXPLFOHFANWXQUNENCESBNOODOXDTTLKGZUJVEGKYSEJVNYICFNFEGZVLMADSCBLMLKALAALJDDTAUAGPGKOSZKDBLSEURSZ
[12] -7.0011  order=qt  Q5=LEDME Q6=BUTTHE Q7=RESIDUE  T8=[perm]13504276
    ZCNSONLISERVXYTHRMSSARTIGETODCFNJSITDGPAUOBLPBRODTNGNIFUQPRLAHFWHQGWRELGNPALEAUPRJPSTMOCXITRHDNCGCUQBEJFHLARSXXGVWARJQXPBCSJYAVXOBINOOXIPPESYHSU
[13] -7.0023  order=qt  Q5=ATURN Q6=PIERCE Q7=OWNHAND  T8=[perm]13462570
    SDIRAYBSENASCUTIABYSISONATCXRGMARYYDQVHORGUYUORVFXLDDSSFLCGDXRQGXLWUSLPBIRDSSUJHQPRXHPPYJCNDCNXVMOYPGIVEKKEPVYPXSYKMALRLCCYGZASANTEYECSICUROLTQG
[14] -7.0024  order=qt  Q5=ONTOA Q6=MYTRUE Q7=SEEKING  T8=[perm]13502674
    VQUETAICNGECOSTPAGROLLSWVERFEGSNLXZEMAJCYUVWHFXGEVFPRWAXAFODZRMBERALUJIODXUBOBXUYSSLUWHAZUPAHUFJWSTRAMAQJRVYLJISJDOUPONYDIHRULMWGTNGISBZPTBRUCVW
[15] -7.0026  order=qt  Q5=ALLOY Q6=BERLIN Q7=THEITEM  T8=[perm]13504726
    SDMSNOTANYCHRMGCIPACGONAVEETNALWMJWPRENYHDMEDOKSJQVIEKOIHSIMWYRGNLSSRKWWAKBXWIOBHPUTDCWZJKHYAORDLODGFWILNENANWULEZOUNDPAIBAVQYGNJTJILZAUVQIMFMNN
[16] -7.0095  order=qt  Q5=AGAIN Q6=METAKE Q7=MOLDING  T8=[perm]13524076
    VWWESOPEWIVINGORFKDDIORANKEPDARSZBBWTIELRRTDDQBDOIOWIGVGTCTHYXGSWNCOSXXLJUOKUNQQRSEAUMMHDCYMWZTHQQJIUHTRAAVNTUDSASNKCVGTOSWEDINLQYENVRVECRLSUIFP
[17] -7.0212  order=qt  Q5=TOPIC Q6=HAIROR Q7=MOLDING  T8=[perm]13502467
    ICOLDMINTOMAELTDOHUXDNESHATGYROUAHGDRWMINNIHFPVGOPBEAWYYXNOBSDIPOSIGXHNFCZBCCAAZBQWLAZRFOPBTLOWGIYWOMSHPPJSATCRUUJRAWSNGUMQLYYPRFMDEKOGYWIYQUPHD
[18] -7.0244  order=qt  Q5=HEARD Q6=THISTO Q7=ANYWORD  T8=[perm]13506247
    KBIGYVINTHSABROAINSBENCODKGAYBWUGIRAXRRNYFCAQRTWSSPIDLLHPVSJWIDWLACFPENHTNYFJDWSENDTLQVJTJFYSPYCEQUEKCPYOFCHEELGPFJPUIKNAQJDZLKYIZANUWJYOLKIPTEA
[19] -7.0288  order=qt  Q5=TRAIL Q6=PICKUP Q7=HEHASME  T8=[perm]13542067
    MZDUALSEFROMEESOSEICBYEAGBIFWENQPJLFZHRLDWKKAANBVLBNFTSVIDMRWANBXAADBCABBQIEDOFFYBTLPEHFXQUTGCYQVMAMHETVSUHTIYBYJBAYOTOALLZRHYVCMHPHFROSPMHSJYWE
[20] -7.0321  order=qt  Q5=MOULD Q6=METHAT Q7=CARRIED  T8=[perm]13502476
    SPHEACHSEAETWHWANYIRDITYMIWEAUSWKAGYULMNENYSFECEYAPHVMGOMFLGHHYSKOQLIPITPYMJDUJNHAEIEOJYRANCBSIDNCIIMFJAJXYYATADDCFXBCAPRTVYAHDREGQJABPCTQTMRHAL
[21] -7.0347  order=qt  Q5=TIMES Q6=METIER Q7=SUSPECT  T8=[perm]13520476
    FOWHEYDFROURYKTSASMATAISJANNFHIEAHNVWIVKKMOXEVZNZHMXNONZLKBMSSEHSLHXWFYCOSVOYTBMGKZTMORYSJHYWSGOPMSTWPWIAHNPEFWOSTLDYGIGOINECEPJGHAEJLNLUTOYMIRX
[22] -7.0354  order=qt  Q5=TELLS Q6=NEEDLE Q7=ANDEACH  T8=[perm]13467205
    LEROFWAOZSIZATITFIZAHEORTECIRAHDWGHERYRLLYDQLEFGQGLPCLGPLBUKESQBTPSPKNVPUMBDGWHQFGOTCMOFSSPOLVSLACCELEDBBMVJNJJFEJWYKOZLXIVHHGARTEYOUIWDKZGMMVZE
[23] -7.0365  order=qt  Q5=ALLOY Q6=BERLIN Q7=THEITEM  T8=[perm]13540726
    UDMSTOTALYCHPMGCVPACSONAMEETWALWMJWPRENYLDMEAOKSRQVIKKOIQSIMLYRGGLSSAKWWEKBXNIOBRPUTWCWZIKHYBORDCODGQWILKENAFWULOZOUZDPANBAVJYGNLTJIJZAUPQIMOMNN
[24] -7.0402  order=qt  Q5=ATTHE Q6=ANDLED Q7=HEHASME  T8=[perm]13465072
    EMNOHOPDFJUBWNTEGAFEITSFIREXPENDOKAYYPCXLGEWCNKINNXZSYEAEVXKURERHWOCUOMUALOLPNEWXHNECGCDCNBWGQEXILSAJXDUERHKFEOAPYCUCYELDDUESQNSMPKTWGRTDHWBCMHB
[25] -7.0404  order=qt  Q5=IPICK Q6=NUANCE Q7=STACKED  T8=[perm]13472605
    AXESADACKSTHASBRONEREEHOFWVFMYZHDDURXWKUFHDATNIDSDSOUSURTJLBAYAYAUGYDQLSKMHHAKKIANIJJFOQPDUTFXVHGOWWLUDFVZOUPNDBVGICNVTTYJLQKSATNDDERHNMMBEMFDRH
[26] -7.0456  order=qt  Q5=RIVER Q6=ALPINE Q7=UNRAVEL  T8=[perm]13506724
    VRUDONROSINSSAFFWHDTMMONSNEYMEBRNFUKZDNGJUWQOUQCFXUPTDGJWXICAXKMEILPXTPYGVISARDGKIFAWTOTHCVAIEFSQUEEWIQONYFQIKSVEVLPRAQZLHBKELOPMIKZTVEGYODHELBP
[27] -7.0458  order=qt  Q5=TOPIC Q6=HAIROR Q7=MOLDING  T8=[perm]13504267
    ICTLEMINTOYARLTDOHXXANESHARGOROUAHXDJWMINNMHCPVGOPREHWYYXNYBCDIPOSMGUHNFCZNCXAAZBQULCZRFOPCTJOWGIYVONSHPPJYABCRUUJMASSNGUMALIYPRFMSETOGYWIDQGPHD
[28] -7.0482  order=qt  Q5=AGAIN Q6=HETOOK Q7=MEATTHE  T8=[perm]13507624
    FLPNNURTCRTEEISHALLILANLDECAOFFIZIWBYZYFUHBTSYOPAIVCDCTPRONOFPLTIHIJJYLQIRHAPTMDVNFQRFXBJZIMEEFYFVCEZONOSCDHASMMLEFSQPRTFJZXTYJNADKCMRVIUWVBAEGO
[29] -7.0518  order=qt  Q5=MEAND Q6=MANNER Q7=SUNRISE  T8=[perm]13472065
    WGUTSVAOHDARUCEARNGDUPENENANSEEYDOBBKANVMINQVXDAPHKECLDEPANJJGCMOJHCNCELHTPJVMCADVKIASIDUIMDLYZSCKRVKOSUPVTRYBVZBVQYDCETTDUUNFOCZBJMCMMPCEAUWEYV
[30] -7.0553  order=qt  Q5=BOOKS Q6=FINGER Q7=FURNACE  T8=[perm]13475620
    IEVEMVENSFBIKEDWVPOPOCOTSPARNINBCRTFFNGHBUMOMDTSPTVINXXGRIBYHGTEEMDECHJWHWCPYPZUSJGBESWKIJJYNZTXMQISYQQPTSYUCNAEGIAFXHDYRKWYQYSPTKJULADERUMLREIW
[31] -7.0586  order=qt  Q5=SHOWS Q6=DAYAND Q7=LATTICE  T8=[perm]13506742
    MXDCALODAILIVEFRUCLEOOBOROMAANWIMDTKRBEWGPTTCRYPPAECJSARPCLBIEXMMBUEFGYJXWCEWWAIZONYOUTSCASVATDCQYYKLQIOUCKCYFTESWUEUBHZUVOPSNAJTUDPJXNGSTQZHFVU
[2026-10-04T02:04:47Z] chunk 6800:6900 exit=0
[2026-10-04T02:04:47Z] chunk 6900:7000
progress order=qt perms=100/40320 candidates=107318484
vocab: 119 x 123 x 141 = 2063817 triples
T8 permutations: 40320
candidates: 206381700 in 23.4s (8.83M/s)

==== TOP 32 HITS ====
[ 0] -6.7795  order=qt  Q5=ATURN Q6=MANNER Q7=TOOLSOF  T8=[perm]13620574
    EDSSEKBIFITLYRDINIAYRISLIGNTRIFFQXXUGMGHRUTYNDWQRAJSPLFMICNLSWIVCIETXWIDPSZYOSODAFKSEPGAUAPNHILAMEPPUVPAWCQRTECTOTOWFGOYMOGVAIQACCCKZMYEMSNESTPQ
[ 1] -6.8031  order=qt  Q5=ALONG Q6=MANNER Q7=SUNRISE  T8=[perm]13560742
    CATTBYOUTARULIRKMUGAGRUPETRUTAPIROONYNRTKCAQVLTIDEOORNDKKCHGSERUZRGEYQKBOTERYLENWJTIRSBWQFWTYAILTYKNCPIFTALPROBVNVLGRZSFYTLUDRPYPOLFBGSEUGNMACBE
[ 2] -6.8111  order=qt  Q5=ITAND Q6=HESAYS Q7=TAKEONE  T8=[perm]13576240
    HTKSTYEPHINGSELDATTNMYWABYEOINHUVTYBASTMKLYTOEGIBFWWXXIDWAMRFAMSTAMIYCWAEJEMXFAVQZQDDBHFAWKIRFJHAVIVPRNTGGTIUHAMYOBLEVCRSSELCHKNZDBADEEENJSLHVIA
[ 3] -6.8802  order=qt  Q5=ONEOF Q6=PICKUP Q7=THROUGH  T8=[perm]13602754
    GTNANKSCENSENFRYLCDNERWARMYOGEARZONUTOOMBYSAHECKZSTHIIKLTPIBBZATPNLLVQAEYSOITWATMROXATFSNTLVZIKEMERQLNGEOTNGRLGDEIZPMYIGVFWVVMQUMUGRVMDXXZPBMSAN
[ 4] -6.9118  order=qt  Q5=AGAIN Q6=WHATHE Q7=ANYWORD  T8=[perm]13567024
    YSORCWOFSAYZIGSAGGAZINMERANCANINSPIBERUFOTDNBDIOPWEIBWTRFXIRYGFJUBGFKTVRKODUUTFFENJDPRIJSRAKKLDJAQLTURMIAUNBOYZQTMBDJLBTFMPXBMRBSMJEDCHUBEKSITQR
[ 5] -6.9233  order=qt  Q5=SMELT Q6=SUCHAN Q7=TOAREAL  T8=[perm]13570462
    XBQELDSISASSWWPHAWORDARISUCHFHUACEFTVEOETDIXAWEDMBSUSARPEXSTJUCRYVXUHYPBWMBSJUGEBXRNBCTETYTLIKCTHYHWXDMBLIDLNTLLNVXKQWEQORUSLTFARNKMVPXSXNSAGPHS
[ 6] -6.9493  order=qt  Q5=LETME Q6=GUTTER Q7=CASTING  T8=[perm]13560724
    RGALDOHOBEHRDKINENTBONDLISSCOWETLBWSCNHUPGUUINDPHVJGAQTKMGEFMJIBITMXBCGYXHENWIOQZETHNVJDURTNMDHAYGIXDSUFNCDLONKILEVFEYOEECYERIEPSNZOQWEPXHITSMVC
[ 7] -6.9597  order=qt  Q5=TRADE Q6=QUENCH Q7=TIGHTLY  T8=[perm]13546702
    NIJKRALADINCUNECRNODINBOUTHYXYSTDPMETCOLLUOUFADIFRVRLKDXTGOIBYVSEWHSFORLRFSNOTYGCLNQYRZBXJABAVOMBUNRRNHVIFIQVTIUSXWIOFQPRFDIAKWMBQATTDWQICIIXOUQ
[ 8] -6.9614  order=qt  Q5=ALONG Q6=MANNER Q7=SUNRISE  T8=[perm]13570642
    CATTBYNATARULICMMUGAGRONETRUTAVVROONYNFNKCAQVLDCDEOORNHVKCHGSETMZRGEYQWEOTERYLKTWJTIRSNFQFWTYAILTYKNCPSUTALPROENNVLGRZLRYTLUDRQEPOLFBGPHUGNMACWV
[ 9] -6.9625  order=qt  Q5=BLOOD Q6=INDIGO Q7=UNRAVEL  T8=[perm]13604572
    AWOJUINYOSMDSSETREWNTISGIDONTSMWPMKZIKYEIZUXPWMKDGIRANMKHIMSWMCOBHDMMOUOVKJZKRJEFGWNTYGEKSNPONBFDDBYWISEPULLQMEJBBIQMRQJYDQSHONWLSAPWESMSYOPEAUV
[10] -6.9670  order=qt  Q5=ALLOY Q6=METHAT Q7=ONEOFMY  T8=[perm]13567042
    COINKGHANORUNBYWAYTYEAINIPTWWLEDMFPLTEKFUIVSTMEEKNVMIACFGTHLCUGMNSCXNNOTFDHQIPRWSXDCGTOHJBSRABKJLUTEUVSECGWVEIEHPCDONSATLBJLGATRDLXWOXBYPRUBWJBD
[11] -6.9677  order=qt  Q5=MAKES Q6=SAIDHE Q7=ABSENCE  T8=[perm]13567024
    BTKEBTRKGDPLOWERISHEUNDELICCELLMLNRWNEPOFCBICOATWLPERGKVDDIKQMDHNNVFHDEMQYRVKEMYTOIGABCPVSFGDECLVAGVSNYMETDEFBXNEABMKDELPRHBGSXAXELCAQTKKTGZVIWL
[12] -6.9786  order=qt  Q5=BERNE Q6=HAIROR Q7=FROMTHE  T8=[perm]13572064
    OANORNEOFISFLIBPUBYRONLAWHPLAPGEOIGFHESXKIWHOLROAABLYTOURZGXECNTTHRKRHUEFGLDOIAQAZTIIZALFSSTJGGROSZAKMRGSMTUIMYLHJEUEGLWFXHXFKPCLBLDXAINXYPQRRYO
[13] -6.9841  order=qt  Q5=GATES Q6=MYTRUE Q7=YEARSHE  T8=[perm]13574062
    SSSTATELUMETRYBHAFTEEAHPIFMHCHYEEWYATEJROCFLAPGMERXNSKSUKFXDOMRVCWWKINDUPLJOBFRYTRGGXIQOYRLWQNNDOBRYTPMKVWRSLKBUOTDFXDCYNOATAEGRBTDTRTUFPGNTOUAQ
[14] -6.9888  order=qt  Q5=BALES Q6=REFERS Q7=WITHTHE  T8=[perm]13574026
    ANHAPHYKCEWEONOOTLBYBYSENDALBITIMGHVLMPNTHSTYEXDYWCFKAOLWETYPCWLZDXSACLVDUNKYCOVHNSMQAPUXSRNUFFVVFKHSUVLHWJRUNSELOIUMGMFEZWVRUERPAPCOKLDDAGUAAHF
[15] -6.9952  order=qt  Q5=CLOTH Q6=ANSWER Q7=LOGITEM  T8=[perm]13564072
    SEWREUCSSBESHEYCRAXISFESTRCDEVMIDEWSEGILVYAGLWITVGSARNIXZUCXVQAYLODDWBGWANBJRSRUMWZWFBRUUSZAWXKACCLTFIEFOJACUPHAZRAEHJHQHXJLFMPEAFKATOBWIXHXMUHN
[16] -7.0014  order=qt  Q5=TOOLS Q6=METHAT Q7=GUTTERS  T8=[perm]13546027
    TIBBRAEMOBOBIMHAKITIMESHFATODELWOLGFVTICIWEMAVRKDAIEOVAOLHMHPXRNGJNEYEQNOZQHZALEDEZNKOEPOUNODPVHQPFOFCEIRBSIRFFIAUXCRCEMMRRSTSFOOHQKTTPYJHPKVKBE
[17] -7.0024  order=qt  Q5=MAKES Q6=KNOTIN Q7=LEDMETO  T8=[perm]13560472
    OISDARGEDFULLLEGALLTHISDNERUWSNVXTHOAUSEGANKSTHXJUMGMGEYGGREDEKHFAXBRVKCECDAONUSCNAEZNIJYPDLXGRZBREZRTJFOKAZHTGWCVZZCUJDNENVDTQDBDSSZXEDDTUNMMML
[18] -7.0031  order=qt  Q5=OCHRE Q6=REPEAT Q7=SURGEON  T8=[perm]13624705
    CEAMEAGBUCHTLISDAWNSFGRDISTFPACATSPMCHAMTSKBCALTWCMGXDEJYBRKZFOUAMRYCBNGZSMFFBSCLDEVSIYDYFIBRQAQOALPSMVRSLPCSARTZEBZMEYEGKHZZHTIEPDMKSDGDODBDUMH
[19] -7.0132  order=qt  Q5=ROUTE Q6=THESUN Q7=BETWEEN  T8=[perm]13560427
    RVEDVEWTEERNEICYCLOWEXOFOAGDARFRWYAOOEYFLUHFRHDEOTUNFQUMMJLRWEENRTHMURQHMJBIGAXPINETZILYPLWAWXEYZWWMMRLISXYDFTLDLPAJOLPPSXERMARVIXCRFNKGRCQOFMWJ
[20] -7.0147  order=qt  Q5=MAKES Q6=SAIDHE Q7=ABSENCE  T8=[perm]13564027
    BTKERTRAGDPLVWEDISHEUNDELICCELLMLNRWNEPOFCBIWOAJWLPEAGKJDDIKZMDCNNVFCDEWQYRVIEMGTOIGOBCOVSFGJECEVAGVANYLETDENBXFEABMKDELPRHBNSXRXELCLQTJKTGZDIWP
[21] -7.0153  order=qt  Q5=ATURN Q6=MANNER Q7=TOOLSOF  T8=[perm]13620547
    EDSSEKBIFITLYRDINIAYFISSIGNTXIFIQXXUOMGVRUTYTDWCRAJSULFKICNLIWIGCIETUWIGPSZYHSORAFKSWPGUUAPNYILNMEPPWVPOWCQRPECOOTOWWGOLMOGVOIQCCCCKLMYNMSNECTPL
[22] -7.0218  order=qt  Q5=INSIX Q6=SOFINE Q7=THEYARE  T8=[perm]13572064
    HHEEWIEDSBRLAUSUNCEPROEUBSEXONBUKMFPRYPQMWBAIFYPNTLIZUGJTNWLCJLYJLLQUGBSCCTYCBSPNKXCMAVHZVASRWYAMPHNZJRSVOUKLTEUPWKSPAABKFYEXCENMWNORUMMMDYCOMPI
[23] -7.0299  order=qt  Q5=WIRES Q6=CHISEL Q7=ANDWILL  T8=[perm]13567024
    KTUPIEDMYDIANDEISGIVDIRRYANSHKOLQIXFWZLGYITWOMSIHDGPLEITYYHBJUPMETZBSBCNFCOGITTLGOCRTEWQPMXXXEKDPNGIKNYPOPQKWOECGJRQVOBEDBRJBIGHQPNGWGNUCRYFLKUZ
[24] -7.0307  order=qt  Q5=MEAND Q6=METIER Q7=SUNRISE  T8=[perm]13572064
    WCDBELARPHARIEKERNGSSEENEIVWADEXZCBBJGBKMINJPDDAPDIIANDAMENJFGXVOJHOQRELHKMQZICPZKKIMLTHUIMSREZSCVJKVCSLMKTRYTEPBVQXERETTSDZIJOOHFJMHCAACEALBNYV
[25] -7.0348  order=qt  Q5=STONE Q6=INGOTS Q7=SHADING  T8=[perm]13560274
    GIHCLENLLCRPARCUXANDAYCMANTAHENAASWIANXRUIRIOWXLERMMAHYSNTCRRZOJICMZXBBVQCNPEFUTULQBQYGMRVSORAIQAHSJRYMIDVUDVUYLKXZNCKEPGLACBUNYUFOALRUXSBOSELRT
[26] -7.0356  order=qt  Q5=OFHIS Q6=ROADTO Q7=THEWALL  T8=[perm]13572046
    PUBUTILYEOOTHIPDIFJOULARDJAILLKAWAGNOQULRTOAWSGEMVSRPRYQJJFQAAZAWABFATDNSHRRBSYUGFICRLVJHTJGFYKWHINJKBVJGQLXKVERDPWUKHOSINTJGNZEWZMYDUWANBLUWTAK
[27] -7.0365  order=qt  Q5=AFINE Q6=BRONZE Q7=TELLSME  T8=[perm]13602547
    SYPHOPERTEHZOJSCTESPRAMMENBEMADGHNNERMCTWTWDHDRMCUCFGILAICAIZBDUPNAJTSRIPQZINYLPBTMOIPARJMGLJEECIXLOWTNSGCZEUZDXPVOPPSKIMLETFSVIMLVUBSMAIYOKWJCI
[28] -7.0393  order=qt  Q5=LETME Q6=GUTTER Q7=CASTING  T8=[perm]13564720
    BGALPOHOLEHRRKINENTBONDLISSCOWETLBWSCNHUIGUUPNDPBVJGGQTKGGEFWJIBQTMXPCGYCHENFIOQRETHLVJDIRTNXDHARGIXESUFFCDLFNKILEVFEYOEOCYEAIEPVNZOTWEPDHITQMVC
[29] -7.0403  order=qt  Q5=GATES Q6=MYTRUE Q7=YEARSHE  T8=[perm]13574026
    SSSTATELUMETRYBHAFIEEAPPIFIHCHOEEWQATEXROCWLAPYMERJNSKHUKFADOMMVCWQKINGUPLZOBFMYTRZGXIBOYROWQNODOBPYTPJKVWKSLKCUOTUFXDXYNOOTAEIRBTYTRTPFPGVTOUTQ
[30] -7.0403  order=qt  Q5=FIELD Q6=HETOOK Q7=THEITEM  T8=[perm]13567204
    LFGSYNTHESICDSUSNYARONYERSDVLMDYGJMLWLTUNOXZEFWYUFUPUAFLWXSPATPJLOPFLTPIOHHOQHXIALUEXTANUEVTTODWSENLJMXSAMCSQIGCSSWJMYARKDOVJJEFDBCDAGOSTNJDJSJM
[31] -7.0458  order=qt  Q5=SEVEN Q6=MYHAND Q7=TOOLSOF  T8=[perm]13570462
    FBSBUUSWARTRYRCUTOTADUTSINGISBELXKJGLUJBQOMWIHEDLFRENRYRGQYBCWXHRAPBLZLXYRNIJNALGLSGAYBLPXWLZIMMEIIIHDKCYVOLWGHDVEZPRUDHNPIXMMAITUNDTYTIPVYJBLNO
[2026-10-04T02:05:11Z] chunk 6900:7000 exit=0
[2026-10-04T02:05:11Z] chunk 7000:7100
progress order=qt perms=100/40320 candidates=107318484
vocab: 119 x 123 x 141 = 2063817 triples
T8 permutations: 40320
candidates: 206381700 in 24.6s (8.39M/s)

==== TOP 32 HITS ====
[ 0] -6.8215  order=qt  Q5=BLOOD Q6=PIERCE Q7=LIFTING  T8=[perm]13675204
    NOEAGYCHICKENTHIFBNIATHTWUNEFANERXNWOBTHEWYSPEPFWULTBRVERAGPELFGFWWPHQPAUAVONHSSIBILVFRRMMJEYUISAMEQIGZHOGYKYAYCUSARXJYCHPIRTJCCHWXIPWCFCPOEKLHW
[ 1] -6.8813  order=qt  Q5=AGAIN Q6=HEDOES Q7=MEATTHE  T8=[perm]13642507
    BLJNLFTEDRIOTDOWNESITSHEPESAPTHIEIZYYKUFIBETEEJCTITCZKAWOOCZERGZOBGJEFRNGRHABRIULNMHFNEDLNAMFGTJOVYEYUWTZCFBACCEJORSQSMXBJRXKERGDDFPRFOOELABBPIE
[ 2] -6.9213  order=qt  Q5=ISNOT Q6=MYTRUE Q7=ANDLOST  T8=[perm]13702456
    EZAQCINHELDSTCOLUAEUNDSLBERSASKLFEEKBRHHOLSICHTBQXQLQWXANISVRSDYSMPFSESRVABERTJGRPTKNYSTCEYNXOLAWKPVXFYCYJRHPYIPKYCQLKEAMPBETDESHJNGIYWNZZUGSGFA
[ 3] -6.9296  order=qt  Q5=TRIED Q6=BERLIN Q7=CARRIED  T8=[perm]13647502
    KATHEOWORTKNOISCANORLISBUPTHFTPTRDORXXEXLBTFCOGOIAHIJSZACIDXCJIOHTGWRDCLLBSRLIPZSBESDKFLSMEGLEFRKIWFAWDFMCLNQAXNGKVFTINPUBZOBYYIPDJOKZRFVESMPACN
[ 4] -6.9578  order=qt  Q5=AREAL Q6=MYHAND Q7=TRIEDTO  T8=[perm]13640527
    EVAMOMMTINCASALOTVIDSTFAWHUALFYPOOLFQWMSQVHORYHEYHVESXIFWCOJRSENAVJIZMAEPEKIMAPXMWTXXFEWPRLRHELSVAUUFVCOEUMMTHIRANYBVDXDVPTXTGWYXPSUZLGUNPDZMWUB
[ 5] -6.9619  order=qt  Q5=GRIND Q6=ASTONE Q7=THELOST  T8=[perm]13645702
    WOLYLDTHCSWEEBBINEBEEPURSCSSOBEJBNAOMBDOCVDYVINUHLULVWOYEQHJEPMEPNXFUZRUBIGCNLIOTTFFJLZETOCWATMESKLLDJUGULSLWKLAHNGMEIGASPSNCQBKBSGMAOLRYPTPVTUE
[ 6] -6.9620  order=qt  Q5=LETME Q6=SPLITA Q7=LOGSAYS  T8=[perm]13642057
    ZASTPUNWANDPRNACHEBLMATRLSGOBLSWWHNMMFCATHWISCVWUSNUAFCKQTATSTHGRLUXGHZKCTFZVGKOBBHIPGKREFDPHRLYZFNINVOUCJRTDMTBAAEYFORSAQUBRDFTBSSJLTFOEJXPMBNO
[ 7] -6.9659  order=qt  Q5=NAMED Q6=THISIS Q7=BROUGHT  T8=[perm]13657402
    JTCORFRKNELYEDNEWCEUTECLOGAYSTHRFMEKGPPEZUSIWRCFZOLJWLKUJPSLPRTLQXLNATUTHEQQSEGMCIOZKPHOBYSOSMMRUIDPONGSDSLZAPMTENVKWCZLJUHMVIRIERPCTKNTVWAUJPYF
[ 8] -6.9675  order=qt  Q5=GOING Q6=STRAWS Q7=LEAVEAT  T8=[perm]13640257
    TSJUTURESOISENUITESCHUQAYORTHDJFGJEWMSBCAWIAKOOBPPKIGBYONUJGSTUQWYHBWVDRNFASEPNBHMPLRDYBFSLBGHSPRYAIDGJHPYTKNENXFRSITWCOMOWERLMFAVCMBYQWKYKYFJUI
[ 9] -6.9696  order=qt  Q5=MEAND Q6=GUTTER Q7=SHADING  T8=[perm]13670254
    PSUDECOLKEBRANSPDDUCTPEODOSSAITOHALBYWLEYGRGIIAQGKIFXCFUUPYALULACYGUANYXQAPMWRCOMEEGWENJQYVVBLASYDIMBXGQQEAGXNZFLPYOEVFTPBHDYBJYTHFOLVLTMEAOBDIG
[10] -6.9711  order=qt  Q5=UPONE Q6=FEWHAD Q7=KRYPTOS  T8=[perm]13642750
    HEDAPEUWPOSELDMERDTSBATELWFOUMAWBEJYXHOVPNADECTAIIGISEKGEBHTZRASTUKMPICAGXCNRKWBOQAEHOGKPSKQEFLOXPPQWTRCKTDESGLQPAJNLYWEBOLEUPOMSDYMDFDNWIHUZUKK
[11] -6.9752  order=qt  Q5=FOUND Q6=SAIDHE Q7=SURGEON  T8=[perm]13654720
    WNDROWFOLEAROQUTNCHENEGEHPISTOWINIITBEPQOPHQXFHJBHVMDSAGEYFQGNFTTTVZOEODTMOSCOCHFIXWYWQTISDJBDRSYTSOMXDGVEZUCFBCKFCVDEPOPBLBNYPFIOOIHRZATLCGLATI
[12] -6.9760  order=qt  Q5=MOULD Q6=PIERCE Q7=METMEAT  T8=[perm]13657240
    BUPALITFALYRIPGAUTERLBYAFILTVILOWXYFGKTMYMEXVDNEYQEXVBBUPUCIHCOSNUULECMLTAKAWNXMOXEHANUDVTIVTMRZPEXXINGSIYMMRTTENXIPZMZYDWENHEQRMCMGHCGETLOQMKST
[13] -6.9767  order=qt  Q5=GRIND Q6=ASTONE Q7=THELOST  T8=[perm]13642705
    WODYLLTHCSHEELBINEBEEPURSCSSOBEJBNAOMBDOCVXYVRNUHLRLVLOYEQNJEXMEPNNFUTRUBIYCNYIOTTDFJNZETOIWAXMESKMLDIUGULGLWNLAHNGMEIGASPFNCHBKBSWMAULRYPMPVJUE
[14] -6.9782  order=qt  Q5=MEAND Q6=GUTTER Q7=GILDING  T8=[perm]13706254
    AOEDECPRRRBRANDINDUCTVSSHOSSKHUKHALRRGAUZGQFOIGLYNHYXCJYBYMALUMOHMGUANYDSAPMWQKAOEEGJDMQUYVIAABTDDBLXXDIGTSPXNSFJYMOEVXOXXHDYBEPNHFOLIOSEEAORCID
[15] -6.9785  order=qt  Q5=HEARD Q6=WINTER Q7=SUSPECT  T8=[perm]13652740
    TOBCIRTEOFCOANLBELTZGETBANTIVIZEPCIFPFRKYVHTFKEDXSTGWBFMRVXHXREYAAAOLSSHVFASIPDRJIWHZGOBDFXYKPHHRZNEIFANAITHFTXXLHYVERGIDINSDZSMXUXIBEUSEILQKAJR
[16] -6.9901  order=qt  Q5=NAMED Q6=OBJECT Q7=TOOLSOF  T8=[perm]13702654
    WSRTVNIFASMEMILLEILDMYDWIKIINUEDKVCSWRAWHIWLOKOLNIMEBWOICQLWAKNIKKISLGIUIUIXTIESELMNASQUHGPIQQTCDGHQEMIXYOKRAIPDJLUDFMKEIRWQMONIRKKQINZDDSPNWJKB
[17] -6.9903  order=qt  Q5=MOULD Q6=METHAT Q7=MORNING  T8=[perm]13704562
    WOUNBXEMGAYTOSHINDINTOLUKIIBRUPAKZDNFMMEPJOBCYQKZXZHEIWFCHFULTBMYOALTDPWPDPBVIRAVAOFTHYGRZDKCBERESOLNJMRGIWYNAXBREFSLTIWPTXYFKZCEUDBBDWFFQBIDBDK
[18] -7.0002  order=qt  Q5=INGOT Q6=BEFORE Q7=THEKNOT  T8=[perm]13675402
    QBEAICEWIFTOULSONTAGEEIOYHABTHBLHBOPDOAFKTEEKTOMRMEZEWELEVQGWAFVRLVUZOLSCIWBBNYLEXAKSDZNVFSKRMAUHWWWLIBSNISNTGBFBAMYBMNYPSLNZMISHPIROHIYNLMTRFIR
[19] -7.0110  order=qt  Q5=AGAIN Q6=HEDOES Q7=MEATTHE  T8=[perm]13640527
    RLWNLFTERRXOTDOWBELITSHESEPAPTHINILYYKUFMBBTEEJCMIJCZKAWROGZERGZPBIJEFRNNRBABRIUPNSHFNEDCNIMFGTJTVPEYUWTACTBACCEOOFSQSMXJJNXKERGYDQPRFOOVLVBBPIE
[20] -7.0154  order=qt  Q5=MOULD Q6=PIERCE Q7=METMEAT  T8=[perm]13657204
    BUPALITFALYRIPGASTERSBYACILTZILOIXYFUKTMGMEXEDNEQQEXTBBUFUCIOCOSJUULHCMLGAKAHNXMLXEHUNUDDTIVJMRZOEXXGNGSHYMMYTTETXIPHMZYBWENJEQRDCMGVCGEALOQIKST
[21] -7.0233  order=qt  Q5=TOOLS Q6=ATLAST Q7=NORTHEA  T8=[perm]13652704
    LFLIUSWEAMWOWEDOFIRFERRQWEDERSTRVHUSWTFXKVNIFSNAGBSUEFTDOEMHFJFVPNYITTBAYSDEHIKUGIYMQXMSDEUSSIVMWCMYAHVFCCOMFJBXVERJOXZPXEVDNPIUAUDJONLMXEISVKYA
[22] -7.0258  order=qt  Q5=ANDHE Q6=FILING Q7=VERDANT  T8=[perm]13675402
    SANTYRATTODISTYSEUSHHCPTATHREBVPXRSLCHCAYYMRXMZOHILZFXFUHMPQGIDEOABSWHIAMMWMJYMJTKTIPLTYAIDTYCXGVVLCLPNOAULTAHWYRZLVIWMRDFOFFXNBDYLETCSDLTLNFODS
[23] -7.0281  order=qt  Q5=AHAIR Q6=NEEDLE Q7=WHICHIS  T8=[perm]13652407
    XGACAMPSSSTISALITRLSMEOXERPAEURCKCJMTAIIBARRKUZPTYKUMANYXWUAZVLIHUYSSAJDKVURUYAOEPEHOORKROAFBKERXRVUONBPUZYUKHADOWSRNILSKAUCYQJDRMVVXDNMZYROLORR
[24] -7.0283  order=qt  Q5=ANDHE Q6=WHATHE Q7=THEMAND  T8=[perm]13674520
    GONABYJWESALECTHUISIIIOVLOUSETRVJFWEDJEMVXDZUXTAOBJKJNRJAKAHOGHHDZFATVFSHEJPTATAQEUEFGTOXLAWBEUICLULGVBSFXMVMEAAGXAIBZLUXPOWTAKSMOHGLXGEESCHSUOK
[25] -7.0349  order=qt  Q5=SHOWS Q6=HEWILL Q7=FINGERS  T8=[perm]13627450
    IFTMOWBFEMPFRSERINDIACSSDOCTHYPORDEXBWLBFRJMOGYRCBPFJNACHNPMBQAMEFCEKNYXQDPEUAPEDRHKJSELBBHWWJYOIPUDYYMDOSQGNEDFABBXDOCSAPPZEESLETZTOVRQMROKLUZW
[26] -7.0371  order=qt  Q5=INSIX Q6=SOLDER Q7=PASSING  T8=[perm]13675240
    WUDFWOTEAMINITBAPISEOANDAXEREEILYOPHKWFLLOFHKNZUMOFZUROHXOAWDZOBASJFUWBWHOYIXERBHWFLOWZIMHSALBWCKRCOHNUHFESIFPIXUHVYRSJNHLSBFNMKFXIWLEWYKFMATHLU
[27] -7.0402  order=qt  Q5=JUSTA Q6=INBERN Q7=ANYWORD  T8=[perm]13654702
    CNOORIVAIFSCISTRKSISONLLUNGPOYCPGAVLEGIYPHBZAWLRITCKYNOSDMTOSULLNLJBOVGHMEFOIELTLTMGUCDBEOMGSWAKCJZCKJVQHOZROCIRFULVAPHZJOOYGZPLYWYUPPERQTJGNMOF
[28] -7.0497  order=qt  Q5=TIMES Q6=SAIDHE Q7=ANDEACH  T8=[perm]13654702
    TETEGRAARSLUTAXHEHIESKMDLITHEEVAMNSEKOGYQXOTNVBIGLHZIMAKCAYKZOQEAPLSCQFYAYTDTANCBCEDOARCISCOGCAMJFEELJLLTMMINQFTGVNSTDJBEIXQNIMLSEZRVBOSZXDVXZXZ
[29] -7.0533  order=qt  Q5=LETME Q6=WITHIT Q7=ONLYTHE  T8=[perm]13675204
    YAHCLOWROJGCONSIAMWNACONTWEROCENQPHAGTKERFUITLHZMSEMOSSTKLIENYVZRJEIGBKJWVGHUBUKIFIGGZCLDPIPSJDIXULYUYLSGPXPWLOTYVAQVCERATZFYJASPEQAFVEEEVPFDSTN
[30] -7.0538  order=qt  Q5=MAKES Q6=KNOTIN Q7=LEDMETO  T8=[perm]13650472
    OISDADTEDFULLTXGALLTHTLDNERUWEHVXTHOAEJEGANKSAEXJUMGMSMYGGREDSOHFAXBRCGCECDAOAASCNAEZINJYPDLXIZZBREZRCEFOKAZHTGWCVZZCGXDNENVDYVDBDSSZFWDDTUNMUIL
[31] -7.0541  order=qt  Q5=ISNOT Q6=ROADTO Q7=THEWALL  T8=[perm]13640257
    QRYODDMNEAODYNEAMAPANTSMISDDBLICALKCNWINHDPLZZRUCXIARRSIZENVGMXMVWLAUIHXJXHLJGCFOMBNYTLKWSANKUASUDYMWFULNDNNEWRAHGJERSPYMZFKNPCTERTBVYQHLPCWLCSP
[2026-10-04T02:06:09Z] chunk 7000:7100 exit=0
[2026-10-04T02:06:09Z] chunk 7100:7200
progress order=qt perms=100/40320 candidates=107318484
vocab: 119 x 123 x 141 = 2063817 triples
T8 permutations: 40320
candidates: 206381700 in 23.9s (8.63M/s)

==== TOP 32 HITS ====
[ 0] -6.8792  order=qt  Q5=PRICK Q6=WINTER Q7=REVEALS  T8=[perm]13745620
    QZLNANCEASUNDARBORERTAOECBPOKOMIZNIYOHFGOTBSSSBEHUEADIETJXTJPCZRRYEROBSXXVICZTIMNPUTGUSESHILUTMRPILOLSZAIOJJWZTPHJAZQOSROCUYJFDOKWULICKJGEJYQBDN
[ 1] -6.8921  order=qt  Q5=PRICK Q6=ATLAST Q7=MEATTHE  T8=[perm]13765042
    EDBWENSODMANDGTOYONINGKWPVEWAYTAINWBGHDGTVVLWDDEXIUNNIKDPUIQSWNATHEISKWUPHECWDJMXPLVGSFIUHFETJTRVUKYTDRUIEVYNGSUNGRLTOUAHCSYQTMJWRELCPOYUESBROIW
[ 2] -6.8944  order=qt  Q5=STEEL Q6=ANDTHE Q7=OWNHAND  T8=[perm]13726450
    PSEHRENAYMOSDSONYMATJELYORHODIEOFIZELCOVWGXHAWZPXVBAFIINMJMFNTEUUMZRAINZUGCTTHSKVKNHNJLFRELSVGQHHERYOLQZPXZGEVFVEMTIEMSVSOCKEGSNDPSYYADJTOSPEBST
[ 3] -6.9058  order=qt  Q5=BRASS Q6=INBERN Q7=UNRAVEL  T8=[perm]13764520
    PGONERMUGHTFTOTHDUAWSCOLIDQUIVWIPUBEOXNEJRTWCRWAHLCULTIDALFVWBTPWKWJNGQXCZOPYEPPPANTBYRJTVANOVKILBEDCLCFCZMRNVGEFNTQDPWCKKMCTLARCHEOUDKZRFAAGRBB
[ 4] -6.9154  order=qt  Q5=AREAL Q6=ANDTHE Q7=REVEALS  T8=[perm]13725604
    SUBUCOZEMIACEONTGUESJASPOKNCUTTETUPHUHWVCQYTGYOOXKNAJADVBYNIJOFPTHORILZHRQCOEXAWDPUVRGIINGQGRSXGUICHRVNOSRHDITCPKBRLWCOKIOFTQXKOPSOAKAMFGOFAMBEE
[ 5] -6.9329  order=qt  Q5=STUDY Q6=MAKING Q7=ARCHIVE  T8=[perm]13750642
    CHLTEDSAKSAVEEFTASVYASRECOLCTOALTYBACPRMPDJWDFIHNUNSJCCTOLZZAPACVKGUHVINZKIJAYPETAJFEWCLUUXJZSOTRFRYFVJCBEJEWJIDQGFRAIMAWRABWHSLIADWMCRIGEFPKWCP
[ 6] -6.9390  order=qt  Q5=EMBER Q6=STRAIL Q7=FROMTHE  T8=[perm]13756420
    MPAANCOMANYINGWAREPHNUIDMHATYYUYRLONKWDFVMUZQEGOXQOTDIEYSFIMMKVESUTVUOSRGXCRHSPNVFRAPUKBPKNKTLOSSYVEGKRNRCOXBOUTSBHUCMTZXQGKOOFAAFFGOSOVEOBABLVQ
[ 7] -6.9466  order=qt  Q5=AHAIR Q6=ANDLED Q7=THATIFI  T8=[perm]13724560
    PORAGDEFAALIEXOHAAURAAMEOMELGINOBOGFOMPLSZPNSZAIIGJVDEXGCJPGGQHOWTZWAHXZENLWAEOYOUASFBAGMCEWBROSEDXHQJLYHERTUBDQNXSXYVEHHAWRXPISMJKKOMLHAYCHPGHE
[ 8] -6.9535  order=qt  Q5=FIELD Q6=INGOTS Q7=LOGSAYS  T8=[perm]13724560
    PGHINNEUETLKCOSTAONYBOTAFULBONKYCZQXOBVYMETKHTUZHLLREULLMAYSBPJYTWHRFKGENIGHVXTGUHQLBFWNOHACDORGFISKJLGDEOJXCAFHCCCLSHZVDKHNSENEALDGYPHIEDCHBAEE
[ 9] -6.9561  order=qt  Q5=MOULD Q6=ASTONE Q7=THEITEM  T8=[perm]13726450
    MRISSADEESGBBONITATSYDETEORFKOAJEJNKZQTOHTITYCVRDLEGVFTFXHIMDXZISHWAIGPANNZZJOCYIRFKRKTKNKWNRHUOUSYLVIGHBFYETNHFWUNINIGTPZTVUNSOMBMCDISEWXBISIZW
[10] -6.9582  order=qt  Q5=GOING Q6=PICKUP Q7=BELLOWS  T8=[perm]13764502
    WUSARKETAYUIVACYANFBEPETAKSCUGHOPAKCUTUSJXDVEWJPJRNFOXBQXYSUUVSHRUXPNYBMSSOWISDDZONMKCSCYNESTTILIIBVQNTLEMPNBDUPBTBCVQROGDRXLGYOWBEODHKIVELIQJJR
[11] -6.9591  order=qt  Q5=SHORT Q6=DAYSIN Q7=WILLLET  T8=[perm]13754260
    BJINTINAYOCTERLZNGHERIISFPGITCATJOYEREFWTRIMRMRCEPYWUDNEXYSHCTCEIFSCTDYIKSCDHVIRRTLVGCOGKXQJLJEVCCMUAPHPTTZGNFQJXYRXBZSCECEXMINNTEMMIYUJJNDBNBYP
[12] -6.9812  order=qt  Q5=ALONG Q6=ATLAST Q7=SUNRISE  T8=[perm]13756402
    RDSJOBORINSMPORLBMXDAYARNAPACCDQULDJSFPIYSMWTSFPAHALGCSSSUNDDCCCSXXHONZUDAGGXYKNGYCFVOWYACBAWUNFJOYOFOMNXNVKJBLOCNYJCPOSOANADVMJGLVCATCFIDTUYXQJ
[13] -6.9813  order=qt  Q5=FIELD Q6=SAYSHE Q7=PATIENT  T8=[perm]13750642
    NWTOFCHUEFOLDESRSLOWSBDEFPACSNMOJAFATMLWOBJDOHGPOLOCTBJOVTYMLUVIGRGCBTMTKMCVBMYBUCBHNERCWMECRGRTOPVWJFJOOMTYRFDIGYUQXEWOWUHHWLEUEAGLUSEWSRQYVIPW
[14] -6.9849  order=qt  Q5=OFTHE Q6=ISDONE Q7=SAWSUCH  T8=[perm]13754260
    URYMIKSKINLDCONCEAMADCQUERCATMWMOUAESAYGPRYHSOUQCHPQPRCPCFCKRCMJFIHAEQJAJOJHYVOIOPJAMNNKORSDMXERBRHWXXSNOWOJFYICFOCEXPORISIBCHAPPJETRAHFZXQMPNNC
[15] -6.9913  order=qt  Q5=INTOA Q6=THREAD Q7=DRAWING  T8=[perm]13756042
    DMCTMATHHARDNANZCLINUMRUSITYMPLFOHGXBIELFVMUSXCEPSCWDLYFCFMHFDXISVPOUNFALICHYNERCVVMLAWPGVRLILYXYQYRLRVDVPGAATFWEUWYLGJYIAHLASIRLWGHUTZFCOBIGFSY
[16] -6.9917  order=qt  Q5=OTHER Q6=ASHORT Q7=NOOTHER  T8=[perm]13750624
    CEHWOORPAUDSHUGEPSMINTVWOBEDFEWYXVPOXIVTAPANJABIGEQQAMSJOTPNEIDSEHOTGLVXUDFFKSCLRMFTZUZMGJBOKNBIWTYCAICQODPOMNGTALGGCLNOOSBMPBOUTYVLYWDTIYDIXPFU
[17] -6.9922  order=qt  Q5=IPICK Q6=SUBTLE Q7=WILLLET  T8=[perm]13765402
    PGAGOPFCHEWWIPBMGEARICESLSUALLCRMZNDRGSPTQMVYHDAZNHDYUTHFQQKRACOHEWENDUBPDAPBXGLXLCVNZCOTDBGYCSUKETRUHIARWOEECSPWYMRTELUTSYMAMFUBLREOADCYLDXFYQP
[18] -7.0076  order=qt  Q5=TIMES Q6=SAIDHE Q7=ANDEACH  T8=[perm]13764502
    TETEGIJDRSLUTIENEHIESDAELITHETRCMNSEKJPRQXOTNYESGLHZIVKPCAYKZBIGAPLSCLZMAYTDTVASBCEDOMWYISCOGCCJJFEELAVUTMMINWFRGVNSTUBOEIXQNSJYSEZRVONUZXDVXHRA
[19] -7.0090  order=qt  Q5=NAMED Q6=GILDED Q7=AHAIROR  T8=[perm]13765420
    BJOALSTYTORDEDOCHEZPOIIIOXERECBOTWDWLKWPRQCRNSYEROQDADNNSFLNSIKGHMETHWGSQJGZGFOWRWTXMYSXDAHOLETBNLEFAGULFPANTUZVOYVOABXYVMJKCMLZIPEHXRMCPODWINAT
[20] -7.0189  order=qt  Q5=MONTH Q6=FEWHAD Q7=OWNHAND  T8=[perm]13745620
    FGFEWNFAVEASIFOWBERIAINDPWNGOVLFLFRKKLDIMGEPLTBVKASVAESITXJJZAGMOAIRTSLZBYWBUGNEWINVSXRQIIAGRYOPBEHUCJSHNYTSDICEDKAEFIEKIFDWTDGNTVDYMHVQDXTHWBGF
[21] -7.0455  order=qt  Q5=LETME Q6=HIDDEN Q7=SHOWSME  T8=[perm]13765402
    DFYMEFILTSUMENFEWBRITFPRMUTOOZENFPALFJIWRWFQRKNPROEBGITENKPRYXEADGRGRFJNMROHZMWXHHNXLTETFDLYFSUVPUDEEMPWASTKHIUBOFEZOCANUJOHURGGCQJHRUXGQOFFZIWS
[22] -7.0460  order=qt  Q5=SMELT Q6=SUCHAN Q7=TOAREAL  T8=[perm]13740562
    XBQEPASSSASSIMPRAWORKSRKSUCHNFUYCEFTEFOUTDIXRSEAMBSUYTRDEXSTGNCSYVXULFPUWMBSRXGWBXRNWJTITYTLIYCYHYHWASMPLIDLJALLNVXKCKEYORUSKNFCRNKMZHXMXNSAXUHP
[23] -7.0515  order=qt  Q5=STUDY Q6=MAKING Q7=ARCHIVE  T8=[perm]13720645
    CHUTESSAKSKVEMFTASIYAGRECOUCTRALTYBACPRMPDRWDRIHNUHSJHCTOLXZATACVKHUHUINZKKJALPETARFEFCLUUOJZZOTRFDYFGJCBEJEWJIDQGMRACMAWRCBWFSLIANWMKRIGENPKJCP
[24] -7.0519  order=qt  Q5=TRIED Q6=BERLIN Q7=CARRIED  T8=[perm]13745602
    KATHESQARTKNOORXANORLFOFUPTHFARPRDORXGFBLBTFCYVZIAHIJGVPCIDXCNGTHTGWRANDLBSRLTSASBESDYNBSMEGLDHKKIWFAXSIMCLNQERFGKVFTXVLUBZOBILGPDJOKPFWVESMPZRC
[25] -7.0584  order=qt  Q5=ANVIL Q6=HIDDEN Q7=SHOWSME  T8=[perm]13764205
    QTYUSPAZAKSDCOSUIJACETETFONGENUEQSFRNXMLEIEWMVEETZQKYFXUEBBUIENDTWLUREKEKTZXSEKMXSWRGJPFITBQNPISUPGOVCEKRJZBUYOKGIVCSLDGOBSLYOOUFHSSGHMWFGESRNOC
[26] -7.0684  order=qt  Q5=SHOWS Q6=IWROTE Q7=CASTING  T8=[perm]13750264
    DBREVIOOSIAHASTBIBIENTBPMISAAWGRNYYATSTXUKXHWSHCAZECGXTFMESARSRTROHUSKROUADPRMVQGAQZVRLRWVSHQSASWDEYYXECRNMSXVGBWVOUEMFPQTZOGHYETWOMLTYYYPRAQLXY
[27] -7.0705  order=qt  Q5=HEMET Q6=USEDAT Q7=TELLSME  T8=[perm]13750246
    RXNOTITHTRCAIERLTITOHAPERAKLMYLBODPEIZRTEFDGISFTIWIVYKCWJITPORWJVNXBSZXELWELFLIYBHOQCSGVISQGAYOHUJMUBUZGUEHIJXWBFEJLXRFLYGIUEISEUAPPMFXTISBYDEQB
[28] -7.0728  order=qt  Q5=METME Q6=EMBERS Q7=ANEEDLE  T8=[perm]13726405
    ETYPLSAGRZCRIZETRANGODIBAGETHAPYDPLYDAPMEDZFWVYLTRYRCMNAQQSKKLNOINLSTJMRIDHGCIZIRCIENWQIMXKXCNJTAMQOHJQUCPCAPRTAHQHAPCEOMAUCSANOOOTYTAVOJHWCZUBO
[29] -7.0738  order=qt  Q5=STONE Q6=QUENCH Q7=OFMYOWN  T8=[perm]13764025
    BIGPITBEODPOIGFIEASTPESMARYGDSPITHNBTVBIIRLIDCPYNKINJHNBNMKREIRXIJQALKTAIIHEIBMOPGRQHGTIADYTEPMGWSETFXWEYCHLSPKXGMPZUQKZWTVOOPIBBSVUJOZYLDPXYREO
[30] -7.0805  order=qt  Q5=TELLS Q6=THISTO Q7=ADDRESS  T8=[perm]13764052
    XLONNSTTODERDCESLOAAHKREPTERINPJBQXLILARGJBKNDUJXDWADEOTSUSJWIXERCAVSYCERZKLKFFZYGZMADRLBINYWHPMWHOXRPUEJVIVZBILTOUCTWQELFCHSZVOHZOHATYZJRCWXFFL
[31] -7.0827  order=qt  Q5=MONTH Q6=GOINGI Q7=ABSENCE  T8=[perm]13750624
    YBACRCDEDNTIONEAICHOURYMOLEANDPUGLQNHDUXDABXRZJRTEPTCCIQIBWHGLQECILUUSCCCENGPYATSXWJMSVMPQOLLEYFMJQOAVNTAUGHFYROYDNQYKTNCOUSSKDHCQMAALNYUAGNVEQD
[2026-10-04T02:06:33Z] chunk 7100:7200 exit=0
[2026-10-04T02:06:33Z] chunk 7200:7300
progress order=qt perms=100/40320 candidates=107318484
vocab: 119 x 123 x 141 = 2063817 triples
T8 permutations: 40320
candidates: 206381700 in 23.7s (8.72M/s)

==== TOP 32 HITS ====
[ 0] -6.8369  order=qt  Q5=WHICH Q6=CHISEL Q7=TOAREAL  T8=[perm]14067235
    SNYOAKEAWOFTWSSPEUGITIRSMETYSABHCRCHOTICPJZNOSEENOBLAILTBYFHEYIWAAWSAFFBXAMOLVQFYDIUNDRYAQLIZEHHMOJUOFMIQSGKCRUDZSYHHGDSCFTHJELHHLETUWZXHLAQAEDW
[ 1] -6.8561  order=qt  Q5=IFELT Q6=THEOLD Q7=SUSPECT  T8=[perm]14063752
    LONIEGOBPLETTEMSBTAFPRCCONEWJOVELMICVRCOPFIXQXAWPGOCPSTMFLWZXEDEUWTBRAFTBWSMKHRBFGINSHBPNCDALNJTWVDIBURTUGJQTDOVUIRCQRCFSILIMEVIEKAPLOWTBYSYLRCY
[ 2] -6.8615  order=qt  Q5=IFELT Q6=SUNAND Q7=THEROAD  T8=[perm]14056732
    LOSVINFPYDENTLDERSEMICUTOMOFJNESIMAPRWPCPSIUAXHZUBTHPIIOSVJOYVYEKMTCUPSERMTFMMDVSLIRSGBPWEYDJOIDWCTURTWZAGUATDSHUVQIMVUHEPEEMCKIXKEGCLWWBBSTEDCT
[ 3] -6.8634  order=qt  Q5=UNAGO Q6=SOLDER Q7=ARCHIVE  T8=[perm]14072563
    BRADFUESUBLENMLATSOADSOCLMEIZATCETGEATHDJATLDBYLXQNHYVEDXDCLFNESQWOVFUAPAZDOMLUXIWDRYUNSZTRYCBLPRYBYODMGARJWUMOKTVURPNLBMHDTDYBOSCGBFONNVECITYFI
[ 4] -6.8977  order=qt  Q5=WEEKS Q6=INBERN Q7=FROMTHE  T8=[perm]14065237
    MUIMSDHOLDOFHAGEKSWELONIPGAALLTURXATSOHNSWIRVXOMYKNLTCFZDOAPFXSHPAPFJJHMXQHNDORYMIVBGAGFANLOHWIGBDXYLWWEINTTUMUAOLSMOOCTAFXZRUSESPYXZPMEDKPPSRKZ
[ 5] -6.9471  order=qt  Q5=AREAL Q6=WORDOF Q7=LATTICE  T8=[perm]14035762
    UGOTSFFSERTEEHEWARQRHERNXSSIRASTWWATYQQCWHEYNPKUGXESHXUYVKUPCRWOBOUNUSLRLIZLJATSPIRAIOSWEQMLIMUSIXNNTYWWEORGQDVUVEWOEEPFCEKFLMZFAAWELOLCTVWDXSNC
[ 6] -6.9720  order=qt  Q5=MAKES Q6=HIDDEN Q7=LEDMETO  T8=[perm]14036275
    NNNFISHIQSKYDITAILSAKOLDTINSLARKPXPFRIROEAVDIJUXXZFQOEBSAAANEERBCABXGYXCOGOEDVEDUGAYCBWDOPPRGYTZWOSKAKQJNQHEEBILRVYVKRHDPIAFRKDHHTJPLAATTTPLTBPL
[ 7] -6.9793  order=qt  Q5=ONTOA Q6=EMBERS Q7=LANGLEY  T8=[perm]14057632
    CBJMMPARSURTYHIHTOSHMETCENOWARONUVTTVZZORETLAMJPDUSUJNVAWSFQUHZCVXSAHTXFUUKHEJCPIQDZEAYVIBINIONEARHUUIFEWSGDZXNIANTJDUXEWLLAPOHNGARSNNBZAACFNSBK
[ 8] -6.9811  order=qt  Q5=FORGE Q6=MYEYES Q7=LIFTING  T8=[perm]14035726
    UTWSSPENGANGJCAMILTKWIFECTOOIERPWIWOUZFWYHELASORDASYMXTXBDDICJFAKXNSUMCUXFTDTWFAHNAOKUXIZVTJAFAASCOZETDDOBBUNNXWKPEPWNTXRYXHALYLCUTPTYGTQFILCYFC
[ 9] -6.9887  order=qt  Q5=SHORT Q6=SOFINE Q7=CARRIED  T8=[perm]14027635
    UKATONCUSFGSSTVCCEDTOREKOADDRURWMVASSPESBPRBXHOWENVHCZTESRITRAFLADPUHQGFLXFCJAMEVWYJRBUPPSMNDJJALOOQQMMYHCKVQJHBVMDHGDYLRRKCHISOOMNSICAFSPZQVKAE
[10] -6.9924  order=qt  Q5=ANVIL Q6=SAIDHE Q7=METMEAT  T8=[perm]14065732
    EISTRIVMERAONEINSPANAMEFRBYTCTTVYLOVWAMGJTJHOIPGPUNESULAIETKTCUVUSSSRGESWLILVVETRRCBOZZXXWJPFDLEJMVBUWHITTVYIFEDRKHQCYHFVLGTDKRUENMOTQJCIJBECDPH
[11] -6.9974  order=qt  Q5=VENNA Q6=SUNAND Q7=ARCHIVE  T8=[perm]14027563
    ANTAYENNGCDDAVGATEMIALERIRUSEVPWWRPRIYSEASIUSDYZMYOZBACTTRISEEWCDGNQTVXVUPYAMVIDFBPFKTZDENRQUOAMCKBPVCSCPPCYIKYMDAZDCDPLLSMRKMJAXDPAKCIVVJVWRGMA
[12] -6.9976  order=qt  Q5=COUNT Q6=FORTEN Q7=BEJUSTA  T8=[perm]14037256
    GORAVIWSUBSCLIAGENONJAVEOGTIMSSFVVPTOJZKQAFFQGHSJQTVAKSERMNMRSBEEDCMHOUCSFUKDNJVDKFMVGTTYOFVRBWORMJBDROLYMJDYXKOIHKFJWTDHUMIPOLECCTOVDBOPHWRONHL
[13] -6.9978  order=qt  Q5=ATTHE Q6=CLOCKS Q7=INBOOKS  T8=[perm]14027365
    EFBERBYTHTRSICIYOGTHIERELTFURAJLDKWWREBIEVNPLIFHZQJTZRXYLVHLAJOTAASUNWXIBUVJWAZEXWAVECUSNIMTSYOUCXNOOPYHMBLZKARYDXNPHYSCEMTAEWFBMGUQLTADONQXVTRZ
[14] -7.0035  order=qt  Q5=AREAL Q6=WORDOF Q7=LATTICE  T8=[perm]14036725
    UGOTSNOSERTEEWYWARORHEJNXSPIRACTWWZTYQYCWHVYNIPUGXPSHMCYVKTPCVNOBOMNUEIRLIBLJMDSPIGAIAMWEQSLIFGSIXUNTRVWEOKGQPTUVEBOEEMFCEXFLFAFAAIELUCCTVKDXMTC
[15] -7.0052  order=qt  Q5=WHICH Q6=CHISEL Q7=SHADING  T8=[perm]14052367
    TDPHPMEFHONREPEPEFSUBSDSCAUSTYROOIYOVTXOLQQJOBAEWPSXXSYYSNIXAIPJXAEPULSTXXPDUOCWNSOCLFYUPBQSJMFTSCIDOFAYXTBTKWBAWWEEDANTKFBOTLEZHBESZTZHOGGLOCSK
[16] -7.0209  order=qt  Q5=TOTHE Q6=METIER Q7=HAMMERS  T8=[perm]14067325
    SPUMDIVERHGTOIDECOANNODSUATILXACONTSPATPYKEUBZQMJRPGRKLEMYPCUQVZBOOUNLUOIHIFEGTAIDVRPTDGYNNDNFKWXTHEGQQNNSJQTAOUKIOZBUJILGHUZOAKCQJWBEEWSMSTRCDL
[17] -7.0227  order=qt  Q5=AWAIT Q6=SOLDER Q7=WILLLET  T8=[perm]14056327
    SCSWESAFORESTINHMPFVOYSSITINARGXCGGQIELCIDEMPGZLPOORZHEDTVPLXWHIAPKMUSPDZQPTUFESKLCYGDNMUJTIUXABBCLIEFIGIZJMJHFPHSZPWNEGMYZNVSVIVAAUNJXJICANYUIP
[18] -7.0244  order=qt  Q5=FORGE Q6=WERISE Q7=ATURNOF  T8=[perm]14072563
    KSLMAEASBEMEZERBEIDFBIGGALSITHDTPJEDRMLUUDNBBZLTSBIEKBOFYBYHKMSRJDIMNCUTDSJKDGRKRYFJOUEQKOMDYLPXIRXHARPXJOSALYUBICFLPEUMADNUKKOYDEWPKZKEYPCYPBEM
[19] -7.0271  order=qt  Q5=INSIX Q6=DONEBY Q7=THEYARE  T8=[perm]14065327
    GHEETVESTFUNESMSOMMFHOTESSRFPPELMVITJMTXQSRNGVGRMTVDMBFUZWFEVLKALKIPPXWHYCLOUCTMOTWQBJHABOEFUYSCMPBUFVTWFCXXREOZESADCWGEAFGYIQELKRFBCDYGENGMESML
[20] -7.0331  order=qt  Q5=HASME Q6=ANDTHE Q7=LEDMETO  T8=[perm]14065273
    TIGAAESOGARLEURLFNSOTERESINYADJVWWUXBOQSFIWHDHIKXJJOVMZSAAWWVFIARNIGSXOLSYKDAGARZNXMESDDUSHJAAWETUZMBCPOHTEGESFWMWTJKRDGHERCNMGTAOLYMSRHRSPRBYGM
[21] -7.0368  order=qt  Q5=ISNOT Q6=KNOTIN Q7=AFEWHAD  T8=[perm]14057326
    QIFADDOUTGNBYOTSENOFPINTIEVAPFLUFAPDILAMAPULUOROGAFTPCIHWNINZTPKSCLUUSFAZDMSYXIGXLWHCLTTTYVBXQLLCPPXOOEHUGSQKPGRHRERPLEENENFVKPXXAXXAYPTVBRZVULP
[22] -7.0376  order=qt  Q5=INTHE Q6=SOLDER Q7=THATIFI  T8=[perm]14065237
    LHENSFEBATLESPAASNAVFSPLUXMERLNIHGHFQXOTSPGHSUYNNLOBIYMLRKATMSKCROMVUBQIFBITHFCCOWUBZJQBXBTNZBHYERCEGUYGWDZRTJVVDBBYPIAZEJDRHLINAGIDEELMSHKBGAUL
[23] -7.0533  order=qt  Q5=INTHE Q6=METHAT Q7=PASSAGE  T8=[perm]14023756
    SIESMIZURREANDYEEHNTPHUMAKEHSMTTCBEMIEJNCTVMQFPSEFUNLNDHIPCUHPMBFPAVADXLRKUOVTNTJRGUHOWXDTVSNGCHXZSGMLISHAAAJDBZIFFCXUCHSETGLDYGUATXPHYUBNXLRZNB
[24] -7.0535  order=qt  Q5=ANVIL Q6=SAIDHE Q7=METMEAT  T8=[perm]14065723
    EISTRIVMERAONEINSPMBAMEFRBZACTTVYLWTWAMGJTRPOIPGPUENSULAIEGLTCUVUSPCRGESWLXBVVETRRUVOZZXXWTIFDLEJMXSUWHITTUPIFEDRKZCCYHFVLESDKRUENDGTQJCIJEBCDPH
[25] -7.0541  order=qt  Q5=TRAIL Q6=PHRASE Q7=TOAREAL  T8=[perm]14063527
    OSSLCLTVORCHERLTPCURETHSUTOFOAAROQMUXWWORCAJJIPENYBLQHQLCCMGDLEECSIFISDSFRFPCDQQCVMAVZYESWWQUEJAEGKJPOSBOXRVCRYIFSZVIECCBZOIMPDJVGUICWDSSOHYHNWC
[26] -7.0558  order=qt  Q5=AWAIT Q6=WILLGO Q7=VERDANT  T8=[perm]14025673
    JPKONCIPCDCEOPTESSGROPEPOTHISWCMNXNSYLCTOSUUNJDJFVFETOOMONAMLEEMCIQQGNOAXLIINGCUAQXYWLATPTSZZSGYCZZFZAAWINNRSUKUGSNCAXKUOBDPFSNAFASPYBXLQIFGPZEC
[27] -7.0581  order=qt  Q5=THREE Q6=BERLIN Q7=PASSAGE  T8=[perm]14025367
    RQLODTHSAXHASTOMBYSALORPLENERSVFIBPZTVHOFQCXWWEPXFCHFUFKWPTPCTASTZVYGOXCHPXXNXITTPBAXYLYOILFZOIPGYFCUSTCLITLPMUXDKVESDIBRJDKCHIWRTADJCWWOAEZIFLK
[28] -7.0622  order=qt  Q5=PRIOR Q6=FINEST Q7=KRYPTOS  T8=[perm]14065723
    RCEYSYSCRMBEVENSBSPMORDOKEIENETUFYNANBGCTRQINADPOUUFDNPRURAPCUVWPNTICKIIKBLGQYZHJZFEAOINWVKLZUTPTIVOCEVNHZONBRGZBREQTDTRTPPVDCOTNWPHPHFHTELHREQQ
[29] -7.0644  order=qt  Q5=METME Q6=BUTTHE Q7=MASTERY  T8=[perm]14063572
    XGAHACTTWEDTISSLFCYSCCAINCRASEITOKGNAQHSEHSTQREOKGWEFERPBGZJLSKSONKBITKLEHSXSZDPIIANCYJKUCOINFEAYXTWBMTSWZBKXKLVNRJXYWGFGCTIVTABLNAEVZEHEBCJCDNS
[30] -7.0688  order=qt  Q5=FORGE Q6=MYEYES Q7=LIFTING  T8=[perm]14053726
    UTWUSHENGANEJEAMILTAWBFECTORIIRPWIWOUZFWYHEQAPORDASGMGTXBDDUCDFAKXNKUXCUXFTHTNFAHNAMKBXIZVTIAGAASCOLEFDDOBBYNFXWKPEWWZTXRYXMAGYLCUTTTRGTQFIXCUFC
[31] -7.0699  order=qt  Q5=FIELD Q6=HESAYS Q7=THESAME  T8=[perm]14067235
    FFELXEEHITRMEANTIOTETGOOFPREAGDEKAYDJAEJFSXOHEWIFFNEIVOXJVCXUNBHEZFLWUSCNWCTOEXILFLTMIOKFXPLPXVHRMLIULUZGJFELFTHFKWWKOLUSDFCMGEFEICPKMPTLDCARKNU
[2026-10-04T02:07:08Z] chunk 7200:7300 exit=0
[2026-10-04T02:07:08Z] chunk 7300:7400
progress order=qt perms=100/40320 candidates=107318484
vocab: 119 x 123 x 141 = 2063817 triples
T8 permutations: 40320
candidates: 206381700 in 24.0s (8.61M/s)

==== TOP 32 HITS ====
[ 0] -6.7564  order=qt  Q5=BLOOD Q6=ANSWER Q7=TOSPLIT  T8=[perm]14250673
    UEZJORENUNTERERDONHUIHUFWITEDONRFSZRTDEBJJYANGBKJTCSIXNGIUNWVEXHMGDBFGXWPTVFRAISADDJZONASSNNMSJUSWASUSIARTAYGQHUUKSEHTFEYOSWFOAELYCLQOCONEGPOXDT
[ 1] -6.8260  order=qt  Q5=UNAGO Q6=ASHORT Q7=AFEWHAD  T8=[perm]14076532
    AIISWATOGERCAMERFQOSHENTAMPMCNTZIXXKURJJIOIJETJPXNOCPQGDRTFHFAEENMKNTRIITIZBPHIUCPEERCSYDJUIREDRIYDXGXLRESBLEMOSHBMYAGLOSEXBCKINAOHFFTPVWCCMAVOP
[ 2] -6.8481  order=qt  Q5=INGOT Q6=REFERS Q7=LIFTING  T8=[perm]14256073
    SAORWEASIOSSUDTODOVONEDROMMSAVISEHSYXTNYMKGOGLICSOFDJUBOLIWWWGTGRUGDYVESSEXGKAKHLVBYXVADNPCFQFTEOHHHMXJEHVOCMDRVREFEBTVZTOLEXDERRNHSCKPTBKIBOXXX
[ 3] -6.8731  order=qt  Q5=HEHAS Q6=FILLED Q7=ABSENCE  T8=[perm]14206573
    MMOFASSEAPJSNHAATNOCLASRMEOROJEPJJVCYJOJGSESFECHLCIMXIOTRILDCTKIZXPROGFLEXGMKRQHUQAXUEJVPARKUDETUELGIFKISRDDXPAKIFORAMFPDITZVKMPPTRQZRPODLFTEVNE
[ 4] -6.8833  order=qt  Q5=TRAIL Q6=PHRASE Q7=PASSAGE  T8=[perm]14260537
    TTYNGEDWHYDROAMYKTMSLOFALBRISOBVZHJHVXMCRIOELDAOPPJTIMHWEAHFHELFHARMCFETOVTLIEMUGKIRWWPSELQPNFEEYNPITKDYMZKITOVUZTPYNOIDBKSEFCEHFBYLIXBAECCWILXT
[ 5] -6.8928  order=qt  Q5=BLOOD Q6=ANSWER Q7=TOSPLIT  T8=[perm]14250637
    UEZJORENUNTERERDONHSIHURWITBDONTFSZNTDEJJJYMNGBIJTCXIXNUIUNSVEXOMGDOFGXKPTVURAIWADDYZONUSSNAMSJASWABUSIORTARGQHVUKSVHTFKYOSUFOAGLYCCQOCGNEGSOXDR
[ 6] -6.9070  order=qt  Q5=METOA Q6=FILLED Q7=PASSING  T8=[perm]14205736
    MNINDNELDYLDNTNOTBECEBLUVEUSENABTBNRPIFFZTZQECZQLFFDGYHOOKNWCWPHZQBFWALNUOJGXTBTVXADXDMUCVUMSECWENWIEMGOPRENODFYPITGERFFAINPEAJCOBRYAENIIOTTEIIE
[ 7] -6.9292  order=qt  Q5=METOA Q6=FILLED Q7=PASSING  T8=[perm]14207365
    MNIEDKEMDYLENGNUTBEREBYMVEUSENTETBNQPITRZTZKEUDLLFFLGVSFOKNJCMFLZQBGWFHJUOJTXILNVXAQXFTWCVUESOWVENWGELISPREWOPESPITNERWUAINXERHVOBRJARENIOTWERMP
[ 8] -6.9364  order=qt  Q5=KNOTS Q6=SILVER Q7=CARRIED  T8=[perm]14203675
    DENGECTMEPHYSLILRUMASINMBPUSSPAOPFWTRNPIZBXXLGBTRATJLSYNLQZBAMAEKKECSERNOELHNLINNEHCZTEDDHVVOSVOLUMDBWMJABPHLTIHVZJZPPADOFWAQORGECNPIVKNFGNNWHIA
[ 9] -6.9372  order=qt  Q5=TELLS Q6=INBERN Q7=REGIONS  T8=[perm]14237056
    NETBOOIPEYSTPTOELPSHIRDJTOTGETEXUYEJVCKMPYEKHLNUGEOFRPFPNIDVTWSGPMVCQWLPGSDCITICUHTUXTQALHGCXSEEZCVZYRAJWWLLACCNGJUCTOLIOTSEVEIRMSCDXOZSONIFDSOZ
[10] -6.9542  order=qt  Q5=TOOLS Q6=PICKUP Q7=GRINDER  T8=[perm]14257603
    ROGESATANEBYCSNSCRGANHITFTLEOEMTBUVQXOSXEPWPEXLOWPHSILOFNVHCEOXFMSDNRLCCMSTLSVEESKTOXLNKZFTKNBQVRTCESKKYWVGLICNIGJOPTONNSFGIDDHRRGDORHHIQJCHWELE
[11] -6.9552  order=qt  Q5=METOA Q6=FILLED Q7=PASSING  T8=[perm]14257360
    HNIEDTEMLYLENSNUEBERERYMMEUSEWTETBNQPITRHTZKESDLVFFLGLSFSKNJCLFLXQBGWGHJDOJTXKLNEXAQXWTWYVUESFWVYNWGEKISPREWOPESWITNEAWUOINXEPHVVBRJADENBOTWEBMP
[12] -6.9560  order=qt  Q5=HEMET Q6=METALS Q7=ANDEACH  T8=[perm]14235076
    KEDVIETEGEDICROSTNABRHEWARMBUHRAVVIGERHHGARSWMRHBILNHBUOLDPIIERUAXWHHNEDFXHGLJDJNJWSLSRYOGMENERQSBKWOLRIUENSHZGAJRWESAZCDIGNMHSMOJAAFOWENPYHXGLE
[13] -6.9583  order=qt  Q5=INTOA Q6=STRAWS Q7=IREREAD  T8=[perm]14207536
    IYKBYEFLSAGDEYWHOLUSARELAPINGKENXTDVASAIYPNEVTCAKEEASPSPRJYSVCVINVERZWVMVUDFAAQZQTALMYUFRFACYLYAUAROWMWPVYWMJULEOZOSWHPGVGHLETYGJWVDJSIRKGVMMOXF
[14] -6.9611  order=qt  Q5=ITAND Q6=ITDREW Q7=IPICKUP  T8=[perm]14205673
    SIDMVALUASLNEEFRYICTONUNGHASEAUWWBKGEHGUKBADSZFVDBKSAJOVALVUXGNEKRCFHTSJSZCUIYUFPDYASYNUDTODHTDCGETTOCVYLBVUEAWOHMIGHFZTEXQVSARKIMNYEVAENTENCJZH
[15] -6.9638  order=qt  Q5=UPONE Q6=GILDED Q7=KRYPTOS  T8=[perm]14076352
    BAWALEMOICETOSCARDPEIEVRINMNKMAKXIFQJDRIANMMEGSRJEGDIEPOUFOIJWHAHUTWWNFDCQKVGKHIKXOGVRYNTSNVEJHORZBVFTWHSBZKNCTUGAINTSOKERLYUPSWAHHFFBOKWIZKEZSE
[16] -6.9640  order=qt  Q5=BLOOD Q6=ANSWER Q7=TOSPLIT  T8=[perm]14250763
    UEZJORNEUNTEREKEONHUIHPTWITEDONRFSZRTDMRJJYANGYSJTCSIXFQIUNWVEOAMGDBFGWXPTVFRAXWADDJZOCLSSNNMSWHSWASUSLORTAYGQDZUKSEHTSLYOSWFOFSLYCLQOUNNEGPOXLW
[17] -6.9655  order=qt  Q5=TOHIS Q6=INBERN Q7=VERDANT  T8=[perm]14260735
    ZLNEPORDPHEISBPUSESSLRSAFPDEMARSETGGYSARKDNYKEBRXJORCEAXAMXEYQDLKTASVYWFLGBAWPYSYMAKPMWGJHIRRSWDSHPMHDLLPYWOHBCWTMANBWREMVHAVIYLDEAZPQBHBQLDICRH
[18] -6.9675  order=qt  Q5=STEEL Q6=ASHORT Q7=EASTNOR  T8=[perm]14257063
    ICERSDCFITINOUTNOCSEFFOMFYNKANUPAYONILPZIPIFTSWTSPREMGINDOWFVUQIVFVGBRYPBDOJRLJMXGXDEMHTCSXFYMZDYAFIAICWELYNSXHECIZZLKGCIOLAZAMXZFNELOTLWKLFMRUO
[19] -6.9712  order=qt  Q5=RIVER Q6=ASTONE Q7=ARCHIVE  T8=[perm]14256703
    STALBLATTLMOPEZHAADDLOWEMERONBKOLENUDPETORBMRRRXIWVWODYAQKYEONOJZARSRALQPKCTHPYJNSTNOPVAYXNOAIOGYFKELGROWKOXVMQFTHFQQXKGOLSESUNSMMDYVCYILFKMEVKV
[20] -6.9854  order=qt  Q5=ANVIL Q6=SAIDHE Q7=METMEAT  T8=[perm]14076532
    EISTRHETERAONUGESPANAUMYRBYTCRKPYLOVWMMYJTJHOMSAPUNESHYPIETKTSRNUSSSRJOCWLILVAIIRRCBOWFGXWJPFEJEJMVBUVSXTTVYIBMARKHQCNBRVLGTDGOTENMOTJLFIJBECMDZ
[21] -6.9908  order=qt  Q5=ITAND Q6=MANNER Q7=HEMETME  T8=[perm]14230567
    NTXYMOHNHEITEDPRSCYWHOURTARDFMIUDNMDKNCASVODQBYDDSCSORXNOLNHLDCEFQTSBASATQVLADNWOHOSTIWIOPQIWDIGOKVGYYLKALHHSVGSCSCHRHEJTMCYCBTLTXIDKJYXXVEIRXPO
[22] -6.9922  order=qt  Q5=ALLOY Q6=BERLIN Q7=INSEVEN  T8=[perm]14263057
    COMATDATVANOMEUPTABISRACNNGJUKKTEJHZIXWZQCTISFNINCRMLXKISRIDLAZKEVRQUBGQRTTFBJEGPEXAURGAXKTVWNFEBTRAMZSLUKIOTTUGEQGFHABORGLTQUTUMBRGMEEQIYJMKFOR
[23] -6.9928  order=qt  Q5=AHAIR Q6=FEWHAD Q7=THEROAD  T8=[perm]14260735
    LGRLTWILESELYDEFADEONATSPDXCTMLHOGSENEROPTUASHUPUUDONVRWRNBBTOVSVKDWNXSCLTKGYEYCNBQPPQIKFHCMJNOMFWSLUNPEGHOEKWPOWXOAFGILIEISAIHPEVKEAQUXYFSLIQMS
[24] -7.0008  order=qt  Q5=FILES Q6=FEWHAD Q7=DRAWING  T8=[perm]14207356
    LZULISAYTODASEADPTOSEEHESUEVYWFQEOXNOWCOCKOTOXZTEDMIGBIVHVJKIRDADZGTEGQMAFEGXTBWOWXHMHAVAWRTNIWYADTWQXKTXPLCBAFOGITFRYDINHCUJOONMUEFQDQRXMXYTCOS
[25] -7.0157  order=qt  Q5=TANTO Q6=INDIGO Q7=CALLING  T8=[perm]14076532
    HNREDEOTOUFNREGGSGOASEKSOUANTWATSECHTVCOBGNLCLITVTOOERNEIGPNQQKBFYDNOHMOTLYPKZUYDTRJLMJFSPRFXTTJAKUNFIVEFEGXMTHOHUTFVOEYQTVSEGLZHRMEIXFWPUXYKPRL
[26] -7.0164  order=qt  Q5=WHICH Q6=CHISEL Q7=TOAREAL  T8=[perm]14260375
    TNOWAKEHBOLOWSSFAUHATIRLNESYSABEZRBAOTIRCJJZOSEBWOEXAILJCYHAEYIRHAGAAFFDJAIVLVQSEDBONDRJBQIBZEHVIOQNOFMJRSDTCRUYESZQHGDLEFICJELSPLKMUWZSXLIGAEDF
[27] -7.0168  order=qt  Q5=INNER Q6=INROWS Q7=AFEWHAD  T8=[perm]14263057
    YYERONAYWILXGSTHISPFANTEREICIUSBLKJFGCOQBPPBYTLTIDKWUGXBFMVFDRSHEVSMNTOFGTGQACORCPMWWMSOMMXQYQNXPPPRWXOAOFFEOOLSCBYDQUPRNXPMLCPMACNYMONNNUAQKPJV
[28] -7.0283  order=qt  Q5=THREE Q6=PIERCE Q7=THROUGH  T8=[perm]14236057
    YCPBYNCRENBNESERMEBNTOIJUNTOSTCCMXJUYIGARZDAMESEWAZONRONDFQCKTJUGFIGPQRDRKFZVZNOYOMRYOXNZWLABBHWHUVRSJQOATPRCMNEMRHWBEAIHLPEIERFAUEUMFXMTRGPTDGC
[29] -7.0299  order=qt  Q5=METAL Q6=FINEST Q7=CALLING  T8=[perm]14203765
    FNYOOSEESGEANEREXPCHCBAHRENIBINWYFHCPTIBTDNUHJIKIVDNAKVOWSETCMDFQIWDNBGZDMTZPIICCTFKBFLJFMUTTXAPENGDOFIPLRJVMNCBYNCLCAKYATSISABCJNSKANZDCEYOPAFT
[30] -7.0317  order=qt  Q5=FORGE Q6=CHISEL Q7=THEITEM  T8=[perm]14263075
    HNISLANYOTHEARCHIULPHXSCOPEMYRISONDAOHWENXTCTPRMEBGDAMJKIASZPAYWEHBZZHWDEIZMZDAOSKMYVFSJFNZJTPPHNMJHFAGBZLDMLEYDJNXKTWOQKLIZIUKELSMRBNNGRFAAMEQQ
[31] -7.0352  order=qt  Q5=FORGE Q6=PHRASE Q7=DRAWING  T8=[perm]14076235
    LSTTEONKEASIOSINZNESALOROMINRQUOADUZXMPAACGNVQXJZYEZTGZBZNGRXZRSNXJJOMJAMAOPCDTEOHVRVZESTLFMOSZYUWQRUOKAIDOQIKIIFFEPAHCITUDOFSTYXWWANGUASAWRKWDV
[2026-10-04T02:07:50Z] chunk 7300:7400 exit=0
[2026-10-04T02:07:50Z] chunk 7400:7500
progress order=qt perms=100/40320 candidates=107318484
vocab: 119 x 123 x 141 = 2063817 triples
T8 permutations: 40320
candidates: 206381700 in 24.5s (8.43M/s)

==== TOP 32 HITS ====
[ 0] -6.7109  order=qt  Q5=METOA Q6=FILLED Q7=PASSING  T8=[perm]14270365
    ANIEDKEPBYLENGNWEBEREBYEMEUSENTITBNQPITRYTZKEUDHYFFLGVSREKNJCMFENQBGWFHVZOJTXILICXAQXFTDBVUESOWWPNWGELIHDREWOPEZWITNERWREINXERHMSBRJAREMVOTWERMV
[ 1] -6.8070  order=qt  Q5=METOA Q6=FILLED Q7=PASSING  T8=[perm]14275360
    HNIEDNEPLYLENTNWEBEREBYEMEUSENTITBNQPITRHTZKECDHVFFLGYSRSKNJCWFEXQBGWAHVDOJTXTLIEXAQXDTDYVUESEWWYNWGEMIHPREWODEZWITNERWROINXEAHMVBRJAEEMBOTWEIMV
[ 2] -6.8686  order=qt  Q5=INGOT Q6=HEWILL Q7=RECORDS  T8=[perm]14265703
    LEWVUXFHATICLIESONWHITLELSJCAECOUNWAIAAOOVJCOIDGNUOCZCNNPIDEXYQMHGZXKNLKODRMLJGBUSRXRGFIXRPYGDHAPUNHOTZMSBNRTOMPUTYDEPNDKBOULDDKOHFTPLULXPEIDOTO
[ 3] -6.9185  order=qt  Q5=ROADS Q6=ANSWER Q7=THEYARE  T8=[perm]14306572
    GHWANDLLCMSGGAUBOMILIDAYSSORONXHQIFMAHVVBUMRMRRFNBOIHAMGUDOSGHMCNICTUAYKMKGTSQJOYSANPHYSFXHDAVQFHHXOWDXJLEDUCEGKZFLADRCIVFRSTVSKSAOFEWBAZNMTFJUK
[ 4] -6.9441  order=qt  Q5=WHICH Q6=CHISEL Q7=TOAREAL  T8=[perm]14267305
    ENOWAKEALOLOWSSPMUHATIRSJESYSABHLRBAOTICSJJZOSEECOEXAILTGYHAEYIWJAGAAFFBDAIVLVQFZDBONDRYJQIBZEHHJOQNOFMINSDTCRUDVSZQHGDSPFICJELHELKMUWZXGLIGAEDW
[ 5] -6.9641  order=qt  Q5=STONE Q6=HAIROR Q7=LEGENDS  T8=[perm]14350627
    PTHEBBIMMAXYZATYLEXISDUSARETIXAURNDKTISCPREAYPZQNYFDGBJASECMIIGKLBLSQSNAIQVFMQHRMLMITGJCVDUDPAGALAUZVESBIINUDPFPHSHOJOYFLWCAVOKNGIFTEJNTTCVJERCO
[ 6] -6.9656  order=qt  Q5=METOA Q6=FILLED Q7=GILDING  T8=[perm]14275306
    TETADNENCLGENTCIETEREXCKEEUSREVEVBNDUTBRZTIMKOZHHYTSCYHROMBFCWPRGCTGWAAHBRJTXQKTNXAQHYASJVURXKOWTNGOKHGHYLPFRDFZXANIERFLUTIXEASDPTRJAREAAOTWRATM
[ 7] -6.9687  order=qt  Q5=TOPIC Q6=PIERCE Q7=TOOLSOF  T8=[perm]14263507
    DRWANNOZILVILOIDOWNDSSIBEBURYICSFYQUQYWXPDBIJORLHCBUONTUKNFOIHDLWBFQAZAYTDPEAHQPSPXFTXJOLANIINOFAUMTYEICATUYNGQVDSFOSWELYVIKZBSNEEKGMVBHBHLHTUKN
[ 8] -6.9794  order=qt  Q5=METOA Q6=FILLED Q7=PASSING  T8=[perm]14270356
    ANIEDKEPBYLENGNWEBERENLEMEUSEJAITBNQPAFRYTZKESZHYFFLGHHREKNJCRPENQBGWCLVZOJTXXBICXAQXXMDBVUESNCWPNWGENGHDREWOYFZWITNEFFREINXEZJMSBRJANNMVOTWETIV
[ 9] -6.9884  order=qt  Q5=HASME Q6=METIER Q7=LATTICE  T8=[perm]14320756
    LREOSWEOBYDPUSHELLAFTEINDNRDDUAMIAAMREHDJNSBVHPEEXVYGDHIHKPZANJIICUOACASNXGLTLISYTEEKSEWUEWPLDADEWHILBOSUNIPHYGDAEHKYVRPCZTXLHKEBBNYRVYWYFXAHDIC
[10] -6.9961  order=qt  Q5=BEGUN Q6=GOINGI Q7=LONGAGO  T8=[perm]14326705
    COTITEETORONIIFIAGLSOMBGUGBOOTPEWVPDTPLSGATGHVNFOVNOUCGAPLCQKBCBCFGFISSJVMYITGBIYTXKWBOPSEHORKQDCYKOSOFOKUENACEBCVVPUVYAHFPZPHAFGGOSOAUDYZVECROC
[11] -6.9983  order=qt  Q5=STONE Q6=HAIROR Q7=LEGENDS  T8=[perm]14350726
    PTHEBBWDMAXYZAPPLEXISDMCARETIXDMRNDKTIUQPREAYPBENYFDGBLSSECMIIEYLBLSQSUOIQVFMQHRMLMITGQOVDUDPASHLAUZVESBIINUDPCSHSHOJOEPLWCAVOAFGIFTEJGDTCVJERGR
[12] -7.0066  order=qt  Q5=HEARD Q6=WINTER Q7=SUSPECT  T8=[perm]14352760
    TOBBERCEOFCPINEBELTCVEEBANTRFIWEPCIPTFCKYVHASKHDXSTAGBYMRVXRSRJYAAATCSIHVFAYAPVRJIWCAGYBDFXSGPWHRZNGIFONAITKRTWXLHYWGRDIDINTMZKMXUXXYEMSEILEDAIR
[13] -7.0071  order=qt  Q5=DRAWN Q6=SLIGHT Q7=DIGETAL  T8=[perm]14275630
    UNAKSNILNGLEBSPRESDALISMAYNPCOEMHSKBEPYTOJUMQJBPSLHLYRNPENLFBLKJRRNMNUGTSSLERKHQJWGQEBNSMYONWJVVTDKZCPRSISDIHAECDULHBHTHEJGKBLMOZULTSDAWDNTFHUXO
[14] -7.0229  order=qt  Q5=IPICK Q6=FEWHAD Q7=WEEKSIN  T8=[perm]14326750
    WRYNTASJPALAFALAMPOLYDSFORSQLNOKVEHYAUBOZSWGAMBGFPXKFNOSHHCOULENOMCOLGZWQEHETNIDHMKPERGNEAQREGSCHSXWGAFCXGNTAVQAVAXPVBSZTVSLKVDXAXOLJZKJKPADHELG
[15] -7.0238  order=qt  Q5=MAKES Q6=GOLDEN Q7=THEBARN  T8=[perm]14263705
    FKHENCFTTOITHEFOURFROMARGPLHTTOQBRHZZXTYLNRQAKVARVOTIIRCMTBCJXKHISCSCHLALAZMVCODULPRWIYTMSHWPRIVZRJISDARWABLVVTAENZDWTSPUXUQTFQJPHCATTVLGBIQDOUQ
[16] -7.0274  order=qt  Q5=WHICH Q6=CHISEL Q7=TOAREAL  T8=[perm]14267530
    ENOOAMEALOLTWASPAUHITMRSNESYSTBHZRBHOIICUJJNOWEELOELAHLTTYHHETIWNAGSADFBRAIOLVQFGDBUNSRYYQIIZMHHHOQUOFMIQSDKCTUDESZHHTDSOFIHJTLHNLKTUPZXDLIQAADW
[17] -7.0295  order=qt  Q5=SMELT Q6=SUCHAN Q7=THEMOST  T8=[perm]14275630
    OZEXRCEISPUTOUTOPSINHPDEIRCEYSLJIFCPUWALLWWULFWEZBZRXLCJSISOEWIRXMUCSVTZTREITGUANTLXSCDQTPVTKWEDHIMHVJVCWIRXGLVTNGBAVDTQJWBTONAXGYRZIMPYNZEDTTPI
[18] -7.0308  order=qt  Q5=BALES Q6=SOFINE Q7=HETELLS  T8=[perm]14265073
    EPCDRTSEGAHEHIAFFICEAPEXLPSOFIPLOSNACHSQCHACNJTYYFWKGNMZSEACWGRSEOGDXLCLOTQMROIKLYHXQKHUNXMAQCTEHWEFIJGGNYPBKNPEBTGLMMEUDOSZSWLAPSRIATTIUISNILPS
[19] -7.0340  order=qt  Q5=METAL Q6=FINGER Q7=ABSENCE  T8=[perm]14350672
    PMMEVWOUPVSUPSTAEFRYERNDPATHOUTPXQRXYIHCFIGHZOFAYXAXBQGKOPGFORONBPIZPCEKZXPIKOOPYXYVDVFDYOMOPHRCGUEDETCIKRDPXIWTNUSEOUPRDIBAEHOGYWYXCTFOLDBWOEEQ
[20] -7.0348  order=qt  Q5=RIVER Q6=ALLOYS Q7=FROMTHE  T8=[perm]14327605
    RNABDKSILUMREALTYBDETALLHERTOCRNINKODVOTTSSIMFSBIAYPMOPPYKMJJLIHJJDQVSSVAEUCOMGXYLZGKAEOTEUQQFNYDRGIFOEPDUVAMMEJJNBNMKBVODGKOXRBCHKDVDEWTYEENIPI
[21] -7.0361  order=qt  Q5=GOING Q6=ALPINE Q7=FINGERS  T8=[perm]14263705
    IIONKVAUCEADOTETAISBEACNAMAASTBOPHFTSIOFHJDZSUFKFUWNGEKIKCDOWHFNZEFRIISJKBYMPQYCCDSHHADOXAFORSUOAGHYUIQALZRYIZWLSMJXCDPVOSIPIFQHRWYLBYYCYWGHURJI
[22] -7.0486  order=qt  Q5=ANDHE Q6=ALPINE Q7=RECORDS  T8=[perm]14302567
    DOMBFEINEWSURDOGEYLOLADOXBEEVALYKDTOVIDGEYSYMKBOQBEEKZJVGMKHGNRACRGCEINBLUSWIDCUVSEDRGAVSKNRDYFHLMREECYPQJXDYHNKLRHKOWGMNYTJBEGTAAAOGXLNKFNSFGRS
[23] -7.0507  order=qt  Q5=NAMED Q6=HEDOES Q7=INSEVEN  T8=[perm]14325760
    ZILIKTAUSEXLEVETINEEEFYNBANKNBREJVKDNOKHUSKPIIAMBRZDQNCYOFBHZGZBCWMFSDRIQXRQVBWOFAWOARIHIOHOGLINFPLHDUMERKPDMTZFWRLHIAERJWOBJTTGWFAUEWPKAHAKONTT
[24] -7.0530  order=qt  Q5=BEGUN Q6=GOINGI Q7=LONGAGO  T8=[perm]14327605
    COTITEDOORONIIVOAGLSOMEDUGBOOTKHWVPDTPYUGATGHVVCOVNOUCSHPLCQKBSECFGFISCGVMYITGNTYTXKWBPOSEHORKUCCYKOSOESKUENACAFCVVPUVNJHFPZPHQZGGOSOALHYZVECRGR
[25] -7.0555  order=qt  Q5=TRIED Q6=THISTO Q7=IWORKED  T8=[perm]14270365
    LHAUPRSAHELIXESSPAYATLBEYIICKORODUKROSOXOVDOEZJJAXFGHDNNEDUWQESTAHOMRWWUWOTEMWPHTBEVLELIXSQDAESOPFAOAERLFHFMFJCWAXDGFCRLLRIMWWQMPUEGADQMMHHXISIK
[26] -7.0571  order=qt  Q5=FOUND Q6=ANDLED Q7=METMEAT  T8=[perm]14263507
    DLAFEDCISREENORSTOSPAYISOLQRBCXRJSZKDANYLNXRLSQXHJUSDEWLGOATXBRCHYANYJCWCRXEGCSZXBYLESMVSOIWMKRKRARANEHZIMGFDPEHYWBMYGGPDNWRQCHLCNEFTKYLOMALCZAI
[27] -7.0595  order=qt  Q5=AFINE Q6=MYEYES Q7=NOTHING  T8=[perm]14302567
    AADASATETIONYGOSONGEYCNDTCRFAMEIZCOMXTHFDAXMITCVWOCDQEVTQSBDHSAWWEKOIUCKSVDRWMZIOFOPXBEUUVROPIEOTUVTXFXTOENIPIYGYABSJVCOHPBDACLQZERBJJIESXQHFGCW
[28] -7.0621  order=qt  Q5=GOING Q6=METALS Q7=GOODBYE  T8=[perm]14307625
    AOWSOKOREASANOLFOWOLOHOCSRPCANTLGULMOCMFIJRCNSWRZKVEMNMWHROFINCPITGPGMTYOLJAKXJMDUTOYWBMVEOCDYKFYHDWEWPGFSFHABXXYAJUELECBKEFJFZLOBTSMABCEOKONNUI
[29] -7.0631  order=qt  Q5=WHICH Q6=CHISEL Q7=TOAREAL  T8=[perm]14270365
    TNOWAKAMBOLOWSGOAUHATINZNESYSARMZRBAOTACCJJZOSEBWOEXAIHNCYHAEYZLHAGAAFBHJAIVLVMBEDBONDYIBQIBZEUIIOQNOFEWRSDTCRQPESZQHGIFEFICJEGDPLKMUWBWXLIGAESJ
[30] -7.0698  order=qt  Q5=BOOKS Q6=KNOTIN Q7=THEROAD  T8=[perm]14327506
    CHTELOSFREIWJMOENPREDPOCARTWERXMLFCNHJBZLTFENHENBBQBGRGUSODIIBLBEJMBKRVSZERDPTMEXRDFDAOHRKVDDZEABLMXFNBNMWSORGQYYTTRGJJFMFAEQXADKROHUAZEMODOSCOT
[31] -7.0715  order=qt  Q5=IKNOW Q6=PATINA Q7=IPICKUP  T8=[perm]14273560
    HJTERVIDBOCTESTSONCHEFCOBELSLAAOLBOPRDHYAYACZHYKIMSYGGWVMLYPDEQRTLZMBSWHUDYVELTXXKBCOWNQCALLBOVMQVXTWYXQDQMSEGZVHVHDXPZYUZHYEDVIKLESEPFHBBELIHFV
[2026-10-04T02:08:51Z] chunk 7400:7500 exit=0
[2026-10-04T02:08:51Z] chunk 7500:7600
progress order=qt perms=100/40320 candidates=107318484
vocab: 119 x 123 x 141 = 2063817 triples
T8 permutations: 40320
candidates: 206381700 in 24.6s (8.38M/s)

==== TOP 32 HITS ====
[ 0] -6.8451  order=qt  Q5=TANTO Q6=OBJECT Q7=IWORKED  T8=[perm]14365027
    IHAKPUPOTESINIPBUTINPSAKPUSYYEARJWBRXBNXPLBCIBOYSCROOXKTRRYONJLADIADAMVIPMQPACEHRWZWUICURFYBYNZZUHECYAPUFCKFMBCFISEJOKXLPRTOWTLMOUPWYAITIENLHCDR
[ 1] -6.8645  order=qt  Q5=EVERY Q6=ASTONE Q7=SUNRISE  T8=[perm]14360275
    JPOCANEXESJTTYRCOONPASANARBITCDEDENVCTBDHQPJJNLNGWIBPZSJDLKRUPDBYGLOROHMDWEAATHHBZFMOHMUTGETXBMDDWAQWDQATLAZNLNROTTEGNJACKNZUCCYDTESAESABWMUYHQK
[ 2] -6.8749  order=qt  Q5=METER Q6=SLIGHT Q7=TOAREAL  T8=[perm]14523670
    NNZILGOVIESEEARDANTHCINYCGHCRSCEDMBHEVXAWSALMFLSMICRIYEMASTDNSPMPZSFOSEKIYJCLLDJMSFMCRIQWQZADAXHQGWKASWEATDSDEPXNLAOLOJLGFXGKAHHLWJFCGCTDINIFEAW
[ 3] -6.9023  order=qt  Q5=WOUND Q6=SILVER Q7=BROUGHT  T8=[perm]14372506
    DOWSCRSACUBAGCENPERTIASAPBAUMYCSAQIMUDCUZYICCGAEITLVAMVOJDACFOUGXZFHHEALCYAVGYSGPRTLVCZZTASDUQLPUERIALTOBFTGBOFCFJQVNRAYDVIMGAWAREGZOHVCYZEERTZY
[ 4] -6.9077  order=qt  Q5=FORGE Q6=EMBERS Q7=RESIDUE  T8=[perm]14370652
    JMSPUBFOOTMOUTRORSONYAPASNCNIFECUTLOSAIBJJWYJCENWAUSLIBSYOLCUYNEUTMBVGAYPEPEJAWBIIPEWWPDIQZHHLGFBUVIRQVRLIWRIKYGFAGDONAPHMMFIEMHARRGGDKTPLLKYFXC
[ 5] -6.9160  order=qt  Q5=ROADS Q6=VIENNA Q7=HEHASME  T8=[perm]14362075
    YUBSFUGEINDBADBITARTDRUNOECOGNDGRYTYUTFRIIABDCLIBYCJRPRLCLZUZZAPESDCZGJWIZXLXTKSPESGTZAOOROTOJBAZMDFFZMPIOFFIGDTMCZSSWAZRGWEOWPAUSBIVEOBRHKBWRPI
[ 6] -6.9182  order=qt  Q5=METME Q6=METIER Q7=HETELLS  T8=[perm]14506372
    RNCUTSOMSYSMILBYSFFPOPGRAGEIGNPAIZFMNOAIRQKGVKEZORNUBMFCAXTJRYYZLOCIZORWLLKBODKITXQWPROBQPLTIRSEATBAGZSKNMABARBAMABMVNSKWUWECUOHARTRBYBODFCTGPOC
[ 7] -6.9290  order=qt  Q5=OFHIS Q6=KNOTIN Q7=NEEDLES  T8=[perm]14362570
    WDDGOTAUIEATPACKREAALAMORMIMATOZTNGADADOORLZNBPPONERUKTHRZRSSWEBLNVGAOETAGNCKSLOSBDRUGCDFVYHTDCSUFSRIPVRWECVPRNLNMXUQPEBKONDJOGVNMWPJPEVZDXCQOPU
[ 8] -6.9438  order=qt  Q5=WOUND Q6=LETTER Q7=JOURNEY  T8=[perm]14375620
    LORMPOIPMWEROOLAYOUETHOLISQIDROTVICDSGRALTNCSVMHHKFXRNGEFXUPUIFWWCWFTYWGZKBLICLRXGUNPEMEDDOSTUMWELAPLFGFXVMWLAOPNFTQKOKQWDHTJVWASWIYVHEENNMLSDOV
[ 9] -6.9445  order=qt  Q5=ATURN Q6=PIERCE Q7=OWNHAND  T8=[perm]14362570
    SDIKBYBSENATEUTIABYJOSONATCDIGMARYYRPVHORGUOMORVFXLTJSSFLCGWERQGXLWQALPBIRDYDUJHQPRNNPPYJCNHONXVMOYOEIVEKKEIDYPXSYKNSLRLCCYERASANTEEYCSICURVKTQG
[10] -6.9611  order=qt  Q5=IFELT Q6=QUENCH Q7=DRAWNTO  T8=[perm]14362507
    YMECESHOLYJANTHEVSCHYRERNTJAQUOGLCVEKFIXNACONVAAYYOJLRNEGWCKKYCLSMIFSNJVPVGLAWOKILKOFEAZYDZUEWTEDHAXIUPYNUZBQZDTVODVFXJGTAPLORYCAMLIKBLCUJCDGKJB
[11] -6.9632  order=qt  Q5=OTHER Q6=CLOCKS Q7=THEWALL  T8=[perm]14526073
    ULUTCHDFLEEPHARMREOTSKEVATUPIUMVZFVZSBRIOEQQXAGDHIWYWTOOKLHAAPSVSSHEODCVXSTRFOGFIUSMSOTMVBCBRAIPHPAQTIIRQUVCEIQCHSKVFIGIAIYITMOUPOUWVGHLOASRCGZZ
[12] -6.9653  order=qt  Q5=INNER Q6=PICKUP Q7=GUTTERS  T8=[perm]14375206
    JWARDUNTORANOOWPSYLKPATHSMELEMUCNEWNJYJYDDMWROEXXBSOJAUEOHPAZAPFPSUMLEKAIREGGFWWDEAUPZQHTRJLEXAEWEEKSNEKWEBHDQIIZYXUIUPTRCPXZXAIMACVBUNHURLMFDMZ
[13] -6.9681  order=qt  Q5=BERNE Q6=SAIDHE Q7=BROUGHT  T8=[perm]14360572
    MAKMOSTOYSPLALORCURESGJIOOPRILYRESEWIFEXHFULDHCUPEYYXBJZBJZXRAJCMTEJJVQWCDNWTFLMSAWAUSSSNVIFLSQIHGYKNRASLGHWBFPHMSNNIADVAXOTCFNOUVICZVSNTCWMMDWH
[14] -6.9838  order=qt  Q5=INOUR Q6=BEFORE Q7=TRIEDTO  T8=[perm]14370625
    GUIOOLAOPENFECTMTRERRECEWWORTTYSGNZQOCAXTPTEGOWRXUJILDFJALCMUPLSIGBERFRNNHMOBFYJFAYTAZYJAJNTJMRTHTCIIPULPIMCHMFEOTYMGROOXYFDJETRFUJEMHJXNBSWMEEK
[15] -6.9874  order=qt  Q5=SHOWS Q6=CHISEL Q7=ANDEACH  T8=[perm]14520637
    MOUANDYUSDEBORNITUNUXJAILSCIIKITGECYLUYUXNKLDUUOFDAHAARMSXMFSTORBUJQLEWZWCIQQKAYMHFDXYCTXKEFUZFPGMBINSWXFQVAEGGSMTVUMCDEHCGTVCOTFICYBRJYHOYOURSE
[16] -6.9904  order=qt  Q5=LEAVE Q6=ASTONE Q7=COUNSEL  T8=[perm]14506237
    MTARAPOZBUMMPAGNALAVUMBEDTHESIXAWETUDJUMKZTHOPHAREZAIIPFFEPOXGHRIODRRTZVBDEBFYGQWNEHNGHUNZZUMJJZXUCZIAZOBBBKSLIAFZNDASCDICOAARUXFPHCOBHAQDMONNPD
[17] -6.9905  order=qt  Q5=INSIX Q6=FINGER Q7=PRICKMY  T8=[perm]14365702
    LLAOBSMIESESMONMOFFFWTHEUPGURLOWAPPORTWHPJIGCGLYIULABJNNOBVARJCBDWCJFOUKBMICREITUCLWANDQUITRBVVXWYADOJCVQBCMMBHCSQJJJTNTFXBMUTDGNMXAJRIGKRLZFLEA
[18] -6.9921  order=qt  Q5=FOUND Q6=WORKED Q7=DRAWING  T8=[perm]14502376
    SIEWARSEMILLLIZACKBBAYSHLRMSJURAPESNTLWAODVYWCOWMFMGODKHQSOVTFYLYZNSZHJTMDURTHINRUZSPWGQUNLQEFIDSFIAJDEPJLTOIDBUOARMAIXVBTPRBETGSOVVOEFWTHITKBWG
[19] -7.0012  order=qt  Q5=RIVER Q6=HEDOES Q7=WITHTHE  T8=[perm]14362057
    RETFRKELEVERTGOZFFDLEADMELTTEMYPINLQIUOTRSLAKRLQIYSTGWMPLFJQCSNXQLRKPPIGMUSCVJPJWLPGBEBEHEGIGRHVRARRTEGBUDSBIWICYOVPZEHEOLYKVVMQOMMDIWAHMYELITSO
[20] -7.0059  order=qt  Q5=WHICH Q6=POLISH Q7=TOTALLY  T8=[perm]14360752
    DYEESNSISZDANTTTIMDALLSINHUDEALHLBMCEBAOTBHZSYDAMHAUSTGUANMSEDYENGZKUILHZDDKEBKCPUHJZOYEAGOIWNGFEPHHGEMGHWIACPCFJCQQSOTKLXPOERWDTYTKJXWHWHANOOMY
[21] -7.0061  order=qt  Q5=OCHRE Q6=THESUN Q7=EYESARE  T8=[perm]14365072
    NREPTIRBATHLCESARIRLSGUNNAVEWERENIWIMRVBKZARBADGCRBYNOOHBSTOFMKYGNTYZJGJPDPLMPDOKNJDQPSFERGTAUYJTFUPCEYTDLBVLIWGFIITRQHEXGESIGQDAILJABCQVQTTVAWG
[22] -7.0068  order=qt  Q5=PEACE Q6=FILLED Q7=THESAME  T8=[perm]14526037
    QFJIHESUANNMLLOFCOTSYEACEBROSALEQOAIVLBOUSXCYMURNAGODYLWAJONSWAAETULQXKHYRBPKBFUVSRBNCEVGNHLVREGPMWTUUNYTITERACRDTGYNGDJSDHABVUSNTFPSLMNTDTYZXUE
[23] -7.0084  order=qt  Q5=JUSTA Q6=FINGER Q7=NOTHING  T8=[perm]14357026
    MEMEDIRKNBOILARPSANYEOLTAGADVBENEGRHUIPOAPDQETIXVVTJPRHHSTRNEAZSXAZRVLPLDXKAHLEUZMYWBRBLDOSCTNRAMLTWILEATLYPXPFKVRPDZCGHYARHEHJVPTKTOUNRFFTOUTIO
[24] -7.0113  order=qt  Q5=SHARE Q6=DREWNO Q7=TRIEDTO  T8=[perm]14356720
    RDHAPDERACDWASELLOPRELFUEJEASTFHFUWCBLLAAHKITAAEDUKYWOAGBWEHYLNEMYENVEIRKMCVURCOXQBTUPDAPFKNIRXNJFTGSWMFGSOGSMKRETJENGJFZLEFHYQKWNAVHREFMFXWYOCI
[25] -7.0135  order=qt  Q5=WOUND Q6=SILVER Q7=BROUGHT  T8=[perm]14372560
    DOWSCRSACUBAGCENMERTIALASBAUMYSSIQIMUDRUHYICCGMEWTLVAMHOADACFOTGRZFHHETLKYAVGYIGLRTLVCEZJASDUQOPNERIALSOCFTGBOECRJQVNRMYFVIMGAUACEGZOHHCZZEERTYY
[26] -7.0175  order=qt  Q5=OFHIS Q6=THEOLD Q7=ABSENCE  T8=[perm]14362705
    OMCERWXTFITERSIPINRHSINENUEFLNSPHQSYCSPUJOZAMIZQHDBOMBYUJRTHKYKFIALJPRULLLEDNRJSEODOPZBMVANORASSUFFPMEJSEVDDXRIIHTZZFGTCWIFAJJUZDJNHAHBHZLVCKESV
[27] -7.0223  order=qt  Q5=PRICK Q6=PORTAL Q7=TOOLSOF  T8=[perm]14372560
    EINFTHOROWDYOUIRKOUALAWRWNDEDMPXMOUKXKOTUBYZCPADYYWMUNDROTUAJYMNEPWEWOSRCKHLGVXAOTWPGCOREDUYGVWHCNOGOCVBRYBPZSTWISATQBXKODIRDPSNCLMVSFDUEVAWIVFK
[28] -7.0234  order=qt  Q5=TOPIC Q6=INROWS Q7=AHAIROR  T8=[perm]14357026
    GHDADDKELETHOTPHATNDRIZERCPAEMLTQXZAZECZUKVVXWADQYZENZWBKSREBASIREEHLCINABTITRHFYTANIKGRRFRAJGFYNYWQFRZSSWWXCETDZYULUBYNYJUZEAIFACHPLMKMIXTEENPH
[29] -7.0234  order=qt  Q5=EIGHT Q6=ANDLED Q7=NORTHEA  T8=[perm]14367520
    DGWAHAVILDQGWASTFRICOLPHYITOFUYOPADDSMFOPSBSKUAJXUMUSGZUNNQWVQSMPSQLPNCHEQGJKJLWRUPDJGEJQAVESBUTEFPVWINRNMBJPSBBXBHUILIBNFGRVAPEZGSCCTHOSWADCUMV
[30] -7.0250  order=qt  Q5=WIRES Q6=SUNAND Q7=GOODBYE  T8=[perm]14502637
    CEINDAAFTHEGNCCENAHUSBLGZAAUGUSWFPTFAWENPYTDETEWNWELTZEWIIAQLPBSQJGJSGMNOIHCHODKEEYSUMCBYHZXCIOMTMYYZGPDTVBWROZAHEXXFNLFDSMHUYRIXIDIMKKIZIORQGAO
[31] -7.0291  order=qt  Q5=SHARE Q6=ROADTO Q7=HETELLS  T8=[perm]14526307
    KVALEHNURAMEPHONYOGCHOLPLOCLEISGRUNKABUYQGZDNLIADAWWFOPCEKRFTOVFQGXMGDQNPHBZCPBFHKCDQNZXZZRACWGOHAOFSMQUICERIALDRQODJUTEVXNAJPNNTSSQVZOTDOXDVOCN
[2026-10-04T02:09:44Z] chunk 7500:7600 exit=0
[2026-10-04T02:09:44Z] chunk 7600:7700
progress order=qt perms=100/40320 candidates=107318484
vocab: 119 x 123 x 141 = 2063817 triples
T8 permutations: 40320
candidates: 206381700 in 24.5s (8.43M/s)

==== TOP 32 HITS ====
[ 0] -6.7190  order=qt  Q5=OTHER Q6=CLOCKS Q7=THEWALL  T8=[perm]14576203
    PLCTCHDJJENPHARECEITSKETATHPIUMPSFAZSBRWZEKQXAGDAIRYWTOBALLAAPSFOSEEODCKASNRFOGHOULMSOTLPBCBRAIVJPXQTIIBJUZCEIQDBSEVFIGDFINITMOZIOMWVGHBFAURCGZP
[ 1] -6.7603  order=qt  Q5=HEMET Q6=KNOTIN Q7=ATLASTA  T8=[perm]14570362
    NMALMOPALADESITLVDVIAUGESQWEWICDETHEMVCKLRENINISHAPNQMDANYQCBAJHUTOTMVDJFQLDKEKPXQIECTOBAOFPASURTAUSKEVNOHDIDEJMRPQMSPNLTKFHZSVPRWIVEBPXLLUYWUIS
[ 2] -6.8953  order=qt  Q5=COUNT Q6=USEDAT Q7=STILLMY  T8=[perm]14605237
    IEMRICHHOPHQQDOWOFEVEMERORSAXOWILYFGPXPCGROMEHINOURHIMECHNXUAGAYCKTYJYIDFIKTNJEAKCYGIODTWSBTXUDPCVBYINIRWHRZWQYWGDMQUMRRDUFQNAHEHAWIMPKJHMKRWOWV
[ 3] -6.9140  order=qt  Q5=ROUTE Q6=BERLIN Q7=TRIEDTO  T8=[perm]14537026
    KCDNAMPTIINOUSTMAPYSKLYRDETTAENJNXRJNPXYACHOHISSBEIDGUPIPIFUCUDLQNVBPTPNHONUBENDCCXCWYOREXAQEYVCRHEXIGOKKLMEOBBQMGMXFGLAZJAGMUZIDZJOYKERRDWJLLEJ
[ 4] -6.9201  order=qt  Q5=METER Q6=OBJECT Q7=LOGITEM  T8=[perm]14567302
    AYHYPCLEHATYBIOPLONVATHENPOANSECBJFFFZXXCODPEKWODEGJSCTHYBTNREXPONMOKASXNWEMUTVZIIYIWDWQWJMTCPIGNUKRSMHITNIVWRUAVLVLWPCNFIACRSEOYENTCCEMTVCOXGLQ
[ 5] -6.9318  order=qt  Q5=IFELT Q6=THISTO Q7=TOAREAL  T8=[perm]14527306
    XUMIXIHECINNSTWEREKLFUNDONGSOYLJUNIRFMANUTYLIVCRSIFKMUEFISBPXBQIARAEZDKVNZGTKCSVAFICBAMSIJTDPBXBWCLPQTMAPHNQSEPFADSYJOPYJHLRACVMPRPSTDKSVAIWILHR
[ 6] -6.9521  order=qt  Q5=IHAVE Q6=SOFINE Q7=COUNSEL  T8=[perm]14567032
    CYALAOHNBENITBAYHLOWIORETASRSIOOKRNWBLGBBVHIWUBUSFQQIINUTRROREKVFADYNQAHXEPKCYDDYSIHQJJCNZUNDSLAGVRILTBAPKYKAMYRWZPGVVIDCATWAPIORNDSSCOCSDWSGSVX
[ 7] -6.9636  order=qt  Q5=GRIND Q6=HESAYS Q7=MEATTHE  T8=[perm]14576230
    YPELRCHADBYCEEPBPPOIPLEKIONALICOICYUALENAQSSMQLFBXUPGZQFFUEKWIDMKYYJZCESVWFANJPIPPLYTSDEBYYLYOWLIHRMXEFCGRPELIHUSRRXLNCGTYDDVJIAMLEUVWASPCEAFUKH
[ 8] -6.9711  order=qt  Q5=IKNOW Q6=FILING Q7=UNRAVEL  T8=[perm]14567320
    ZMDFOPVEONOFFITHNIENDARQRAFIEGNUBMZYYIESLBUHKASAMTNCIHREZRUVOICRHZRLOBUFKTOLWYABGTIGJMNCGEPTOLLIUKPGEYKHCHRDTSWIBKJUIDSDVOWNUREURNFSHTKPDSEPVSTZ
[ 9] -6.9756  order=qt  Q5=INNER Q6=SUNAND Q7=FROMTHE  T8=[perm]14527603
    HEBENPPHINGGICIHAAEPHOPGINUSHTHEJLCPAOPYZXDPJTEAJPFUTPTEVRRBPGJFZXAOQMRHEANVDHHQFEEQRTOSGABAUIYDAKECARIZBORSNHUDYICGFILMMYHQHDXAAFUAKRCACRFPPGIE
[10] -6.9887  order=qt  Q5=SHOWS Q6=GOHOME Q7=GILDING  T8=[perm]14527306
    IMIRTSALQTOALEGERYAFKERHEAKLYDAHXYPULWNHTKJDTWIIUGFIROHBOPTFQPORAQGVBGFTSNBYHKANBAURHIATLVBBKNZAKYPMOGEXSINDBHRIJHEEEKGESEIMOJYWHLQFOTISWPHBJSVS
[11] -7.0051  order=qt  Q5=HASME Q6=MASTER Q7=CASTING  T8=[perm]14526730
    SOAUSBYLIEDWEHEVILAGKWILDWILMWOVGBOBROFUMLHIMVLRPDQRGQDLIERTABLBQAUMUCDSYYETYGTBYIRSBGOBIRUXIDGDKZQXIDSKDFIKHABNIEFRKKZEPRYPAMHIQNNIZEDSHFHBQVRC
[12] -7.0071  order=qt  Q5=METER Q6=FINEST Q7=MORNING  T8=[perm]14563270
    ZUIZURIDENTANGRFURTTCPLBEELIUSJUYBOKOTLONDNNQVIQJPCCOXIXIBUMCVKSEOODIFBKIFWZPPIXVTNVIPSTRBWUSIHDYNVYUHVRAMUFFCDTGLMICULPAQNEVEPJNALKARBFKEJUQGSO
[13] -7.0074  order=qt  Q5=WIRES Q6=PORTAL Q7=AREONLY  T8=[perm]14572063
    SORREERFBEYUABSECOSEALINKFDDOMPVTLZNHAIESTGNWFSFCNAVUAMLJVGCCTJHAPUXCZCLLDUHCTKUNPZVTFERPMESOFPACLKAOEWQBOXECDXNLBUBNASLBJIBMTIEAWERTVBUOWNWMQQD
[14] -7.0127  order=qt  Q5=HEHAS Q6=MANNER Q7=USEDATA  T8=[perm]14570632
    GYPENWPCOVERMORKSPAANMEGCOCKLPWNKNJVXMIBUNCRORXYKPGPZGWNLIBPINZIUYDMBORSTAKTTNRNATWWRHAQHUQBURGMFWWIDKOCIEFGNQSPUWSULMANDMZARXELWPMKWDZIMFANUTVZ
[15] -7.0127  order=qt  Q5=INTOA Q6=AWAITS Q7=HAVELED  T8=[perm]14562307
    EPABIDISRHAOSHECOADRRULSITSEAVPJTMNJKRLRLPZMOPAIVNPUIKVTSYEIIHIPYEAPIOLLBMJLKOXSOJORMVIVUBADJVMUCHNIOFZOIULEONAVTNOCEZYHECKXKITBBOXQIPFXOARMGZGH
[16] -7.0145  order=qt  Q5=ONTHE Q6=THEOLD Q7=SHADING  T8=[perm]14573206
    SOLEKBERACINREMIATCUTGTRIZLUNARTYEDNVZOCSVGBFXEHGSURPIMIDORETICETSHEQBUAKNUMDCKEFYBGZBIMRMMKOFUDTQGILCUSTWNKKKOPZZDFCRWQLADHRMGFDFNFIEHJNOUFRYBC
[17] -7.0176  order=qt  Q5=GOING Q6=METIER Q7=NORTHEA  T8=[perm]14527306
    WOOROLLUMPERDIDTABAACTBMOURPAWEWZTCMOWGXFZUMWFSWKQZTTQDRMNOUCHEILGWATYSAAWFNDQJVLAKUVFJJPAYODPOEFMEEUFWTIMNKGYFQAFITOHTBTTUGGZKLMSUGVVYONTURGICK
[18] -7.0204  order=qt  Q5=ALONG Q6=ISDONE Q7=ATURNOF  T8=[perm]14563027
    DZEIMNAPHNNJPICTEEWITHTHERBUEHTNLQHIWMDPVXQUWOMIOEWICOHROHGLGGCSEIGHTALLLOZTESOMTKCBEXIICPGCINAVAYDWZNHHBQZDNYMSRPPRBHWDCPXOEJORSNWRTGSLUZKNZHXO
[19] -7.0204  order=qt  Q5=COUNT Q6=INGOTS Q7=SMELTED  T8=[perm]14570263
    DDQSOJLOGFLOATWANDTORRAVAREARHOSYHANUZCRKLESGGBCHBEOMZHCMDODKSYSMYDOUMRUKYEAHVICERFLUUCQFESPBPVUHRSLVQSTQNJYPGSQDQYVSMNOSFDHPUHFLFGYJRABXPGPUFPR
[20] -7.0221  order=qt  Q5=METER Q6=OBJECT Q7=LOGITEM  T8=[perm]14567032
    ZYHDPCLEIATRBIOPCONTATHENPOANSECRJFNFZXXIODWEKWOLEGCSCTHUBTKREXPSNMTKASXDWERUTVZZIYOWDWQJJMECPIGLUKPSMHIBNIMWRUAYLVEWPCNAIAHRSEOJENJCCEMWVCFXGLQ
[21] -7.0231  order=qt  Q5=UNDER Q6=ANSWER Q7=TEACHER  T8=[perm]14605732
    NPXTLAISEROFKSIMUBANONEWTOASTTANDTRSVTXGTLISRWKOYGHUTSCDADBCFNXRRZHPDNRJNMEFYSKOREQZBZCSTNTOAXLTJUWEAJLPSLZURGYKVHKPIWSKOYLMZZJUCOTEMKROTCAMMWFE
[22] -7.0234  order=qt  Q5=OTHER Q6=TWELVE Q7=MEATTHE  T8=[perm]14567023
    FHIIJFSEHAIRVACTCZORSTEDORERONOFVAXSHSHMFFELVMLEZULXQYYNSFSUIKKVGOBBYBOMANZVVFLJYJHNWYIIPSRHXPGNVPSIFPOWQZYBCFDITTHCCDPEIGEDENMKRJEUANDOYODRIBKX
[23] -7.0243  order=qt  Q5=WIRES Q6=SOLDER Q7=BROUGHT  T8=[perm]14572603
    DOLOGTHELEBLASJONOCHIDPIAMWYKBSSRHNBEGYEZMCNGJHOWMLVRPZISJICFALAYZYTVLOAPQEEPNHRPPXDKFEOFESOIFYPEICRAEXWFXQAJJIESXXMCTSSDVCBLMSECRGQZUSUMNNURHID
[24] -7.0271  order=qt  Q5=EVERY Q6=IWROTE Q7=SMELTED  T8=[perm]14572036
    AILXACKERHOCLMEOOINHEDSCSUCHNESECSXTTOUPRUMORESHZSYSYFXPDQKJXEIXWUJBZQYZUJHHWRXANDXJWIMTOBPVTUDHVAEUQXHMTLPSUELPEAGRRYKYLLNTOHZMLHIXKIPSIBWTOUDH
[25] -7.0288  order=qt  Q5=NOTMY Q6=METAKE Q7=UNRAVEL  T8=[perm]14562073
    ALOINREESVEBUSFRDSAINDCQGAWILDCLUGUILBERWOAHBEQUXPJGWPJWCXWLUHEKKWHFOEDECUNUENHRMACSOMRQKBEVAFOUDNYJKZCSQMWXEOSDAIQTWAFMOTAUCZKSAVNWWUBIQWPSOCFP
[26] -7.0296  order=qt  Q5=PRICK Q6=ASHORT Q7=INBOOKS  T8=[perm]14527063
    HKHYECATONTDSOLDSTEADVIMYNSLONVOLCAMSUTTWRDYNOHOPJEFGDELCIMYGBEGRGEWIKRQYEXXZUSAKTUAXGIZZYXEFJIRDXIQBFNTWJNGAPVCROSRBCDVSSDWUALBZYXNBICMZDRXLIIS
[27] -7.0305  order=qt  Q5=GATES Q6=WORDOF Q7=ANDLOST  T8=[perm]14526730
    TUDCRESWISTVUSWOLUNAINECWDAVAOWETVZKDOETFIGFXTAOHNHLBKWPVUDEGWAENNPSQLNCUXOFLSQEUNVEDTSLFBKYDAEDBFBEMFGVPCCGPXRVZUBLICUAGZVHOLEAYODLOVBWAGPXYTOM
[28] -7.0382  order=qt  Q5=AFINE Q6=METALS Q7=ANEEDLE  T8=[perm]14567320
    IDLYOFDATPENTELTZVPPELAPPOAAGSECESNODGSFUCATINBFTBHULNRPHGZENRSCYTOEXBNAHJJRNRGHTFIFDTDLGXEDVRRJWHJAENDXHMLESBFLYNFPYJKLXGDZPVAPJCBUMBZCVPEZOYKH
[29] -7.0386  order=qt  Q5=OCHRE Q6=USEDAT Q7=GUTTERS  T8=[perm]14607235
    FJDSHESASAOVMALRFSCSEARTEENDCAFXTERDBJBBBNONILLONAHUCDUIPCRRLUDMEIGIZVFDTQZZERFKLEKRRQLVUJBNHMJNVZNTTRYEFESLYFWVGEVEWJIGWYSMPRPALGAYUTYIWOCJQVII
[30] -7.0403  order=qt  Q5=IFELT Q6=THISTO Q7=TOAREAL  T8=[perm]14537206
    XUSRXIHECIRESTWEREDAFUNDONSGOYLJUNKJFMANUTBEIVCRSIJVMUEFISEKXBQIARTHZDKVNZYIKCSVAFKXBAMSIJTDPBXBWCBFQTMAPHVLSEPFADLLJOPYJHBDACVMPRKCTDKSVATBILHR
[31] -7.0404  order=qt  Q5=BALES Q6=NEEDLE Q7=ANEEDLE  T8=[perm]14567023
    OIBIDSHOSODMRNIKAIDOPNOSTTOOUSCHGEXHHEAHECTUGIGODGSXIVOYHBACLSWHOXCEZDMAEXHWXQQNMHGNHPBFYXCBGSSDRFLCDNASIHVRGGTNLVJEKEBLIMREBJERWEAIIJWOWVMBWTXL
[2026-10-04T02:10:09Z] chunk 7600:7700 exit=0
[2026-10-04T02:10:09Z] chunk 7700:7800
progress order=qt perms=100/40320 candidates=107318484
vocab: 119 x 123 x 141 = 2063817 triples
T8 permutations: 40320
candidates: 206381700 in 23.5s (8.77M/s)

==== TOP 32 HITS ====
[ 0] -6.7604  order=qt  Q5=HEARD Q6=WINTER Q7=SUSPECT  T8=[perm]14653720
    TOISERTEOFMHINLBELIOVETBANRYFIZEPCANTFRKYVEGSKEDXSJEGBFMRVYYSREYAACECSSHVFRQAPDRJIEMAGOBDFSAGPHHRZQDIFANAIVARTXXLHGCGRGIDIESMZSMXUSGYEUSEISUDAJR
[ 1] -6.9400  order=qt  Q5=HEARD Q6=WINTER Q7=SUSPECT  T8=[perm]14653270
    TOASERTNOFNHINLAELAOVETJANRYFIZEPCKNTFRAYVLGSKETXSWEGBFERVUYSRECAADECSSGVFMQAPDDJIUMAGOXDFZAGPHURZMDIFAUAIKARTXQLHNCGRGCDISSMZSWXUQGYEUMEIZUDAJB
[ 2] -6.9695  order=qt  Q5=INTOA Q6=FEWHAD Q7=HEMAKES  T8=[perm]14625703
    SESUPTODANDLRIBASAIDIMUCHAQNTIWPONQRLAITHPLCNHMYUOXRJLXNJZSGRRBSUEFBZLRAABGMRNRVNBIOGGAWCTAIVYLITTEFSCSLPVPBTPLTREDBFFERYZDWWLRCVDEDHTTCSQIFWSED
[ 3] -6.9899  order=qt  Q5=PEACE Q6=WHATHE Q7=ONEOFMY  T8=[perm]14632705
    JBIASISGESIOSUPUHOUIUNPERTABYYODSMGUSBPXFHIOFXALDAPUBQYSWXBCJQZUYPOLTSISKPLMSCTVWHEIAJFSFMEDRCBHQYXNMLSPNRPELPFKKXVZXFTOUEPNOKAUIMONTVBFCTKJBYBA
[ 4] -6.9927  order=qt  Q5=DRAWN Q6=NEEDLE Q7=OFMYOWN  T8=[perm]14670325
    SYETYPPYLELTONLAPBPINWASPAOTERUALNPZRTHSKAJANHUSWYEVBGNAZZHAQYTXVIXXAROKPUSIVCRURZLUPNEMQOZWTBKHYHAPRTLVXHCADOVDFLVCERVFALQWIYUHBADULEPUTEKCWGXA
[ 5] -7.0012  order=qt  Q5=AHAIR Q6=ASTONE Q7=JOURNEY  T8=[perm]14635720
    LRITTENDVONUPHOTECCHQTFUBREASKANDMDSASTKZELUIEMXYHYAAGCDPELWUEYPXIXMBDULWCLQXGYTHPRCVSYCSCOTMXLPFDEJZNIFAERROUMVZSWALMNTWSYOLYCLDOWWQWCWYWSBVKNO
[ 6] -7.0016  order=qt  Q5=INNER Q6=PHRASE Q7=CALLING  T8=[perm]14653207
    QFYOUSAORACMGRILBAGOTWEKNIRTTYANWFOOTJULAUVMVBTGLGYIMDODLUOGUDBDSEBVAPAFYIISUTBKOKTIARTCIRCWAOHMOOWTBSEKXBEKWDORMBEUNYZQIWXIVOIYGGQERZDEWIZVXDXW
[ 7] -7.0074  order=qt  Q5=IHAVE Q6=FINGER Q7=HETELLS  T8=[perm]14630752
    ZFLOTHDPETCAMPBBDCHINCHICFNUCLEKWWFDVSXDALPZABYYMWAJOTHIUWKGDKCJEBFESJWUXCEXYNDYOWLBCWTLIPKWWBOAYWIMJQFJEWTYCVIDCPHSTIJSDHOMCMSYIPARELTXHCEERRMX
[ 8] -7.0087  order=qt  Q5=TOHIS Q6=SUBTLE Q7=STUDENT  T8=[perm]14673502
    OVTECORDNRIDIASRANANLRBEMWEUMNEEZEGNMULNAMDDSCEPNTDYNHWMRSDIAQIENMYXVADTKEAQARTUJUYQYNACTVNABKOHJFIOTMLXUZHRWOCRIABSTUNXKKDMSJPOXMMZFHRTAXVNONHA
[ 9] -7.0108  order=qt  Q5=HEARD Q6=GILDED Q7=EYESARE  T8=[perm]14637025
    RXFBIVAARRIEANHECOPSLAWLEWENAUTEQEKOAAKGRSJPPSISKREIDBTMKCWDQDSQXNJUNMRURCAMKTGEEGNIFUYRUECPBEEBNMLODLUYOTIFBBBIPXMFNWSDSDDKKAEXRFDEOWJZTDXAAGEA
[10] -7.0206  order=qt  Q5=ANVIL Q6=STRAIL Q7=OWNHAND  T8=[perm]14607352
    ASOPTTACKIDTALPKOREYINCHDITRUCDSDBXVEGQCSMPETNPMJEUSCOFEEYHLBTBIUEDHPFDEVXAZIWEAIBVSMTYAPODFHSMBCIWWOVGAFQCENEGEOBZARTIYBOOSWSJZXKURXMTRUHVRDJDT
[11] -7.0295  order=qt  Q5=THREE Q6=USEDAT Q7=NOOTHER  T8=[perm]14653270
    PRVIESSUNSSOUUERGNVELITTACTONRFJHLSGNYXWHNFYHPCONROPVMEANFJWIOYSKIBWOYAWODVVENMNAPPBUVEWRSHKLHJZXLPNTOFMLSLEMCHHHLURIZDMFVNGNCMYWGOOGWMWEIISIHRQ
[12] -7.0311  order=qt  Q5=OCHRE Q6=FORTEN Q7=LOGITEM  T8=[perm]14635720
    GANOLOPPGTIALGWASSAOCCGCONNERBFEUAMZABASCMTDJKQCUTAUQBQWDOULALBLVLDRZETHNDZWUWEPOXYZSCMILLFCHURFFHRALYMRDGHQKRWFZFJVHFZEQQDCISBECBVQMEYBRWICKSYW
[13] -7.0326  order=qt  Q5=ROADS Q6=PIERCE Q7=METMEAT  T8=[perm]14673205
    ZULELYTEHUNDELLKSMMELIJAGSLONIBCPOSDHHEVTMZHQJNVRXYVKQFRFCJAGDNAQFUEDFCWRHTFIVOMBXZZNZUELBSROMOLOZORSDRUMNMZWBUTMONARKSFZWZKKKQELGCEVALRAOFZNNQT
[14] -7.0350  order=qt  Q5=MAKES Q6=ANNEAL Q7=LEDMETO  T8=[perm]14630275
    XIDENBWEVOTTLEDSINGPLTZFFEDOUCAVDWAHBEYTUCPSSINKCUPNCGEYZSEUMALAQCIQTRUETCVDHXKSUFETJTOCDODWTRARRRWZEYTFLNMGMTZJLXCMLKSFFEXEOYIDQPQOXPCPMSDGUAWN
[15] -7.0352  order=qt  Q5=BLOOD Q6=ACLOTH Q7=MASTERS  T8=[perm]14650723
    ANNAMYFABETTINARFORNYMRLVOORPJUDAFFKYQXZERLIBTFAHKFXULDYJEOCYCGEWKMXIPACPGPMSSDAUBYREGRBNAKIOXQAQOSVYMZPHBEIFDHIHEPQCDHJKIHUAJTHSNNMMREEZTKESHZC
[16] -7.0381  order=qt  Q5=INSIX Q6=SPLITA Q7=PRICKED  T8=[perm]14653027
    IPCRIMACHTMEOEBITSPRLUSYRINFBISFYBQIAJCRWYSOEBUFQAECIZGXKSFYAPBTMLFCURIVOTKSKRAJAALMGMJVUJJHDUREBSEOFMDIMSINXGWVNHAHMIKAGDBMCFMSCJWWHFPOKUAGHBIO
[17] -7.0381  order=qt  Q5=INNER Q6=PHRASE Q7=CALLING  T8=[perm]14653270
    QFYOUSAORACMGRILWAGOTWEEVIRTTYAJOFOOTJUCVUVMVBTXZGYIMDOYBUOGUDBNCEBVAPACNIISUTBCNKTIARTURRCWAOHSPOWTBSEYZBEKWDOKABEUNYZOLWXIVOIKUGQERZDPQIZVXDXK
[18] -7.0426  order=qt  Q5=OCHRE Q6=USEDAT Q7=GUTTERS  T8=[perm]14630725
    RJMDHESSTATIMALENSLHEARAAENLCAFUTEBMBJBNENZNILLBTAAXCDUBCCBLLUDIOIFNZVFGBQBRERFETEJKRQLQQJIFHMJQHZUETRYDNEYMYFWMAEJSWJITRYEVPRPQMGNNUTYETOJQQVIW
[19] -7.0457  order=qt  Q5=ROADS Q6=ALLOYS Q7=WRITTEN  T8=[perm]14607523
    QPBYOUENESGOPRSTDEPOVCABTEAFURNLFWODQFNZABDBPLAKELZRUOTULINUJSXTISTUKLESHKHIAVECIRMLDPTBXCQHCDKYTBVSYPTAXDOFAJEMIQXNYCXSCDFWPCEWLWCYPSUGSLEQBUJT
[20] -7.0493  order=qt  Q5=INNER Q6=NEEDLE Q7=WHICHIS  T8=[perm]14653027
    BBYDEDXQESONRELALISFRSNYENUBOUNTAGBLAUNISYFHHGQLIYTHIENQFEPUSLONIGZKRABOOKIALJEOGXGVPWVHXOAFJTENLIRQZHVAZLIYIHZOZRLSDPUSGYRGIFEXNMVIMHNDGJQSKKIO
[21] -7.0547  order=qt  Q5=UMBER Q6=ATLAST Q7=ARCHIVE  T8=[perm]14635207
    FPONUNSYLISYLERLLYCODAYIMNCUSEOAMCABANBLXOOOHBOYIZFGSYXJTFGLEXOFFQBWHZPKLYZNXYDMFRFEOXWWIOREBFLNZYCMDCMADTMNVRSTOUIBTTRPEJVENFHPOJHIDFKGRAMRTXLA
[22] -7.0584  order=qt  Q5=AZURE Q6=LETTER Q7=TOAREAL  T8=[perm]14630257
    FEANDSCERDYYCLATVOGPOLSTHTTOHWESTEFYFNMHZUETNCWAWECERONLCXQWNPZYLGTAKHIMYMSZSISPFRCMHIOKJGZKTCIHVYCAUNZZIXYECSVQOTWYHQKZNTCYNIKOVVRKAKZSGRATBORA
[23] -7.0625  order=qt  Q5=EIGHT Q6=METHAT Q7=THEMOST  T8=[perm]14630275
    AFEORKONOPEILLHASNOEHSCUPSIJOUYVMIDUFOHCKIMBVNLXVMVAVPKMNGADQOQHNYVUHRIGOHNFAECILAVIQJENGMADPQCRSWVULAFICDAFTQNSLOZATBTHODKEOWCYOYABRUWSDFQXTNCP
[24] -7.0656  order=qt  Q5=GLASS Q6=MYEYES Q7=SHARENO  T8=[perm]14673025
    YNVOICYDJLUPDAPDAHIFTHEGIANPALTRVVDIDXSUDDJYLQOIVWSSIPEROOVPFZMVJYDXYDAGKVGGKGLYWERAJWSRFREHYMQDJEWWIQFKUMWRPUWJBEUZIGAPJUUPFMOUSPAMSDHEPDVENPIT
[25] -7.0664  order=qt  Q5=METER Q6=OBJECT Q7=LOGITEM  T8=[perm]14657302
    AYHYPMBEHATYBYMPLONVANZENPOANESCBJFFFIBXCODPEPQODEGJSYEHYBTNRSPPONMOKQNXNWEMUMBZIIYIWSRQWJMTCOGGNUKRSWCITNIVWRUAVLVLWULNFIACRTGOYENTCWWMTVCOXJHQ
[26] -7.0741  order=qt  Q5=KNOTS Q6=REFERS Q7=THEITEM  T8=[perm]14670235
    CBELSTTOATOLEGTHBYAVPOWEUMXSULTYNWKVZGNNFULMFDQZCJZPGFDMAXWNWVSLWEFKEHSETRDNULDIWAODCRZSTCUGPAJTHLXIBTFREXCLBNLMOGHKNHSOASPUTMVHASZSFOGEINJTAMWM
[27] -7.0742  order=qt  Q5=MAKES Q6=ANNEAL Q7=LEDMETO  T8=[perm]14637250
    OIDENBWTOOTTLEDWINGPLIZRFEDOUSAZDWAHBPYFACPSSKNPPUPNCOEJQSEUMJLPZCIQTXUCICVDHAKFWFETJJOUTODWTIANKRWZETTEDNMGMPZXLXCMLESRSEXEOKIMDPQOXUCUTSDGUDWT
[28] -7.0775  order=qt  Q5=INSIX Q6=HAIROR Q7=SEVENTH  T8=[perm]14657032
    TITQUOUUSEIATPADVDLIISURLMONTELSEPWDIOCVPTDHSQRGBKEYFFFVZDUDSSSQAJOHTEEGJXKUUTIQAYEBYTESRPJIYYXTAXBDTVCNJLODHJSGIDANRDUDUZDOIHAXTYEMYOUVWBPQGFAW
[29] -7.0780  order=qt  Q5=ONEOF Q6=GILDED Q7=SHARENO  T8=[perm]14675023
    ITFOCSONEPPSEFLDOSUNSTADHYELBALFFITNGARAMTLYOBPAYTBJESDVWNWHZIBIDSGFWLIARDRXXQWCZRWSIJXIGLXNMLHHNQMBWIGHCMUFCCZSTBQQARBNPSEJSYBTRIIYABYERYYTUAER
[30] -7.0783  order=qt  Q5=LEDME Q6=SUBTLE Q7=YEARSIN  T8=[perm]14607325
    KCVJCTSAYDENWHOOWSQUIVOPPISANDFDJFEUOYWNXWPPIHDHTPBPSLVRIPTJZJTMENYDWIREQLJVFCQBEQVKRPICZUOSOTCOURMMOUKLYJKIPYKGMWYNPFRLDBUAOURSKVYNRCISHAKAVDSQ
[31] -7.0828  order=qt  Q5=OCHRE Q6=USEDAT Q7=GUTTERS  T8=[perm]14637205
    BJDDHESAGAOIMALRTSCHEARTTENLCAFXVERMBJBBBNONILLOJAHXCDUIGCRLLUDMAIGNZVFDYQZRERFKMEKKRQLVYJBFHMJNIZNETRYEEESMYFWVMEVSWJIGNYSVPRPAKGANUTYINOCQQVII
[2026-10-04T02:10:32Z] chunk 7700:7800 exit=0
[2026-10-04T02:10:32Z] chunk 7800:7900
progress order=qt perms=100/40320 candidates=107318484
vocab: 119 x 123 x 141 = 2063817 triples
T8 permutations: 40320
candidates: 206381700 in 24.8s (8.31M/s)

==== TOP 32 HITS ====
[ 0] -6.8085  order=qt  Q5=ATTHE Q6=INDIGO Q7=HEMETME  T8=[perm]14732056
    PMBEILLOFHSKLYENABSDOLESPPELIGPBAYOHPLOQIMLPYHILENTDSUBLEXWCYOFXFXHWVCILUGVPOMMAQMIASRQECXSPCKXVALAJBKUWEPNGHOODRAWDDIPZYSWESLCFHRDSSUMOTUPYMCRD
[ 1] -6.8252  order=qt  Q5=SEVEN Q6=CHISEL Q7=REVEALS  T8=[perm]14720356
    XJMESAUOKEEFSIEPUTOMSSUNTSTSANSSVITRYKPMJTILEXAHSPIFJCAYIIMMSTQWPCNTUIOXQUYPORRKMLGHLATYDONHFBMBBCKBAASSAKABWZYLAXWRUAGMVKVEREUZFYCEZJOELHSNREAR
[ 2] -6.8572  order=qt  Q5=SEVEN Q6=FILLED Q7=THEBARN  T8=[perm]14735260
    ZFIISWORTEVENMSISHFWLAPETOEITKEBQQYQVMVAMXIAQNMEDZHBNTFHORSZPIHCORJSCIZYGWINMETDUSHWEIZQTYPDAKCIQUFPMJOUEFAWWSINTYJMNREVDDHCLGGUEQSECTMESUBJVBUE
[ 3] -6.8825  order=qt  Q5=EIGHT Q6=GOHOME Q7=GRINDER  T8=[perm]14725306
    DOCREAMELBLELLICYEUVASAPTAAUERTPUNLJTANOAEBABINCJIUJDWXETCIOQECCWLPNZBADKNIOZDTOQEUVJABTOSIASOMSASFBYKBMQDSTBYTNBEIWIFBRIFXSIZRRZDQNCYOHGKOVEPJV
[ 4] -6.8942  order=qt  Q5=LEAVE Q6=POLISH Q7=KRYPTOS  T8=[perm]14732605
    RCHEVENTSTEDGGNNOTDENGYOWADNYLMWTALCMKCQNAHNERSMGUWNMFSKMOFBTJCTYURBQLXEPRISDESERESUSPMJIYGXCQQPRASKUJTJOAPLKQTBGKZVVHXTNPUPKOUARCAPQWRENCQUICLR
[ 5] -6.8964  order=qt  Q5=TOTHE Q6=NUANCE Q7=HEHASME  T8=[perm]14736520
    DIVELSOPHHKLGROMESEBETITSYDGNASCWXREXFFHOEDRCWTEBLVCHQDMEQCAZUQQMZINZSLDUILYBPPCBEARYFXETMGKFNFLYIEFNUJUEYHEHOMOHRBIDLANBAVODCDDIRWZYAOBIGHKXWWB
[ 6] -6.9188  order=qt  Q5=VENNA Q6=WORDOF Q7=INBOOKS  T8=[perm]14725360
    GLWOKSAPAAANFAWRIMETTPATBRCOLOGUIQVYSBAYCCJDZGKGTDOVOVHUDSTITKQWMFEMMUTUBYTKERSCXIGERTMATGICUYTZDUMBELZXKMOTATJGYGCKEFVUTWNRDBLPVJRAHUIOIXRHEDAT
[ 7] -6.9239  order=qt  Q5=GOING Q6=ITDREW Q7=MOLDING  T8=[perm]14725630
    RFCLTESOFROPORSASSCHWIEDORGEBYUWKDPTBTFUNWZNRKVGOYNUXRTXTAIKEHRPQRQFJLOTEXOBTLNUNQMCKYJIHPZQTYSGONSROAZSTANDDIRUWJYZXSIRCUCOOZWVTHQUNNYHDAJCBGIH
[ 8] -6.9617  order=qt  Q5=SEVEN Q6=CHISEL Q7=REVEALS  T8=[perm]14726350
    OJMESAHOCEEFSIYPUTOMSSUNTSTSANSSVITRYKPMYTILEXUHKPIFJCGYDIMMSTZWBCNTUIKXOUYPORJKQLGHLAYYTONHFBXBACKBAAASKKABWZCLAXWRUAGMJKVERERZYYCEZJIEPHSNREUR
[ 9] -6.9639  order=qt  Q5=ATTHE Q6=INDIGO Q7=HEHASME  T8=[perm]14732056
    PMFIGLLOFMDXLYENEFTDOLEDARELIGAFOYOHPUCMIMLPSMGLENTHDNBLEXRGKOFXFYMUVCILZLQPOMMEXJIASRXIAXSPCTYQALAJFTNWEPNLMPODRARHBIPZYDRCSLCFMOBSSUMCBNPYMCOH
[10] -6.9694  order=qt  Q5=WHICH Q6=CHISEL Q7=TOSPLIT  T8=[perm]14735062
    PNEAREQCMSCLIDGMENTILINEHOZVSAYETNEVOOOGTPBNSMOWPOCUOISGSYEYOZFVLBWTZQBRYOFZTEMUATEANBPLPFWBZMNASMJYSEODDSDYAYFJYSFABOYQXGCFBTGFKIZGBABDTEPEAZAE
[11] -6.9736  order=qt  Q5=ROUTE Q6=MANNER Q7=TRIEDTO  T8=[perm]14702536
    YGEGEANDIGHTEOFORUAYBHSWAIIUERCNJVGKCBSDORACVVDMQIEOLDNIBGFWZWMHREDBEFATICALFSCVSAHYGGGJIJIONYKKKMMINRUAOITYUIJEEOWAQHUGXQWAVYILUWFSMINDJYXJZAIX
[12] -6.9885  order=qt  Q5=ROUTE Q6=LETTER Q7=EYESARE  T8=[perm]14756032
    DBEAHVAZESYAIGENIKERLFORSHATTAHQNHANCWKYHUGTIDRUNTNXVCPONREYPNSVWIUAPXUPCDDCSDXVEZNVAWTDMNTQAUEPUBZPWIKSLWVSREIQITYBFUISIQEZZOIFELOCGALPDOHSASAP
[13] -6.9889  order=qt  Q5=WHICH Q6=CHISEL Q7=SHADING  T8=[perm]14752360
    CDPHPMEABONREPECAFSUBSDDDAUSTYRTUIYOVTXICQQJOBANUPSXXSYTYNIXAIPQDAEPULSMRXPDUOCQTSOCLFYDXBQSJMFCYCIDOFASXTBTKWBACWEEDANMVFBOTLEPNBESZTZCRGGLOCST
[14] -6.9898  order=qt  Q5=SPLIT Q6=REFERS Q7=THELOST  T8=[perm]14725603
    DXETAVODOSISTARUCHEMEUDEMEKEDNVEXLOXIRATBZZVHJMIXMIRZSHARFCDJVSEROPJOZDHFHVCZQYPPVGRENVVKJPILYMUDNVIYNUJNMVSURNVTYOABAFINVXEESRTTSUCHTKLMSULRVPY
[15] -6.9899  order=qt  Q5=HEHAS Q6=THATIT Q7=WILLLET  T8=[perm]14726305
    SFGEOMULLONIZURNANTEBRUIGHMMEMBKQRIDPUCWANSLERAIPQENHXEVOUWFNRLADNMYGCMASNGPPLUMKCWAGCISBEMMXORPQNJNKFDJVXZBKPIUKEQGNFIVAOSAJQDPEEGTHSSDVZUBOSTF
[16] -6.9944  order=qt  Q5=INNER Q6=STRAWS Q7=OWNHAND  T8=[perm]14752603
    USRIFETHEOEHDHHAIIIIARPANATALLKOOFSHEXZCJPQXQETKLRNATWZZUOIJKQCMZHONASTIWYFLAGMOBBIZBUCRSSBOLPYDYMYGIHFHRFBVWYBTOWIBRYHLVOHLOGOKEJISRGOTCYHUYQWC
[17] -7.0015  order=qt  Q5=GRIND Q6=SILVER Q7=ISNOTMY  T8=[perm]14702536
    LTIRMAFWWABHIETERADARTATKRAREWOUTJLPQYZHOBHAUGQDQWVYPRMXPENTOOPEWUSFDGDPPMJHNRREYHSJIHIZSPMJVSAQYNQBPENVEIPTXHMISESNSPCPNFEUCNQDTRSVGALLKHAFTPLI
[18] -7.0065  order=qt  Q5=PRIOR Q6=DREWNO Q7=UNRAVEL  T8=[perm]14703256
    LOFORYNOTAMCMWGAEROKYOFSPALHEIPAMDHEPILTHIAZYHQGIHMANFTAPWHPNAQMENPSEOSFLMXDVKXKJUPWHIGVQIDJIMSBOMAYWAWOEMTKSIIZMBQTQPKYFMYXLIDEJAFLQINMJMSOHVRW
[19] -7.0092  order=qt  Q5=FILES Q6=METAKE Q7=NOBLOOD  T8=[perm]14703562
    YUMOSETUNELSHILYCCOLARYGSONCKMYZHKXXUIKSTYBWWLREBROYKXIUXZMBNBITGWZEMXISKMLWBEATTHTMPQEKXDNQBHXDIGDRKRSUQRQEBUMBEDCRTPONCGTZEYHGDBAPLIRMERYWHOHR
[20] -7.0108  order=qt  Q5=THREE Q6=CHISEL Q7=BETWEEN  T8=[perm]14725063
    MGOADBONDERTANFOGGRPUEREWTALKTWLXUZEZUCVRHPKELEIFTLYZNGLYDDFTPEJHPTWRBWUMCSEIUDKSDHOMUOEANBWAMYSDLNJRLZFXUTMEECRFXWKHWENEIOHIBCQKXABAROODOFMVNWI
[21] -7.0115  order=qt  Q5=EIGHT Q6=GOHOME Q7=GRINDER  T8=[perm]14725360
    DOCREAMELBLELLICLEUVASMPAAAUERRPPNLJTAEOVEBABITCXIUJDWJEUCIOQEMCKLPNZBTDLNIOZDGOBEUVJAQTLSIASOSSOSFBYKDMUDSTBYPNWEIWIFNRLFXSIZZRADQNCYWHDKOVEPNV
[22] -7.0120  order=qt  Q5=ROUTE Q6=GUTTER Q7=EYESARE  T8=[perm]14756032
    HXEAHVEIESYANPENIKILLFORDTATTAMDNHANGGKYHULQIDRUWQNXVCAUNREYACSVWIZWPXUPGKDCSDYFEZNVEGTDMNBDAUEPZXZPWITVLWVSORIQITSXFUISNDEZZONYELOCLWLPDOMVASAP
[23] -7.0210  order=qt  Q5=THREE Q6=BERLIN Q7=PASSAGE  T8=[perm]14725360
    SQLODTHRRXHASTOXTYSALORAMENERSVEOBPZTVHITQCXWWEEVFCHFUFYNPTPCTADJZVYGOXWLPXXNXIRIPBAXYLLKILFZOIBCYFCUSTGLITLPMUXVKVESDIVWJDKCHIRSTADJCWMRAEZIFLT
[24] -7.0222  order=qt  Q5=SHOWS Q6=WINTER Q7=LEAVEAT  T8=[perm]14723506
    RFQLIZSONIKENOTOMKRETAFFIRATOVALWINJEXYPWNYRCUKOQZEAVJJPVBUGHPCWMHLGIAIESWATTCRRLFHVKJFDYMANZSQQYRQXVAOPDFTBFEBMNYEXDJPOKEXDXXHINSOFTRHYMLJZAPGQ
[25] -7.0246  order=qt  Q5=METER Q6=OBJECT Q7=LOGITEM  T8=[perm]14756032
    ZYHDPMSGIATRBYPMCONTANUINPOANEABRJFNFIXBIODWEPKZLEGCSYIDUBTKRSTYSNMTKQKLDWERUMKAZIYOWSDEJJMECOHFLUKPSWSMBNIMWRYKYLVEWUPAAIAHRTIPJENJCWFPWVCFXJXD
[26] -7.0345  order=qt  Q5=HASME Q6=HEWILL Q7=SOTTILE  T8=[perm]14720536
    SPMDKLINLYTALASMEREEEHETHNKBIAEQVZRUATUCYPUGPQWTICOMARDMSYWHETWYENZHSDFBWXQUXPUPCTWMIMMJIGRWKPRMAWSIEJCYYTEFMSFAFWMWCQUUIZEMPNIXIBGROUEFVVQSSOCR
[27] -7.0401  order=qt  Q5=TRADE Q6=NEEDLE Q7=MEATTHE  T8=[perm]14702563
    DPIWEDJSATFTHISRASSPAGIIGHLIEADKMIRAYKAZFISTFCZFAWSBSKKYSKBERGLPESQRPIAHDSUTTVRKMKFQXVNQCVOPOGINNVSFMYJGAAMIULDMOOTVFRHIDYKMSCYLOGCXZLCXUFAPJDBI
[28] -7.0524  order=qt  Q5=METAL Q6=ANDTHE Q7=TEACHER  T8=[perm]14732056
    DENOXAYINTVPSNINDTEETODMABEFOREPWRBATYHIDICDAJWMDWNZAFLJHCHZIOVKOMLGDXGTHVSDAVAFEFUMMJXXONGSCPNUIRXUAINEIGEMOIRXDBDRNANWZDZNSDQFSBHKXFFJXOZSLGEG
[29] -7.0530  order=qt  Q5=METAL Q6=FILING Q7=MOLDING  T8=[perm]14706253
    PURIMWTODCKANEEHERBHESESBENEFOVSTBYLOVSPLRNCJTOBIGECRCDBJTVWCRBRCSHIURIBDZCSJSWSMKSNZKOFZCWIBBNMENYAMFHANHBSZMNRSFFXEHYACTTONVAVMVTAAYUUPYQLVBDD
[30] -7.0717  order=qt  Q5=MONTH Q6=ENOUGH Q7=FALTERS  T8=[perm]14723065
    XUDEOHZMOSTAWLISALSOTREBEEDWRBQHJWAVDENTUGOQONMDTMLIXWMELAYDHFJTGOTUYBPEETGACGNOUTTKCBEWFPOPPLJURASPXUOXMHIWCVIBHFOKAKPIZSJFQTFRTZLHKIJIDJREHPJM
[31] -7.0717  order=qt  Q5=ROADS Q6=CHISEL Q7=THEMAND  T8=[perm]14752630
    ANAGNHILACALNOVOFFGEALDODETLODNOEHGDOBBOOSTCCVTRWGYVXGLPGRDOEXAUMZFMQYOROINIAIZXMWGRRBLDOJNXXGOGEQJQWGUOCYLTLGBNNVINRIRYMLBLFJLEHBIRDOURYPFCPMPU
[2026-10-04T02:11:25Z] chunk 7800:7900 exit=0
[2026-10-04T02:11:25Z] chunk 7900:8000
progress order=qt perms=100/40320 candidates=107318484
vocab: 119 x 123 x 141 = 2063817 triples
T8 permutations: 40320
candidates: 206381700 in 24.5s (8.44M/s)

==== TOP 32 HITS ====
[ 0] -6.7236  order=qt  Q5=STUDY Q6=FILING Q7=ANDEACH  T8=[perm]15032674
    LHMINICTSORITIUSDCDSYACLLOGWAVFDOIOHOGGBDADPACWTMGJMRTYCGZPDFKGHWZLAGAIDFUUGUMLHAIRKOSLLYBAHYZBUWRELCMTFAEOVATESBULIGCITCMZFFIFEBDYAPTMESNNFSEBO
[ 1] -6.8480  order=qt  Q5=IFELT Q6=ALPINE Q7=YEARSHE  T8=[perm]15024673
    MFTHEPCLUSTLOCFOOOYTDTRITUMSOTEDTPSFDXTAVTRLDDJENHMMRKKRXLNUHEHFPUTIDBEFTVTHOCWGVBNGEPKEVPAYHUJIIFOHTVQXVAXEVRERWXPBQHECGEPTEEHRMMNGOKFOBSOTTEUD
[ 2] -6.8516  order=qt  Q5=GOING Q6=GOINGI Q7=TEACHER  T8=[perm]15062374
    FOPMATSWANYGAPAPMINGDONCARFOALHUSKGNESWFALMMRKISUINQIFDZLCPYWAOTKNLGTOQIQXOIGZKJTPEGVLDUMNFKMIOONTARELEEEPMSZVRHWMBOACHQCTCCONVCTWQZUBQPGJAGTHBV
[ 3] -6.8993  order=qt  Q5=WROTE Q6=FILING Q7=GRINDER  T8=[perm]15047326
    QCDREVAATLEWEBOXBLXOLTHAKEENEONBMNRYKXKTLWLATDSUEXPQTAMNDABVLRHDSPHLMEQPWNPCVYISBIPTRANEOWEELKDNXTFLVGLIEHMDOMITMNHRNWLTDJZSPEJRCNJOITUARSFOJSWH
[ 4] -6.9128  order=qt  Q5=IHAVE Q6=SOFINE Q7=COUNSEL  T8=[perm]14760532
    DYALAYHUXENITPALELOWITRIAASRSGOTIRNWBMGMOVHIWTBIGFQQIFNLARRORCKUCADYNTAAGEPKCODMTSIHQWJKMZUNDBLSHVRILKBDAKYKAUYQSZPGVZIXVATWAMIPONDSSQOQXDWSGXVH
[ 5] -6.9142  order=qt  Q5=LETME Q6=THISIS Q7=AFEWHAD  T8=[perm]15046273
    HICKEGIVATMIXFTESUSAJCBITHAWAREMLMIDGTDROEFMDUDTVOAXOVDPBSUWRVGIZQCLDEOLDYMYAJGOFDVMIPGOLBCRCZJDKWTIDSWATCONUIBFPRSGAEXYGENTEIKDRXDKIWVBLDPRTQQM
[ 6] -6.9148  order=qt  Q5=INTOA Q6=DREWNO Q7=ATLASTA  T8=[perm]15063274
    DYAOINICSESAYIHTHFURSDOWMESCFHOGPLMGAELVSASHRVPBSVUZVMKUTWXWSTHEALEAPRCMXMBOGLXJBNUAYKJTBJBFHIAUIGUENIADIQRUMHDJZWXMOWJALDGHFUBOFRJSPWEGUNGCPPPV
[ 7] -6.9168  order=qt  Q5=GOING Q6=GOINGI Q7=TEACHER  T8=[perm]15062734
    FOPKATSIANYFAPATMINUDONRARFOALHUSKGKESWOALMFRKIFUINGIFDSLCPCWAOWKNLFTOQJQXOXGZKATPEPVLDOMNFAMIOXNTAPELECEPMYZVRMWMBZACHKCTCHONVTTWQEUBQLGJAQTHBI
[ 8] -6.9205  order=qt  Q5=OFHIS Q6=LETTER Q7=ONLYTHE  T8=[perm]15024376
    IDJMNWALHOUTMLOMPEVENFULLGLEFTTIYJFHMLNMHHEBWTCMEINMOHILQLNTJLBVRONMELYHAPPCGGAATUXUVENMBEAFYXHEOIPIFOCSNZXEGALFZYAHUVTHOAXFLOBVCKGPMOUJIIWTDHQU
[ 9] -6.9237  order=qt  Q5=HEMET Q6=FEWHAD Q7=AHAIROR  T8=[perm]15032467
    CJMERHWETARLFOFTMEIFTREEEATHIYASBNYCHWCUMJGENXYPTIAIEFWKKBLAFRTOFWSQBNMHMQNDGXTDIIQIZAWONGFEEYUBQUTUJDILFTIOOFWHWYMAWLAQSMMMNWDZTOFAZARIAOVRHDAK
[10] -6.9242  order=qt  Q5=ONTOA Q6=ACLOTH Q7=PRICKED  T8=[perm]15034267
    RWPSPGEOPOPSITNCORTOASIONNNYOBGSPYTMGORYXUGSEVXASMYBIINYYMISTIIXZQFEEJBIPBBVHFYRDLPBAOGBPKMCLCRHEYNHUTCNSKNAKFSSMLPXOBALATOBKNEYBLUIGNLZBJCLZXJB
[11] -6.9705  order=qt  Q5=LETME Q6=THISIS Q7=AFEWHAD  T8=[perm]15036274
    HICTAGIVATMBOFTESUSKWCBITHARPREMLMIDGTDROEFPZUDTVOANDVDPBSUVYVGIZQCMCEOLDYMGVJGOFDVPTPGOLBCBYZJDKWTXRSWATCONUIBFPRSNREXYGENSCIKDRXDCSWVBLDPBWQQM
[12] -6.9711  order=qt  Q5=TRADE Q6=FROMME Q7=FALTERS  T8=[perm]15046237
    HLDIERURTFUWNECLASCELYARILACARDERQJOQBUKUQVPHIQLKGCBMYBIWVQQCZXWRVTRBPDTNJOMMPMPYEVEYBRWZCMAUISABELDHTISMOLTHOEIMCMLTYAAWYNRHRWRGOWPBGEELOCUVWBE
[13] -6.9813  order=qt  Q5=PRICK Q6=OBJECT Q7=GUTTERS  T8=[perm]15047263
    UVTWOCCTSLOTMOLYPOLTABOVAEVEJOYTBYDQGSPMORQXRWKTBJEDNDFIEALPLMCCALEIXUUMODOLRRSCMMWANHLQCRKEHDBUIVSFEEIRMFFLVCNPMPWKNRYXLBKEBCUTJWAMASOJKTLVEJEA
[14] -6.9829  order=qt  Q5=SMELT Q6=ISDONE Q7=HAVELED  T8=[perm]14763205
    FUVAPNBEFRELLGEBLUNMAYUNDTRLSUTAQJMCNRYXEZGQOHNEYGYGNALSTOAJJYOOJIPDKTERNWRZFVTWERAFGAGHQSCRSISTYXPPZTDHIHZPEGGABYLMCHRKFRPCHIWVNMHQKGFFLUITNSLR
[15] -6.9854  order=qt  Q5=HASME Q6=CLOCKS Q7=SEVENTH  T8=[perm]15062374
    GLARLNUMMJFIROLFHONDSEITECRENYYOQMIZGHSNKEPAXAUOGPYGCLWZWYYEUKEGIFLOVTTVMEFOEIOLESHDKTPFREYDEEMBYHJGBVNADDPCYALCLYZJDCIPFRKIRHVSKARGUUSWVPNJEVIT
[16] -6.9916  order=qt  Q5=EIGHT Q6=GILDED Q7=THEROAD  T8=[perm]15032476
    HBZKNICIAAHCHIUESTASTTRIXYTHEYBCIMIICQBGIPQTUNOLLHJEKOYBOLSUDLWMBVILCHWAMRUIVSLEFENPRSCHBEOSVZLUGGDZEQGDCHASITOTRZGQUXSBBSLIGLDXPWARQPIDGSJHKDRH
[17] -6.9951  order=qt  Q5=FOUND Q6=FILING Q7=THROUGH  T8=[perm]15046273
    HMKBROCAYSEANSSOMIJRICELIEONONMILYBECVZFKSJHNCOKCBBOYAWPITKCLUJBQYZMRZCHUMDMOUYIAKUSEORWOVYCHZORMRTOUWLZZBOOTBOOELCCTOIZBKMGYCRJBBTNFXNHEOHWDICY
[18] -6.9989  order=qt  Q5=TELLS Q6=ISTUDY Q7=OFMYOWN  T8=[perm]15042763
    MWRATHYENGUYDFODTAYTOVEONMOFIDPUXHOPYMCNASGRNHUEPQFYMDKVUTWRFHSVCTJUSMRVOSSDPCWYOTKHEXOBSRREATPPZCNOUOCXECHPSEBMWSYPRNSNIFZZOWCKSCIHBBQGLDUOTOQE
[19] -6.9992  order=qt  Q5=IKNOW Q6=SAYSHE Q7=HEMAKES  T8=[perm]15032467
    ABRAYSCABERYEDAHELYLNGSOSETJAERPPRWKBIMETUEXDGAUENTWEMTXZMOUMDNFIDOXPPPRFFVEFINDLCSIOGMQNGFNBOPAONXGWYUUCTVMZXEYBDQMTMRNHVQAGJQOQYOEZDSENTYARSHG
[20] -7.0022  order=qt  Q5=ALLOY Q6=ALPINE Q7=THEITEM  T8=[perm]15043726
    XTJOKHORTTOOTHEEVEBCTWIIMOCNNPMLKMNMYHLTAMNHOTVHXHQIVHSCLBEHMCZIYZASOPNOQQSHIRSYJOLJXBURDBIRSPWMGZBHJPJELGIBGONNIASYWEZIMYOXFFHGKSFULDOWIYJGPPIR
[21] -7.0067  order=qt  Q5=OFTHE Q6=ISTUDY Q7=CALLING  T8=[perm]15062347
    GRIGELEYRCOMBUIGTOUSYLESZABYADDBRUSCXSONDEVKIXDEFEJRGPYYJVRCELINCTKVCNKYNQLGSMAXINLNPYTDZKSGSBYEYYMOHINOFTMQNVFQSHXTUDDNNFWEKYBZDITWDAEARGYYUCFP
[22] -7.0076  order=qt  Q5=OFTHE Q6=WILLGO Q7=THEYARE  T8=[perm]15037426
    DEIMBSRLANKINHHRALSOCKBCSSDICKTHVLWKYPAOZDJTHLTHSABASBLRBNBMTKOAZACXIZRGLKSQVQADLOQADFFRTIBCOMAVFUEEIRDIRGKQTULABTAZVSPUTCLSDRPIPBLIMPBRGMRSSSBP
[23] -7.0082  order=qt  Q5=TRIED Q6=BERLIN Q7=SURGEON  T8=[perm]15024736
    XNBSTINANTAICGPOKAYXICHEEAHIESTIWJVPDSIGQZMTFACHJDUZINPLARCTNEYOLTYCRMXSOVUIFNMDWFYIKDWPRXCPYOUSBSCXZGDLDFPTIVTSNFYXYLVWGBIRMSRHSXPLMBMBEINZGDOI
[24] -7.0085  order=qt  Q5=MOULD Q6=FEWHAD Q7=SURGEON  T8=[perm]15023467
    SISVEDECLARECAANTDMGBBREANHIDICHUGTSGKOOHTBRNVXKSDEFDVLTAXECXACKZZQRYUIGUJZDRVLDGETTQVCTPALLRYLQKKAKMMYEHRAIRVNYUIXZNHCIUTGSGRLITRWHTYHLIMCDECDV
[25] -7.0090  order=qt  Q5=CLOCK Q6=WHATHE Q7=ATLASTA  T8=[perm]15042763
    PLERONKGSEAFAXSTUORUCOROFTIRLILYSSNGVWCILPICWUDAIJFHUBLUDIYNXNRNNLWXTRJIDRBIODORMHRZANWSCLKUXTKHTZVDGEFLKNFARBNIPGRELIVHDZPWKUNFFROMXSOKYFHIQXPO
[26] -7.0097  order=qt  Q5=INTOA Q6=GUTTER Q7=PASSAGE  T8=[perm]15024736
    EOESIHTEDIANALSUALACCALTJJEUXICQCREGRYZAOARHAJZCZSUIEUNTIGHSARMRFSFHVJQQSZZCSZAXJECURPWBIERTXNCLPIIYGQQOMLPYWNBCEXUDEAHUERTXLUAPTUKCSASOTVFKYNIQ
[27] -7.0110  order=qt  Q5=ATURN Q6=WHATHE Q7=ITTOTHE  T8=[perm]15043672
    WTITHERWHOQMAYSOULEMADPBUBMALVSLMTVACQFOCFPOLZORNIBQAMUFIZMAYVKKKSLOYTERAEYVHFTTVPPRSUABNHMSBZYZAOUMYKVLPGMEELIQOUUISISAFZCGWNNRADZOTSKRLXXSHENV
[28] -7.0126  order=qt  Q5=TOOLS Q6=MAKING Q7=CASTING  T8=[perm]15047632
    EADEEAPNYONGWLSEGSIMITEPHANAYTFRTXYSDITTYATJCMHGSIIMNIBBRRUWZWUROOVNHTINKPEPSSJYASCUTYEKGQXKYVEASKMMXXSYUECIRKQHVKEERICGLPANKMPPVGFOWPLCFRBGTVYJ
[29] -7.0137  order=qt  Q5=IFELT Q6=ALPINE Q7=YEARSHE  T8=[perm]15024763
    MFTHEPLCUSTLOCESOOYTDTCATUMSOTEDTPSFDXEKVTRLDDDLNHMMRKNBXLNUHEUOPUTIDBDGTVTHOCSTVBNGEPJUVPAYHUWBIFOHTVVVVAXEVRAOWXPBQHOIGEPTEENVMMNGOKXNBSOTTEYP
[30] -7.0169  order=qt  Q5=HEMET Q6=FEWHAD Q7=REVEALS  T8=[perm]15042376
    INPPAYMLAMONMKMAPICDIAPAIRMYYOUAYAWKSBUASENQXYEYZUDTESNGSEYHPIJQIBDEZHRHPXGGNTXTNCBUQDVUGRALHGEJBJDIDHAAADMNSSFBPOPVSOLECPVPJMMKICSMWGFMEZDEOGIA
[31] -7.0232  order=qt  Q5=IKNOW Q6=BRONZE Q7=TEACHER  T8=[perm]15042673
    IHCHISTWOCHURUIREIFTEDGRYPRTGEDTFHLDUSSYNKNNFXHSHCRKQTCRSOOQZJHMTURIPUPXUJOGLZBDFBUCYNDLQGIYOPCAPTOLSKPPEREPMJFNADPJYORHFGITEUWCYGSYOKLRSJKENNAH
[2026-10-04T02:12:00Z] chunk 7900:8000 exit=0
[2026-10-04T02:12:00Z] chunk 8000:8100
progress order=qt perms=100/40320 candidates=107318484
vocab: 119 x 123 x 141 = 2063817 triples
T8 permutations: 40320
candidates: 206381700 in 24.1s (8.57M/s)

==== TOP 32 HITS ====
[ 0] -6.7585  order=qt  Q5=WROTE Q6=FILING Q7=GRINDER  T8=[perm]15240376
    MCOREVAHILLWEBOATLLOLTHMREGNEONOBNNYKXKVWWHATDSMIXGQTAMOEAPVLRHHGPOLMEQOINLCVYIKLISTRANZSWYELKDRUTHLVGLJMHNDOMIVTNLRNWLIFJOSPEJNXNNOITUIESGOJSWP
[ 1] -6.7777  order=qt  Q5=MEAND Q6=HETOOK Q7=INSEVEN  T8=[perm]15063742
    UETODHASDEFTHODOUDDACYRLABLFRRCALHSAHCSHDBKRRACCYREDUNFPEWAUMUSKPTGTFTFLYJVGSELOBPPFZXJZMEBYLTHKFHSELXDPAROBUEABYZERIOTAUNQYHETXJFOFYLKRGOMDYHZY
[ 2] -6.8351  order=qt  Q5=METAL Q6=MANNER Q7=MORNING  T8=[perm]15203764
    WPMUTOODBUTDORMOCTPVIETANNNAAAPPYTCPSUGKZGTOZEDPCUFRMEJGHKVOFLDULBIMTIZTQXTLWDEAAVAPZJASAUIPOAKSORTTHICELDGIVICKHXNWVFUVPYTAUJNNSCRPITRMYHVGAHWO
[ 3] -6.8630  order=qt  Q5=AGAIN Q6=ANNEAL Q7=SEEKING  T8=[perm]15076243
    VCYUSKANALARGANDFTOBEPHIJMIFFCMICTFDRVSUEUALXWITNNHLTGGBPZSRLPPTKNRBNUXCTWOUBPHQIYIASCANRPGUDWGRCFTPUJJKIIFOLRYPCQUIOLSOUTCRUEVAKBRRIVETQULEAHZE
[ 4] -6.8868  order=qt  Q5=INSIX Q6=EARTHS Q7=SHOWSME  T8=[perm]15072436
    DFYOUTSSVZEIFUISONARITOSDOONOFFXEFLOAIRSWYREWZWLLKYJBAZHITBNADNEEYLRGZHEAFJTHIMAYFFSADRTPDYINDXGKRWTDXUGTHKVQLSSPYRASKRESJMIOJSLXGZZYBECDJSWDFEZ
[ 5] -6.8907  order=qt  Q5=HEMET Q6=REPEAT Q7=ANDWILL  T8=[perm]15230764
    MEESUBMPTABCDISPECJKOTSLINERMPIUTDVICQUUFSMSNNHHPIMITTVCUSGOAIBDHKYSMSMGMFARWTDADTZOHYHVSASENYGAJORNGBFOWAPBOXOTCPHZFBLLHIYAHGUGDKCRHAJUCWEEFBTQ
[ 6] -6.9353  order=qt  Q5=METAL Q6=MANNER Q7=MORNING  T8=[perm]15203746
    WPMUTOODBUTDORMOCTPVKENANNNATASPYTCPXUUKZGTODEZPCUFRDEXGHKVOULRULBIMRIYTQXTLSDYAAVAPEJUSAUIPNAFSORTTJIAELDGIUIDKHXNWAFDVPYTANJUNSCRPATCMYHVGDHQO
[ 7] -6.9374  order=qt  Q5=MAKES Q6=STREWN Q7=SHADOWS  T8=[perm]15240736
    DRBILCYPEBRIDAATYZULACYOUSEWALFNBTIIGVMPFSSMAYRECUUNHZLWYPKEAQTERDHEIIYABSLIABRIUMUYNDERKDBTZOQXCITIODASBTVGGGXNFNDQBQRRDPCGMOWLIEZNUIPQDDKWMLSM
[ 8] -6.9510  order=qt  Q5=WROTE Q6=FILING Q7=GRINDER  T8=[perm]15240367
    MCOREVAHILLWEBOATLLOLTZAREGNEOJBBNNYKXMTWWHATDLAIXGQTADGEAPVLRWOGPOLMELBINLCVYXLLISTRAOGSWYELKXGUTHLVGNHMHNDOMHWTNLRNWYTFJOSPEHUXNNOITGWESGOJSKK
[ 9] -6.9551  order=qt  Q5=THREE Q6=DREWNO Q7=HAVELED  T8=[perm]15240637
    FTBYTWOOBYMDLSEFDEORABIREESSPATLETDCCCMIJCNYPPPNRESEJRNEPWINOYLIAWYRLQDWHBJPKGTXXGDFYBRLMOHMUTZADGFOBJJUIXKEBZLNAHFDONMERDWIPPWAJNOFFDRRSEBLHOJC
[10] -6.9768  order=qt  Q5=GOING Q6=GOINGI Q7=TEACHER  T8=[perm]15063724
    FODNATSIANEPAPATMITDDONRARCBALHUSKOBESWOALIIRKIFUIORIFDSLCAOWAOWKNNDTOQJQXZTGZKATPZIVLDOMNQZMIOXNTBYELECEPDDZVRMWMNHACHKCTRVONVTTWYPUBQLGJVOTHBI
[11] -6.9833  order=qt  Q5=GOING Q6=GOINGI Q7=TEACHER  T8=[perm]15072364
    FOPMATYRANYGAPHVMINGDOELARFOALAYSKGNESIQALMMRKISUINQIFAYLCPYWAIQKNLGTOJNQXOIGZXMTPEGVLEQMNFKMIFXNTARELTMEPMSZVKIWMBOACNICTCCONMGTWQZUBPQGJAGTHTK
[12] -6.9879  order=qt  Q5=LATHE Q6=TEMPER Q7=THEITEM  T8=[perm]15076423
    LQHIGHESSAPBYETOHBYSINDSFRTMETEHXUMMKANVOFCWGSYOMEUOUISRFADDHZYIRZQTTSFYDLBRVXIDLRFNPTHICCBETSYMKMDJOWALNIAXDYRFDBKXPDXOEMPUYFAIYCDOTALYAZDVNZXG
[13] -6.9905  order=qt  Q5=HASME Q6=INGOTS Q7=HETELLS  T8=[perm]15237064
    VINLISNROFWCBEBARONESAPEPCOTAYASICPSATJAMNCZBENUFNJOONRNOSIBLEUOUTTBRJHQACHAIAWGDFHAFYHYRXPKPAUYOQPKVVBLGSMXVAUPBYZPTKXDULJTDVTFUEDPWEAEDOJAUKZI
[14] -6.9920  order=qt  Q5=TRADE Q6=BEJUST Q7=TEACHER  T8=[perm]15204736
    CPFACXELYNARESIEMBELMAIUNTHEWTXNPASQQBOOKSZIJAIOYEWIDSVCIIMVJOGTVGNHAOCOURHOGMPPBOLWRQYEDSZOOVAMASMPYSIFFDVUQMCQTFPYDIXGUYHUQGPSKWUKMEFXRCEJKJJC
[15] -6.9949  order=qt  Q5=LEAVE Q6=INDIGO Q7=PRICKED  T8=[perm]15067432
    AUIRIDIENLATHPITTAYCOTEWAWEBYGKTARSAXMZHPFEOLKWRATXPVADFLOGUAGCYFLHQTYLRMAEXXMOYOIURNCRNPOLHVBALEICNZUONCTIFWXYESCKAEUYVGYJPKJIUXPQIXMEGAVHZYVBH
[16] -7.0046  order=qt  Q5=MEAND Q6=SOLDER Q7=TAKEONE  T8=[perm]15064273
    HPIAHOWOCFAPONBEUCFONBATIONICFWGURNLJUNAVIDOWYQQMMCOPCFDCTCIGNRGCCNSIALRJVKEHUEKUIEUTJCDPYOGBOBWFYTLJWCPYAHSEBFAADJABMSEIOKBBMWUCAVNDBZHAUHDEUZB
[17] -7.0138  order=qt  Q5=WIRES Q6=FROMME Q7=NOBLOOD  T8=[perm]15067432
    HOARDTHNOKHIPSCLYZEFTABCATMEMBTDGISONWAEXYTTBCCAUENPIAXXYTKFZAQQBFOGKTJGBYJUIYISVPYSELCHTDHFPWZKJGCLUPCYNOYNPJATLDIEATBOSWNSSTXIUWTEAOLEJLBVEEJE
[18] -7.0143  order=qt  Q5=GOING Q6=DREWNO Q7=GRINDER  T8=[perm]15203467
    INROWHOMBARLEACCNITHLMIKOCITIEYMTVLCCYCQTRSPHFGOLDPIXKDEAIHOSENBLUPMSRRFPMUKAKEPQPVZFOAUMPHQGPVORBOBWLEGIJIFUTTEKFLBSOGDQKRVMPFZHCPGTPLZKTKCUQJN
[19] -7.0158  order=qt  Q5=TOTHE Q6=ACLOTH Q7=BROUGHT  T8=[perm]15206743
    SEJANEXMAEWHURREMICOZITCBASTHTROSJOHNIHVZIZFHEYUVCSEINKBSMMLVKLFBOTWRMYRRGHCYAZAUMNQFSWMCNWEZDPCRBCRASUABVTLWUFPOBSALONZSYTDEKYUWRXLROOJGPOFDFEC
[20] -7.0214  order=qt  Q5=BARNS Q6=BRONZE Q7=MASTERY  T8=[perm]15076423
    BECOWWWOURCLESBOOFFORISVXGRUTSUCADZPPZFTDMQCDDABZFXQUNLDERVJFNBSZPRDVENZHANTXPGTXTEQJTSGCHPARJTDSUTFOXZSRQKVFDAFEKSYCAUFWATNPRICICXONXJKTEERRJMC
[21] -7.0216  order=qt  Q5=JUSTA Q6=EARTHS Q7=NEEDLES  T8=[perm]15230467
    QGXARDCIUDFUNENINSEANINMINCOPSYOJTWZBCLFCOBZBEUGETKEUAIWRAFGUIADFUUQOUWENDTFLYIAWZDUEFOSTBONVIJQYSXOPCFVAKQLMWECYJKHNAYCDBPNPQIMMLXUASWNOOHWVGBJ
[22] -7.0261  order=qt  Q5=ROADS Q6=AWAITS Q7=VERDANT  T8=[perm]15243067
    CGROBLOUNDENSLENSONLQLYVLYELEAOOTODELYOFPWBSAIOTTFCEKEFXOUKQUAYJKQIAHGNRLHCFTXGYTHETYEZQNRKIIBRNGLCGUZZMKRQAGMFJZDIAYGBAJMVJIESRFAATIAMAGHTLGMRD
[23] -7.0288  order=qt  Q5=IPICK Q6=SAYSHE Q7=ITINTOA  T8=[perm]15074326
    SFIOVFOHEEXPEOPHECOTICSWLATFOIAMPPEDRVDTDLEAARIJSIWRDDIMUPBCLGGSNGMUYZOSNVCSWMGUOYTUPQSWEJNIMTKDBVQBRGNSOPMYGLMXEGOLSYEUUVTJPIMMNGCESOMWTTNMMDMT
[24] -7.0296  order=qt  Q5=OFTHE Q6=FINGER Q7=THEBARN  T8=[perm]15072346
    UESTMDTYOWGRPSFACISIATDSESETETIFQUZIQPZCRSTDSISICAQIUFYBSWSNVKUOREFUFUPWYQDGZXMSCCBHEFDFSNPCDVPRWGBSNZUWLLDROUIVDBATHDWOICLRLWHERSEJAPSTCVWGEDDQ
[25] -7.0296  order=qt  Q5=LATHE Q6=PORTAL Q7=LEAVEAT  T8=[perm]15230764
    PPTEMYAGEDSTSOLIMEICLOYTAKRCOLGSXXYINLUZNDQLLXVZETZPNMWZLCGFSCETIGOTRNOFAJSIHUGCDNWYUGWMAWHELCAUYFJRGKYMORIFRRHYGUBPVGRGLYNILDGIFRDYGKNYHYJWRRUO
[26] -7.0347  order=qt  Q5=EIGHT Q6=EARTHS Q7=COMMENT  T8=[perm]15237604
    JZDIMACEKSCAPPALPLAYWODRATAKSIKPAFYHCUMUPGEUGBGFILEDAPLDUSUBTGUIWNNNIKGMZMGCZOYMBEUGYWHIBPFCHXTERRXHRACOTISPWSFXJFVEHMKVGAHIORKWCFCNVSQRMTVYIZGF
[27] -7.0361  order=qt  Q5=TANTO Q6=GOINGI Q7=NOTHING  T8=[perm]15203674
    ICTPHOSTITUKUSBMBSEDAHORICRMAONHLANYIOMNEPNDFTMQLBTYSKHVUEQBOWMTROPOERENABQOZSDRTKJMISVFBNBBQABGHHDJWDWMAWICCPOKVGAMTWYGVOXDOJVEDKGNOBOICETRXMVS
[28] -7.0370  order=qt  Q5=JUSTA Q6=BEFORE Q7=RECORDS  T8=[perm]15236704
    VCIEFSOUNETSVALINSTTOSUMQOZTERDPGTDFKANFQKPUBIRKKMIFHMAMFSRGFFMPRMPSWQKTMECFTIXOOHXJDBBSITBATJKFAYOTMCTNHLAHWCCEMEOIAATGOSWBXIMALURLTQTKFJMNAFBF
[29] -7.0456  order=qt  Q5=GRIND Q6=SLIGHT Q7=TEACHER  T8=[perm]15064723
    NWDSYILPAYDROLDDUKERDIMFLIGHSOUGSSANVQWHSSVIMSMWYSOOQWQQUISHCZOPYTTPZHNORFYUODAXTGXYTOHELAREXUACTMBDESMWHCGHGGRYVPPYEIGHJVRVGTAMTSRBFVWWJRPBMXAK
[30] -7.0476  order=qt  Q5=SEVEN Q6=GOHOME Q7=SURGEON  T8=[perm]15073426
    LIDELUTMSACTANAAGBIDPETCWEDWOOWMPYYLSOYOIWSGNLVCEAPIXRILDSJZCABHODCSLUNANYWODQGMBHNCDHKWXWCLCLCFNOIKNEXSHVIGSNIOCQNLVVNESTLUNFFVNRAAYHVUXJDASFUB
[31] -7.0528  order=qt  Q5=HEMET Q6=WHATHE Q7=LEGGERE  T8=[perm]15067324
    HJCEMLSLWEOHTMEBOFOWARITYQUARTWOHAPCUHCUIOILFDEQCYFWARNNSUBEIYKDBJZTTNOERNNGVGXJAIOIBASIYJZXWSCPGBEZPERNMTPRNZMUSTFLFOECXCYCWFNOHLPAXQEPYQTPXWXI
[2026-10-04T02:12:24Z] chunk 8000:8100 exit=0
[2026-10-04T02:12:24Z] chunk 8100:8200
progress order=qt perms=100/40320 candidates=107318484
vocab: 119 x 123 x 141 = 2063817 triples
T8 permutations: 40320
candidates: 206381700 in 23.0s (8.97M/s)

==== TOP 32 HITS ====
[ 0] -6.7828  order=qt  Q5=BEGUN Q6=BUTTHE Q7=HEMETME  T8=[perm]15307246
    UCTSDSLMPLHKARCHINCERTRICKAHLICKNSALYATGAOMLSMABACYUSXAMAKFKKTCPSLLZPTGETTOZOUMIHVPXWSNVRDGMNLIJJSOHSGNESGAXZDDUSQGIANUWLWALIMCPJTTODSJTASEIGWLA
[ 1] -6.7969  order=qt  Q5=LEDME Q6=FINEST Q7=STACKED  T8=[perm]15324760
    FVITWEHBOPAETEDIIOYSNOTGERSEGETOECGWGRFPYGNAGTTYFOAZAFDCRPOLGLATYKMFVSLYPIGJQGAZANDCUDRMCSRSSXUNDJDVIVXKKONNBYMENELHEVMECHSLQLESSADNYWBUDQYTBWJR
[ 2] -6.8637  order=qt  Q5=HEHAS Q6=GOHOME Q7=HAMMERS  T8=[perm]15324760
    SPOFOLLSMPINCDFUMEROOPESSPULTSUSRDDECVNPPDSZFTARKFFQBOXKXYNSTEFGMEBAVUKMGRFCFQHPSHTLLQUEWHABTTOTNKMTUSBOHSTWCSDUUFDMOBURBGXWWLYCECJVRDINIXVWBKIV
[ 3] -6.8731  order=qt  Q5=TOPIC Q6=TWELVE Q7=MARGINS  T8=[perm]15270463
    HLRYNCSATOGIUDBEERCHUNMOLLALEPOSEXGACSNZOJNLSAOHAGSPGNFHBRPTJAKFSFIBYSYRGSQMZRIDVTWQLFUTGNXGNRPDLNTELLXVUKSZEAOFXTIRRICCAMNUERGEAZTILSIEDOYXZQGT
[ 4] -6.8968  order=qt  Q5=METME Q6=INGOTS Q7=STILLMY  T8=[perm]15306472
    FMIYARFMTRAMDIANYRIUCERETOROFCUNSBWQUUMZANEPHRMNFRLWKNHOSIKAISWLOISWXQJZCPLHILDVIBKIJOEFRWXYNVASCKAYAFCLHDUINAXUACKRLRLPAYBSYVJGGOEDCNSTEAEBUPRX
[ 5] -6.9276  order=qt  Q5=WROTE Q6=FILING Q7=GRINDER  T8=[perm]15260347
    MCORAVEHILLWMBXATLLOCTAAREGNTOWBBNNYMXKTWWHATDLAIXGQRAGGEAPVRRGOGPOLHEUBINLCQYKLLISTYATGSWYEXKLGUTHLIGKHMHNDTMIWTNLRXWWTFJOSZEMUXNNOXTTWESGOFSTK
[ 6] -6.9356  order=qt  Q5=LASTA Q6=WERISE Q7=PRICKMY  T8=[perm]15324760
    TAPHRWINHUABJECHEYOANBEFTOUNTEEGAFZNCRMPUMIYRKBMWJYLENVUKSEHYMELCEEQUHQYHACOSGGZZNAXLLIMWVXLOKZFVSNZANLETTKBEDPNKUYMAIHERHYRLMALTADCPMACHLXQPKFB
[ 7] -6.9460  order=qt  Q5=METER Q6=SUCHAN Q7=PASSING  T8=[perm]15320746
    GGSEXGLEDEBALCABIZKYDOUSTOBENPGYFONDBYHUSUBOOPPEYFGWRIKZNPFIAPEEPERWADUDONMTDABTLRAXYKKXSNPPRPNHCGTKIDNNXTIEJLQORKBDLLDCLCZSGXVPBLNVNRAMKVAOCLNV
[ 8] -6.9555  order=qt  Q5=AHAIR Q6=CLOCKS Q7=LIFTING  T8=[perm]15246370
    HSMECETSEDIFTCHIGETOANLLPQTEIBIOGSDUYWJADOESPUUIIYRJDXPARWHYOTLOAPDBEIQETUBWJPBEDPIHDANMPSCMGXBNYHENBVHUUSEMFUJPLRATGNGYETTVXVBRMXWLTGGHMSWRHEOH
[ 9] -6.9604  order=qt  Q5=TOPIC Q6=TWELVE Q7=MARGINS  T8=[perm]15273460
    ULRUNCSAGOGSUDBEERCHUNMOLLALEPOSEXGACSNZLJNOSAOHRGSCGNFHPRPCJAKFEFIPYSYRXSQAZRIDXTWMLFUTANXNNRPDJNTFLLXVHKSSEAOFXTIRRICCRMNRERGEWZTZLSIEVOYFZQGT
[10] -6.9631  order=qt  Q5=LASTA Q6=BRONZE Q7=WROTETO  T8=[perm]15324076
    LLCIWERLERNWNMECOACOFDATUTOFLEGYPVPZXURUAIDFARNKBSXWWBAUTYYNSJUKHUONOADRGVQIDNNYVTYUFRCCKDDARSWBZGUUXXNEKSAMOCHBTURAMZAECBPFFITSJBSWIBERVSRROVKQ
[11] -6.9699  order=qt  Q5=LATHE Q6=PORTAL Q7=LEDMETO  T8=[perm]15260743
    PPREMODGEADECTDIIIINRODREKTTYLLDXRRIEHAZVCQSZYVYDTZOIMPXLCDLIFKTIDCPRMCFTQSAVUISHNKJAGNVAKGTOSTUOEJMFTCUTRICTRMRGUORAJUGLZWGMCLICODVTKDZMYNITRVC
[12] -7.0041  order=qt  Q5=IPICK Q6=GOHOME Q7=TOAREAL  T8=[perm]15304672
    NGEREDSWEQFRYWPUTRSONUTWAYNOFHOOKYOQNSRJAATZPQUHBYMGXPOAIPPPPGNYRUSSHJDRBJAYCPOPAVFTAUXLYHHKOGUDTHLFOOOZCIHAXFAHDFUBGRHEESFUWOIIPSSXIMEIUWAMLDMM
[13] -7.0055  order=qt  Q5=UNDER Q6=PHRASE Q7=THESAME  T8=[perm]15320647
    FOPMANSNEGSIIMITPREDLPFSALCHNTOTVGVHVXAZOWTOBAUWAMELVOPSMWBWIPLIWEVSJNJOWKBCOBTSVBPBTWLPIYORVORQOJEKBDXRBARBNSPPURSHZNTZDPRUIOCTEXZWMAHENSEHGCOB
[14] -7.0089  order=qt  Q5=TONGS Q6=REREAD Q7=BROUGHT  T8=[perm]15324607
    BCKWHIPCODAXPKSTATOFTCIEFORBIGTSZEWYAXJDVNNNFOYNKFIAEXTASWETXXIOSCWQJLYAJFWKOVLDFFWHCTERHYOHMOSSKLOTPDESYJRSFXXQMGCNVDBLBKPCUTUEWKCJDTVTSMINESRM
[15] -7.0111  order=qt  Q5=WIRES Q6=WITHIT Q7=NOOTHER  T8=[perm]15326047
    KLIGFORFRAWNERBTANDEVEMNAALKUIMCSGMTIFUSTMTGSKSQJWIQXOMGRBORFGDNUVBAQLGZPRNADCBSLXDZJPKAKENIETHMUBNWPWAASCOTRNCDWLGGNYHFDFCABQLUDHAILLNBXIXMNIPL
[16] -7.0131  order=qt  Q5=LATHE Q6=TEMPER Q7=THEITEM  T8=[perm]15276403
    VQCIGHESKACBYETOUBUSINDSDRSMETEHSUDMKANVBFSWGSYOBEOOUISRLAODHZYIDZETTSFYVLVRVXIDHRINPTHIMCZETSYMXMFJOWALMIBXDYRFABPXPDXOOMCUYFAIZCGOTALYSZEVNZXG
[17] -7.0259  order=qt  Q5=ROUTE Q6=ISTUDY Q7=ATURNOF  T8=[perm]15273046
    JEVHACILCOHEOSXGSTOLAKTOGAYINGSCANLTBEOIENRDEMYNQGNEFCUYWBSYEFKTVTJXAQOGRQUQHPCOJVOSOCVQAHDUMHEMNFACHFIFJDUPNMTYQRBAXAIRIIQTHAIGROIVQNOJJMJURNDD
[18] -7.0275  order=qt  Q5=FOUND Q6=INBERN Q7=FOODAND  T8=[perm]15246073
    KWBAANDUISPIDSAMOTYLYOFAOUDRIVESIKPWIHPTUTVNXBEHAVPOIIHPHLJXYEPTOMAYTANLLCTJRABAMMKTKDSVGDRWSZMCORCMCFYIITPUVMBGXQZKRPEEPMAOHAJUXAZAGFEHJGGWEYWL
[19] -7.0301  order=qt  Q5=ANDHE Q6=WHATHE Q7=TOAREAL  T8=[perm]15326074
    OHRWEMANUDLESCITYSDEBSDMORHEEPSSWXXYNYMSZLDEEPSNWBYXRXLSCCRMVHBXLPAYUSNEMYHEBBOCAASZHQLWRPNRECGMUDYYJIREBXYFYMKZTASATAVKKAKLDGYEYVRBKTEXXYZXMUNG
[20] -7.0322  order=qt  Q5=INTHE Q6=ANDLED Q7=HAVELED  T8=[perm]15264307
    EASWRAIDIBIRIETAXPORTCDNEBYCTYPQRAMFAHOUDZNGAXKEGNVNSNMBPKQAPOFMLAKACKDGBGLIAOISYHIHMOFQOKSHMAALCMDCWSZKBNPAIATQWSIGUVFSEGUGIGTFVZYJGIOVXPBMESSR
[21] -7.0356  order=qt  Q5=UNDER Q6=MYEYES Q7=ANDLOST  T8=[perm]15263407
    RFEDVDDYONPAGEQTDUCTSOMFTOSRETXOSTBSUERSCCCMORFHERPRGFVZCWCMURELILCRNOEOPRFMXDUNIIHPVTWWQNUEKEERPCNWYTQZWCLUWQYIXRKRWDURBJBTLLKEDMBPXJYLMGOLNCFY
[22] -7.0362  order=qt  Q5=AREAL Q6=IWROTE Q7=BETWEEN  T8=[perm]15326407
    LLCAAHOORSOPDOEWICZMINGLEMBAULLVCKKXXUCAZAGPOSBPPIYMGOIPDRUJSNELHSEMYWZKETHSBPHHAXETBOMGZNZSLMUTNXEIPEBPYNXHXPYIPBEYNREOANCWPEXWTNEVEXOBERDAJSOU
[23] -7.0386  order=qt  Q5=LETME Q6=ITDREW Q7=SHOWSME  T8=[perm]15276043
    RWWONEPEOIRSCUDAITTSFIDFLSPROBSCOFLQMQIVANNKUKVYAJGCSGHIFCASBULEECHCKIDYBFYVBKKWXWBKSEXCOSUFNDQQKSHMGIQGEITBCAYLEBXWZORAIRCLKWJVWPEXFBZDGRIDSWTO
[24] -7.0473  order=qt  Q5=MEAND Q6=SLIGHT Q7=SAWSUCH  T8=[perm]15246370
    LLWRSFCLOFHELTSBLEWSEPETUPASBCVSWBFWJFKHUCZDZTTRGTHTQJAUORENLLSBMCHYARSXVICMTJILGVEEITRFOCKSEOCTMGBHXZERRYBCCSORHAJLKZQSEVMBEFZCNCMSSQYHOYSLTMSD
[25] -7.0516  order=qt  Q5=STEEL Q6=INDIGO Q7=EYESARE  T8=[perm]15270346
    BRDADOLDHIRONGBJESDOWPGOORRPOSEMFVCPEMGRTMAUCHFTUJDUHENELKSEMTOZFSFDXUNGDUUDGSTVYIJUUNROBCSSXWWVZDJDJOEVCAUJAEWDSNFRORSHZGNYCKFFYKNQOUURREGEFYRU
[26] -7.0550  order=qt  Q5=ANVIL Q6=MASTER Q7=SOTTILE  T8=[perm]15320674
    CUNNTMLFEALLIUMTORDYITTTTTOOEAEDWGRDXKKVIARLCKBAHAPRIPZNEWSNWEKUEJCNESWUPOORLTQGAPGHERNBXWTSKEBXLEKVVVIAGVOGPIGOYJBEREUYMLFFWPMSCGKBZBYRJVNOLUUN
[27] -7.0601  order=qt  Q5=ANDHE Q6=WHATHE Q7=TOAREAL  T8=[perm]15326047
    OHRWEMANUDLESCITYSDENSDAORHEBPSCWXXYEYMHZLDEVPSBWBYXNXLHCCRMOHBILPAYMSNHMYHELBOKAASZKQLERPNRZCGTUDYYMIRCBXYFRMKKTASAIAVIKAKLBGYGYVRBMTESXYZXUUND
[28] -7.0620  order=qt  Q5=AHAIR Q6=ALPINE Q7=ITTOTHE  T8=[perm]15270346
    ELYTWEIFIFUMMERGYOLDPICYTOEALHZEKONMAOLQDYILGHZIZTHMGTTFDYPVYCJLQSENHEBUPQUVWKSUCBREIMODRSGQAKBMDJIXJJKASYPUFSJKKALPOMVQTFORSNSJFLILLIJAFFTPHJSF
[29] -7.0636  order=qt  Q5=INNER Q6=BRONZE Q7=TEACHER  T8=[perm]15246730
    QUEBESFINOPYRIRYHIDEELDGZPARAAGEYBWYYSILEAGXBXMFSOWZQXFBCOXZZWLOFURFWLKSXDCVXZLWWIFIXNNRCCHWOWTKSTYISATUAREYFFJTNTGRCOTJBQGVAULTRCLROQLICJDDNKZR
[30] -7.0637  order=qt  Q5=FOUND Q6=FILING Q7=THROUGH  T8=[perm]15246073
    EMPBROCAWSJANSSOLILRICELGEANONMIMYAECVZFCSAHNCOKSBEOYAWPGTYCLUJBTYIMRZCHXMAMOUYIHKHSEORWAVKCHZORHRBOUWLZYBYOTBOOHLSCTOIZWKPGYCRJNBNNFXNHPOVWDICY
[31] -7.0644  order=qt  Q5=HASME Q6=ANNEAL Q7=FINGERS  T8=[perm]15260734
    AEXOMEOYELMESEWASMANKPTHFIILSGARTNKIEIJMYBNUGPVPRUSAKHYFTVWOOROXETDDEDLBIAHIFXPCTFRWVXMMPPECNFCXTQZCTCPSEYEWYGSNJGMSTDJMFYBKWEMUTPGLOGHFWKHPLJED
[2026-10-04T02:12:47Z] chunk 8100:8200 exit=0
[2026-10-04T02:12:47Z] chunk 8200:8300
progress order=qt perms=100/40320 candidates=107318484
vocab: 119 x 123 x 141 = 2063817 triples
T8 permutations: 40320
candidates: 206381700 in 24.4s (8.45M/s)

==== TOP 32 HITS ====
[ 0] -6.8950  order=qt  Q5=GOING Q6=FILLED Q7=DIGETAL  T8=[perm]15340627
    OLYUWGOAFIEAOPARDMIBERRWARENAMYFTSLLBJTSNSDUTKATDZZNDRNADAPAARJLOMMPALGNAFAMDXFLCIOUYPGCOYOBNEOSUTKPJQGPKZBYXVSRONHJUIEBBHWSGBBWEWHWIMEAWORUPFNV
[ 1] -6.9175  order=qt  Q5=FIELD Q6=GOHOME Q7=THEYARE  T8=[perm]15374260
    MMPMONBORSINFUMBUTORYCANMCDITUTZBKFWXSZMORZBIVAXEMEWRZQNTXNMDADDAQLHFFFDWAREPAWLXHMYWIXNLDTHKRLDIXCNTMITOMVAISFCBUXDOESVPJBLNHBHBUNMZDTORORHQIZG
[ 2] -6.9345  order=qt  Q5=FIELD Q6=LETTER Q7=DIGETAL  T8=[perm]15367024
    KENDVWYBEOFSECISPOFISTUBYSHDOTOSSUQRNXBVWOCRCHLOKSGVNFGMDXONTUTEEYPEUALGLMWSIEQGUMCSIBOXBHRYPKBVOFINBNUDFGXIUPLEKTFUMSYQLBHUHMYEVGIVOXTOUMXYDIBU
[ 3] -6.9489  order=qt  Q5=AZURE Q6=BEFORE Q7=WROTETO  T8=[perm]15364072
    RICSLUGMAEBOTENAEMNLISCALTYEMARKAGWCSVWOIWDOVZDEEMSNSEXUORTIJHXLBOFQRLNCXIXGJTAHZKKXBRUBRSGOOWXMAHBOSSGTITGPBULTGXLANXHANSOPSZHAFMOOKRCZYLWGBMJW
[ 4] -6.9541  order=qt  Q5=AZURE Q6=EARTHS Q7=NEEDLES  T8=[perm]15370462
    PCHRWNOTXSITTHILILDHYETHEYSESYEORACMTQQBMREZTQLCHKAHSDERWMEHTEMFBTPMBLSBTGPAGGMHSUSYAURYATCGAMFDXLWVFOWBPCJYUNQOGNBOIMOENTDXZPEOUGFPMCNERJGJOCNK
[ 5] -6.9623  order=qt  Q5=OFHIS Q6=FINEST Q7=THEYARE  T8=[perm]15370642
    NEPHYATMITAPNGMCDBOUISBYWSESISFMKVLEQNIJFESKEWYYQFHQVBSJAIOPVKUSMBWREDSQDZKFFELEXEOEJFSDEUOAKWKXQESLXYEVENBEDKMSLTFAHYKALCAGRYARINSYOYLSTCBBEFRV
[ 6] -6.9699  order=qt  Q5=MEHIS Q6=PICKUP Q7=FIFTEEN  T8=[perm]15376204
    HETWCEADAHTRMODSSAGENDIYRICCUSDLXWOLEMFWWOXZCNANATCOGOFUHZLYOLKCTUPWHGNUFWSKATHDANYTOXMNKFKKUABBUPBRNYLFOCVEMVCDOTEMDPFKTCBQTBVKSYSQHQTPPSPKWWPU
[ 7] -6.9708  order=qt  Q5=MEHIS Q6=METIER Q7=PASSAGE  T8=[perm]15403276
    FWITMEANGOFMALASTAYCDTAYLWFPGJRFISWMHYITOIMLYYANPLVKWEITMMAPXNBGKPFFOSLROZIRVIMMCBDWHDOPAFNHGXDUEIVLGYOANPHKRTOYNHYSAFTJRNEEJMDBBEQCYAAPIFFVIJOL
[ 8] -6.9768  order=qt  Q5=UNAGO Q6=ACLOTH Q7=MORNING  T8=[perm]15347206
    RNHORIBSEUPTSNSSKHADALWECHELFSHVNFPWCJLIPMULXVXDEOBPLMUIMEUPNAKSSMYSRISSKJUDAQASAYMRAEINIQZMEIOIRVVARQITTUIMRZCDWONSVWETAMMGJKXRECJNSVWAWXNGGQXT
[ 9] -6.9829  order=qt  Q5=EIGHT Q6=NEEDLE Q7=REVEALS  T8=[perm]15360724
    CIRANTEHRVANWWWIENDEEALUCTWGETUPCBORUGTTOSHBZCBFNUEAEYAWIQNIKESHFDRSAMUDNUNLQBZULCLDYGIHRKEEXHBEQUQWQCHYKLVQVSRFDRAVBHDJAZOITQCKGGAYFDAGAPINGGLV
[10] -6.9864  order=qt  Q5=AZURE Q6=HEWILL Q7=FELTTHE  T8=[perm]15340627
    AOFVNOIPYIMSJORGSFOALANTHETULLYPMNNHJDWDFEKUVIADSPPWOFFWBAECETDCOGPRFREVUIPNJCSNJWFFKLCFLJIJERBOMBDEFKOMYOFEUYZILBDAUTPRJQMKYGDZNBHIGFEETMDARXPH
[11] -6.9950  order=qt  Q5=PEACE Q6=WERISE Q7=ONEOFMY  T8=[perm]15374026
    BEYGEEEYMUSMISPYHOSPAYARRADMWISQOAGOGTZYKHFORMAELDULHYKOVGQHTHRAEPAAJDCCLSLNYDADGPANEGPDGMNEFZEHMOOPZNYIPJPEDQMFHXADLHXQJHRDGSPACAUOYENTDTIJITFM
[12] -7.0013  order=qt  Q5=LEDME Q6=FINEST Q7=STACKED  T8=[perm]15326740
    FVITTEABOPAEGERIIOYSTONGERSEDEAOECGWORQPYGNADTAYFOAZNFXCRPOLLLPTYKMFXSIYPIGJHGGZANDCCDGMCSRSHXGNDJDVJVWKKONNKYKENELHVVAECHSLFLNSSADNDWKUDQYTWWRR
[13] -7.0149  order=qt  Q5=ROADS Q6=FINGER Q7=ATURNOF  T8=[perm]15367024
    NYKMEDVEHMARVLANONCLABDAUXEDINGVSUPINJDYDQUIJKFELCQIATXTBTTAOPXFKOYVIAOBMOWDTMLORTIMRKMPKQVEPJVMVLDZEGIISMNELHILAVGFXPHRMSGTQBQVSMEBNTTZIAFACRTF
[14] -7.0161  order=qt  Q5=AZURE Q6=HEWILL Q7=FELTTHE  T8=[perm]15327640
    HOJVIOIVEIESWORTSFGACANTHEEUDLYPMNRHBDWDXEKUVIAXKPSWYFFPPARCUTDHDGARBRELSIONHCSBMWEFRLCDEJBJMRBELBLEOKONUOGEQYZVLBOAKTPRDQVKXGDOCBOIVFEUJMHAWXPY
[15] -7.0186  order=qt  Q5=STONE Q6=WINTER Q7=THATIFI  T8=[perm]15370246
    ANBIDXOREDKSSOFILMEODUCOOWOMSTAXRHHGLSXDUMUVDRSPRAFGXZSEIOYZYWXCBHJYVBYOFNGAEWYDUMQSKEVXQBVICTAMSJYNVERAYZHRNGPLUPLTHAVOOUABSKEDINXYZXSJOGTZDRGN
[16] -7.0190  order=qt  Q5=SPLIT Q6=PIERCE Q7=REGIONS  T8=[perm]15372640
    EWZEPARMCHAAAMOUHEJORYONUADMITMHAHUSIHDTYMPPNNDKYLTEPPZQVZOESLONZXWKRROZZFRPWTPEQSOCTHUTTXXNBOFMNGMSMLNTNOXZSTATHKUNALYOVJOZBZYREMHFJOTGCRGIUBNY
[17] -7.0205  order=qt  Q5=STUDY Q6=VIENNA Q7=TAKEONE  T8=[perm]15372406
    IKBYGEDEMERDEMPARIYAHSMIOACLAHILURBAMWBHPJPFHOBKRJBOKFCIRAGUSJQPMIAVASQSXUPEXRNKDGLGQMEFGTKIRORVRTQQNXVCIDLFKSTSBGLWFURBOYOFUXFRUSTIYATBORZFENVI
[18] -7.0224  order=qt  Q5=BOOKS Q6=TOOKIT Q7=WROTETO  T8=[perm]15360724
    OISFIRESOUNSAMOFHICYUOEAPCKSONTKNNSITMOBWXIFQPJHWPTMYNAACVKRHHUJVEAJHRTEAVNLARFJAZHSNSVGGMTOVPILSDMIJAACOBMKSSWAXSEFQNRZCSKCLOFXXYBSDBULKHOXKLMX
[19] -7.0244  order=qt  Q5=AZURE Q6=HEWILL Q7=FELTTHE  T8=[perm]15347620
    HOFVNOIVEIMSJORTSFOALANTHETULLYPMNNHJDWDXEKUVIAXKPPWOFFPPAECETDHDGPRFRELSIPNJCSBMWFFKLCDEJIJERBELBDEFKONUOFEUYZVLBDAUTPRDQMKYGDOCBHIGFEUJMDARXPY
[20] -7.0246  order=qt  Q5=BEGUN Q6=WINTER Q7=KRYPTOS  T8=[perm]15362074
    BZSHGPENSAIDOFRAMELTSMAKUSBNECHEINTIOPWOPQHAVKUYRPTEZBKICDBMYWXUJLAOTCOAQMOFTNXOMVUGDVOMTAYFKAABOLOXWOGOZRXXNJBMBHWPASCSPNGLAADEHFEYBKQYAJRKCALH
[21] -7.0271  order=qt  Q5=AFINE Q6=WITHIT Q7=KRYPTOS  T8=[perm]15370426
    DXKSCRSUGOUSTHOLDSTFZABASANASHELLEKGIRHEWJCCDLOWDESKMAGNKXDWOVFPLIBPNARAAQVPZHIIDEPFHWBORFEEQZTZOIWVQRYHKMENXXXBEGJTFQRSLMMCTOAGCDJXFYBDQEMBUVTL
[22] -7.0319  order=qt  Q5=TRIED Q6=PATINA Q7=SURGEON  T8=[perm]15326704
    BWOPARLEDSPAWLLAPNAUFEDWHEENAMCNYMMAIDFINEWOUCNKEHMEOOHUCPOENITAVJATPQIMVKMONOFHLHXTAHMOSDHXNAWMEDSYQZJUSHZLGKBBFXAOZNMCFFFCBMFMKKZSGFZDSRXTVFIR
[23] -7.0337  order=qt  Q5=INTOA Q6=FROMME Q7=ROUTETO  T8=[perm]15374206
    NRCITGENOFDELLARMCHOHUFULSFINAUWFVUWTAKTDPDALTHYVYKVSAPKURUNTTWFJAFUTBIITUCMOLDHHNVQTZAEGDBLZJTPEIAMLFLLVORTKCJXPJMCSYGYBSVFNLDBECFEGPAOXBERPANW
[24] -7.0362  order=qt  Q5=TOPIC Q6=ITINTO Q7=AREONLY  T8=[perm]15376240
    UJDPILMEINBWEASININGPYORHSPMHIGAPXDBEIONEKYXFGVVQLONSULEDOCVBYVUCBVEZBPGPAIITMJNYXXNAENDURNVYIUFAJANROBLHCAUTVEHRJWJGIQKVRFNDEUDCOPMVDCZVAEZGXSM
[25] -7.0377  order=qt  Q5=METAL Q6=WERISE Q7=HAMMERS  T8=[perm]15342760
    MWLYLGADOBUNETHATUXHANASENTLQUAKXKEAZKSBEDCNEJNEJUSDNOPJEYEUDOCPNAMEIKBMGUMUQTTFITGLCDBECPMYYQSKCTWCESBZJMWAMINELFCBXBAJQAZGQGMGXHZVKTLORBNSDJEV
[26] -7.0389  order=qt  Q5=ALLOY Q6=BEFORE Q7=WEEKSIN  T8=[perm]15327460
    CGESTDPIMHOMANCHDKGITHUFACPRESHIOXMCIQIRGLZLYPWAQRLUAFNUEUNYMEXCCZZPIFIOVIWYUBLWAGTSILXYUTSGKGMITTGTZMIHATERTCOSKDKEWLROJBITLEMCVONYFWLEMKIBJJDB
[27] -7.0463  order=qt  Q5=BUTNO Q6=ROADTO Q7=LIFTING  T8=[perm]15342760
    UELCREFGOOUEILLHYITHTERSAOVIAONDHRMQPFYUOZYOWNAZNDYECUNZMZARFCVNZPMGODLSIPQMOASDAUWTHMXTUPLUHNBFPPYMPJKRITANJPOZJXWFTUJOMCAYJVREFNAKIUIKADELEPNT
[28] -7.0479  order=qt  Q5=JUSTA Q6=HIDDEN Q7=HETELLS  T8=[perm]15403726
    AORIALSTHEBSIPIDVMIKEHEIIEMUGNCNAMBLTBILPMGQWTGEWRAWKQHHLRROQRIEUIKSSIBVNRATLQPSKNTUSTLUBIEIEJTHRXMLLUABLZVMEIWSJPRZAUQMPAGLEANPIDXPNPVKKMTVKAIX
[29] -7.0491  order=qt  Q5=HEARD Q6=HEWILL Q7=HETELLS  T8=[perm]15346270
    ONOIAUCIEPOARDJSANDOINTYBLIHIMEANJMOTEOJHTMUDROSOYPXFZLGIULPLISJENEYCAZAABBCCUUJTXALZDFOXHSYZHRZYRSFMAALRVTFHJNAPBTNVILEPUQGKECEVYBKSDJCWNKGMFVD
[30] -7.0495  order=qt  Q5=IHAVE Q6=ATLAST Q7=ANDEACH  T8=[perm]15406723
    VIGAMIOUATHUPHYSYSHIWOASMAKIAVEECERHDFJKLSKLSBWATINUTROMXUBEFRTPHZHOISJDNQSRUIZAQGJFJBCWOBEBUUEHWKKALLXCXDKNKSSBRMXELOZDPNOSQIQODCHWLPGXFJRARCRU
[31] -7.0539  order=qt  Q5=ONTHE Q6=SHADOW Q7=MEATTHE  T8=[perm]15347062
    DBPHORETITSSIIDEEWITCFTUNDPLDEVSDEGTTBAIPEBOVVNCQQPMBNGYUPEPUAXKQNQIISMLIZDKBHDISBPNYJOSLDEGMPRAOVOJDKSPHSOSJZGAOILSLKVIGARMHCWNYGDIFJGFTPYTGCWC
[2026-10-04T02:13:25Z] chunk 8200:8300 exit=0
[2026-10-04T02:13:25Z] chunk 8300:8400
progress order=qt perms=100/40320 candidates=107318484
vocab: 119 x 123 x 141 = 2063817 triples
T8 permutations: 40320
candidates: 206381700 in 26.1s (7.91M/s)

==== TOP 32 HITS ====
[ 0] -6.8249  order=qt  Q5=ONEOF Q6=ISTUDY Q7=MOLDING  T8=[perm]15462307
    CVBPOLTFSBFEATOITOTOURSIPARUCEDBYTOKEZUMGTSEEOPTERMQWFRYOLDISDBNNTKICMLWXDJGGYMWNFDYVTWDLZSWMLBENUMSJIFHDUGGDUFGGZWELPNCIOWQOYMQJUTJSAFAKSERGTON
[ 1] -6.8269  order=qt  Q5=ATURN Q6=REREAD Q7=ROUTETO  T8=[perm]15437620
    FSTCOVPAGAYHKEKHANEXTLCANTODAVEXAARVHSNZMNXTPNOINSOEVFRCOLLPVCFPMJEAOPSZIIDUGRZVHISUQWVHHZBXERDECHLMGYEPIQWHBGORFUEZGMNEPEHUJKPERTLIMWOUUMABOPCC
[ 2] -6.8341  order=qt  Q5=TANTO Q6=PATINA Q7=MARGINS  T8=[perm]15427063
    HORIPGOVSEPLEENEIIDBPNORNALPRESJGEDEASEOEMAMBCSOFASPPBLIDGFFNULOJJRBDFOWCANQWIRBRTSCIYKPYRRRBHDGINRLXNCIYYAGQRFNYNFLPRWEUSBBPOFIUOULLAKHNNLMHQKK
[ 3] -6.8552  order=qt  Q5=WROTE Q6=TEMPER Q7=LEGENDS  T8=[perm]15460723
    VPEPRCHSTORZAANDHEWAVFOXLSEPDAALXSTZBTAMSTUDYTJEMXMCRDVESCMHUSAIELTHOMZBZONVEDXWXMFICROPODHTTHAWTPANRAZNFVJUUGIABUXVLDKPDVSJHMVBZGIFTTNLRCUBBBHJ
[ 4] -6.9333  order=qt  Q5=INSIX Q6=CHISEL Q7=THEKNOT  T8=[perm]15432076
    EOBTHSIWPLEDSUPEROVICTBAAETOFRBAEWRTBYDCVXOTQQGNWUHEECHERYOUXJFUXEJEYTNVSYILUSQMMWYRTPAKUFEPPYXVERECEDDFKHPSJWODELWMYEEAWPRTSFDSIBIMKPWDYMURSDBA
[ 5] -6.9528  order=qt  Q5=FORGE Q6=WORDOF Q7=ASKWHAT  T8=[perm]15437602
    ODNOFFARKESBUSYCHMICKETHCYTSLRODJNQCJRHOWLOWSVPTTHASZUDEAENJMEAFXTXTJGWULJSHIGJOYFGBKWJJIYQWTERREIWKOSSQWDXRAXWYGSAACDDEZELAWQKDYQNCLEFFSANWQYKY
[ 6] -6.9569  order=qt  Q5=ONEOF Q6=ISTUDY Q7=MOLDING  T8=[perm]15467302
    CVIPOLTOSBUEATOSTOTOURSIPARUCEDBYTOKEZUMGTMEEOPMERFQWFRBOLOISDBXNTOICMLMXDRGGYMFNFFYVTWBLZKWMLBLNULSJIFIDUSGDUFQGZWELPNCIOLQOYMKJUQJSAFLKSWRGTOA
[ 7] -6.9572  order=qt  Q5=INSIX Q6=CHISEL Q7=THEKNOT  T8=[perm]15432670
    NOBTHSAWYLEDSUTEXOVICTEADETOFROAKWRTBYUCOXOTQQTNXUHEECGEZYOUXJHUKEJEYTLVSYILUSQMVWYRTPPKHFEPPYOVERECEDDFWHPSJWBDQLWMYEYATPRTSFPSCBIMKPPDSMURSDTA
[ 8] -6.9687  order=qt  Q5=GOING Q6=ANNEAL Q7=FINGERS  T8=[perm]15432607
    IGGBEFURNITSPDPANCYZOOODAJMITERSGMHXWSKOKDJQNTTPFNEFNGTHDGWNDPZUEONOXBIFKSTMEILANHRUCZOGDRGTIEAMAEUHCEEORPQIREDMMFYYQRKZOTRPZFENERPDLFCAHLWOVMLG
[ 9] -6.9717  order=qt  Q5=ROADS Q6=HEDOES Q7=MASTERY  T8=[perm]15430672
    APXSHCMEDITLTOGALETHTOLYNDRAPENQFAUIXCRDEZWNVOKASYBOSATTCCDQIEQGQIKUJZLYQSODEYRMCQANPRRVANJSHGNPZOSCTOFXPILUFKOROHIOPICVKZUMYGXIBWRUVWATTDEXESBN
[10] -6.9833  order=qt  Q5=UNDER Q6=THEOLD Q7=THEROAD  T8=[perm]15460732
    EOITNOMERIAFONWAMANYROLDENSIDOESHKFWGXLHOZMBUHSKAMSCKBCSBZXBEHONFFZLBVBTVOIBCCHSLFMASWVSSHXDPAUTILMKZJBFZCJBXBRCDYZJQSCLCPQNUALWROASUAANGCHHTEOD
[11] -6.9901  order=qt  Q5=STUDY Q6=ISTUDY Q7=WROTETO  T8=[perm]15472306
    PIDTNOWROTLTFALEORPTYEAINDONZZLAVHWQTRVSRRLDADEQHSUUNEOTIELOCHABAIUCNDDLKETRDGSTXOIORAGLJXGAFXLUWNBQRDWAYISIECKDXXNJDBJQMSNNTCKJWEAQTWLRUKUNAWKR
[12] -6.9912  order=qt  Q5=IFELT Q6=EMBERS Q7=SEEKING  T8=[perm]15407326
    NELEVPEOPSTHESYKBEARATJOSEROMCSGSYHXJNIDFANAUIBHSCDLJVMFDULPKOOBBVWPNDRIDVHGPDNHHPAFQYUYAPBTBUYPECIMUYALIAIIFLXEPPKZQGDZASUMVHGBWWENDURWTYMWEIGR
[13] -6.9936  order=qt  Q5=LEAVE Q6=POLISH Q7=KRYPTOS  T8=[perm]15432607
    RCHEUANCSTEDEUNGOTDEPAYRWADNHTMXTALCCNCDNAHNHSSDGUWNFQSXMOFBLACKYURBNSXWPRISSFSHRESURWMRIYGXGUQXRASKWMTFOAPLFBTBGKZVWRXJNPUPXEUPRCAPPCRJNCQUSVLW
[14] -6.9948  order=qt  Q5=RIVER Q6=MYTRUE Q7=LEGENDS  T8=[perm]15426037
    PXFXRURSULSRYCIANDDESKETDEMENAEISRFPSVHNUSJWKYUNJLOIKNPLPQLWPRDBHPSPFTOFOANPGCAJSSDDOSMMIDIGRCSYRUUAGCFUSQNNKSSMXTIFLUPFOLACHTXAYZMSZSMCEBTTMVQP
[15] -6.9964  order=qt  Q5=STEEL Q6=PORTAL Q7=MASTERS  T8=[perm]15420637
    GDAYANKGMOVHESEPVVARTALONEINSIZTLADLDECBDEIXQROAFWATSUTCNSFBUMUTGZGNXEJUREHTFGETGVMTPYEADWZQNGFZEPWMPUNRWEVOVUCKOYUEGFBISSYHUNDNJGCQZYOBCUYEIBBT
[16] -6.9993  order=qt  Q5=COUNT Q6=INGOTS Q7=SMELTED  T8=[perm]15470263
    DDQSTLLOGFLOOSWANDTOELAVAREAGYOSYHANFBCRKLESJDBCHBEOFOHCMDODGNYSMYDOQNRUKYEADKICERFLJKCQFESPFZVUHRSLXMSTQNJYIRSQDQYVALNOSFDHRWHFLFGYZMABXPGPFUPR
[17] -7.0021  order=qt  Q5=ANVIL Q6=GOLDEN Q7=WILLLET  T8=[perm]15476023
    VGLOWSTRKHELSTSAUVOSIALANTNANOSSUGKLPILVXVIRNAPUNMOSTCLOSAPDTNZHTEWOQAPWSQJTUUTTAUQHHNWHWEWFDMQWRQLYGLNVOZQBUIFAYHOFYEEHKSDKAMNYAQARSNEZEYKDNOKM
[18] -7.0050  order=qt  Q5=TRAIL Q6=GUTTER Q7=HAMMERS  T8=[perm]15462037
    BWEDPEOOUNTAOFTOFYKEPHAOMWEWYOFPPPSGPGPBETJTOIXRLELUMAJUQDXDGONTFOFALEUHQPISEEBYVZOJWHHWPGJEQWQLPLFMIKVAJLYGQOOPKHNCGJICEANDLEJANZBGNFOXYIUUMEAY
[19] -7.0062  order=qt  Q5=PEACE Q6=FILLED Q7=THESAME  T8=[perm]15426037
    QFJIGFSUANNMINOFCOTSFRACEBROMULEQOAIGKBOUSXCOIURNAGOTBLWAJONNDAAETULNZKHYRBPVFFUVSRBHHEVGNHLKWEGPMWTWNNYTITEGUCRDTGYQFDJSDHASXUSNTFPIBMNTDTYJAUE
[20] -7.0106  order=qt  Q5=ALLOY Q6=WORKED Q7=IPICKUP  T8=[perm]15436702
    YRHEPOWYEINFLINEAMETSRBFSUTREIXCHWXBAVZWBBABKZVOGIIILNFDGBSIEEUNTVKYDAELFFPIXLJDUXPNROLVOZKPLHLWEKWVIDOGALCXPUMWCNRKEJVOADIGFYNDURSEYEYBYAGALPAB
[21] -7.0180  order=qt  Q5=ANVIL Q6=GOLDEN Q7=NOOTHER  T8=[perm]15473206
    BWUEKSHOCKZESANLICKSMERNSANDWIMNOGVUGRTZMZZZOQMUIVVXLFEBLLBYANWMGWEPQDFARADNXZZJDXTIMPERAENVQTRKPWNGZTUVTPBRBMODKXWZOEHMIMMCAULFOAXECWEEOONRWIXO
[22] -7.0181  order=qt  Q5=STUDY Q6=FINEST Q7=ANDLOST  T8=[perm]15460237
    IHICPROTICMAGZEDNFIRHEFIFAETNONAUVGIIGQVSKGPGASOSGANDIRRFPGWMPMCLBHOYUOVTISMIRYOBUIQQSTPMQMUOPIMWEBHKUIGVIHTRSCUATBHRJRYEMTHSBUGUBGYBTNWWTTMBISO
[23] -7.0190  order=qt  Q5=AGAIN Q6=ANDLED Q7=FIFTEEN  T8=[perm]15432067
    GOEIRIBCADIORROASASCALLYDVCTTFHAWSLEIUPNXVXXPGFBDGKOSXAATITPJEDNYZQGRCJESNABFTTBRKUNPOPXPMSVSJGOGSBYMNUZUPBEHOELYWPLUNAKSPRROFBRNXOZFJXHTSLFETCA
[24] -7.0207  order=qt  Q5=INSIX Q6=CHISEL Q7=THEKNOT  T8=[perm]15432067
    EOBTHSIWPLEDSUPEROVICTNVAETOFRODEWRTBYYLVXOTQQXBWUHEECSNRYOUXJUFXEJEYTJZSYILUSPCMWYRTPNHUFEPPYFBERECEDFDKHPSJWTEELWMYEVVWPRTSFBBIBIMKPIMYMURSDET
[25] -7.0211  order=qt  Q5=JUSTA Q6=DREWNO Q7=TRIEDTO  T8=[perm]15462370
    LPBRSMIDTGLESMLSDSITEESKISASILSAGMCKMEHMWATUELWSAZTMMIKVRXTJOYHIVMYTMPENRINIDMYMHGUBQYJXKJBHQMPJCGKGXCRELVSLIDCJFRCTGUNDIDQXJVCSQWIKXRHHEGSNCTPN
[26] -7.0211  order=qt  Q5=MYOWN Q6=FILING Q7=EASTNOR  T8=[perm]15467032
    XYNOEADCKMOFTIMWISEEAORWOANNILEVDSRJPAVGEVBYYTARIMDUKOEXCRIDMSGNYLOAMPYVCIPPATRACOWRZSFKOUYNCJXIZTNOORLYSUFIRRKPWQTILPTXXXJCPJNUDKQVRGJUAWVTQZGD
[27] -7.0250  order=qt  Q5=HESAW Q6=BUTTHE Q7=FIFTEEN  T8=[perm]15427036
    OOPSQACRUNAGRAATOASUSSTCOGUECACATRDUJQZYHWUTONKVLAHLTODTFPPBBEBNULRBIMCASZOFETYLKISRXVZDBGZPGEMPHOTTBQNSWCKDUZEGKTTGPARUXPTMXTESAAQCFVBTPSLYDNTY
[28] -7.0314  order=qt  Q5=LEDME Q6=MASTER Q7=TAKEONE  T8=[perm]15470326
    RROSISATSLATOMZELSCOCHEGPTTICEBMNBZPHJOQPIIURCCLEIHDVDTFUALJRLDDIDSZQFLONUNMVMIZJUXMBICFORRMIFKLWWMVQWECNHDSNOXHJEWWAUROSPGBONCQDFCZSAKFLMDPGRIG
[29] -7.0348  order=qt  Q5=ROADS Q6=EARTHS Q7=AFEWHAD  T8=[perm]15470236
    UYQDBPUTHECURRSVCMATOLSOPERNESQFMYUMVBSJYLYMKGPRRLEXDTYPPOTEICNIFDBMNMRRMLEPKGZNZMQFLKCPRGMYMCJNVRKXVFFPTRFIVROUGCTUCDAYXXTFNONMFORXLFOLBATJOYTT
[30] -7.0352  order=qt  Q5=EVERY Q6=GOLDEN Q7=LEGGERE  T8=[perm]15427360
    SHDIMFRALATUREDONEABTDLSISABGXPPREJTTTRLGFSDFAPNRGBSNPYOAVEOSKAHZEYQMIAMUFGDEFJREXHLCNFJDDOVZDUXBXMUGMEFDRVKGDDTYSNPOSPPAAPGSAHUNGKHDGFKJNYHUSTL
[31] -7.0367  order=qt  Q5=METOA Q6=SUBTLE Q7=GILDING  T8=[perm]15432607
    DOESPUCCMTMYWINCOPGETOSSLOOKAWZROUPXMLYHNPRSFCDYQVLIWPNKHOPBYPHIABLDOHZFHULYHOSGYEDBIMFBDUYUEBSIDGNRVHNZETTBNEXFMSEXURWDRXKQPSOYFLDMVWKERTQYRNQD
[2026-10-04T02:14:12Z] chunk 8300:8400 exit=0
[2026-10-04T02:14:12Z] chunk 8400:8500
progress order=qt perms=100/40320 candidates=107318484
vocab: 119 x 123 x 141 = 2063817 triples
T8 permutations: 40320
candidates: 206381700 in 27.6s (7.48M/s)

==== TOP 32 HITS ====
[ 0] -6.8436  order=qt  Q5=METOA Q6=HEWILL Q7=HETELLS  T8=[perm]15643270
    RNBCDLEMASRMTSBYAVSTENEXEGIMEUSAVFULTHENDTUWGWZCROZYIUJCIXGAGIBFHIEFODHADTEWCXZNKXDVYSPBQLYPYDPUYTYFHAGGTMTVDNBASTARVMRHZUWEPAAHMOTICSTOWVVKHFIS
[ 1] -6.8861  order=qt  Q5=IKNOW Q6=ANDTHE Q7=LOGSAYS  T8=[perm]15647023
    KYOSAIPERMEYEXYGIMOURFODTMYHELAMIFIWYBPSVUTARJWMATHCBEVMFKHWAASJOIATAOLYNRREWFFMLTPTJAMUHVNWSFUSCAHFEPINTPQWVOGEBJCRTPTJBIOKOJVOYOSERUAYFWZHRHQY
[ 2] -6.8893  order=qt  Q5=COUNT Q6=PATINA Q7=THATIFI  T8=[perm]15607234
    CKACCINBYSINDGHZRVORECISDYNIROWRKPGFMXWSAEZAUGODDVXLBNCRWTQODTRTGOCPHTOMFRCONRNPQSVWIJZDGCGOQNEBABLGCTCALEOTHYIFPWMSLSYKMYSLALBSPIGMESWPILXGNINQ
[ 3] -6.9316  order=qt  Q5=YEARS Q6=WORKED Q7=LEAVEAT  T8=[perm]15632470
    OZZYEXTMANYADMYADITHCOHSMIXDEPDYUINESHKIJGPTGLEWXCMPEFMABDWXPOPYUCHRFYAHUPPBSZQWRNZVYYVCDCDAUKZXPCKDXPAAPQHJWSTXSIOMCHGNSXMSESULIDDOVGRAMSNYFRIS
[ 4] -6.9317  order=qt  Q5=ONTOA Q6=INBERN Q7=YEARSIN  T8=[perm]15627034
    LPSTATIIWASYFECDITSCARRBLPOSCNITAMGSUPDJSAKFHXMFFCWAQTLIDYWNERDXYWILURPUSSVDNBXHBOLUYEABYLRADEPCUCFLOAWSCUCCNVFXZYMRBXTGTYOMNODHDNUIFDNEEOBQUBYZ
[ 5] -6.9373  order=qt  Q5=GLASS Q6=ASTONE Q7=THEYARE  T8=[perm]15602437
    RIMBAMATIDPESOFHEBNEHAPESAULEZEMVETTGCFVHZSUSURLWUREWDHVEYSRFTNVENMKDJRAMLTVEEYCMFWDOGCFBHBQIFEYYROURJRONLWDYCVALSLOTINQDGCVCGMIFZUGOQUUOCDJEGPL
[ 6] -6.9382  order=qt  Q5=THREE Q6=DONEBY Q7=ARCHIVE  T8=[perm]15604237
    TSDESIABBRUITRITRESFORALFCELLJNDOOUNIMSPGECTEFAEIHRDCSESVIENGGDBTGCZMOMSWRGTHWAAKRLHVDZKSWIUMPOFABAWXJVSZLQRFWUTOWYPNQZUPNRPAOICQYPTFGHKAJIFQWVC
[ 7] -6.9434  order=qt  Q5=NAMED Q6=OBJECT Q7=BROUGHT  T8=[perm]15602347
    NDRVISKGESHWCOMIEEDDEAINENSAFIGANGLQNYYSOWNAJJIKREVYVSZUOXLTCZPATKEBOGREILBHUPFCADCPIMGYATELFAXWRUDVGHFEDRTJYWLMFUUDJEONNRNKAUKIRVNOICMISZQDVTBK
[ 8] -6.9577  order=qt  Q5=HASME Q6=MASTER Q7=PASSAGE  T8=[perm]15670342
    OOPEMISCSEISCMSHIIVENNNABOLNBETRUHAAKHQMFNCUXLNREJZBUBFIKEYUARMEIAMRCFCCLKBRFWFNXWVMSMVUPAJWYSDMARLVISLINMITWPAMUESOSOISCRXSOVMXTLMCABUCKQGPJOLM
[ 9] -6.9647  order=qt  Q5=LASTA Q6=DREWNO Q7=WEEKSIN  T8=[perm]15607324
    RANFISSDGLDPITEFULTNMSANTCAMWATCLAGSFICTVABEARFXHSODRNVUUHFRTOOMGUPBNITUJKLPGZTYCOXQFLFUEORCOVFEUZBPWBKZPYYUKHWXZLXHLDGSSYWYRASTABKPIBJCLLDOEBTI
[10] -6.9661  order=qt  Q5=MONTH Q6=ATLAST Q7=MEATTHE  T8=[perm]15670243
    WSVSWANDOTNASCPPURRATPALMATSFRDBKXQKCPZIFMCLCFPDDROAIVNHYLVILOQAGZOVESUTHNWNNMAMEZCAZGFAZKTSKJHHNLOFIAMOOVUDXSLLXMTIKHBEFOURSIJDSGYRODPRCAAAFKBO
[11] -6.9665  order=qt  Q5=VENNA Q6=METAKE Q7=CALLING  T8=[perm]15640723
    LWATPLKKARACCESEEAXYNSLURESTNOERYTFXTFDVCPRZNUMTBDELEIDOMUDYAGOTTTKTBESMNDIDNQEWABKCPSCOOUQYDLHMWBHWHAVUWRUNFUUFGKDLLCWORBKRMYBXQAOCCWRDVICOBXTE
[12] -6.9777  order=qt  Q5=LETME Q6=SAIDHE Q7=ANDEACH  T8=[perm]15630724
    DIMFISEUERTDRINRTYNONOSPIYONTICEHFNOTFSWDYTPKPFPQFNJWXYGCUTPARBTKJMSAPZSRUBANEFTAGEQYPOWKRDIUVYONKSGPGODAOUIOPZBJIZFBOCPSNDCBSVOLSTYKTKNHFSEWCFM
[13] -6.9854  order=qt  Q5=ALONG Q6=ITFROM Q7=THEKNOT  T8=[perm]15637240
    ULEODGSRRACEURWISOIDRENLIPSEFECVTXPEFGNANZPDEAPVHJMMBTULTBTOOYQMLMIVDQUURBHTISANATAVSURMJVHIJPQUAFCZWECLERASOMJZRFNDTLRSSIMOLNDZBXZNMCSIHMNVJLNG
[14] -6.9896  order=qt  Q5=TELLS Q6=METHAT Q7=THEYARE  T8=[perm]15637402
    UJIMNBYBERALEIFOUOWHWTOAHEROFSCNTLJYBQRGCFWOSUNYXJTEZSPSRCYXDOCANCMIZAVIURIXPBSNYCROQLILJUKHOMWXJFNNVPSJMLBBSTOEXYSTDVQRTHNSUPGSDJSLDTUONSKIQDOR
[15] -7.0117  order=qt  Q5=FORGE Q6=WITHIT Q7=THROUGH  T8=[perm]15634270
    BMANNHKRISICKFASMMENCDGSTEMMERSIHCEQXJYFVIZOBDPPYAUREVAPXZDJFUVICEHGHZSWAXVTGXOHORNSFOOMDTLJQSADPUWHLSPOECCBSAESUSWIEKGANKZVCMHDSBBEVTJIEBCPTJWL
[16] -7.0155  order=qt  Q5=TRADE Q6=FODDER Q7=FINGERS  T8=[perm]15604732
    WOEHAEWITMMALANMRASANDDFEGOLDPAUFYFIFYLNOTOLDHUMNCWHRFTDGVWUIUMAGTWWWEDTOPKKPGMWDNAUIVEMBNEPAUPXGAFDEOMYGGGFFRZKLEZTNDYBGVFCZEUBQTXGCCCWMIGLXWPB
[17] -7.0168  order=qt  Q5=STUDY Q6=THATIF Q7=FROMTHE  T8=[perm]15670324
    MAHAKEWTNUARANOYIPSFIGSONCITSIREBUTUONITIEDYVGUKACTFXBBJNYJAWVYDKOQBMUTALIYBYHHVNPHIBZZQDTKDTIPMWOLEMFNIRLNOBBGUNHIQKINUEXQLENKBFHLKHKCMGWEOEHZP
[18] -7.0169  order=qt  Q5=IFELT Q6=INROWS Q7=SAWSUCH  T8=[perm]15642037
    PHONPGREVKNATTINDOFMYDYNITUDRGISMMZOSSKDSSMTNIHDOBCTAJKTQOOTEHICGDEUWINXCIUFQDJFKPARFOOTOGUDUIOLBAUTMVRZXGOZYDICMAZFGPRZXNTWBGGOIWRINQAALVCYUZCA
[19] -7.0232  order=qt  Q5=TRADE Q6=FODDER Q7=FINGERS  T8=[perm]15602734
    WOTHHEWITMCAKANMRASANDDFEGOLDPAUFYFIFYLNOTNLVHUMNCPHUFTDGVYUDUMAGTMWYEDTOPIKHGMWDNOULVEMBNLPRUPXGAGDDOMYGGQFORZKLEZTNDYBGVMCNEUBQTBGZCCWMIRLDWPB
[20] -7.0284  order=qt  Q5=UNDER Q6=ISDONE Q7=THEMOST  T8=[perm]15634207
    AGBLIOTREIITSAESRIENTOKSSROYCTUKARRTMSEPRTXJYWRCHKSFEASUGZXSRWLLFEUPLYNOOVJEOBIHIFGETORNFHKEOAKVSONAQXMUXCLBPJPFNROYAAUZJEWWVFBFDHEWOIQGCBKSIEKV
[21] -7.0293  order=qt  Q5=MOULD Q6=STRAIL Q7=THEROAD  T8=[perm]15603472
    WPHICRUMATFDGWEARIEMGLNOTSTOTIATGMORKWODASOIOINYHNNCHUOFKFQHDFCMEBEHVEKDOCJIYLMJLXCSYDXCPXZKTZFACJVHKWJMNDSXNCHLAIHMUNGUSRNNPPORTQFONEQSVLSKCWNT
[22] -7.0308  order=qt  Q5=EMBER Q6=TOWORK Q7=LEGGERE  T8=[perm]15627043
    AMAMBOCDYGHLAREDDASSONWIVSONEMHACSRFZAPWHCMCDFHIZHYJVFVOATEWQTZCBTIZEUBIAYBIEBPYRARTJNGXLTHNOOWLURYRUIZYBSDNEEOGSIPFKHSWCEKIEKAXCNDONPDOKIRNHIMK
[23] -7.0346  order=qt  Q5=UPONE Q6=MAKING Q7=KRYPTOS  T8=[perm]15643270
    BISPLTICKTTLEVICIARJOIMJERSLCORRODISMNYYLJTWBYMXCNPFQXQDBAZINGTFMMWYKSWPAYLSIILUYNNFBLDILPUPBXOCMAZMERUIWPQRKSHILTRDHPEYYCRDCBZRPCFGTDATEFJKVTHT
[24] -7.0358  order=qt  Q5=TELLS Q6=METHAT Q7=THEYARE  T8=[perm]15630742
    HJIMRBYAYRALDIFIDOWHOTODLEROFSCJFLJYIQRXFFWOKUNOFJTEMSPZWCYXLOCTLCMIXAVMRRIXFBSTHCRODLIIBUKHFMWZIFNNXPSIKLBBYTOAGYSTTVQMFHNSKPGNYJSLVTURTSKIRDOC
[25] -7.0378  order=qt  Q5=SHARE Q6=SOFINE Q7=WILLLET  T8=[perm]15647320
    FMESTIMOMITOIMSRINKIDAYDCOPHTNGATVXEOTQWKCESAPQUIXEOTOKLHLCKAXMPTQCMKBITYBRKSMAHLURSWQXEVZOXSRLOGCDPETMYGULBJUEHMDMTTUOVIETYPRPUQUKQJAAVFZUFYOWU
[26] -7.0402  order=qt  Q5=EIGHT Q6=THEOLD Q7=SOTTILE  T8=[perm]15670234
    NMEXEOFMANISFIOMPRCISABTONWESEWHRGNOJYUJOYTHLUWAPGXQMUPEDOTYABSEMPXTAMPQKZYBITSUXSRPFJEINRHFTEGTCGGSFLJBULSFMURCOBQWKNGRYHASTJUFOZGKVYZGHVWDBXSI
[27] -7.0406  order=qt  Q5=HESAW Q6=FINEST Q7=THATIFI  T8=[perm]15643072
    CFIMAGTVALVACLSAMHOIDALSRIRETICDENVMPOQCUBHHXFFZLUOPOBAKOWLEUJRXTPVBFIGLAORDENVVETYXXPTLFNMCRCOHCIHWKRIFFDCTLRUYJFZBYZRUUHGIPINOWKIAKDIDECOWSGUX
[28] -7.0479  order=qt  Q5=TELLS Q6=METHAT Q7=THEYARE  T8=[perm]15637042
    GJIMRBYBFRALDIFOGOWHOTOAHEROFSCNWLJYIQRGIFWOKUNYOJTEMSPSQCYXLOCAQCMIXAVIFRIXFBSNFCRODLILCUKHFMWXHFNNXPSJVLBBYTOETYSTTVQRZHNSKPGSXJSLVTUOFSKIRDOR
[29] -7.0481  order=qt  Q5=UMBER Q6=WITHIT Q7=DIGETAL  T8=[perm]15670234
    FTHEREDMATKQBEEINOTRWLOTBNERADEPXLMWDWXUAZFSMUAYAEEZMIWQDLKTIHFRGJUNRSLGPQWZBESHHOMSMUSTCQOTSVEEWENJUGGQZQUHUBBLBAUOIZFSIRFENSUSSFJGYKZESMLSRYTL
[30] -7.0505  order=qt  Q5=METAL Q6=HEDOES Q7=HEMAKES  T8=[perm]15602734
    ONBYNBEDEMRPLTEGMEMEOPLECTEZEVMEKKSQTKKPAIMMLEVSQUNDTUFJRBSJOUUGEFFOUDQNASQATCWFYZXNASYSVXREBTPJLTHGWVTIAYHEFKRUMGMJQBOURARYPMACXCOHKTAIHXMOQVAF
[31] -7.0513  order=qt  Q5=WIRES Q6=IWROTE Q7=BEJUSTA  T8=[perm]15623470
    RPAPWOOIWOLORGEATUKSEORFRARTLYHASPWXDNLIOOWOTMNONKFVZSPLGEOTUFSVYTZHOQYCKYTISGMVAIYUNICEFEUNRYAADQAWRZKBKPDNVNFFYTDKDMARNNUKUABOVSKTAQRXVJGHKMNV
[2026-10-04T02:14:40Z] chunk 8400:8500 exit=0
[2026-10-04T02:14:40Z] chunk 8500:8600
progress order=qt perms=100/40320 candidates=107318484
vocab: 119 x 123 x 141 = 2063817 triples
T8 permutations: 40320
candidates: 206381700 in 26.6s (7.77M/s)

==== TOP 32 HITS ====
[ 0] -6.7014  order=qt  Q5=LEAVE Q6=POLISH Q7=KRYPTOS  T8=[perm]15732406
    RCHEMARTSTEDSUMNOTDEYAZOWADNFTUWTALCDNXQNAHNWSIMGUWNCQAKMOFBIAATYURBPSKEPRISCFSERESUBWVJIYGXIUGPRASKNMTJOAPLIBRBGKZVKRATNPUPGEYARCAPHCUENCQUXVUR
[ 1] -6.7811  order=qt  Q5=LEDME Q6=GUTTER Q7=PASSAGE  T8=[perm]15674302
    HGREEFALLEFYRTBEVERWAIIADHIIEESCEHATCVVMSIDAPHIWYYXTOBLXYAYUOCJELTNCCFSOFFDXHNLOENMMWRQLEAMOMSDICCNVEYMRGIEKDISHYEEHNRISPCVSGNNSHLIOKQWSEJMIKRGM
[ 2] -6.8563  order=qt  Q5=VENNA Q6=WINTER Q7=CASTING  T8=[perm]15673204
    NNUGHRUBRIDDEALSVTEXECSSSALATILLOAQBZNBHUGYCTEABISPEMZOWAXPTPCJTUZCUMHUONNLYWTSINEZLGYODYOBTHOJYNTWROTLKKTHUQLSFGDVKVFFTHINDOFPPXWBPUNFRGZWIFRTN
[ 3] -6.8594  order=qt  Q5=LEAVE Q6=ISTUDY Q7=MEATTHE  T8=[perm]15704326
    RXPMIDDEYNITRIGPTICEACEFLSERNSTUZMKHPGDHSHAHYZEUZYFFESFQPIAVSWISMYJTTUTGHZVSISDOFOAGSFTCTOTOLDBIGRYREPMSHCARSAOWFYNOVFXXRWZHGMXVKYEPRJXKMUHTESFF
[ 4] -6.8768  order=qt  Q5=LEDME Q6=FINEST Q7=STACKED  T8=[perm]15724360
    FVIRWEHEOPASTEDQIOYONOTHERSCGETAECGXGRFYYGNJGTTNFOAVAFDFRPOIGLASYKMVVSLMPIGNQGAVANDJUDRECSRBSXULDJDMIVXTKONVBYMBNELLEVMBCHSSQLELSADTYWBDDQYVBWJC
[ 5] -6.9270  order=qt  Q5=EVERY Q6=ACLOTH Q7=USEDATA  T8=[perm]15724063
    KIFORHERWHHPIESTONLXTEPLUSTQLBERJGRQOYTDBUBQQIHIDOGHAFOROSQELNEHCMEVVXDUPELFHGRADAMTQQHIYFIAOLOSEXHONKUBLYBTPDASVJREUBHMEOSPFJJQRUEDCOLMVYOMRJGI
[ 6] -6.9307  order=qt  Q5=FORGE Q6=BEFORE Q7=ITINTOA  T8=[perm]15732640
    FSFHOINILRONSWCOMWHONBDTOSUBETOAWKUYISATMIKNCOLRXKTVWSRXOMGUVANBAJFBJINLBHQUYSAMCRLSTNJJIOFCTRCEKSOAMEONDAEGZYHWXCAOOLEMMJJVWMATDPLFKWPGEMXHKCIW
[ 7] -6.9348  order=qt  Q5=SPLIT Q6=MASTER Q7=ANDLOST  T8=[perm]15720643
    CWMERTHEWHOEOYTWINQVBNULTISMASSIFXUKMZGERTOURHBQUNJCZGWEKHKILFFIDEFQNKWHYMYJWBSBUPPSCHPPBUFJOOBKMWZLNZTQAVAFIFZPSYIEFRYLORTMNEAPPGEHPARZNETUQWQA
[ 8] -6.9380  order=qt  Q5=WHICH Q6=CHISEL Q7=SHADING  T8=[perm]15732460
    CDPKZDEABONNTMECAFSELADDDAUGHERTUIYQHWXICQQDLYANUPSQINYTYNIUMAPQDAESTOSMRXPUQUCQTSOXNUYDXBQSVFFCYCINPOASXTBRIEBACWEKHHNMVFBHLUEPNBECNAZCRGGYHIST
[ 9] -6.9497  order=qt  Q5=BALES Q6=HEWILL Q7=TRIEDTO  T8=[perm]15673204
    UADPHHJNEVEPERNIECAMPABICTSSESOMBNWEMJOCMCMRMADCHJNUAVTWFUVBOSVSVHISEFBZUXNQPUPEVCDLYKVQCOGLMNTOUMSWTEAROFMXTROGHBWERMVQLHDFIMUINSUSHDIUTJPYRKLT
[10] -6.9532  order=qt  Q5=TOOLS Q6=HIDDEN Q7=FURNACE  T8=[perm]15740632
    DEORRECDIIFIEENLVERQASOSTANHADUPMGFWKFORKPOQTBTEJTLYFLVXIMBYEZGYSTENHEQMRSCMJWSALNRLOSSATXTITSTBLQOCEPMAQGPHJKQHGSQHZTNMCKBSMHTOSPYCPMNTIPVALGIE
[11] -6.9597  order=qt  Q5=ATURN Q6=STREWN Q7=THEKNOT  T8=[perm]15672403
    TTACTFYVTLATINYAFHGETHERIPAAFTMGLSQDRWVLFENLVWXYADDKAUXSEBAZAIIQJLBOHTPGPKBCRIBCTARYNUZOTIVUTEVUOVGKPWYLILSIDFRUTPOTBLROGYKEHMSOPBEVZRETFRFCQQEW
[12] -6.9697  order=qt  Q5=UPONE Q6=THATIT Q7=THEMOST  T8=[perm]15726304
    MUYXJFPNSSECOLIGURTEAVOCANORORAAIQDVNPVTORBSAXRPLBOAHSEISOLSAOKHSMZWLNTJUSQRDQDNMPEUAWPHBEENAKUBAYWIWUOCLDBWZXGPYKUOKGPDRNHADNEGOOMLEZYCPQHPTYNZ
[13] -6.9704  order=qt  Q5=FILES Q6=NUANCE Q7=WITHTHE  T8=[perm]15740362
    FRNUSSYATPELIEDSEFORYYCLTVANTXOMFOHOLLKUIRPSTVNYLGMGABODWPGBRTEHHRROMYYVAEIGBBVXLPFIIXFLIRLARKMEWYPTYSSYWEREVWSUMKFEUTUIYATRIHCNFZZJFAHDFYMQRKCT
[14] -6.9730  order=qt  Q5=EIGHT Q6=ANDLED Q7=HEMAKES  T8=[perm]15723604
    IADYSEEVENDFIINGSXEOFGARVPEATOTRCANOACQPHAGSTSRDLKIBUDPMAGNUNCDVQIUFHEERPLPBKVKHDCYQROOTVAJLZEMLGGIGTHXTNWPSFOEYHYMTJGRREUHLJUZPKDEXXIOZSEEURSJC
[15] -6.9755  order=qt  Q5=WROTE Q6=FILING Q7=GRINDER  T8=[perm]15740326
    MCDREVACILEWEBOGTLXOLTHEREENEONABNRYKXKHWWLATDSIIXPQTAMIEABVLRHCGPHLMEQVINPCVYIHLIPTRANYSWEELKDMUTFLVGLMMHMDOMIWTNHRNWLMFJZSPEJZXNJOITUMESFOJSWT
[16] -6.9798  order=qt  Q5=LEAVE Q6=HESAYS Q7=HETELLS  T8=[perm]15736204
    YNVELPCDADLOBISLATINDRNETHSROYBCYPSPTERIEIMPISQHYRLZSIJQIPEBIIWXVREITHECJGXYGSKPTSVPGAPJSXPTCRIXTRYXUMAXJRNWNIAJPXPBAWEXXUEXFNCLDCQZWISLITOIZQER
[17] -6.9832  order=qt  Q5=TRADE Q6=FODDER Q7=FINGERS  T8=[perm]15672034
    EOTHHEWRFMCAKANDEASANDDYTGOLDPAYWYFIFYLBETNLVHUFWCPHUFTSJVYUDUMTDTMWYEDAQPIKHGMBUNOULVEABNLPRUPXTAGDDOMEJGQFORZWYEZTNDYWTVMCNEULLTBGZCCKAIRLDWPN
[18] -6.9860  order=qt  Q5=METME Q6=INGOTS Q7=FINGERS  T8=[perm]15730462
    UAEIGMIALWEEREDHOOUROORKTEMSSXHZFZNTDLHWRIOUDOUANUSFTZLESTVSUWWSHEDJIJFOCAWNEENSSHLADQUNSHQXBMNPMVRVPJJDLTDEWGAMUXVWWMXKKXFDNMYBDCLIOGPPVGYAIMFP
[19] -6.9875  order=qt  Q5=LEAVE Q6=POLISH Q7=KRYPTOS  T8=[perm]15732604
    RCHEKANTSTEDOUNNOTDEZAYOWADNITMWTALCZNCQNAHNSSSMGUWNDQSKMOFBGACTYURBOSXEPRISCFSERESUFWMJIYGXBUQPRASKNMTJOAPLFBTBGKZVCRXTNPUPQEUARCAPBCRENCQUYVLR
[20] -6.9897  order=qt  Q5=TRAIL Q6=MASTER Q7=ASKWHAT  T8=[perm]15720643
    EFFOOOJUDERTHYLFRWEBDUMREBAYASMEGWBYANAIYSIBXDRPUSOUPTCGYEDVDGVIDWBUMGZPVFSLZMNOLVFSVPIAZAHMYIINNAZLOUONQXVSCJKOJIFAODYTQGBCOGCKGQTIGAREIFPBVFHR
[21] -6.9970  order=qt  Q5=UMBER Q6=SLIGHT Q7=YEARSHE  T8=[perm]15736420
    MSLKMTOICEDENINAKIRKUKSUCINIGHCSEESGJRGTGOOBTSFMXLWCYGEOYVHTSOBIWVUNAGATEYNUINNTITYEGWDNYGCPSPWASIMYYWZSGPVUZTWXLEFBNNOVTOJHSFVDLWRWOSATPJBHQAUX
[22] -7.0022  order=qt  Q5=INOUR Q6=BEJUST Q7=EASTNOR  T8=[perm]15720634
    SIXRUNEINTHTYUNCBIDAABXFTHAGOMEBKYSYSEDCXHWBGRCTYHCXEJERVUPEUNLHTPNEAIIAYUAKSGVEIBUFSGAENVJSOFPKGBOLLNFEPMBXAWAZNOSVGWTGMENOTYWWLFNHDNSPUSCKQYIE
[23] -7.0047  order=qt  Q5=HEMET Q6=ACLOTH Q7=THEITEM  T8=[perm]15723460
    VMOCRTEETFSBEJUNGADINGHALSBYUXBARVHBNUIEAUMJUAYRJQYOHOVGOLDCHWNURILGBEXXVVMLZWCOSUTAACZPHPRILAXSISUVISLLRJETDEWSIXZPKQNAAJQYJYMOEHEXGFAISXHNWNSK
[24] -7.0114  order=qt  Q5=UPONE Q6=THATIF Q7=THEMOST  T8=[perm]15726304
    MUYXJTPNSSEROLIGUNTEAVORANORONAAIQDHNPVTONBSAXRULBOAHXEISOLXAOKHSDZWLNTBUSQRDFDNMPEGAWPHBPENAKUKAYWIWGOCLDBIZXGPYMUOKGPYRNHADEEGOOMCEZYCPFHPTYNL
[25] -7.0116  order=qt  Q5=TRADE Q6=FODDER Q7=FINGERS  T8=[perm]15674032
    EOEHAEWRFMMALANDEASANDDYTGOLDPAYWYFIFYLBETOLDHUFWCWHRFTSJVWUIUMTDTWWWEDAQPKKPGMBUNAUIVEABNEPAUPXTAFDEOMEJGGFFRZWYEZTNDYWTVFCZEULLTXGCCCKAIGLXWPN
[26] -7.0168  order=qt  Q5=MONTH Q6=ATLAST Q7=MEATTHE  T8=[perm]15670423
    WSTSIANDOTMAACPPURCAVPALMATSFRDBKXRKYPZIFMPLIFPDDRXAVVNHYLPIDOQAGZTVFSUTHNSNDMAMEZZACGFAZKESNJHHNLAFGAMOOVLDYSLLXMXISHBEFOKRRIJDSGHRNDPRCAHAOKBO
[27] -7.0218  order=qt  Q5=WOUND Q6=STRAWS Q7=SAWSUCH  T8=[perm]15732406
    FDUNEOVENMEAELPIZUNCTIHUMEYOMALRIHNOAEHFMGLLNOGBOLRFRHRGBNPHIDRCSYRTMAWNLYITJKKMBBWXKFWADAVZEEQHKFNPRPVJHPFJFNAHYOYHOLEATIQWNOZHZINGIASMOFJIYTUC
[28] -7.0307  order=qt  Q5=LEDME Q6=FINEST Q7=STACKED  T8=[perm]15720364
    OVIRTEHEVPASGEDQIOYONOTHERSCGETAECGXGRFYJGNJZTTNMOAVRFDFSPOIBLASWKMVRSLMMIGNOGAVONDJWDREISRBKXULEJDMHVXTAONVRYMBNELLEVMBIHSSHLELJADTMWBDXQYVQWJC
[29] -7.0311  order=qt  Q5=VENNA Q6=FORTEN Q7=ANYWORD  T8=[perm]15724630
    SLPRLRSEANCEOQSAINVESENPRRBASETPIZFDXABBYXCTHMKOEMOROLOLMFTWPECEFETLWLAHZDTHIHBISUSJXKBUXOVXKCZMQLKJDNBWVSZZNENITSKYXTMVIPRFPWOPYTUENOPLLLELQIKO
[30] -7.0360  order=qt  Q5=ITAND Q6=TOWORK Q7=AHAIROR  T8=[perm]15670432
    HPDBRWASADIIOPFORSITPLUSHFERGSJWCQYDPHNXPAMCGSFCBIKYYHCKBYDUNHDONSKAKVHSPMXJKNMUWOGMRFADMLGOVPFXSFULURDXGFUZOFWTKTQLTEBTIOWINSOMEBAAMOXSTKBWGKZC
[31] -7.0379  order=qt  Q5=THREE Q6=ANDTHE Q7=THESAME  T8=[perm]15723406
    SOPNADIMESIOUGUTEDALLEDDJPOREQUPHJTUJYGYEYCSURRHIPNPTOJQMCKHUPIVAYWLBFRXVUIUNLKHMJTLKCLTIMMYIBYJAQYJIIPKARXXNLBEARMFROOPIPRKMVLFDLBLEYIKOIACHLDF
[2026-10-04T02:15:33Z] chunk 8500:8600 exit=0
[2026-10-04T02:15:33Z] chunk 8600:8700
progress order=qt perms=100/40320 candidates=107318484
vocab: 119 x 123 x 141 = 2063817 triples
T8 permutations: 40320
candidates: 206381700 in 25.0s (8.25M/s)

==== TOP 32 HITS ====
[ 0] -6.7529  order=qt  Q5=LEAVE Q6=ISTUDY Q7=MEATTHE  T8=[perm]15764320
    WXPMIDHECNITRISPEICEACTFGSERNSBUZMKHPGDHUHAHYZVUTYFFESAQTIAVSWHSLYJTTUOGPZVSISUOROAGSFICWOTOLDIITRYREPRSHCARSAOWSYNOVFTXZWZHGMKVLYEPRJAKEUHTESNF
[ 1] -6.7981  order=qt  Q5=LEDME Q6=ANDLED Q7=HAVELED  T8=[perm]15746302
    CIONFOFZEBACEAYESWWRULENESEPTYWRUPBDIBROBAOCTVEGCNMRIIPBEQFAUGFMLOQREKYCYCQGEZIPKVQDOPAPRKZVGPSQLFYCPHEKBLERTACYLYRECJYQCUECEEJDMZOXSESISWKMYHAR
[ 2] -6.8242  order=qt  Q5=LEDME Q6=PATINA Q7=ANYWORD  T8=[perm]16025437
    IICLTINWETSWAYSUEHSOESEFOTOOVSBYOIKRMUHCADRPDUSMWFAJZYNMNDWOHWTWHYGXXBUFHCWBMWNFWDAPRAPTVGDVATATAXXRSTYMIKLQZXSTNNOOFIAJARAYTHRSUIMWAYYJGFUETOMH
[ 3] -6.8365  order=qt  Q5=AHAIR Q6=CHISEL Q7=BETWEEN  T8=[perm]16035742
    MGUAXORDEUOWNITWHATSCETSCRPISHDILLCBXISAIHFARHOMEHNWPIGETTAUNPGDHKPMOMFOCOONWIXGVDWFQMGFRPXTHHZOHESCXLNTOMTFMUUTPQRPFLCSNIWFLOLPEBULAWCGMZRCCNRP
[ 4] -6.8371  order=qt  Q5=ATURN Q6=ITFROM Q7=WROTETO  T8=[perm]16025437
    WLGITENZFAWGARKEPEOWMESITERGEOPOSLEDODJCYEHILFUNALRBUYVDYOZOSTJFFXRDTNPKHVRPMEJTMZAHLFZKULGJSSSWZULZRNZCTBTUWGOTSLBEOILAWBARAMSJRHDJISTERDWEJMMG
[ 5] -6.8617  order=qt  Q5=AWAIT Q6=SPLITA Q7=WEEKSIN  T8=[perm]16043275
    SITDEMUHCYDRECDGOHILITELSLEYOUSHQTXPKNRAMILUIHBMHAJCDXCITUCOLVENMPMYPETOOGODWURWLWVCTOUJGSBJOMKRTVIIOHRGKQOVNRIBUTEORTJMVDEFUCVNYNGIRCTCGHVXVGRL
[ 6] -6.8779  order=qt  Q5=EMBER Q6=SPLITA Q7=CASTING  T8=[perm]15742360
    UXCCOSDVEDMASRNNECANLLONSTITWILLKTVXCJKNYKRSWEDDVXWFORMRNXURTHBSETJUPCVOFGHGBCLNQNNLUZWHPOCDBYFORRBUSLLICTMVNCMQQFYHWFXFMQNQQLAYJMTFSGLGDTHISCUM
[ 7] -6.8895  order=qt  Q5=OFHIS Q6=SAYSHE Q7=LOGITEM  T8=[perm]16042573
    HYEERFACTAPNBAPTTHHIAAKEILMORMSSTLYALLRJHWGCKREEIAQUTUEHDPKOUCQBFZEXVLYMVQCDZJAINNEBBONPOTDWNSZRNFERUSVGHEJYTKDPDSJHPRAMTILLGRGHIEEJULWMZOMONCBX
[ 8] -6.9034  order=qt  Q5=LEAVE Q6=POLISH Q7=KRYPTOS  T8=[perm]15762403
    RCHAMAOTSTELSUENOTDMYAMOWADIFTZWTALCDNXQNAHBWSKMGUWXCQYKMOFCIASTYURAPSREPRIUCFLERESDBWAJIYGLIUQPRASLNMGJOAPLIBRBGKZJKRGTNPURGETARCAQHCTENCQHXVYR
[ 9] -6.9094  order=qt  Q5=KNOTS Q6=PATINA Q7=MARGINS  T8=[perm]15742603
    KNTIELEFODOOFENTEPLAVAEOMERLSDDPBECIEQTHCSXMDGKGOSULDBWIORMEMCXTHQCVWEDTSAVXZPMIUMACDSXBCKTIXHYJOANJAAUMWSYRQKQKDNOUCIPXTQKBKCURATKONAGPHAXLUBAJ
[10] -6.9270  order=qt  Q5=ATURN Q6=DAYSIN Q7=LANGLEY  T8=[perm]15764032
    OBORISCWEHESUMRSTREGYSITXYKEDEEMEOTINFXBQGHSDIENFQDICWAFJQYUBSELSCVRTEEABDQLKYZDKHOJTZFRACHNCBNUNUXHTDOPQCHSWEQYODNZMJPKELSJPQGEBKEBREOGKPHEXSHA
[11] -6.9493  order=qt  Q5=SMELT Q6=ACLOTH Q7=OWNHAND  T8=[perm]15746203
    PYMEDTOLITWAYMEMCIEAZORNIEFLUIERWBAIMQMBMVTGAJUKDNODMVYPSIZOJBTHIIBVWNPBTLTYEPKWREHEUBVENULRINLEYUOFXKQPBWXVYBOASCYFONDSTRNGLMMPIIGZOOJIPYIGIPJU
[12] -6.9524  order=qt  Q5=ONTHE Q6=SILVER Q7=TELLSME  T8=[perm]15763402
    SACGENINTBGENHAHPSGUCHSESAISEANLOUATIWMEGAVDBWEUGANKNGFWSLUGVYTRGOANXQTSHEXYLXFFZQNXRIDXJYERBARKPUCRECERKBZZSVKHAEATJDEGMVTSUOIJQHYVCPQRMWXGSWEB
[13] -6.9575  order=qt  Q5=INOUR Q6=GILDED Q7=TEACHER  T8=[perm]16034725
    DAMEHEDIPHEVBCSESTYOSSSTNINOAUUWHANEWGFKABZKZYWRNLREAACQRYAJKMOTHVOJUEBATFCAJGHCKXEOSEPXMDMYSUGROTTOFSHWUDXMTDEGCUOBLIULASCZZJFTKMYNIDAXROQKHVKM
[14] -6.9590  order=qt  Q5=LETME Q6=ANDLED Q7=HAVELED  T8=[perm]15746302
    CIENFOFOEBACLAYESPWRULLNESECTYWRRPBDIHROBAECTVENCNMRUIPBEKFAUGMMLOQAEKYCBCQGEOIPKVKDOPACRKZVNPSQLMYCPHLKBLEATACYWYRECVYQCULCEEJJMZOXFESISPKMYHGR
[15] -6.9591  order=qt  Q5=BALES Q6=WITHIT Q7=UNRAVEL  T8=[perm]15762043
    GEMITQTIGEAGUEBENKCAULARTHUUNRIGBGYACKMBNDILDFPFKURTOWAHATIQNUXUAIAUQRSALXIZYLJAPXAQHTZPMELJABFTPYCOVYLEJVSMXELYOPEENFTXEXQUBNNUHEIYEITVPLOXSCDM
[16] -6.9654  order=qt  Q5=TRADE Q6=SLOWLY Q7=ROUTETO  T8=[perm]16027345
    OPMYBEOISPHAPHEOTIODDHTSUREOFZZURFAMQUHUNTAUDOFEABASJPGSBNHVZIEBTRGFRDJDUKJRMVFXYSCOQKNJKIZUTOYVEVEOTEVHNELGNRIMTQCACAVROBYLBOHNCKRWXVIFMHWZPATB
[17] -6.9738  order=qt  Q5=AZURE Q6=TOWORK Q7=FROMTHE  T8=[perm]15762043
    JULWOVETVEELAENGEITCCLCEALASKMOQPPLUYYXTOYGPBELCCCRLTPMOORCBODAWBJWNBETEYACSTKEBKAHHEADWBALLYWDRRHCRAPXYXIQHJBVZXCUEKHBSWFFSHTPNRTVESMXYHCOCWMJU
[18] -6.9835  order=qt  Q5=TOTHE Q6=WINTER Q7=GRINDER  T8=[perm]16025734
    YOGDIXHAMYOTBAEFFTEGILLFITFOOTHRLQLHESAKMOALLWIEJXWQMAIOTNVIKETBHBPLOYDHGCPVIPULZVEVOTAUPCFHCSNZCOATHQCTCMWNDEQARUXHAVYAMFYFCJAIWTBZVMOAONUFKHNX
[19] -6.9873  order=qt  Q5=MAKES Q6=METIER Q7=CASTING  T8=[perm]16023457
    WRIDACORTOSHDECSNWHPANIUHILICKHUOTDFNIHTVLQUEDBJFEMTDLLDUSBOHCEYGPUMGFKBOOMUROWCITAZIYPARSLFPIGZTRPLCBGPLWIHDAGOCMLBSMNZPWDAZBHXXGIAZENEMMUQRDSQ
[20] -6.9885  order=qt  Q5=LETME Q6=HIDDEN Q7=SHOWSME  T8=[perm]15763402
    DFYIEIILTSUREDFEWBRUTSPRMUTMOFENFPAXFCIWRWFPRLNPROESGLTENKPIYDEADGRNRSJNMROYZTWXHHNYLKETFDLAFRUVPUDDENPWASTNHVUBOFEFOVANUJOHURGGCQJFRWXGQOFGZHWS
[21] -6.9929  order=qt  Q5=LEAVE Q6=POLISH Q7=KRYPTOS  T8=[perm]15742603
    RCHATANTSTELXUNNOTDMMAYOWADINTMWTALCZNCQNAHBLSSMGUWXOQSKMOFCFACTYURASSXEPRIUQFSERESDWWMJIYGLIUQPRASLYMTJOAPLFBTBGKZJIRXTNPURVEUARCAQLCRENCQHCVLR
[22] -6.9955  order=qt  Q5=VENNA Q6=BUTTHE Q7=LEDMETO  T8=[perm]15760243
    NCSSISREPENGICEITSTANRHPDOUIJRAMSVZJYCZYDECEKWEDKMHRNNYSDQVROMBRFEDXNVWTDZDYEFOLSIELSMFKUDODGRRQVSTVKSITOVAKQIDQLVASKRCQAOQBIDBURCCXDOECANRPVWKM
[23] -6.9965  order=qt  Q5=BARNS Q6=SUCHAN Q7=THEYARE  T8=[perm]16043275
    XDMOONNUDRTTOUCDMSDETHERYWWLLTODAIRCGAPOYRJVUFQKMSQKEAUTUZYIIBACDJSIUMNSEIDXMBQPVGGRUCNUOSIAJINGBMFERJSOHGIJGSDALECDXZLWMBWBTTOTSJBAISACXASFVRTZ
[24] -6.9989  order=qt  Q5=FORGE Q6=MYEYES Q7=LIFTING  T8=[perm]16043725
    UTWUHDANGANERMIMILTAVISECTORSEHPWIWOYZOWYHEQGMDRDASGOMFXBDDULEPAKXNKAWXUXFTHHBGAHNAMLWMIZVTIGSBASCOLMPFDOBBYOFFWKPEWJNLXRYXMPEBLCUTTRMZTQFIXPHZC
[25] -7.0106  order=qt  Q5=EVERY Q6=MYTRUE Q7=SEVENTH  T8=[perm]15763204
    FLYROLWWTATEGERPEUTODTICCRDLISVAXLHFIXXYELMDBMEMERZGCPWRHOUMIKAAFDVFHUFNJLAOROGPFZFXKVIMSIWCADSWYXAOJYOINUIPDOUPHHJLVFEDKRCRIFXVIXOWARJEENCSIIIL
[26] -7.0138  order=qt  Q5=UMBER Q6=SLIGHT Q7=YEARSHE  T8=[perm]15746023
    DSLVTTOIDEDMEINAPIRAEKSUSINEQHCSVESGORGTTOOWXSFMWLWHXGEOTVHOPOBIUVUMDGATEYNDKNNTETYKYWDNCGCVSPWASIMNEWZSJPVUVTWXBEFYBNOVWOJFIFVDWWRHBSATZJBAOAUX
[27] -7.0144  order=qt  Q5=HASME Q6=PATINA Q7=REVEALS  T8=[perm]16024357
    XRNUPCRANDUKEIFSUTTAIRWMLONGOELMAZTPNWKAQMELGABSRMMAVFPZPVPDMIFPVEPROHTXXUUFIRRMFFULCSGQQWLZMMNOUSTAJUTYNCPBIHNFPREKWHEVMEWURGEMRRNZNJDZPHOBOSYK
[28] -7.0157  order=qt  Q5=HEARD Q6=ITINTO Q7=HEMETME  T8=[perm]16027453
    ZKEJUDSIZEDKATINDOFAYSEISEPSUHCLXEIAHPSABEEQDPVQRCATPBLPRLGESGUBFLGBGSSLIIHASISIRABCCCYGPZKTACCJTPWTBNQVTMHDJUASTQTFYBFFSHEMPDBKEXEJWWKCHMCEIXQA
[29] -7.0179  order=qt  Q5=GOING Q6=GOINGI Q7=TEACHER  T8=[perm]15763024
    CODNATSMYNEPAPACLITDDONYORCBALHWAKOBESWTJLIIRKIPMIORIFDCICAOWAOZDNNDTOQSWXZTGZKTEPZIVLDXQNQZMIOVITBYELEGHPDDZVRIKMNHACHWXTRVONVIIWYPUBQSOJVOTHBW
[30] -7.0210  order=qt  Q5=THREE Q6=HIDDEN Q7=ANDEACH  T8=[perm]15762403
    VTNIDECNSRESWHENIWATHYRPTADMEANYHNTDTABVWLYLVJIIOTZMYWGUIXDVHJEGOUOKLPYEJQNCNSZNGDPBJBPNMNAWDPABCULTNYOGTMPDAULYAHSERBEMPBKHTECEESFBRPNUPAJVESUZ
[31] -7.0223  order=qt  Q5=TONGS Q6=SUNAND Q7=LEGENDS  T8=[perm]15743062
    FIVCANTETSFPTHTTOHRYPTRALICEXPLOQNCCMSIMQLQOCNTOKNMAXMVWXLMIAMYTERREBNSEQFHKGGEIHDTUBDRTISLVLREOWOUULQYTFEOODBSVPPJOTMHVHBNCCYFUEHBCYESUWFALPKHS
[2026-10-04T02:17:21Z] chunk 8600:8700 exit=0
[2026-10-04T02:17:21Z] chunk 8700:8800
progress order=qt perms=100/40320 candidates=107318484
vocab: 119 x 123 x 141 = 2063817 triples
T8 permutations: 40320
candidates: 206381700 in 25.7s (8.04M/s)

==== TOP 32 HITS ====
[ 0] -6.8233  order=qt  Q5=TIMES Q6=HIDDEN Q7=ANDEACH  T8=[perm]16072453
    LPYIIIKEFSEOSSOSASACHMEMEACREVYSINCDPIRLQJELRVBRICZLEAOHCADRHAFBRUTCLJJWGQXCMWIFJCFBUKEXCXAVNJSDDTLCNRAMDMYNAEORNHEEKIMICACHCPFMHEFADCRCPJJREUDY
[ 1] -6.8820  order=qt  Q5=EIGHT Q6=FINGER Q7=TOOLSOF  T8=[perm]16234075
    FLOANTTICDGLAORLEWEBWATTARPCHAYNGLWXBACCKDIGVUCYGHNHLOGSRWEHGYDIRENJSQFZYEKHCHYLRAFDTUAUCVPSYRYPFEEOMEIFBECUTINZTLBTRDLLAFWEYMLAMTLFWLBGIHCFJPQA
[ 2] -6.8984  order=qt  Q5=TIMES Q6=FINGER Q7=LEDMETO  T8=[perm]16074253
    CEMOFFEREPHNPIFEALBHEONDSPYATVTZYUPMYIEDZLSZIFTXKZLHEUFWJFAFIFFUCGYODVSWIGVEJOZFKYICIBYHOUNFLGZXLGWHQFOWDOSESARACHTTVLRWNASARTTKORTTZZKSVTODDKDG
[ 3] -6.9031  order=qt  Q5=LEAVE Q6=USEDAT Q7=TOSPLIT  T8=[perm]16053742
    KTWOFIAVHONOPAYINHOAMAHDANSVARFQIYMIUUWGONTLNLSRAJNORTGXISYXLTSPHRHHXZDRUKNONYECDPWQYCMYMYLMXYGYRBANJCRRHBLTNSEMESPIGIUGPXUZANFLSHCTDRCWNSTPALPP
[ 4] -6.9037  order=qt  Q5=TIMES Q6=ALPINE Q7=THEWALL  T8=[perm]16203475
    DSDLAITBEKSTORIGGYMZMOBLEOANSFBEFSBUIQVTAUIBAQKRFDALLWTSHAKYUHJJEYMYJEESASGEAZRAATGEOLLBPXDPOVFZHZTDDUHRHJMAYDTMSROWALAONTYINDVLBQILHMGFFXODUMRQ
[ 5] -6.9081  order=qt  Q5=UMBER Q6=ISTUDY Q7=TOTALLY  T8=[perm]16073452
    YWOREABASSBKARNMEEVIIADINITFISJJUKRGGHERVJCYMXVQKKVIKHRMIQFSFOHKURCGIVPZYADHYRYSCELCYSQRKFUEWEJKXCZMCNSNANAADIFZANUANSOHONWZAIEZKCYWOUKGOANIPURW
[ 6] -6.9294  order=qt  Q5=LEAVE Q6=ASTONE Q7=ANYWORD  T8=[perm]16052743
    EJRWFVINAHTNORSSEGOUNCHARORUMSTKBUKOUZDTASPITYSBIGMBUCIMNWZMLMAOHXPONXUSGSRCRMEGWQWCGUPGMCOCLEAAPYFCBBRIIDXQGMSLVEUUSBPPPYHDCSWPLZNRMXYSGEQCEBUY
[ 7] -6.9303  order=qt  Q5=AWAIT Q6=SPLITA Q7=WEEKSIN  T8=[perm]16047253
    SITLEMUACYDDECDTOHILIIESSLEYOMSLQTXPKERIMILAIZBUHAJPDJCPTUCKLOEIMPMAPBTPOGOUWTRPLWVETLUYGSBDOSKNTVIHOJRFKQOINKIJUTEORIJAVDESUAVRYNGORRTRGHVDVJRY
[ 8] -6.9479  order=qt  Q5=INTHE Q6=ANDLED Q7=HAVELED  T8=[perm]16204375
    IASWREADBBIRIPNASPORTIETMBYCTIFLCAMFAUXGDZNGANQVJNVNSEOKNKQAPHTRUAKACEXDDGLIATOIRHIHMEUSXKSHMSROJMDCWTMYCNPAINMNMSIGUCNLIGUGIABDGZYJGPBHYPBMENFT
[ 9] -6.9605  order=qt  Q5=BERNE Q6=ILEAVE Q7=HETELLS  T8=[perm]16047532
    OGODRPEBEDOASOMESOHOADZOOLTKMAPTUSRZPPMOWDSKURLUHUVVGTLROCMGVQDYNOFEPWQECDNCTSHIESFYWFQOSNTOLDJPORKLNEGMFDVWUXMWMVEJBAAOFINWQDBNECPPESPIVOEODPVC
[10] -6.9880  order=qt  Q5=TONGS Q6=FROMME Q7=BETWEEN  T8=[perm]16205473
    RCHNTHANDTANOTCGORAUHBEVSLUGRIDEOAALWJMWHPOEFOASPVBZLWOQMSSWFZEAICWMMRBNBQAZJCWTOANCVBSTXTPNOTGUZFVCMSTUDCSSUPBWYYAGENTRLEZKKHWCELFWSFHJWNTDIJBM
[11] -6.9896  order=qt  Q5=MONTH Q6=THATIT Q7=SHADING  T8=[perm]16230754
    FNCAPSUKFACITIREFUQERCERIFEEMBREZVBFLMFMXJIIBISEEPIOBUWSXLIBKBIZRZMYNIZXLPNYZFEWILHJYMRIOUPINSUPLOOUTRBAGESDVVDURITOHDVBFUDUQOAHJDWOHMRRQVGYOJBH
[12] -6.9927  order=qt  Q5=WROTE Q6=FILLED Q7=HEHASME  T8=[perm]16205437
    YZSNEINGAJEPFAFUSSUSLASELISAEEAQFDLERSOSUJGLEPWPQWPFYFNPTUFMXBUYLALQBOJRFOUCCMSMJLAGERHWNNMLATOQVQGAVRWARELDQIVELFMABRYSXLLGUTUEXPOGYRWVXGSYTUNI
[13] -6.9932  order=qt  Q5=PRIOR Q6=VIENNA Q7=FURNACE  T8=[perm]16205473
    HIITFUCOYEEORSTPEGCHLATEOBUXTHTOAJNMACXOJNUUHCHJCCNOXGYIFZJDALLDCLUFVGTLOMDRRGEXTHXPGEAECIYONHUTUDQPUMYLLOZLWXOBRTOTGXNSXTRESRGIJZJABYPNTOTCSCHB
[14] -6.9976  order=qt  Q5=OTHER Q6=FAILED Q7=ANDWILL  T8=[perm]16053472
    MVBIFNDNATABTTOOMARHOTINSSAUELPSSTEMJCDZEAPGRYESHVGRPETIITOBABBESPDBTIIGNJRBKFLWXODFYSLDRTZUMYZLIGEBMJOEADSGWLLRWWMSXZIBDKJOSFZKCWNPGBRDYUVZOPHU
[15] -6.9983  order=qt  Q5=AREAL Q6=DEPART Q7=LEAVEAT  T8=[perm]16052437
    BPNEDAYBORATNLLUBLEIYADUNTSMIISCZYMTPEROPPFMKEYHAMEPLZKTQZRPELDSBDEGTVGARLJQKEOWCVOWTBCFNTMMINQETZMEPKHNJBBLTREYKIAFLVJPMYFIDPQCYMITOXOPJBKAOXTP
[16] -7.0080  order=qt  Q5=JUSTA Q6=ANDTHE Q7=MASTERY  T8=[perm]16072354
    ROMRINGBOIPTSUNFYALIEASEXGEYAIRPWHLSORIMGTNWGWUPINZQYMNDMEMLPODDCUFEBAJEDTNEUSIEEOPOQVCWCGHBDACYNXGKBDVPUROQZYRGLIUNZIBEJRYJQEYFZWNWCRFARSFTMAWX
[17] -7.0083  order=qt  Q5=PRICK Q6=SUCHAN Q7=WHICHIS  T8=[perm]16204375
    NJPANDTHAPAGRDVICEHSURWASULOTDSCYEESNISTVFKCKDNXKNYURDGHPEDENKXKPLUWEPOFAMSKARTOJFTHUHUKDXWURUMEOCAJQIERZZMQWORMYUBZLWSDUDGXKHMJKIUUAWGDKFDOIAFY
[18] -7.0095  order=qt  Q5=UMBER Q6=ISTUDY Q7=TOTALLY  T8=[perm]16072453
    YWXBEABASSZCARNMEEVIIADINITFISJJUKRGGHERVJWHMXVQKKYCKHRMIQLRFOHKURTMIVPZYAZZYRYSCEIEYSQRKFROWEJKXCKLCNSNANHKDIFZANUANSOHONPNAIEZKCFGOUKGOAARPURW
[19] -7.0232  order=qt  Q5=AREAL Q6=ITINTO Q7=WHICHIS  T8=[perm]16203754
    SAROFQURPASLOPZAFPAPEATISBEACTNKKBWODYYRUKUZIFVVNNMWYMGBWDIERKVJIRFIFTTRYECSUYWVSAESWGICIUDENSTHVTPUMOSMYJUJCTLLCEBUEAEGBREBSVCSVNQGMBJIPTPWLONE
[20] -7.0252  order=qt  Q5=SEVEN Q6=LETTER Q7=ANYWORD  T8=[perm]16054372
    FENROLOAMASTWAXLNBSENDADCERTHBOUNAKENOUTKJJFZHHWJKWBYTWLNCGVHGMXHNXCYLHIHFTUIGFCBUMKARPIEEKEQWACNBVYKMYWAVZMVOLHISPMUQVZTWNILRGHYMYLETQTUSAMACHT
[21] -7.0257  order=qt  Q5=KNOTS Q6=METIER Q7=CASTING  T8=[perm]16057342
    IISJIONIEOOFTECIAMYSAIDYHARAJASCKEDIHMUTHOTOOYVZNEIEXRLBCRJYGGSHGUBJNJMLKFAXXYTXAMLTONLKBSYROIGWMVRJPPBELIPOGBOKTZELHBKZUEPRTTYZOGXLSCNGSGUYKYRI
[22] -7.0269  order=qt  Q5=OFHIS Q6=GUTTER Q7=IPICKUP  T8=[perm]16072534
    CJANTFIRTAFAXBPROTEYREORHASNYTWOSCQEFROTAVBBECMEWUQGMCQMDARTNEAYLADECBABGFEESYYRWZTNMNIDFTMZFSBBYGEAGVNVRIUCPJXUIMALZNZZZZUUTKBSENMBQOWCBNRCFGCM
[23] -7.0273  order=qt  Q5=RIVER Q6=PORTAL Q7=IPICKUP  T8=[perm]16235470
    YPTRORVOOFCARMEFYSPOEORATROMAVEELGGATXFRAPTYDDNGCJWGGTCCSZBCCRYJFUDWHDIEMSRLANJQIVLSPIIPINOOHCLPOUUNUTUCCNIFQIOLWSDSJQANCFHPSRIDWXESYPOVOUOBIYOY
[24] -7.0318  order=qt  Q5=STONE Q6=GOINGI Q7=THATIFI  T8=[perm]16054273
    NPFORMEATUXFAKXANTUEPORCHACTAATRIZFICWUGGTOXLMCIALJVDXXMMJKABINTZKKXXOIGTPLUINGMJPMPVFQDLQSQOUSENKSKNTGDZDFGECURAIRKAEAVGOEIFBRJTTVNROVDNZHOZSXR
[25] -7.0332  order=qt  Q5=MEAND Q6=HESAYS Q7=ONLYTHE  T8=[perm]16207543
    HEFNORALUXTZESANYGSTINOWUKEMHOANWCREHJSNGDMGHKXWPEELAVVMHUPNDPTENGDRANGBOZCNLHACENMJCKFBIYUSIWQEHVMBCZURGCBDTMJMANHDOTVQNBOFHKMELNUNDURMYLNTDUWW
[26] -7.0334  order=qt  Q5=AHAIR Q6=CLOCKS Q7=LIFTING  T8=[perm]16204357
    MSMEXIASTDIFYROISETOHDESAQTEEMYBGSDUYVCIUOESSRFTDYRJUBOIKWHYEVPVBPDBOWHHIUBWQEQYUPIHWZISDSCMFEPOEHENKVINUSEMNSWTWRATALKLGTTVYHBPRXWLONIVZSWRURTE
[27] -7.0359  order=qt  Q5=TONGS Q6=FROMME Q7=BETWEEN  T8=[perm]16205437
    RCHNTHANDTANOTCGORASHBEESLUDRIDHOAACWJMOHPOVFOAUPVBLLWOYMSSSFZEXICWIMRBVBQABJCWUOANUVBSMXTPAOTGAZFVEMSTNDCSOUPBXYYAXENTJLEZXKHWEELFISFHXWNTGIJBI
[28] -7.0359  order=qt  Q5=WOUND Q6=WHATHE Q7=SUSPECT  T8=[perm]16074235
    JFOUOTEDOFANDCOLMNILOXPVSENETRTZELWMLZTIXMPNRSESBAKPQEMSWBKVECVAMHJKCOUGOUTOXQVGBUTTEQYCQYJVJTAUEFFEYZLENSPRYOIRHFNFMALQOVTSITHHGUBLFEXKMLAEHSBD
[29] -7.0364  order=qt  Q5=WHICH Q6=LETTER Q7=USEDATA  T8=[perm]16073452
    AULLANOTAPYIENISAYSDBERERMULZNOFXSBUHUDISJCXXDCRULNPIRZSYPSLMLYYSNBETUCPFRAJKTRATJVAVXLBEGFNIWZCGMDUZUAPILCQAAWIBUZWAPREKEGYSCVFUDCILRFUOESMDIFW
[30] -7.0381  order=qt  Q5=METOA Q6=INBERN Q7=ADDRESS  T8=[perm]16054237
    YFLTUBELPTROFCSAUTEMAPMONEINTEGFRREHTANENYRGZLMAYTIFKFSCIPWNXKDHNAQFZKFCKSSSPGPVHBEBUJLDUKRDLHZEJVXMJVJHNPUSKPVFLPKHEKJBPAVGBRICVNKSCYEERKSALEBE
[31] -7.0404  order=qt  Q5=AGAIN Q6=CLOCKS Q7=NEEDLES  T8=[perm]16054237
    AEJGTRITUNTDDRENNORPULIATMEMCEPPUHKKAOPUKGMTIUEFXBYEICUVTRGECUDQATIOGJFNYILHYEXENYTEPYLKSVMXJOOPIUOARXGRDTNIGGOFPONMSQAWNSGZMZAAHKSFFBRWLTWWNDOO
[2026-10-04T02:17:47Z] chunk 8700:8800 exit=0
[2026-10-04T02:17:47Z] chunk 8800:8900
progress order=qt perms=100/40320 candidates=107318484
vocab: 119 x 123 x 141 = 2063817 triples
T8 permutations: 40320
candidates: 206381700 in 24.4s (8.46M/s)

==== TOP 32 HITS ====
[ 0] -6.7754  order=qt  Q5=AHAIR Q6=CLOCKS Q7=LIFTING  T8=[perm]16247350
    HSMECIAZEDIFTROSGETOADESPQTEIMYBGSDUYVCIDOESPRFMIYRJDBOURWHYOVPRAPDBEWHCTUBWJEQLDPIHDZITPSCMGEPEYHENBVIQUSEMFSWELRATGLKLETTVXHBCMXWLTNISMSWRHRTZ
[ 1] -6.7841  order=qt  Q5=TOHIS Q6=HIDDEN Q7=FURNACE  T8=[perm]16250473
    DELPINGSLIMIDXKEVYACLOGITAMBYRERCIVOEDICKPTEDHMOMTNDASOHICHNHANCSTZGGWERMBSCOXCNLNAAJWTUSXCRUHXLLEEAYDEAQGPSUFOGTBBPDHLICKPDCDLJBPWLLLZRIQYTSAWF
[ 2] -6.8550  order=qt  Q5=KNOTS Q6=TURNOF Q7=THESAME  T8=[perm]16274530
    GXZMVCCURVIBDELSTOYORKCOROTOTBIRRBYJPHVBGVOBSYDFASGUJYSIGJUVOAECXOBGUEPOFKITFEEONVGEDGIALVWPNSLUPHGAPATDVJYEACCLRABZHJBZXVBDNFUTBAANHRIPSDHRNSYU
[ 3] -6.8755  order=qt  Q5=WROTE Q6=FILING Q7=GRINDER  T8=[perm]16240357
    MCOREKPHILLWEKGATLLOLUBAREGNEISBBNNYKWNTWWHATJEAIXGQTLKGEAPVLNOOGPOLMNCBINLCVDJLLISTRZGGSWYELGEGUTHLVGNHMHNDOPPWTNLRNUTTFJOSPPVUXNNOIDAWESGOJVDK
[ 4] -6.8990  order=qt  Q5=SHORT Q6=GUTTER Q7=HAVELED  T8=[perm]16304527
    MDJKBUSARYMQBISPEENANDDINIEWLYIWHAAPSPLINGIIQSZNWXRHOSSITFFZSNCMYZBQYPARPXJBFFFEJSEPNHSSEJMIWGBCIIRASMEEVIAFVRAFLYGLSFSVMJQXVMACSNBNSQUMAEHOKAEW
[ 5] -6.8996  order=qt  Q5=STEEL Q6=METAKE Q7=IREREAD  T8=[perm]16253047
    KDJUNREDOWNEDAMSROPTTSUSTORIHMURZXWBCALOHGKRIAKAFQLDSHMZJCNGEHPTPKHEXJLAMBWRRSPNENWMHNRAMWTCOEJOINMQPESIFECHCRENSHCWAVAXDUTNJLENTGYFPVHKRRTFHORG
[ 6] -6.9136  order=qt  Q5=TRIED Q6=SUCHAN Q7=MARGINS  T8=[perm]16302745
    WWITIOTEFAGLSBLVWAANOSTEMNHATANOROLCMPKFLFEOROMKXHFFCAZQBMWZUVXVKTXFANCQUFGMRSCKEECOTQCSADWXJATYRCALBEDNIPSOCQVVAKXLRNTERXESTGWMFRBSIKDEVEHPBHKI
[ 7] -6.9243  order=qt  Q5=AWAIT Q6=SLOWLY Q7=NORTHEA  T8=[perm]16302475
    NARKTRATHTCGWAKELITEWKTSAUTOISJVHKFVLICLFSMALYGRNWIAWUGGINCOFFCIXMEZJIUJPUXHETANUAILNWLTQINOWQCXGQSJNINPXJYTMOOFTITRJKIRKSSQPKKEFAVCDZVEZEMFREXM
[ 8] -6.9396  order=qt  Q5=AHAIR Q6=AWAITS Q7=SEEKING  T8=[perm]16237450
    RTLUNICTGOITHUHTDISIIIEACHYFIVOSEKSUNLECSOXXBZBMLAPAHBAIDUEPDJRSATJOSLUGANSYRVKFFWEPBWHYZSEWISPETBQKVKLHNEEJUKUOXODLVEVYLZSZEHUALVNQPXLRMSZSFZRP
[ 9] -6.9514  order=qt  Q5=HESAW Q6=THEOLD Q7=ISNOTMY  T8=[perm]16250473
    AUSTUCKFGEJUNJOUMAYDIRTHERYTRBNDNNBRTRDKRINCKWCGNEWLWKIHOEXZLNCNXELZEQMNMOLUYFJEQUKASPOVEAMNLCINFPIDQRSAEOSORZEUPHCBSMYTXPXKPMMHWODEMWVTLHEWMUAL
[10] -6.9634  order=qt  Q5=ISNOT Q6=SAYSHE Q7=METMEAT  T8=[perm]16245370
    BYLDVARPYMONAUTHISUXECITIKREDLOCBOYALDBEKLRTEEDDEBKCVOLMEMMSTVPLQXADDTLMPRFTNZEKLMRYCLBUPDGCBXXDZUWWQDDRTKCCEZTWJDIMYCONDTAGNMMPGDOSTTNLXNVLBRFO
[11] -6.9660  order=qt  Q5=OTHER Q6=REPEAT Q7=LEGGERE  T8=[perm]16305247
    YKCAYTROHAVATTANBWNTOARESSSSOREIFKSXJYSLBNUETUNLXBSKDSOZFMBWPKKXOSPROUCTIVLFNFDAJIKINWKHEKWSNTGGUIGZUXQUZSUCHXNHCELKBIZNRNOGOYKSSGADJUUUNONLHXIB
[12] -6.9814  order=qt  Q5=LEAVE Q6=DONEBY Q7=STACKED  T8=[perm]16254703
    HSCOUUFURPMACYMIXDEFNTHEDERIATVISOUIIUCPEIUOGDVAYIHWBWYNDSTIICMKWYAEMMATLUZNMYWCNNIMWECULBRECKSUHPRMGOPSZOLXSXAEOCRDEMHGCXECMIUNQAQKAKYUEZWDBLRZ
[13] -6.9826  order=qt  Q5=STEEL Q6=METAKE Q7=IREREAD  T8=[perm]16253074
    KDJUNREDOWNEDAMSROPTNSULTORILMUXZXWBLALWHGKRTAKMFQLDHHMLJCNGYHPGPKHERJLTMBWRMSPYENWMYNRNMWTCLEJNINMQRESLFECHDREMSHCWVVACDUTNMLELTGYFEVHMRRTFEORJ
[14] -6.9827  order=qt  Q5=PEACE Q6=ITINTO Q7=LANGLEY  T8=[perm]16237450
    FTRDAYIFICSSHOEBOPYSVPISTCONDLNIRDAIMYVNMQORBFCRKOPXRGWWQUCATQTWRRXVFHHULOFDIFYGUQNUOXREPOMBEKSHAFAJMLAUFKMCSAZIGJDRIIGBLGEZCTOTAUUSSFPNBOOKWYNW
[15] -6.9885  order=qt  Q5=SEVEN Q6=LETTER Q7=ANYWORD  T8=[perm]16254370
    LEHROLOAFAFTWAXLIBDENDADDEKTHBOUCADENOUTMJXFZHHWHKZBYTWLICLVHGMXKNFCYLHILFRUIGFCNUAKARPISEOEQWACIBKYKMYWAVZMVOLHRSLMUQVZKWWILRGHAMWLETQTLSEMACHT
[16] -6.9910  order=qt  Q5=NAMED Q6=MASTER Q7=LIFTING  T8=[perm]16305472
    WWEWPROOASFPMSUBYOUATEIKIMEARLAVRISGEPFPXLCEZWBCOPFOMOGOSLPKGCLHHVQWELLWUCRGREIFBITJPCUFPYCARFCFCGDNYAUCEZACDIDIRDRZTKNXMUHJUISKTQOMAZOAUKHDJXBW
[17] -7.0001  order=qt  Q5=METOA Q6=SUCHAN Q7=WEEKSIN  T8=[perm]16235740
    KCMSRHALUKRPUMITDOKITLEATHADOSUBUILSTTNXVIEDQMLIVFJEAYSNQZMDJUVWXSQNLTJSEOAVTRENZDIQYKITILUEWCQWFAEUDITPODESYGFZAYOBKBWCATANEMBZZLHHGECGMOHVIHRB
[18] -7.0046  order=qt  Q5=CLOTH Q6=SUNAND Q7=STACKED  T8=[perm]16254703
    KDERAUDANTINITIRATANRYOUEPUUHNBNBRAIGARTBRRADVORXVVUZAPETFETRGQVCYOWDNTJWWVORVNJRLSYXPPRXWGIEVMUFINNDLCBVLKMYOICVNYYOXUYUYGOTINOFBLFGYZAQNNLJIMC
[19] -7.0067  order=qt  Q5=IKNOW Q6=BYNOON Q7=SUNRISE  T8=[perm]16254730
    MPEDWEXFREOFTUSSIIINQUHZERLORDHEGAEMEKBBDBENIKUCYSZQABWWFCFPTYOWKRYDHEFAFWXIOZZHLUEPGZBWBDTGSEOLTNMWSATOGGHBAKHREMOBALADXKAIHZBNACDLVQZLTAUPDLSA
[20] -7.0107  order=qt  Q5=PEACE Q6=MAKING Q7=SHOWSME  T8=[perm]16275340
    QQTMESPOWRALPDEATEDSDANOLLGASOTSRACPIURBVPGWOCOCHGEQUTGKQMBMNSDSOAERNADFYMFVKUMQKCWIPKTMZJSJKDAMWKATNXINMIVMIWAPCRUZCRILAXJOMUGJDILHSFEDCBUPTDMX
[21] -7.0122  order=qt  Q5=ONTOA Q6=REREAD Q7=YEARSIN  T8=[perm]16247530
    GETTOCTWPAGENFMDSGOLADELBEASAFLFPMLICPKJCJEQSDCURLEACTEWIYVYXQTXXSJZPDXTQHIDXJJVNOITRUNBIKGIXLNMCLHLBHCHGUPMANAXYEHCUYWVZDHMIRKVENRXCFLECHNYCLOB
[22] -7.0183  order=qt  Q5=TELLS Q6=THISTO Q7=IWORKED  T8=[perm]16270534
    LTOWENMOBILTHSMSNOVNDDIOSIOAASLUBITBYIKYOFBNDJKHRYFVTPGNRBIBPPFXEHUISZIEUZBQAUIMTXCSRAIGMDQATFWONDREORZEJHYFMWXGOMHAIXWULLGLUJMJWZEINDMMBFBCYMWQ
[23] -7.0234  order=qt  Q5=THREE Q6=THATIF Q7=USEDATA  T8=[perm]16253047
    DMWIHOMEWSWTEAISYOUDSNEOIBLONMEODTLPBHOMTOMNMPONPLEPMLIRWLTCOTGRIRCVXYXLJVTCOCFVRJUQYGHEAOWJAHXDVPCXJLBIMDOWHBGIUBPGXFUWUBYKDUCURGNTTGFONHUMANVP
[24] -7.0266  order=qt  Q5=SHOWS Q6=GUTTER Q7=JOURNEY  T8=[perm]16305274
    JFCHEVHOARPMLLYOFUGOROFORGEONOJTFESRBNOPNUNUOGWTCQDICITIYHDAZVLPYKNMESOKTFPBOZMNKTUILMAYGHNGNLJUIWRASPCLYGGGPRANIBMRTUMPQLZKHGOCERQNTKUELCEEDRFH
[25] -7.0302  order=qt  Q5=METAL Q6=HIDDEN Q7=FIFTEEN  T8=[perm]16240753
    VEJKFZZBONNODOITOREVELPTBIDDLIFDIUPLKRFGDIHZBIBNMNENYAMZCZEWNCUDROBNVKWYLOLNYSWHMCIAQJGTDEGUEMYMCGNYFFLERZPOIVIPHVFTIRLDRCYHODEROAOCVBQJXKBEPPVY
[26] -7.0311  order=qt  Q5=RIVER Q6=REPEAT Q7=ANDEACH  T8=[perm]16270345
    OAASSAGETDAUHDLBALXUSSEATHININMDBMYGWWBUAOHFAGFFSMOITTWULYGWEYIALGDAWWWFHXMEOZYUCBPNPUMNHMVAPRIYQTRGYHJVPQZAJUIKOPLCRZVCREDSWWZMDITYOUGELRNSYLDL
[27] -7.0386  order=qt  Q5=BRASS Q6=DREWNO Q7=AREONLY  T8=[perm]16302475
    KWEBULTSUMORGETHRETNUBSYKOHDBORAPPGTGUEDPTKDZKYMPWFNQVRALWSZYMBDXTYDGMTGINEADGJWGXAYZJWPVTNPUNTIZIUMSADVURKLVHMGHZHIRQRBZBZXNRTOOTHVEDMKMPLOSEFW
[28] -7.0406  order=qt  Q5=TELLS Q6=THATIT Q7=TOAREAL  T8=[perm]16253407
    CVEMADEFLISENLEALSEFHGVEPTLOTSILWUFYOYBNUSNHAFTBSGFDMILLXYYOQTGFQGUYJWIPGZOSIMAOKIYFBHUTTIGDEFFHXPQTMEHSCRCNUCDBJEFVPNORRIUJANPSERIFMXMCFYFGLWDH
[29] -7.0498  order=qt  Q5=ATTHE Q6=METIER Q7=UNRAVEL  T8=[perm]16243570
    RMATAQTECORDSOMOWJISTYZBANWARCTMDCEEZCBDAJRSOXTOPQXFZHQCBJIWIGPVBNBAUTZVCZMHESBMBKIMGEEFFCVPGDOLENCKBSYDBVSIRZSPOPZJLYFNXOOWEDOSOOOMQDYNHAWEEQAL
[30] -7.0508  order=qt  Q5=THREE Q6=BEJUST Q7=NEEDLES  T8=[perm]16247035
    BJHOLYICCISENMBREGALSEIGERRFELABLSROALVLSHJHCRTBKVWXTQTEJUGUAROLNCOLFECIFZEOLBPHMIWLZKOMSSQPFJAHEAYPSJQFDUCWERWSSEZRKBOAFENLJYAZMVMGMCXXYFDETJOZ
[31] -7.0528  order=qt  Q5=PRICK Q6=SUCHAN Q7=WHICHIS  T8=[perm]16304572
    NJBDNYTHAPRMREVICEDAUTWASUMATASCYERONKSTVFMKKRNXKNKXRCGHPESGNYXKPLAGEROFAMCWARTOJFIAUDUKDXMNRYMEOCPQQIERZZMLWBRMYUQVLHSDUDCCKAMJKIKDAPGDKFSGIPFY
[2026-10-04T02:18:32Z] chunk 8800:8900 exit=0
[2026-10-04T02:18:32Z] chunk 8900:9000
progress order=qt perms=100/40320 candidates=107318484
vocab: 119 x 123 x 141 = 2063817 triples
T8 permutations: 40320
candidates: 206381700 in 25.5s (8.09M/s)

==== TOP 32 HITS ====
[ 0] -6.7816  order=qt  Q5=KNOTS Q6=LETTER Q7=HETELLS  T8=[perm]16352047
    BERWGARLYMIIAMTOBERCHUSTSOPREPCYZXLCEQHGZFHMASQGXSLRLZQCYBWWFIGINWWTUBGMSOQBOWREARLTRINSBBJQRYSILPWROVAFRUSTASAEYUHAFUAQAGYUSEXIMLSBHTIJLEFLUCPQ
[ 1] -6.8113  order=qt  Q5=INTOA Q6=ACLOTH Q7=ISNOTMY  T8=[perm]16307524
    HMARSMIFERVILOIEJOBCOPNRYOFONGIDIUNSBNSXDPUXNYHHASSEGYYSEGMIENOLASIQCATOGFGLAZIFKGFQWMLDRNWUSEMSCDCTSSOGHTDPWWTUXFNKROLOJKHSGTAPMUNQERSUIFCVIYVK
[ 2] -6.9109  order=qt  Q5=BEGUN Q6=HIMFOR Q7=BEJUSTA  T8=[perm]16320574
    DITHLKEEGEOBITCIANLOSETFITHDCCMNPFCATAZUANFWCFNPJUDIGWWHOMQKCCJOCPTPSCLWTKKOCDGLPFIFEHRMABETLLISJJSSIEGSPEGDDPXCITXESPUXIOMAHNIROFHPJFHSGHTZYXIV
[ 3] -6.9160  order=qt  Q5=BEGUN Q6=HIMFOR Q7=BEJUSTA  T8=[perm]16320547
    DITHLKEEGEOBITCIANLOLETRITHDSCMVPFCAVAZPANFWQFNMJUDIOWWVOMQKMCJVCPTPPCLKTKKOMDGBPFIFWHRSABETOLIMJJSSLEGTPEGDCPXDITXELPUGIOMAFNIPOFHPBFHHGHTZOXIN
[ 4] -6.9676  order=qt  Q5=CLOTH Q6=MAKING Q7=COMMENT  T8=[perm]16372450
    EWLOUSTTEELEOOODEMSPPCTWNSAMBBEOXEPNEYEKITMYUOQDKAMTCJCREPRVRPNBEHLHXGRILYVFMHSTZXAQALEZZFBOTDCAJCSHXXFWVSSTPAKTBILUTGREDOZJCHTRYLUVPVLLBOCIHYAB
[ 5] -6.9749  order=qt  Q5=JUSTA Q6=METIER Q7=SOTTILE  T8=[perm]16375402
    AIANSSNYASIISEEPHLYBEWEWELRDNTMEAGERANUPPOSXFIQWEGRHTFMCIYMPJNAEWASOVEOWGFSAIBSUHJMZLMLFLAHKZJFBJWTUGNAULYPPLHLNPRFXMPYAREYFKQPVTFBSUGQXPFWESCYB
[ 6] -6.9774  order=qt  Q5=IFELT Q6=SAYSHE Q7=IWORKED  T8=[perm]16347205
    EDUMADIATLLPEFANNONUOSESPEIIROTWNIWCZLGTAOUWDHILEEEOUXGKLHPZIAOTOWYNQPQXNSKWAUGOQWFPFARSJSCTTOIGLWDINQPDWPQGJPKNFFLSAGGEVWUWISIAMRRESEABFFXNEUNU
[ 7] -6.9952  order=qt  Q5=TRIED Q6=OPENED Q7=INSEVEN  T8=[perm]16375204
    WPARTIMMOWUNITMWSMTNOTHOHTLISTISDBEUIJKIUBMECJAECCLYIIBUNREDSRCLSBTWJVBQISIURAXXFZERVXYMPRFNHPYTPHAKWWTYZRFCGFYREWEEAVGFFEXQDIRAHXNWEOVTJGOBSELE
[ 8] -6.9991  order=qt  Q5=UNAGO Q6=ACLOTH Q7=MORNING  T8=[perm]16347250
    RNHORNTSEUPTSEHSIHADABLEFHELFJRVRFPWCIDIMMULXYPDNOBPLYPICEUPNZLSCMYSRWUSLJUDAYBSUYMRAPCNRQZMEYSIZVVARQLTOUIMRDWDFONSVUXTCMMGJMTRNCJNSYCAQXNGGDET
[ 9] -7.0002  order=qt  Q5=GLASS Q6=HEWILL Q7=IPICKUP  T8=[perm]16354027
    WUYFLKCHIVAMUNDINUTOKESRECOLOUHSUASOSAUNYREXSDALYOOAZXNZDPBCIGURUCSNQKNFVOFSDTDKPCNIIDLULHLUSTYPMTYXKDZSEVYRMWWONELVRTYPOTRZTEYUFBFJDRTAIDXQZBDT
[10] -7.0085  order=qt  Q5=LETME Q6=INGOTS Q7=LANGLEY  T8=[perm]16320475
    LIISAGIAZWOMLAGLOOBYDSMATSFORNOWSIWDMXIZMNEKDRCKWJDNTEWSRFUEJVCSVFEWOOKVCAYVIONMABMIOCPJKTSLJLSABKOZTHDXUKMEWNGUJSYSLUTMCXHSCLODDCULCVORVAZBEGVY
[11] -7.0110  order=qt  Q5=MOULD Q6=THATIT Q7=TELLSME  T8=[perm]16327450
    UVSTBAWRERIETTATYFORSEFRFULSTILASDTXOSMQEMMYNBIAQCEYXLYIUMGDECILGIXVOURXJCQIRFRSDKCCTULBUKAIRCMELOZWQQIVFGCXOCERROJSHCEWCEZNMACYCAQMQABUZPTOPNVF
[12] -7.0182  order=qt  Q5=ITAND Q6=ROADTO Q7=YEARSIN  T8=[perm]16325047
    USTFRONADONEWQCDRISGCWEBYAUSILAAOOAYJUSHNDECWXRCFQHASYBGKKSZXMUSVRMNOOLPLSQIHAYDZUEXZNYBEYORVPNAXQZLQCSOAFUUMKLANYPBCCFXBOPEECINWLBUIBBMWJBSIZOE
[13] -7.0185  order=qt  Q5=BERNE Q6=METAKE Q7=LEGENDS  T8=[perm]16307542
    BNPOLDBEORRELEVEBOCESAUVAUMYTALDJGWHMKZPPDKPNREYTXPWSYUATCOBRALZYVCSGWGEEJXTXPEFHTIOMMMOYKRZORFRHATNZEBONAMILYSWPVZZMHPYAFKRNDYZWCWGLCDSUPIFDPCC
[14] -7.0191  order=qt  Q5=HEMET Q6=PORTAL Q7=LOGSAYS  T8=[perm]16325074
    OONUPAWATEFLWISWEGESMAPCRAAHBLKMZSWYUTILTTCWMKJDOERKUWZNDROHGXPHODTACTKGXCOCBUHNRNDAYKUDICLOCELCYVXCDEMYSTLMQOEMJTRTVLTHGMNXPELFOXOIWRKEBMRZTTEO
[15] -7.0251  order=qt  Q5=BEGUN Q6=HIMFOR Q7=BEJUSTA  T8=[perm]16324570
    LITHDKEEVEOBSTCIANLOSETFITHDCCMNPFCATAZUNNFWWFNPDUDINWWHKMQKHCJOHPTPRCLWIKKOXDGLOFIFCHRMRBETWLISIJSSJEGSVEGDLPXCITXESPUXCOMAQNIRUFHPKFHSZHTZJXIV
[16] -7.0257  order=qt  Q5=MOULD Q6=THATIT Q7=TELLSME  T8=[perm]16320457
    HVSTBAWBYRIETTAGYFORSEFRFULSTILASDTXOSMQZMMYNBINKCEYXLYCKMGDECIFBIXVOURPOCQIRFRLBKCCTULDRKAIRCMOMOZWQQIUNGCXOCEQROJSHCEWIEZNMACVNAQMQABEGPTOPNVX
[17] -7.0302  order=qt  Q5=ITAND Q6=ATLAST Q7=THESAME  T8=[perm]16352047
    GTODXHUSWTDEHOWDUESEALSOLATLENWPQOGRAMLJHNSACNXAHNFSZLZVHKSULDNALXRNMVGRAYGIQYNADWNALTHSBKSKCPFAIPOLHGZPOGWMANTMIKGTXIMWZYMGSHALCISNLSULJJSIPMZA
[18] -7.0311  order=qt  Q5=ITAND Q6=FINEST Q7=HAVELED  T8=[perm]16324570
    SKPRACLERIARAPEGASDAUGGODFGHTNADWBHLLADQTQHPZJHZEXSLBERTKPIJXCMYKGWXUJPOLFWMRAUQACGBHERCLAPOSHAELNRQYZDRRZWAORCHHAPHRPNXBSAZUSMEJSUKOBKQISROYDHO
[19] -7.0354  order=qt  Q5=OFTHE Q6=SUCHAN Q7=ITINTOA  T8=[perm]16340572
    HINUPDMADMILXONWOFISERMYAPLLESTHWJIEMELPAKEOFIMNOJBGLHFESSRMURBPVIFBVIEEVPBOLQCQLEDROMDRHWIJWWWNVNSNKQSSQOLYRACSIKCDVCKAAZDHUTIEVQBCJSFBFAERHYWG
[20] -7.0381  order=qt  Q5=INSIX Q6=TURNOF Q7=LATTICE  T8=[perm]16350274
    TOYTPICPHEWSRMFOESBIFPINEBESSTAVMSESDCGKUVKRACYQYRYFEOWWOVIRPGDUBWQUXVRBALMFWBAMTHYPAQVCTGDANYROGGEXQMUREHFMLSPJGPKISGWZVPXWTSBSHLUOPSTTVRTDPXBB
[21] -7.0384  order=qt  Q5=STEEL Q6=STREWN Q7=TEACHER  T8=[perm]16324750
    OASEFESQWWRICTSNOIREOOHOECONONEWHJZUNDFCVHKMZUKFBFPSIKKHYUUVJRIGXVOBULOGBAERNAOTDFMDWLBLEERKJMERWCECCHIMUMYPUTDRPVLDVNNMNSWDWHBCORJEJWASKJIMGGBN
[22] -7.0441  order=qt  Q5=TOTHE Q6=THISIS Q7=GRINDER  T8=[perm]16352704
    KSSPETABJKZORDIDIZEANBGASOFORPAYPMGRTAEXLKPIUMESZZFYHLBSGLXONSBSNPJCCSSCMDEBEQHMKQQQXMENBTTSGOIQKSPTDWYOFJKIPOXOQJEMEKXYOGDJOAKJXYOWIMCOKHUHTOIN
[23] -7.0451  order=qt  Q5=GOING Q6=DREWNO Q7=MEATTHE  T8=[perm]16372054
    XCAVEILLSIRFAIFMETSITTHRGIGNGEKEUNWHHCZKALAGOAGGEOWNHJWVOOWNDKLYTPZLOZHPKANOWPNVQCYSEGWUXKOHVXXMIXWROSLNBEFGAUJRSYEEUKOERBMKVEILNXXUHTRJTDAIQKBI
[24] -7.0466  order=qt  Q5=FIELD Q6=BUTTHE Q7=BELLOWS  T8=[perm]16354072
    EOITEOHAIRPUUUSNVICILOWOOURUTINGOODNSLUGTSCUNHAYQXZMJHNOFYIPLPALFHCKKTTCVYGJFGWNILTAXNDSTHAQGYNNXGIWYDVEWIKROTIHZXSOLCLWTQDQRILWMANVCGECFAHPKGAQ
[25] -7.0600  order=qt  Q5=CLOTH Q6=MAKING Q7=COMMENT  T8=[perm]16372540
    EWLOPXTTEELETSODEMSPERTWNSAMBBEOXEPNMUEKITMYIEQDKAMTYWCREPRVBVNBEHLHWHRILYVFROSTZXAQWREZZFBOEPCAJCSHKVFWVSSTZEKTBILUXNREDOZJHCTRYLUVIDLLBOCIUUAB
[26] -7.0625  order=qt  Q5=TRIED Q6=SUCHAN Q7=MARGINS  T8=[perm]16342705
    NWITNOTENAGLZBLVIAANGSTEENHAEANONOLCKPKFLFEOROMKUHFFFAZQMMWZEVXVVTXFENCQNFGMPSCKFECOPQCSHDWXCATYQCALIEDNHPSODQVVFKXLVNTEWXESBGWMURBSSKDEMEHPFHKI
[27] -7.0691  order=qt  Q5=ONEOF Q6=HEDOES Q7=WEEKSIN  T8=[perm]16370254
    XEASMULSETOUSECMXELOOPKDLEVATEKLGXCJVZMLNQOLPEOIQLZNTRNFJRFWFRHPDSHCNDZHEITTCRPCCEEEPESULZYERKEWWDSQLUIVSSYFUDXWVIUGSUNSMSHTTDMEBUBOSPPFQEXXXTJS
[28] -7.0725  order=qt  Q5=LETME Q6=WILLGO Q7=WEEKSIN  T8=[perm]16325047
    YINALPJORNCTTEPRANEYWHOOSUTYFJOLXZWOGDXSBPWKBJEFLHYIRPERHVQZKRHOFUJFVWEVQXCSXIAUHAOZAAAOPRAIINDOUGUCOPGVVBOQXIONMPYWMOTYDDWORALFDDWHVTWOBNGUBEUG
[29] -7.0737  order=qt  Q5=IKNOW Q6=TEMPER Q7=SHOWSME  T8=[perm]16325740
    VRCEASYPCRJNODAIWELLSTIONRECMOSSWWUYHOGNMKMHRCXISWKQLQIHGMIQUGSZRAWROASSTMVNNUDNVSIXODWPEJDUVKPMVDXBIULDHIIIAAPPOLISYRRYCODSHUFLVIRKBFAAYBJUKAHP
[30] -7.0751  order=qt  Q5=EIGHT Q6=FINGER Q7=PASSAGE  T8=[perm]16347520
    UICCPHOCSCMPRAYSABLELEYMUKNONYRARCSCSLQJRENBMWBWIIAQLPOUKUITSVEFRDGYTNGURVEMSIKVJSRIMISMRHGORAGQTFDXZVHPSFSQBLEBHITWSNMAFEYFJFMGEIGJWXSTTGKDDWNP
[31] -7.0761  order=qt  Q5=TONGS Q6=ILEAVE Q7=NOBLOOD  T8=[perm]16347250
    CZROMRGELETOKSMUTACIANGAOANSNMPTOXGJIHMVOFKCVNCIHUOBIIBRYWVAFNHPJODVUWNWJDDGSMKJQXYAWFVANDEWONINNORTNGADGCEYUEBZABPLKUCOMLHUEICAMBZXINHIMZZACVKC
[2026-10-04T02:19:15Z] chunk 8900:9000 exit=0
[2026-10-04T02:19:15Z] chunk 9000:9100
progress order=qt perms=100/40320 candidates=107318484
vocab: 119 x 123 x 141 = 2063817 triples
T8 permutations: 40320
candidates: 206381700 in 25.6s (8.08M/s)

==== TOP 32 HITS ====
[ 0] -6.8938  order=qt  Q5=INNER Q6=AWAITS Q7=FOODAND  T8=[perm]16430275
    SOBITAANHEMAAYBEENLIENOYZHUPIOPHATDANNOCFPIBOVEPTRXBUYAVTINNFYMBBYERKWAJJGLQVUDFMKSDUCIQLSBFAYNNKZHSXCGNPWIDFCGUSINZVHPAUKZEVEDNEFTICTWALYUCSWUF
[ 1] -6.8953  order=qt  Q5=EIGHT Q6=HESAYS Q7=BEJUSTA  T8=[perm]16450732
    AIFOTTAASOFNUADMSHOONYASTOMGMKINIXRADKMBADREMBMTWHXSMUFVGWOIDSYDRUZJGSLITEJNOJQRFGAEITCALMRGBPALFQJXNEGITGFTLNAHMSACYWOHFOYGDQEKXSOLEKIVFCTLIDML
[ 2] -6.8955  order=qt  Q5=MEAND Q6=ANDTHE Q7=LEAVEAT  T8=[perm]16435270
    OEISATUTSENSOULGAHOVEARGTEFSMEXHFNWQUABAWFVXLSOVVLFZELDPZSZNOOASHMAGRKIGEWRHKFVOYIQPAYMOITENDCHANUXYCRURJKAIMANQPVBHWWLHSDVDIIGPHYGTROOGIOZDUXUG
[ 3] -6.9335  order=qt  Q5=WROTE Q6=FILLED Q7=HEHASME  T8=[perm]16405327
    YZEEHINGAJOTLAFUSSYXMASELITAGEAQFDZTKSOSUJJWYPWPQWNNOFNPTULEKBUYLAKUXOJRFOAKSMSMJLTWTRHWNNRDOTOQVQEOKRWAREJHLIVELFIGORYSXLEBSTUEXPYRLRWVXGOUFUNI
[ 4] -6.9391  order=qt  Q5=LATHE Q6=WHATHE Q7=LEAVEAT  T8=[perm]16407523
    QQPASTCOADNLMINOTLYAIHTALLNOWACKMXPUCKJHCJPWNDCYSUCBHINWOCENJEGAHNQQCYJICAFTTKEILNGWJSZQRPPUJIGKJPBMDTBDMRAMAAWSFREHTLVYNNAGHPRNORKZHEASKBUAZDXP
[ 5] -6.9558  order=qt  Q5=JUSTA Q6=SLOWLY Q7=CARRIED  T8=[perm]16425703
    JAGNPESATROBPSARENATFFPCKEDTFRARSESGJJWSPOKBODHBXTNATEDBEMHRTNAPICVELTVLYCJBATJAJBPDNDNMEFBFQECABMCAHUNFLLUOPBVIQXAAHRWHEBSKEQFOSAEJWTLJKEVYDZZZ
[ 6] -6.9562  order=qt  Q5=EMBER Q6=FILING Q7=SOTTILE  T8=[perm]16402357
    VHECASYMSFPRICTILPRCTERETMLSSUPSKSCUIORCKVXVVLIXGIZHWOTIUKBUPVMOZKDCMNYGNRHIAHOFONSGVAAZURORBLDQSLEWHEEREAOMGBCVHBXYOFGUJDNQCOFHRMIBHDGQYXDOSRMB
[ 7] -6.9600  order=qt  Q5=IHAVE Q6=ATLAST Q7=ANEEDLE  T8=[perm]16425073
    DIJAITEPIPAMUKNOESNAKERGETZMACWELPFHDMCTICKLOLENEIVQTVZHRUWECANDEXMYAIDCAQONXPEIODAIJFTGYKABUZSMSPAAJJVPTDRMKVOAFMMEHDITQMCPFMQDSCYIQRICRGWDRDZY
[ 8] -6.9834  order=qt  Q5=ONTHE Q6=GOINGI Q7=ROUTETO  T8=[perm]16407532
    SWADAISTOAXROWRBOORTMPEINFOFHCLIDFEEGUKZZZMWWZXRIQREAESLRKIJFETBUGGKTFNOOBUGMFRDGMOTJALWYYDVHFSBLEHECSMVCHPZCJTTPPVFDOVHUYNVMDIBCTUTWDOIATOMNIEL
[ 9] -6.9837  order=qt  Q5=DRAWN Q6=LETTER Q7=REVEALS  T8=[perm]16432075
    EPAGONNYCGOTESTUBCMEWATTNOUTAFALAOTYUKUYITZYZEVVOSAQZUALASFOABEMSUIZNQJAFFLFEWBIWPIATQNJZUSRJDNPCRLNOOIUHXXDIPWYGYCILGHOWGKDZZPEATSHIIYSCNNAZQCT
[10] -7.0025  order=qt  Q5=MEAND Q6=ANDTHE Q7=LEAVEAT  T8=[perm]16435207
    OEISATUTSENSOULGMHOVEARYREFSMEXLTNWQUABIBFVXLSOEHLFZELDEBSZNOOAWEMAGRKIJQWRHKFVVHIQPAYMNPTENDCHNUUXYCRUZIKAIMANUHVBHWWLPTDVDIIGOSYGTROOUMOZDUXUD
[11] -7.0130  order=qt  Q5=UPONE Q6=ALLOYS Q7=ANDEACH  T8=[perm]16457023
    TGIFVINEMSFTOINMRSLYLLATEHENHEMFVJOSUBFLUIYASDPTEYGBDIASFZICSAMEILZQMQBJDDSWDZHCZKVGJSJPFSOSWSDOZIPCIARKRSINPOAZMNXMYYNLHLAEXPOADEFSNJIXJJTQUJSH
[12] -7.0141  order=qt  Q5=HASME Q6=PIERCE Q7=HAMMERS  T8=[perm]16437250
    JWTHEURODYSDJAMIONDOFYEMENUBREUPFPZRANFLFHTATHHSZWNUUTNWOHQVGWOCVENMAYRNOSZRADOPCVSYGYDZUCLTHDVPAXRBADKEFDQORYYAFRKKKMUOMAKHZCXQPBVHTUARYSDERXJP
[13] -7.0239  order=qt  Q5=SMELT Q6=ASHORT Q7=METMEAT  T8=[perm]16437052
    BLMEKTHOONUSRNMINUTINCDHEDTRSUGRIQOFHEDQGFKGVMEYWCUQXFJJIRIDLIZYOHSVZAGEDJPZSBXADAAFFIDJELJXYUEMFTUAESLIUDDUXMRQYOKLFPSIENZEBKOQUESTWRANUBOPYOAE
[14] -7.0247  order=qt  Q5=OTHER Q6=KNOTIN Q7=OWNHAND  T8=[perm]16423750
    ESGENTPRABOANSLIRAHKWEANYYNIEWSPHIHEWSPGWOYWNXIROFHOEAHLWGLBPTZNDESTYOGRZGTNKPZNYKIDCLMJKNZEVGTCUBSLCCZUXZXUIFZZADRPGIMAHOEKESGOINSMUAAYPQGQZBRH
[15] -7.0249  order=qt  Q5=TRIED Q6=THISTO Q7=ITINTOA  T8=[perm]16450723
    LAYEXEOUARNDYAHANIODLDDEDENIFYASSREJIVHOEZGATMSYDXUTJRIKEPJPPJLAKTVJSRIEGGFLLBHNFTHPFIIBQFSPTBRRCIOXZYWHIHTOSFTPALWTCUSYDLLURYYYNPTGNNAOKDNOSSIW
[16] -7.0284  order=qt  Q5=BALES Q6=POLISH Q7=SOTTILE  T8=[perm]16452703
    TCYLIFVEGANDIFZNANDEATOGROYKNVIXCSLFCHRIJSXILQGONQYKRABRJLUGIACAPYTFMMMULECMOSHLCTDJKNMFIULIZDMPNMEMTYEEODPOVHFDWAYXJXKSXODRLESBDGOFHEBPVHNHCJVP
[17] -7.0451  order=qt  Q5=TRIED Q6=ILEAVE Q7=NOBLOOD  T8=[perm]16407523
    GPGFONLIFAPPLCHURENAMILCOAWEJHPBCKJSPEQMJJXPIZGNELXDKXTROROZLJMOGOGFDQNROFIJVGYFOYVQWVKEYSMVAHENSCOVHIEFCCESWEBPLDNPFOERQUWNCDGEPTEAOCDIPPBZSNTE
[18] -7.0452  order=qt  Q5=FOUND Q6=ANDTHE Q7=THROUGH  T8=[perm]16453702
    XHIFWILUPLIKEGTLTLMWANDEMAITOFDESGYGXZZJBBTXWKRBTTJVHVTSRIPJRZCFBTSCUVBLFHLMVANYEETSQMTMNXKENJOVUWELUSWNONAHCJNQGNWONCAAAVSTCASAFNPOPLYGIAWAHQGW
[19] -7.0467  order=qt  Q5=EMBER Q6=SPLITA Q7=WHICHIS  T8=[perm]16425730
    ALEFWAGOTRIAWLGAYTROCCACROWETUXDRBPLFHVUSADNEIOWPDOVAKFOOLSPDSWJTULUQVKBPBEKRCYGIQDHEVVJTCLPZXQBOBYJMEMIJJTCHPETSOZPSPAREEDKKXRDAGTYZWTIOOEPIPVO
[20] -7.0469  order=qt  Q5=OFTHE Q6=MYEYES Q7=LIFTING  T8=[perm]16420537
    KWXROCKXWANGEMIXTHEMHEPADEOUKBUZDHOTOATFIABJDJPAGAJMCJFSYAZZPSKTAOJZNUOJGESINOFATFPOUKEJZVTJBFBAVSEMQVCCFIYLTINGCYSILAJADUZCOERUWUYODWZOWCMGAPVF
[21] -7.0490  order=qt  Q5=OFTHE Q6=MYEYES Q7=LIFTING  T8=[perm]16427530
    AWXROCKLSANGEMIITHEMHEPADEOUKBUZDHOTOATFRABJDJPUAAJMCJFFWAZZPSKCFOJZNUOEXESINOFVSFPOUKEHNVTJBFBGUSEMQVCDOIYLTINQCYSILAJATUZCOERRGUYODWZICCMGAPVK
[22] -7.0529  order=qt  Q5=GLASS Q6=INBERN Q7=TELLSME  T8=[perm]16423570
    IONSPIKLUXBUFEDETEOVEDHBOUTHOTEGNHVTABYCTLUHGFLPQBIGPQURBZFKAEYZOORFONQZNIWOKYRZHAEHJOTPQIRZFSDCQHCLLLMPIEETYFIKPRCMXVDWPQFZUMFPNTGSFRERRYTHINXW
[23] -7.0618  order=qt  Q5=IHAVE Q6=REREAD Q7=SOTTILE  T8=[perm]16402735
    PVYDCOLIESEARYDJAAREJBHSOMEEALDELZERTMSHBPDCYSONGCEIDOOHIOCUDUCKRZZGWJDMOQQXWCOSLRNUWURKVQFJZVFKUVJNVJWQLAUMGPUARKZVZSHOWMDMESRFSFWRKENKMYDSMSOV
[24] -7.0704  order=qt  Q5=UNAGO Q6=ASTONE Q7=THEROAD  T8=[perm]16405237
    NGLYGRATBESEOBISCCLSBENTBRDMSGLLXXLVDJIZKXCHXWXELVFCRPIICYVPBDAIFEQYGXQOMEMBAZZDEFITZCFGPCYMGDCVQYWVWHRMUCLDNOVSLZCXRVFUYEWLISMIOREOUEGGTEOMEFFE
[25] -7.0735  order=qt  Q5=ANVIL Q6=FAILED Q7=FINGERS  T8=[perm]16453207
    JECUPASSROJWLEDARCTHIDEUXBOXTOMTDJLETMJUYPAGNDKPERHPBETSKKQYECENPMPTSDBOHVIVNZLIPQHNKBNKDTIRFINOHJYVEERURPXVKOOXAWDHDAVYSYEOLUOXNLRTOZIAVLTQSMWX
[26] -7.0736  order=qt  Q5=ONTOA Q6=HAIROR Q7=ROUTETO  T8=[perm]16453702
    RUATNIORUPSSTVODONCUMENIIDOAOBJDYGWAFBCSAGLARESMQVRLITCBEMSTESTSPRFVGERVYIZEKECWHDGGNQLGKQCFHGMWCCWSLPLYFSEULITMJKZZDFGWJKNOTAHNRKPDVQCPEMGONMNV
[27] -7.0752  order=qt  Q5=HASME Q6=QUENCH Q7=CALLING  T8=[perm]16450372
    WLGEATPERESEAGWSSLFLOWERUCSYSIOUBNAHJVGGBTRAOWDBAVQBVKDVIVNWMIXKLCOOIASMTRUSKHHMBKMPRUEVWHFPHFWTZESABIOHFWLSENDKLXNSVPHMAYBCAPFSHLFJSEAMLZOGSDLJ
[28] -7.0757  order=qt  Q5=HESAW Q6=ANDLED Q7=GILDING  T8=[perm]16420357
    SAMONTFCORTEQABKKYPASCROPEATEMMPCSNHLJSESTUFQSTROBBSRFESBJRVOWZKUGVARNKGLUUBQFTZJXRMXJBNSSSWASJQBGWISIMZRUPDJBEZEOKINDWUFKMVNPLYKHNJNPHYMPDPPVIC
[29] -7.0761  order=qt  Q5=INSIX Q6=THATIF Q7=SAWSUCH  T8=[perm]16437025
    HFEKBESHMADGAPLEETDEADOISCOWSKHTLUOAQWOLHNOEJEFWMNIRRTWIAENQRURLRTLCSAYSZVIIABAFQWBVAJWBIGHRMLILFLMMUAIAXHXZIAWDOPRFBVDZCLUTXRNUETLNUIXMMUELFSOL
[30] -7.0763  order=qt  Q5=SEVEN Q6=FEWHAD Q7=YEARSHE  T8=[perm]16457230
    RNGUDUCORMANTSDSHUGSPONEEDMNVAOQIDHHJKXRCSLHUKLTMOEFXQITRAHJLKXIFOWAISWFLBDAKCZDVDOSBCOGCIEWBBALAABYYOSCGLHKJTEEDOQBIWZDGMICSLWTCTEAKCCALVUXCAGY
[31] -7.0767  order=qt  Q5=AREAL Q6=ITINTO Q7=LIFTING  T8=[perm]16435207
    BSRUSCHICDSMAGOOABOMBYPITAOTHSVBLTLENGAILNDUKQURCZHICOCYGCJDTMIQDTRQVUDYPJEXEHVZFSHFMXMMULOMWRCSEWOYZCOHQVWFHEGAQDHSXMTYPTOPSWIFBXTBSSIFTPLCRIVQ
[2026-10-04T02:19:48Z] chunk 9000:9100 exit=0
[2026-10-04T02:19:48Z] chunk 9100:9200
progress order=qt perms=100/40320 candidates=107318484
vocab: 119 x 123 x 141 = 2063817 triples
T8 permutations: 40320
candidates: 206381700 in 23.5s (8.80M/s)

==== TOP 32 HITS ====
[ 0] -6.7841  order=qt  Q5=BERNE Q6=LETTER Q7=WITHTHE  T8=[perm]16507243
    PITDUNTORGHTHEJDSFYPROSIODERGIRAOFMBIBVUHIFLYMIBKMXAMTMYXBOELOFVGIOACEVLUGGSBTBUEVVUGAROSSTHREXKEYXHWVXRHTSBIHYUFYKBADGSTUJITKWUSCAXGMSMAYBPTDAJ
[ 1] -6.8961  order=qt  Q5=WROTE Q6=FILING Q7=GRINDER  T8=[perm]16540327
    MCDREUPHILEWESGATLXOLHBAREENELSBBNRYKINTWWLATGEAIXPQTRKGEABVLHOOGPHLMDCBINPCVXJLLIPTRYGGSWEELTEGUTFLVINHMHMDOTPWTNHRNXTTFJZSPCVUXNJOIGAWESFOJWDK
[ 2] -6.9438  order=qt  Q5=TRIED Q6=THISTO Q7=ITINTOA  T8=[perm]16540723
    LAYEAYOUARNDIQHANIODSUDEDENILWASSREJOSHOEZGAAISYDXUTCBIKEPJPXULAKTVJNHIEGGFLOQHNFTHPBNIBQFSPSSRRCIOXTWWHIHTOSFTPALWTRPSYDLLUZTYYNPTGAOAOKDNOCPIW
[ 3] -6.9517  order=qt  Q5=TOPIC Q6=ANDLED Q7=THROUGH  T8=[perm]16527304
    SHEYSILHAONEWTOYADIRELOGNINSGCMHXTSAHRPNNCAOJMTXBONYABOURQCIOTRSFGATEWNITMPXYFWMNXDCSTTZKKIFSOCTUIXTYYIXSHDPGLREBXTTOVHMIVKBCMSFJAWYKAPFMKBJMTBQ
[ 4] -6.9564  order=qt  Q5=BEGUN Q6=HIMFOR Q7=BEJUSTA  T8=[perm]16520374
    DITELPEEGEOPICCIANLTSFTFITHBCEMNPFCBTSZUANFSCPNPJUDFGKWHOMQXCEJOCPTGSZLWTKKBCAGLPFINEARMABESLIISJJSYIIGSPEGGDKXCITXHSKUXIOMVHTIROFHHJRHSGHTLYSIV
[ 5] -6.9640  order=qt  Q5=MEAND Q6=MASTER Q7=SHADING  T8=[perm]16473052
    WQRASCROBEADBASPGDGPSPROYNANSIGNWASIAEXEOGODUITQRHHDKCGCJPKUJCYAFYDINNPXKURSQRBNHEILAZVJUYDIELPSVXGLFXSBHETSNAEFBPSSWVETEVNDSBGJXHSPADSTKESQDDXG
[ 6] -6.9696  order=qt  Q5=THREE Q6=GOINGI Q7=ROUTETO  T8=[perm]16504723
    AYDGONESBAZSNORNDBINICHUNGAMMEMLGIPQBWPDKTSIPLPAMQQXHLSESPRAHMABUHISHYQGBETOIFTUHWQUZRVXOYZGMGSDVHNCAIUXCIAPNGOOSSAYROZOVAQRQVQXFTHLIYOFFAEITYHY
[ 7] -6.9773  order=qt  Q5=METME Q6=INGOTS Q7=FINGERS  T8=[perm]16530472
    UAEIGLEFLWEERCMBOOUROIDATEMSSDTWFZNTDBIORIOUDBIDNUSFTNARSTVSUDOEHEDJIITHCAWNEAEMSHLADIPJSHQXBVSFMVRVPMJBLTDEWZVLUXVWWNKWKXFDNJDYDCLIOVWKVGYAICVY
[ 8] -6.9831  order=qt  Q5=EVERY Q6=THISIS Q7=EYESARE  T8=[perm]16470532
    HHDBMUSINGHEDUKQLORASPOHOROFITTOAIFTVIEZWZDTJTWPJDXOVEREQCDSNYLMZKLHQYRQUDBWATKJMSZQXUXHJWAKDVEJMILDEDXENEREPQRRTYXUEHRYOKDKYAELAXLGNTLOADTFPYFT
[ 9] -6.9840  order=qt  Q5=OFTHE Q6=GOHOME Q7=NOOTHER  T8=[perm]16530724
    PTXYTILETENYMSDSTCCONASFICPEMIANBNYODDRUJHEWSTWRTYQZKIZHWHCDOGCRDALRDQVNZBYVRURERDOECKICNZYTDHRDCIZSJUIHUDTQCDXZKAWARCULZZMEYPTURMOZSASIJORKXMVP
[10] -6.9844  order=qt  Q5=AZURE Q6=GOINGI Q7=LANGLEY  T8=[perm]16473520
    DIMARSPBWCGSAGESBONFNAMWSTIREALTGMSROSTNOVVEZHFKDTIUAMZASAGPTXJZMGURDIRPOFXDIOFBLSNSKPGDYUZMURWRUWGBCLUDFVQMGDUQJHCJXAFTIXLEEENEIUOCCAPHEAHSRAVH
[11] -6.9976  order=qt  Q5=HEMET Q6=ANDLED Q7=BEJUSTA  T8=[perm]16540273
    EEUXTHMYOURNDISTROMFRANGEQIRLLNISLPBEWLOUDQULMGIASJBWRNTGBRYCANDMHBSZCOHSSFWHNTYOAIXMWCBEHFURQXLWAIFFSIFKKDVREKTTOOGQJZTJRFBZIVMWVZZRAEUAKDSERTW
[12] -7.0014  order=qt  Q5=OTHER Q6=ALLOYS Q7=THEYARE  T8=[perm]16504732
    CLOPTTUTWIEPIGSWISHOSTPHETUDKUALYSKLIBPFGLEOUSYSMIJXHTZMEUGEWNFNASDBIQRWERATTORPGZCDFOHRQXDVQEPVICFKRDMIEZQBRIOWRSVYGCTUMICLMXAJQTDOYGTCCALDXLVG
[13] -7.0016  order=qt  Q5=SMELT Q6=SAYSHE Q7=ONEOFMY  T8=[perm]16475203
    TBINFOLYBEVOLELBARADADINZBYXSCALABOMAECMCAONRAWANUXLXMSSUMWLLZGBCKMNKSGYGYHYUQLUZOOVKMIITZKPSOEETOQILELEOVMAFXYHVJEWWSURCELADPNAFWXPKOEDYKLWRAGD
[14] -7.0033  order=qt  Q5=NOTMY Q6=EMBERS Q7=HAVELED  T8=[perm]16507432
    AVGANSLTSWIMUSTKTANNOGUNWONIARTCECRNYSVDJLATUPMPBPMSCGDECSVRMASZHAVADHTKSDOKJOWOZBDTUWEXTGNDUGQWKNTKYKHXQURAPPJUYSSTYPZNAYNQUEMNEHGQOUNBKAVCLLVI
[15] -7.0035  order=qt  Q5=WHICH Q6=BRONZE Q7=STUDENT  T8=[perm]16523740
    DADYWILLYTARTFPROMTOMTIREXCOKGTICYWKSGCAUCMDAMLBOJITQWNWFJAATATOSZMLGKDMHEGFXWFVHWTKDGSTHHOMWIEUPOABPGFILLWKFHASUGTAVYJRAEHCBBQIIUKJIPGNGWAOOPHY
[16] -7.0093  order=qt  Q5=THREE Q6=GOINGI Q7=ROUTETO  T8=[perm]16524370
    PYHOONEHIAMANORMLBWVICHPIGHIMEMLGIEOBWPLITSSPLPRWQWWHLSTAPLCHMAIQHNTHYQFWESOIFTTPWNLZRVHXYMQMGSLGHKCAIUKCIBSNGORKSYNROZZQAXQQVQPPTOWIYOXOAIETYHC
[17] -7.0101  order=qt  Q5=LASTA Q6=ITFROM Q7=REGIONS  T8=[perm]16530274
    ATBOTHIDDEDCSFBLHIMYTBEISAYBASEHLZATARYNCAOYTEXTAZEKKRNLVDLVKETHUSDCHWIDGBBSHTPLSYMCPCHJZHYYTQAATCRBCBQNVQQPSXSZPTWELPGKOWYBEOZNOIPIWDSEWOQKSUZY
[18] -7.0328  order=qt  Q5=INTHE Q6=AWAITS Q7=LANGLEY  T8=[perm]16472035
    KPDODIIANGOTTANYKORONHMNCTSNANIMWCWQLQZWWEVPANRKYFPLAIOAVYOJYDIJZHOYOUYMYAFKTOOJGJOJSAROOTIHQESYAVAGDSMOWMLDSIUTADTRFEBGSFXQQNODJZXSSVEDVAMPRUVD
[19] -7.0347  order=qt  Q5=TIMES Q6=ANDTHE Q7=AFEWHAD  T8=[perm]16504732
    ASBCSQEUSEOSOFORMYAMILICEVEBEGBCXRDDSYIRVYTOWGXLNOKHPMHMTQRSLKJLMYTUJLGCATYKBNPVKBGSTSDPRBFSZFLEXTJXJZAAHXZZSRAHBPLSYKNBUYLEUUNFROMCZBBELLETPCSG
[20] -7.0364  order=qt  Q5=NOTMY Q6=EMBERS Q7=HAVELED  T8=[perm]16530472
    VVGENSLETWIEUSTCEANROGUTNONVARTSECRRYSVYNLATUPMKNPMCCGDWISVLMASPBAVEDHTYDDOYJOWZFBDPUWEFPGNPUGQOMNTAYKHZRURBPPJGVSSZYPZTEYNXUEMEFHGEOUNJAAVGLLVT
[21] -7.0382  order=qt  Q5=TOHIS Q6=HIMFOR Q7=ITTOTHE  T8=[perm]16472305
    HYTARYGACDWEDOINDBSADADFIDSPASBVVBMORAUMXUANJIRMTRSTTSKLBXMRNPEQONQHJQHHCVNYBYKMEQLUSPNSWEDOYYMOGEWVCAHCTBAXSIMFMLLBYRWZMWETUKHEOIUDSOBGXIAKPIKV
[22] -7.0485  order=qt  Q5=ALLOY Q6=FROMME Q7=INSEVEN  T8=[perm]16537024
    OINLOGUAMSDISRSNRIEMBNOLIPANODOHAINAMKFXLLPVWBDEINGSSJCOYKLFVFGTBTSDYXXWWHFATFWFZDMYWHMTUBCAMCPZTHUHGCUYLZESFIONBYSYWCFGWWAZECTEHAUQYXDPFDEUCFBW
[23] -7.0508  order=qt  Q5=HEHAS Q6=METIER Q7=IPICKUP  T8=[perm]16523074
    MRMCTSEAAVOZNOPHOTARMYORABEEDSCCASQDBDGEAWKPESNEWOKLMQIJCVPKOXACRXFNLGXOETAWAZOCUILGGGJKVTOYFRBSQWRUTRHATUILSWIDMKBAKOATKDLKTYTFTBBRIFWXRNWTPECV
[24] -7.0526  order=qt  Q5=WHICH Q6=PATINA Q7=THEWALL  T8=[perm]16507324
    ULLMAUCHFMANENSEHCOTUDEFAVONEANZHBBLCLWTHKZWACREMFPEUOKEHDAUTPMHPGSMNLMCHMJPBPAIGOGIOWLWOQTIKPTYNFPRLTUFOWMDOFDRCAXOJBCJTIXTMZRFCFNMIZTEGODQOWTE
[25] -7.0614  order=qt  Q5=ITAND Q6=THEOLD Q7=PASSING  T8=[perm]16504237
    PRILXXVWYECLASTNOOTAKOYTRISITIONASETZWWDVEGAWMOKEDMPYDRDMCWQBTWDJWADUCPYKMVYGCPYOLOVAOZBINBKHBRNKLEXAYQMSJIJMRCMQRFLEXOMMWERYBEHWLCCDCBXJYJYUXNR
[26] -7.0734  order=qt  Q5=ONTOA Q6=INBERN Q7=YEARSHE  T8=[perm]16527034
    LPSTATXIWASYGLEDITSDIELBLPSHCOPTANUSUQNJAIKFHRIGQCWAQXXWDYWNEIOXYWILVBTUSSVERTYHBOMPYSFBYMCADIZCVLFLOCUALUCCNBRSZYMRBKEGTYOMQEFHDNUJQNDEEOCYUZEZ
[27] -7.0801  order=qt  Q5=SEVEN Q6=SUCHAN Q7=FIFTEEN  T8=[perm]16503274
    ROVEDSAMTGTVARHEYCHHOSIBMUCHGISTXGSPBUCHWIGPVQFUEEUUNGXXTPCKHXTCCLKJMEGRPUNJUYRIMOBRIZHXECCUGRTEZIFWNHAPNADQNIYUSMUDDBLYLPKFOYNBRRSNPRNDUBTLCKBO
[28] -7.0850  order=qt  Q5=TONGS Q6=BERLIN Q7=SURGEON  T8=[perm]16532407
    PINBAHEEEBOTICITPPADMITSGASMSVLHRHKELNSSWULYNDDNTHSXTEIMBWGXJQIRTTMCYUGTGQPLNELHQBEFYOGPBYBMZAKZYYZCXEBIGFSRCFMZFDKNIHADATIPCTPLRYTTDIBYSEXAUWHL
[29] -7.0854  order=qt  Q5=WIRES Q6=PICKUP Q7=PRICKED  T8=[perm]16472053
    DUIRIDISKEDYEDDILIZARSDPVUBSATIBIRPEORTBXDLCHIOSRGZVWTHZFKUNIOBVNGLASTLOGVSXCBMAAKLYPZARBFPKRUXHIZVEINJJMGDULMEIAVLQOHFCBYPOBTRRUWJUOGQUGTZOOWFQ
[30] -7.0861  order=qt  Q5=FIELD Q6=ACLOTH Q7=LEDMETO  T8=[perm]16472035
    PLYALLJHYAPSTIDEGETRCYALORANTBROFWUILDAHATIDAREMVRMHUDGUJRETECUWVMTIZPODTGCQOJXHRDOYAQTPBTISZRYPMKQQVWLWEOLTXDUIKUHGFUYSOGYAYECGFOACVAXSUXVIQOXQ
[31] -7.0896  order=qt  Q5=THREE Q6=ENOUGH Q7=REVEALS  T8=[perm]16475203
    OBETEOFTNTNEWREPRYGMYPBEAPTILANPNKUUHXSRGTHUSHAIJSOUPKUMKUNRNMJPEHEVTSQEAJCJVOKLMZLUMJOTJJNZUEZITZRRCSRSLGOPADYZERHAPYXUHMMPOXVGTUSORPCFRFNKTTGA
[2026-10-04T02:20:12Z] chunk 9100:9200 exit=0
[2026-10-04T02:20:12Z] chunk 9200:9300
progress order=qt perms=100/40320 candidates=107318484
vocab: 119 x 123 x 141 = 2063817 triples
T8 permutations: 40320
candidates: 206381700 in 24.6s (8.39M/s)

==== TOP 32 HITS ====
[ 0] -6.8562  order=qt  Q5=ATURN Q6=ITFROM Q7=THATIFI  T8=[perm]16724530
    UTEIRYCGNOWCIRNTWERIOANLOANPAIRTMCRPANJIFRAYFILNUDHSYLHYLMWOONSCEVRSNFVRIVWUWIPZPUZTFWWIFCPCMOSXGEDFKMUOQRLNROWQETSEDXAHSSAWFUZATHSBCULTWSIRRGJL
[ 1] -6.8637  order=qt  Q5=SHORT Q6=VIENNA Q7=STUDENT  T8=[perm]16543720
    GNDDLDPGTHEONSAMESJRETOGARVIURARGDOUKCELMGHTECWVZFWTGCIKSKOUWNBGVQKGNDAVDOIPSESMZWUFOJKHYYITQWRJIRYMALBCUBYHADMSEZODEFTIDWHLYPSELOSQYWLDNEWRQPTH
[ 2] -6.8840  order=qt  Q5=ALLOY Q6=WITHIT Q7=PRICKMY  T8=[perm]16705342
    MNEETERAPRIKHINTEXEAEOKNGETALDERNFUELNIBAINSKQCOLLHOPWLTFVYXJMONSYKINKGIHYKNAWTWLDYEDRDRQBROZOBRULSRCISDSIAAYTZAFRRROMSQGKFJOCOGCGYLKEPCYGJGZMYV
[ 3] -6.8840  order=qt  Q5=SHOWS Q6=PIERCE Q7=OFMYOWN  T8=[perm]16705234
    EEOURKALNATJISSALDESPNALDAMISHPENYLDEYWFCQHWRIGOYEVEDNYHSDIRWJNFWNYUMMMKLLDEJKUJMUEEFLPAPMFGOWLJGFOREMAGTRBOFUHSYLOPEFPAWKLETFKHAPDQWLAQMGCZHWLT
[ 4] -6.9006  order=qt  Q5=NOTMY Q6=EMBERS Q7=HAVELED  T8=[perm]16570432
    VVGANSLITWIMUSTYEANNOGUFNONIARTGECRNYSVDNLATUPMKNPMSCGDKISVRMASNBAVADHTSDDOKJOWRFBDTUWEEPGNDUGQXMNTKYKHSRURAPPJHVSSTYPZZEYNQUEMIFHGQOUNAAAVCLLVB
[ 5] -6.9110  order=qt  Q5=YEARS Q6=TURNOF Q7=THEYARE  T8=[perm]16543702
    ESYMARLATVEARNLFWAREMCAMYPTSEDGSLYMVEEPNGTUHPUMAYSCLABWLTHQVWBCIUPSCURRDNAMZJSHQATGKWTWQBGJPMAUNTFFSCWYUUHDLASXYDDQJYYEDQTSUSUPNPEDDENIXUBTFDVKL
[ 6] -6.9134  order=qt  Q5=KNOTS Q6=ISTUDY Q7=LATTICE  T8=[perm]16573402
    IQBEBOXWORSRMORELLOMRFEVIFESCREMBIGUDCUXYSZAGNWOHBIHSATTSUNTCABQWVEMTZEVLLALMOARTFYADYNAMIAWXCHWPPNETWEBMRTDQGIIQXJOQQPVMMPBDAWKTAZTZMNBSFBRENTA
[ 7] -6.9189  order=qt  Q5=AFINE Q6=STRAIL Q7=OWNHAND  T8=[perm]16732450
    PGOESTIMPURPAGEINBAXXKSHFIEIRIXFLTTEDQZZUZXRVNANLLRCARXANCIQNEYDKEFXBMEEMQYDUTEUTIRLKTHOMEJNRYQAAVQFPPMSMQWITLRESTOVFEDVSFMEJSZTESOEZHRFUUSMNWKJ
[ 8] -6.9250  order=qt  Q5=MONTH Q6=ENOUGH Q7=FALTERS  T8=[perm]16723045
    XUDECHUMOSTAILWSALSOURQBEEDWEBDHJWAVCEQTUGOQENFDTMLIBWBELAYDSFXTGOTUDBUEETGALGEOUTTKRBNWFPOPJLPURASPXUOXMHIWQVTBHFOKOKOIZSJFFTQRTZLHSIDIDJRETPKM
[ 9] -6.9297  order=qt  Q5=METER Q6=GOHOME Q7=JOURNEY  T8=[perm]16720435
    NOFTRALLAOYONYWXIFIABASKYLEPUKTZPVNGVDAZPHHKLFNMSIDAYECPRHFAIDBCQTZMEIFDCHCARRTYLSTHMXKOLCAILVHJDHFCGUDUTKSPMIEVPDFYHUWRFDZOOEBSHOTCEMJRQKBODISL
[10] -6.9417  order=qt  Q5=SEVEN Q6=FEWHAD Q7=YEARSIN  T8=[perm]16547230
    RNGUNERORMANJEDSHUGODJNEEDLERYOQICSHSDXRBXLHXWLPDOEFLRHVRAHJFTJIFOWAREWFLBDSSUZDVDTXTGOGCHPWDSALSZBYAKSBOLHKJTDPDOQBATLDGMICPEWTCTESSUCALVQJFTGY
[11] -6.9434  order=qt  Q5=INGOT Q6=CLOCKS Q7=ONLYTHE  T8=[perm]16705423
    VWFOOOTADYPLETHCVASTESRISWYDTHITMULHTNUAMYQURXMEVEOADLAEAGXZEMZVRJJIWQMNTAYQYWKLICETTZOLOBFMPBYGEDOFFMQFQDRTRVQRPAVATOFHRQQXLJIWSWWEWABTVEETAPNR
[12] -6.9639  order=qt  Q5=PEACE Q6=GOLDEN Q7=NOTHING  T8=[perm]16703254
    JOEADSSEBANMANABSHOTSDDECDNGTODFREJZEJNHHUHOTQTZFYKAQRLAISIXSELPWYCLTFOYNPIIWVSCPOECCZHDOCETTXXRDKZNKYEIZAJLTBISDTTNXJUSWRWHROOPPPRELCPYANLUWGRX
[13] -6.9764  order=qt  Q5=OCHRE Q6=PATINA Q7=COMMENT  T8=[perm]16570243
    WOPGSERURHONDHTHNIRYEDUSEDBDENTGEHLNIEDPAMRWHSYAXDEDNCROQQRRRSSECXLLVAOPFOSNCZXAWSVHIXIJBUYBXTFLHKTGTHMKYDDRLEKFZXKEYATQCGZILTRMEQUIUYJUTYCHUEXL
[14] -6.9818  order=qt  Q5=ALLOY Q6=WITHIT Q7=PRICKMY  T8=[perm]16705432
    MNENVERAPRIZIINTEXEIPOKNGETALDERNFUMDNIBAINKSQCOLLHXDWLTFVYOCMONSYKHQKGIHYKYXWTWLDYRQRDRQBRFMOBRULSPAISDSIAPSTZAFRRUEMSQGKFUKCOGCGYPHEPCYGJQMMYV
[15] -6.9827  order=qt  Q5=SHORT Q6=IWROTE Q7=BETWEEN  T8=[perm]16704532
    VTEMUEUSKNGDSTITDIFFGIGRONLETHOBWSGAKNBTKQBFINFLFYBUKYTSGAYBDLPROAWAONQRNDJNDBSXAESAWBRBXSNYVTPDGTBKOVIGJQENBODYTHMKIETSFSGWPZEARSPSUXQTYACNCYDO
[16] -6.9840  order=qt  Q5=DRAWN Q6=HAIROR Q7=RESIDUE  T8=[perm]16732450
    VAFFOILRWSAROONTROMESUDGUSSYECKNBTOYZFSQKZYSGUZITDVGXDSKQCBROLUJHEHKHIVXOFPEISEWFPLYHDXMULTOALULBKSVWPIWURTKLPBRYYYISWIBAAEDJMSUSPCDXELYIJMSSKOR
[17] -6.9850  order=qt  Q5=SHORT Q6=IWROTE Q7=BETWEEN  T8=[perm]16702534
    VTTMYEUSKNTDITITDIFFGIGRONLETHOBWSGAKNBTKQVFRNFLFYHUQYTSGAABOLPROAMADNQRNDONUBSXAETAZBRBXSZYJTPDGTCKTVIGJQMNRODYTHMKIETSFSNWWZEARSGSEXQTYAWNUYDO
[18] -6.9861  order=qt  Q5=OTHER Q6=ANDLED Q7=YEARSIN  T8=[perm]16703254
    EMBEPLGAAATLDWINDPMTORWIFPENNMEMDSQWMMEKJOTCMXQODIZTKLEEQFDTNBEERSCOGCQFIKIDXITYUHBDJPZCFSCHXFULRZUJUONPDILJUGXKQOLJUSGJULDHISCYONBODDHJRTZENALM
[19] -6.9863  order=qt  Q5=ROADS Q6=GOLDEN Q7=BROUGHT  T8=[perm]16702543
    PIESLOUVEETCFYWHEAPHYNHCAHAVEHEEPINFGBEUUDVQNUFTQMGSOCRMSDJLNIKGSPOXORMFMUEAUXCGXGMNEINPSNUIVIVOUCDRPZGNGQTCUNVUUALHLRPVPSPCCEVARRCFMAFPSUGUGJKJ
[20] -6.9875  order=qt  Q5=BERNE Q6=ACLOTH Q7=GUTTERS  T8=[perm]16573204
    NELFUNNYIFOREMGOOCOMBHAUMOEOAVEWPXTORDNGBASRTRIOFTOFLDIXORFGEQTZDYZWFIGTPZNAERFNCHJEUPHRGSNSQDIARCUBYNRXOGAYDCYMBCDQYVZCTWGGKMLGYMABDTGJQBOXXPHS
[21] -6.9900  order=qt  Q5=LATHE Q6=INBERN Q7=BELLOWS  T8=[perm]16702345
    EIEWTHIESNYJTARGAHOINGLNTMONLYAZWRVAZKQWSSWCELYXFZVJVHEFGYDMCHDBRRONRUFKAAWARRNBUMVCTOHCQORSXLOWBVIEERVMIPYPNOSJBNXOSPALRTNOOKMFQZEALCSKMSXVSARJ
[22] -6.9985  order=qt  Q5=GRIND Q6=SUCHAN Q7=MARGINS  T8=[perm]16725430
    DWKRAITHEASEALLMTAMKHSTTHDMOVADARWLBEPMEWFBKADMLUHMYJOZHCMCTORXJZUTUKHKDDTCUMURWLEVQHCCZMDIACOTLMCAIWFDIIQZTORGNRMTOANVBJXAMZDWPURXPPYDLIEZYMYKI
[23] -7.0051  order=qt  Q5=OTHER Q6=SOLDER Q7=LOGITEM  T8=[perm]16732540
    NFVIOVISGBSTIGNSEXMIDEPMUNEORASMOLDLLNJCCIGKJWVMLHOQTCJKZZANONOPSCNRAMORZKZLBKEDIWHAHAFYANDHESAYWHKELXVUTARFAAUBZQUVRWHDKZYNLEUVCFHLTWGLSIVNKGEG
[24] -7.0085  order=qt  Q5=STUDY Q6=MAKING Q7=ARCHIVE  T8=[perm]16720345
    CHUKESDAKSKIEMNTASIEAGMECOUNTRWLTYBZCPCMPDRCDRPHNUHWJHMTOLXDATVCVKHTHUSNZKKIALTETARHEFALUUOVZZZTRFDKFGMCBEJKWJKDQGMOACHAWRCUWFNLIANLMKAIGENFKJKP
[25] -7.0093  order=qt  Q5=TRADE Q6=TOOKIT Q7=ATLASTA  T8=[perm]16572034
    XJETITOSYTECOTOOCDNTWCARMMAKEWOBACALOUEWTKSYPANSTHNKWBIOKLKXWOCNLPSYTNFITCZACEIDSBXLTYWWCGXBLERKCSWOBDPBQYRENMISPNCDPMVZWXPXFODYXQCASWJFCLSJQCDV
[26] -7.0122  order=qt  Q5=SHORT Q6=VIENNA Q7=STUDENT  T8=[perm]16547320
    GNDCLDPHTHEINSABESJTETODARVFURATGDOSKCESMGHAECWNZFWWGCIASKOMWNBJVQKJNDANDOIHSESAZWUDOJKJYYIOQWRIIRYLALBDUBYDADMDEZOREFTXDWHTYPSXLOSJYWLHNEWCQPTS
[27] -7.0161  order=qt  Q5=SHORT Q6=COPPER Q7=LEDMETO  T8=[perm]16723045
    AVAMUDIISITEYCTSATEKDOSOCEKTEROOSIQJXQESSMJATCOBDERODGLFOCHNQHIQUECWFETEBAZBECFDUGLLBTNILWQPYNRQLDSRNEUFOGTOEQIMZXXFXPEACMMAUTBZJGOIWRMKILPDGBWQ
[28] -7.0202  order=qt  Q5=TANTO Q6=HEWILL Q7=IREREAD  T8=[perm]16702534
    MAGRHEFWERIESVESWLDRYOVERASVALRWGWBVMDONNTYOWASRNSTEINBPLNDWBHYARVVOILYFZIBIXAHYCBAAMSOSBPEHJDESZEPZFNYKYOVMUJQBVIEDKLWMZMODGTFIULYEAKAIMGZGQCYM
[29] -7.0229  order=qt  Q5=UNDER Q6=EMBERS Q7=MARGINS  T8=[perm]16720345
    JBSTTRAVENTASERGMZUTILIZMORGDPWMABSSUERWCABLELSCTKEQQQPCWKWNZATRCKATBOXOZINAIXTCBVAZBSMAFSYEVDNVVLJZWSDKSIGKTSSTFGBSDRDTCCGXNCKEHGVFIPQFLPYAMZED
[30] -7.0252  order=qt  Q5=EVERY Q6=FILING Q7=THEKNOT  T8=[perm]16702534
    XRROADOFATAMMROFSTAYARIMAHZDNEVONYITMHIHFZWLSRAITJJVVMIXNHEOUWVUINDRKKTHCICDGTSRCEIQBBVIRFFSLGGUHUWIPCTRLCMTRAUZGCJKCRTDAZQOJADSTUEYWDPBYLSMTABK
[31] -7.0297  order=qt  Q5=TELLS Q6=THATIT Q7=DIGETAL  T8=[perm]16542307
    PFPAKRESACAYETOWEVHITMFONEMYOLCATUYADSXKUSNAUZEBSASWTPLLMMWMXCGSDAMFNDCNAITLKXWZJVEDLBIQEIHORTYUXPENUVUSCUSCBJDBDRMPZROULCGDJUWVOLEBUTBPYCVUVDTT
[2026-10-04T02:21:08Z] chunk 9200:9300 exit=0
[2026-10-04T02:21:08Z] chunk 9300:9400
progress order=qt perms=100/40320 candidates=107318484
vocab: 119 x 123 x 141 = 2063817 triples
T8 permutations: 40320
candidates: 206381700 in 25.0s (8.26M/s)

==== TOP 32 HITS ====
[ 0] -6.7507  order=qt  Q5=SHOWS Q6=PIERCE Q7=OFMYOWN  T8=[perm]16750234
    KEOUREALLATJIBSAXDESPFALSAMISMPENYLDEYWFFQHWRFGOGEVEDBYHFDIRWDNFLNYUMXMKULDEJVUJOUEEFTPAYMFGOXLJOFOREKAGERBOFHHSVLOPEMPARKLETBKHBPDQWJAQZGCZHJLT
[ 1] -6.7954  order=qt  Q5=BEGUN Q6=WILLGO Q7=BEJUSTA  T8=[perm]17023564
    PIOACVSAPSWISTYMPIBRASGLOTISRONCHARNUAZLNIPPDALNPUEHONXTOGFWKCCBQZUDATLEPKRMRSFCUAALYHQUXTYOMFQIDJAXAATSWSOGRPDNUKIWAXEVTONTSIXCLASHAFUUUDUCPNWY
[ 2] -6.8162  order=qt  Q5=UNAGO Q6=ILEAVE Q7=LEDMETO  T8=[perm]16750423
    GONCRITRYDEOUTUGHMEGOINCODSXHQDHEZKLSSLRPPBURRIVZXRJTFDEUPRPMVOTSFQHNATVICHKFBQWKTOWEHSCNFSSEDIUAVOULOGHKQGFWAMCUYVELPHVRRTETAWEKBHJPFCALOACCSDX
[ 3] -6.8543  order=qt  Q5=OFTHE Q6=WINTER Q7=THEYARE  T8=[perm]17035426
    DEGODARQOSYNNWFOCUSOANDASSBYELTRQTZTYDOERHJTFGSCSASQBDLPSSDVTHPSRECXGMPELKTAXFAVIMVEDJDDSNBCPDCUFUCXLTDJZKYXTHIRDBAZQSOFTCINFOPIRUNNMRSJIVRSTQDS
[ 4] -6.8697  order=qt  Q5=MEAND Q6=WINTER Q7=SUSPECT  T8=[perm]17023465
    UONHANCINFAHBBEEILOORMEASIBYTENRGLIIVFLBSVEUMEHXBSIETUYWOVKYGYJZUPGEKOEONQPJSMTYRIDKCXYSWFUANTWTOZCDCPOPAEWAXTNCOVBOLUMEDIIHONKORUNGVDMBIIMUIKIK
[ 5] -6.8816  order=qt  Q5=IFELT Q6=FINEST Q7=SUSPECT  T8=[perm]17023456
    CTICMNNEUEIDIDLANDMETURSWMALEEDKCFKISKRAHMMWXMALUFMPOFRKTEAORDPQSPWAYRVRKVCFDQBBTAEZKGIUTICSIGQTIUECLRDOGARKECWRSUZBJUHHXHECJLFRPQRCPTSTNBORMUGZ
[ 6] -6.8831  order=qt  Q5=METAL Q6=NUANCE Q7=WHICHIS  T8=[perm]16752304
    GSHTAAAQMAREBOARITZIBOSDUSDETOTRABBZVKDKODTEWRAHFYNSTICCOLEYFIEMSDOBQBHRPQCSSONYTWVXNDGCLIVEBZZURQBQYVCOCOGGOHHTJOJDCCSTIKYURCUAGNNNUBXNDOCHHZUG
[ 7] -6.8970  order=qt  Q5=LETME Q6=OPENED Q7=REVEALS  T8=[perm]16754032
    JRDZEAUBASAMEFOOXPCNORANGSTEGIFLPUFTGENGBEKISKFGVVGMSFRYJQFHGOAPHOVSXHCORZPHNYZNCTQTASYATQOSGARTEFHOUUTDIYAPGNCTJXPUFANAYEJVCEOYOWITNEPGZGVNUYFR
[ 8] -6.9056  order=qt  Q5=LETME Q6=ANDLED Q7=SEVENTH  T8=[perm]16745302
    LEENDCEGABAAXFRASPUBLOANETMOFEDRZDTMEUQPIPNOTOKKORHRUEFTNVFANBKKGOQOMYTOBCMQARWPKQASGPPCZAUTIBRMXHDOPGJATZAATXWXOXREAJEYOULAMAXFMZPOBLTISRAHDEFR
[ 9] -6.9211  order=qt  Q5=BOOKS Q6=GOLDEN Q7=LEGENDS  T8=[perm]16742305
    COOMIDNIMPATECHWUNAURASEDRENNAVULPLAELOIMBIEEASDZCVWQHOCAYMPVLKHMHIMWRYYDIOTULCOYAXWRYEILWFGADSMMCELUCCADTQSJDNNNACBSJEGBXISLCGZFEVVCYYHFLRIRDQD
[10] -6.9457  order=qt  Q5=AFINE Q6=PICKUP Q7=AHAIROR  T8=[perm]16734205
    TEBLASROTHTWHERODUNRVQCHEDHOVIGKAZMWEPJFHVYZWHAUUTUYAPIOMZMAOOPIKELNEEPBJBEOGAWVAYAHPJMESGPSRAGRKQCYDHRCMZVIDGARCREDNUGBJGVXEOKYAFRGICYOLIOJRDSP
[11] -6.9535  order=qt  Q5=LETME Q6=ANDLED Q7=HEHASME  T8=[perm]16745032
    RENOWUHOBJENDINASABYQWARILTBTEMOOVALEPXJASEZFCGFINHYZXXATVQMSQPMHGXLTOVOAGOIDNWEHANZOPEGONXPIJOOBLYAELPNELAEBECRPXCCQYHQKPUZTDJFHPJPECTWPHNXYEQO
[12] -6.9541  order=qt  Q5=ONTOA Q6=ANSWER Q7=FURNACE  T8=[perm]16743025
    INDNKSSAIREDNEPPETOTDEWDAYSONHLEBFPVNJPGYAXOAITTYZFIGGENYSPILJARBURHTBDVQHUDYIKYMMHAEAQULIXICTWZCLWQDOYINZHICABGODEXIORCYBEGLZDYMINOEHYJCVMGQZAI
[13] -6.9620  order=qt  Q5=BALES Q6=WHATHE Q7=STACKED  T8=[perm]17032456
    ORCRNLASTISUVERFILORLATTTEMJCNOKKWDILQGWEDTMAKIYDEGPEVFYUPDDBHPAGYONMKUJBWBQRAQSLTBOGFOJGTXGFZTIADUGINTDLUVOKNHAMEOJMQSOENIPTESGQNFTSEALDSOGEXXM
[14] -6.9713  order=qt  Q5=LETME Q6=OPENED Q7=REVEALS  T8=[perm]16754302
    XRDLEAUBSSANEFOOSPCEORANGSTEGIFLDUFWGENGYEKUSKFGIVGZSFRYWQFAGOAPGOVAXHCODZPONYZNZTQHASYAEQOZGARTGFHPUUTDEYAAGNCTDXPRFANAAEJLCEOYLWIMNEPGSGVFUYFR
[15] -6.9879  order=qt  Q5=LASTA Q6=ALLOYS Q7=ANDEACH  T8=[perm]16752034
    BCARONIFADAKXTWEWOULLGSWIMDITIVAUOLYAAROZETAYHZWKSOVATESBXKVSPLZNUNJNXFOCZJDCXPUPVAHODFNRDRJLUHBUHLIIPKMODNLMCEHLBLADRBCMGHXXARTZIBQWONGFITRUFON
[16] -6.9887  order=qt  Q5=HEMET Q6=TEMPER Q7=ANDWILL  T8=[perm]17023465
    LEOPCIIATILDBALMEFYANMYEENROENFEZMBMLRSEYCMCUVDOVIVBZZNMOHTHSXNAPPFKRZHAWFSGNSABFFLUABZYRDODECCTJOLNCCCARIZMODJWNSPNHPGJCIENPDMKSBNOLURCUKEMNPKH
[17] -7.0019  order=qt  Q5=GLASS Q6=WORKED Q7=FIFTEEN  T8=[perm]17035426
    QIRIESHNTHMRSARKPADDCDSOCTEUEFUTOSVOVJPJCMOUBAWGSHIMPOFWESLJMCDDONYRPNGVGJWNEMHDWGCYALVCDOMSLUFKWQRSBHPXHHVEDZIMZSEZPWOKUGYRASJUKYAUAEYEBSZGSMSP
[18] -7.0039  order=qt  Q5=LETME Q6=ANDLED Q7=HEHASME  T8=[perm]16745023
    RENOWUHOBJENDINASANLQWARILRETEMOOVZZEPXJASVHFCGFINSDZXXATVPCSQPMHGUQTOVOAGHSDNWEHAOGOPEGONFIIJOOBLTOELPNELSFBECRPXQXQYHQKPNRTDJFHPBEECTWPHVUYEQO
[19] -7.0040  order=qt  Q5=CLOCK Q6=ENOUGH Q7=GOODBYE  T8=[perm]16754032
    SESANKTOYSHANKDLAZEPHADINWNPBYOVALJVAECUPVAHHAPWQOARTJUITWDVHXAXPKEHYMPRENNCSEBOXUSTKTNODJYXXOEAHJLQMFVMRVOILGFLRCZHENUYDSVYADALEAQCAMKDMAHCWKKA
[20] -7.0079  order=qt  Q5=TELLS Q6=INGOTS Q7=BELLOWS  T8=[perm]17032546
    IENFSSIZETFLLONBEHYDRMANTOVNELACITXVUXNLGIDKERJUJTTHSWBOCUTAVFRXJRRCNTADSTWEQRILAQSBCHEAFWHYSRSNZCAOUDAGIVUKJGKSKPPAWGHBJKRLANBRXDUNTFQDBSUFHOXC
[21] -7.0113  order=qt  Q5=LEDME Q6=BEFORE Q7=LEDMETO  T8=[perm]16734250
    ONADLINTOSESIFHNLIOSOLETSQGRAAUYAVBUDREWHEMALAMNUXEUPTEUWYDVSQRRKJDMDZPTTDXLTPVWOHAPHZGBPSDRSHTZUZWKLSLIFKQCPSUNGWPRAATJSIUDSAFHDTRAEVYGSYYJTFYN
[22] -7.0120  order=qt  Q5=OTHER Q6=POLISH Q7=BROUGHT  T8=[perm]16753204
    OJPNRMSILEISINYOCOINGOFGIDODMOLFHCHGSJDUVJYAGSMYKWYBECJHLXLSJGNAFTNFATNMNQRGMAMMUCHUHKQLLPYVRCSSZYBYYHJMLESHOUMLXEWDATASOACCUUAKCRSYPCLQBNTHSWXQ
[23] -7.0192  order=qt  Q5=AWAIT Q6=SPLITA Q7=WEEKSIN  T8=[perm]16743025
    PIFDEMUCTYCRECDNTHWLITEDTLEYOUSJUTOPKNRZRIEUIHBIEACCDXCZYUJOLVEHYPLYPETVBGHDWUREXWFCTOUNISIJOMKMKVLIOHRIPQRVNRICXTOORTJUEDJFUCVZGNZIRCTFOHPXVGRM
[24] -7.0277  order=qt  Q5=ANVIL Q6=THATIF Q7=GOODBYE  T8=[perm]16742503
    WHSMEMCNNSOAEALDEDFSASLECTISTSHZUYWBFDRUWVEYMSZBHNGXKJEVAWAXLTHCCTEOKIPRDMINXECNHDEHPVIOCRLGSJMEUTDMKPFLTIBRETFSYOIDGTGGXCCIDOFOIATLVHAPUMPQJTAP
[25] -7.0364  order=qt  Q5=GATES Q6=OPENED Q7=SHADING  T8=[perm]16742053
    IYMANOMPEKPHENOSLTBEUMTINYSANDOVUKDEHMRDDBCBWOBEVVQNVBTZILGEPLKOJXVRCBBSJAIAFUPGHKJMQBUBPWBLEDAKGOLOVNVIGRINHIEREYWIHDNAPTWWBTTZRPUHEVOSTOIHGZRC
[26] -7.0387  order=qt  Q5=SMELT Q6=METHAT Q7=FROMTHE  T8=[perm]17023645
    SVOLSWMCTCBEPARAGUNDPUWAYFEATBECOTMMUGFELOSUBXXFBDDUBRISAYAJMQGEZGVMEQVIUEOGOOVGGOOMTBUPDDOXOWEQXMQKYTETUAHRFUNEZIQSKYWBUGEGIUGZNYJXYDUEWIQXLPCD
[27] -7.0421  order=qt  Q5=IKNOW Q6=OBJECT Q7=WROTETO  T8=[perm]17025364
    ZLENTLENTNESMNDRPREAPOUNDZROSIIMTPPCBBAHJPKGMQRHGCICQFFSYWLBSTSITTICXOZAKHNYMRTWSNOBRKLFGRICWMETGNCCIEEPVJTIKOTFTRHOHAATZBOBSXFQNKXVUXYORKPVBFSD
[28] -7.0423  order=qt  Q5=IFELT Q6=FINEST Q7=SUSPECT  T8=[perm]17023546
    CTICKENEUEIDHELANDMEFGRSWMALEEDKCFKIGNRAHMMWMXALUFMPXNRKTEAOBPPQSPWARYVRKVCFNEBBTAEZJWIUTICSVSQTIUECNZDOGARKAGWRSUZBDRHHXHECUFFRPQRCIMSTNBORZHGZ
[29] -7.0454  order=qt  Q5=INOUR Q6=ISDONE Q7=PRICKMY  T8=[perm]16743205
    HKCOOPAYHETARLHOWPSHOFBVIFNOTTEBLOPEOHNMUSTVUAPDSRZNHQKOHLDUSQEFZGTARIRSSUUCPGVATLSJMTYVAYBEXMOFQFDFTOKPKJTJUAEHZTREMGFHCAEVSHEBVWVFEQXDMMTIIEDZ
[30] -7.0459  order=qt  Q5=ROADS Q6=DONEBY Q7=HEHASME  T8=[perm]16745032
    HOANONLJARTATEIPIFGURCALLUREIXOZNDIIHHWRKQOUBOVLQFUHZHKERZOONHLSVERYPJINRCRENXYTUNNIAABJJSEWPTGPEYRMTOWIAGJJGTJGPHEGLOZAGWCGFBNWGHCLOOKNFNXLCWQU
[31] -7.0465  order=qt  Q5=BOOKS Q6=GOLDEN Q7=LEGENDS  T8=[perm]16742035
    ROOKIDNINPAPECHWGNAPRASEDRENNAVUDPLHELOIXBIOEASDSCVJQHOCKYMDVLKHNHILWRYYRIOGULCOFAXGRYEIDWFQADSMJCENUCCAHTQYJDNNZACYSJEGPXIELCGZKEVBCYYHOLRVRDQD
[2026-10-04T02:21:56Z] chunk 9300:9400 exit=0
[2026-10-04T02:21:56Z] chunk 9400:9500
progress order=qt perms=100/40320 candidates=107318484
vocab: 119 x 123 x 141 = 2063817 triples
T8 permutations: 40320
candidates: 206381700 in 24.0s (8.59M/s)

==== TOP 32 HITS ====
[ 0] -6.7937  order=qt  Q5=AGAIN Q6=VIENNA Q7=YEARSHE  T8=[perm]17063425
    EGVOUNONIGNETOALTGALGOUTKOYSTSERKRCXOEGITAJCJCCGSRINXXMRILOITUAMHADJAKVANKOAIJUMVPXLONSNXMACEMRHZMMVEWMYZEVKOKBERTTMYRYKSFUBCLAIFZDKJMMPAHHOFNDK
[ 1] -6.9234  order=qt  Q5=TIMES Q6=FAILED Q7=ANDLOST  T8=[perm]17056432
    NETYLOCEAZHJELCHACEONNLYALAREFLLFINEOOWOWCZDVCNARLHYOUBNTKOGMBONRTOJIWVQIVSHYBODOTLGWADQEDGMHYOIIVETNEDVIEURPVVMNWGXWSIOEIMAFKHTCXTEVBQOWRAVSMEE
[ 2] -6.9344  order=qt  Q5=SHORT Q6=BUTTHE Q7=AFEWHAD  T8=[perm]17054263
    UONNBRIDCGTALAOSTINANANDAMIXUQIXREWJSPTELPAYOHOMCOPWJUZWJAGZHQRJAKYCSSNROFDICQQWBCVTOXCHCDJLMXSPNISXHONLVVPGIRVKPGCLCORSQRPWWLEDPAVMETVIITJRAGCH
[ 3] -6.9364  order=qt  Q5=ATURN Q6=INBERN Q7=DRAWING  T8=[perm]17054362
    DYETOSINJUICBSCCOLBEEARSEMFUOBEDSMAIQNKHLYJSJSRBZIDPGFLUNUYTOQTSJUAMJAYHFHJUPNXHPEEISDNLURXACUTNDXZGTAUAKEBVBGOKWJKCHVESWLJBCOEAPERHEPHEFORAZRDS
[ 4] -6.9511  order=qt  Q5=PRICK Q6=THEOLD Q7=ANDWILL  T8=[perm]17063425
    YMEPALPAGLPEESURISVBEKATIRESAHTMCMXQRRWGADUBSOHZXJEJVMKKVIDCLONAROMKDRWBKEIVWKECTQIHEJIPWOWLUCKSKONUHDNSFXYFAECOJZFROTTEQVLNRFSKIDASQQPMZQCNEERA
[ 5] -6.9542  order=qt  Q5=LEAVE Q6=WERISE Q7=SMELTED  T8=[perm]17063425
    VFYFMBANEUSESPUTINRSHARILRLESPVLFROSZEKPDSEZTGKFZCBUUIYVWHAPUTMEYIUVGGUXHAZTOBSKSEHABSHASZWEHESYPWLRDONYMRTMAHEMDFAVJBCKHHIAATTFEUIRJEPNSFCMBMNZ
[ 6] -6.9631  order=qt  Q5=LETME Q6=ITFROM Q7=LEGENDS  T8=[perm]17052463
    NKELTSIMEATXMESZHUGHAPTDONDSKAUTIQMHHNLYFPHPLMFCIOMROMBARFSWHEXMDSAVASAXWXOTDTWORDODOOYTVNRRGBQSFEXUCGBHETQOZSKDPJYCJSWBPNUTCPWPYINEOQBOGNAIFQLY
[ 7] -6.9720  order=qt  Q5=UPONE Q6=GOHOME Q7=WEEKSIN  T8=[perm]17056342
    EALIFTODBOARGVILEFREVROMMREESHXVZDMVONAEJOUMEUWDPXSSUENIRAILSGTAWEAOXIBGKARLRTTSSRHZLKVDUUSCLODVLVHLVGUAVJBJAMWRCVSSPVECRYWOVNCRRVOROFXZNFIWAXJN
[ 8] -6.9730  order=qt  Q5=IKNOW Q6=FROMME Q7=LEDMETO  T8=[perm]17043256
    XHOZZLTSOAVITCRDISHEAILAISORAUSEIVOWLYFAAVOACVAASVQTMLGGNSSJXIBHEMLGDKZJHANDQQTZPFAPEEELTQBUOHKWSKLNDLYDAIHAOTJORDGAOEGPBDNHZCGLZOFNWNENTNEUSDII
[ 9] -6.9851  order=qt  Q5=GOING Q6=FILLED Q7=DIGETAL  T8=[perm]17045623
    ALYKWDOPRIEROFACHMITEARLSREQAOYZHSLABWTZGSDGTCACSZZLDZNICAPPAIJBXMMIAWGBIFAUDFFMKIOSYAGPTYOPNJOAXTKZJNGONZBYXISINNHYUYEUSHWYGBBPVWHYIJENGORLPGNC
[10] -6.9898  order=qt  Q5=FORGE Q6=KNOTIN Q7=NOBLOOD  T8=[perm]17063452
    EWASBEDTPCYBITTAILUTIVENHWYYNORIGRTJITOGFTJGPHVJOHTIMAONFMRUVLQMSIRNXUTCQBEKYYZUAROBMYNXOWEVPVWXFUAZCOUCHTINGTMCQKVNLJCOPINKTZQWNSMONLFFPCMDVZNK
[11] -6.9932  order=qt  Q5=INTHE Q6=SOLDER Q7=THATIFI  T8=[perm]17045236
    LHENHFATATLELPHISNAVESDEUXMEMLIYHGHFRXOWSPGHFULXNLOBYYWZRKATKSRKROMVABNTFBITXFXDOWUBJJCYXBTNOBAPERCEQUNIWDZRJJVDDBBYVIRFEJDRDLGZAGIDBEBTSHKBAAHT
[12] -6.9975  order=qt  Q5=FOUND Q6=GOLDEN Q7=THEMAND  T8=[perm]17203456
    VYNNEWNGIRESQFIMOVTOPONDSCRYSWAYURNONUFSOTSFIAGBOMESRZDADCKUALIUIFREMJVKXIUSSWFAJNJYUANWPDPZHAQVJIBEDTPPPGDVNLMPEEUSPYRUOKJFUZQBFKILFHCPCGIZZDNN
[13] -7.0052  order=qt  Q5=MEAND Q6=WINTER Q7=SUSPECT  T8=[perm]17052463
    UOBUAWCINFOWBREEILFOREEASITYTINRGLIIVFLBSVHAMVHXBSKOTJYWOVSWGRJZUPAJKSEONQARSPTYRIWYCCYSWFQRNEWTOZRCCFOPAETKXTNCOVYOLRMEDINBOUKORUQPVNMBIIZAIAIK
[14] -7.0107  order=qt  Q5=TRIED Q6=DEPART Q7=ANDEACH  T8=[perm]17046352
    UUNDATIDNOTCODLXOXEFECTBEETTYANAZVIDDVICTNTFXZIGNCKAQVPOTGIHIZDPADRHRISHQXFFRIAYWKRNDTDGNCOUPNLNYEWBFTGIGUNHBEOSSPESDUIAGZGDXMTPUDFJQGYIRBSWPFXW
[15] -7.0120  order=qt  Q5=IKNOW Q6=DAYAND Q7=SMELTED  T8=[perm]17053426
    ERIENIRERLUWALIHGBOXINCAMARADVASZKSCWPJZZMFQLBGRPRCHVYBYADEMDMSDPMNHPDCDIYFHPBZMATIZCWGPDHFKRLKORIAWZKEWOEYAESFEETBYKDAIPPYSBCKTRLTGLIAPTRGDCMGL
[16] -7.0144  order=qt  Q5=OTHER Q6=THISTO Q7=MEATTHE  T8=[perm]17063425
    IWENTWSWIMAXIDOSYOODEEPDADAFAKOBLMJFSODVUMEHTUCBYTGIPSYTTWXSKOVNUEBFAOWMTYUVGULELRSWZVEVNFRPKCOQKFYRYOOAGDQUXUSANDHMCAUTKVARJUMCFRPERASMYEDXQIMP
[17] -7.0204  order=qt  Q5=GOING Q6=BYNOON Q7=ONEOFMY  T8=[perm]17203564
    ZKWELISUBPPROXCLEITSOREDUSKUHIBMQATPBWIPEFJDNTZIMLPERROLAISOTHDZGENINRWUCOEEQNUAKNPDKHPUTBIRSOXJVSOBIIEASJEYBJIJVSWUOQKLTPAFSRVFDIIMZTLAYHUAZPBS
[18] -7.0205  order=qt  Q5=HEMET Q6=HEWILL Q7=REVEALS  T8=[perm]17056423
    GNDDEPCGALTEXECHNBMAZONCGRITEINWYSOBIIUAVTHPTAIIWUVTOFWPSDVOTWURORDGVZFZRXAFXAEVNBFMPRQYPQGDHMAVSJEHLHSAACKCAMNVNXFOLWASAPHCWAVBIBTOMDVERMWIQSND
[19] -7.0228  order=qt  Q5=ROUTE Q6=WHATHE Q7=ANDEACH  T8=[perm]17053246
    EHRUITORVAUHNAUTHEBOYJEBWENTISCKISFUEUMEQBYGNODKGOXGXZCOVDECIBUGNSBYKURPRYAABTFXVZTUWPTDGRYGKVWIEYKEUKNNBROORBWOGPHIAGCZPMVASMAQXFBCDBGUDUVEXILW
[20] -7.0244  order=qt  Q5=ITAND Q6=HESAYS Q7=IWORKED  T8=[perm]17043265
    XHUGGINDTDPRASICSHCARGMPLANNETSHEFPTZLSJJMLWKGILERAJERCXJLGZAEWGYYYKHVHOPKJHRTEANTYIXPWOLORCTYBGNWTOOAZOHYHPSNAAOIPHEJUWQRUVUEAAIQGGYOPCAUHNAYZW
[21] -7.0251  order=qt  Q5=ANDHE Q6=ASTONE Q7=WHICHIS  T8=[perm]17065342
    OGMEPANTQREPHERYJXTDAMINISONDAMVVITDMCGPPYVNLPUORWRFSNHIUZIBMYJFNUHLGVRQWYPOWPBRUPBLWWZVLUGMNORYAPPHOSVENTHACJHXPXBDIEBCMANYUXUMFGDENLTCNZKCOFZI
[22] -7.0256  order=qt  Q5=BRASS Q6=HIDDEN Q7=NOTHING  T8=[perm]17054236
    ROMLBONYOFHEWOEORHADBYJTBUDDALLKMHUFQHDYSOGUTICVUWYPKAGXESMAORANIWMCCUEGTVRTVXABCIEKECEISHOFLQYMHJCZVNBSEYKCGTPTMABIIEEDNRTCFTBUZBVPKNPHHNNOGRHD
[23] -7.0262  order=qt  Q5=ONEOF Q6=BYNOON Q7=NOTHING  T8=[perm]17062435
    DKSWATEEWEGNCKIGIDELOVEOBEFEEATUOQDINWYRIGFCMFBMYTPJUGBHDAYREWNZIKPMTNUUSDRFUCZIPYIRCHUJGBGAONCUYZYXTMNQVDMOJEWLQBLOOSXTYVTIZOXTLACEXXWVYIMFIAWE
[24] -7.0273  order=qt  Q5=ITAND Q6=HESAYS Q7=IWORKED  T8=[perm]17043256
    XHUGGINDTDPRASICSHCARXAPLANNERCHEFPTZCHJJMLWKXTLERAJENLXJLGZAQHGYYYKHNLOPKJHRGYANTYIXIEOLORCTJQGNWTOOCWOHYHPSMBAOIPHERDWQRUVUCCAIQGGYWECAUHNAOVW
[25] -7.0296  order=qt  Q5=ROUTE Q6=HEWILL Q7=NOOTHER  T8=[perm]17203564
    LONLODRMARTRKONAOFESHPAAMAPSPAQDBNUPJHRNMIJTWAEMYVZADJBUIGIDBFRJLOHXEQCEPFAQCRMSCAMYBOOSONVTDJIYWMYHUMWQOTGTMATAJEZZZETAXKXIPJYERBGRHVPILBERNAVX
[26] -7.0320  order=qt  Q5=SEVEN Q6=PATINA Q7=PASSING  T8=[perm]17036452
    TRINFIGETMISPIEKANDGNULCHOCWAAYSCTIXTWNDKABVXQONRBCITELBWDRTICPZMCPSGZJGXAQPICKRZKMSWMPPNGENAIUSICKFGVOCTIPOWXMIEFGYYVXZTWDPTHOFXXDVMUTCTJPTNSPZ
[27] -7.0366  order=qt  Q5=SEVEN Q6=GILDED Q7=MASTERY  T8=[perm]17203654
    HNWISTGHTWOODMNOTMBTHEYSERGCPTIKJRMSCINNPILLQRQBUEXOIFMEJIGCANXIGSCVQIFDYRBTBLRNDCARYDHDAYLUGQSAYFYCUUXNYOECFQNOVCLJYNBAMIPJEVNTZOLFGXGHLLIHUENX
[28] -7.0388  order=qt  Q5=STILL Q6=SUCHAN Q7=STUDENT  T8=[perm]17062435
    XWUSTPERVSHFATATEDONWISYCUEADPHUIZFRECTLFEWOSSZHRNGONOOPVUWKJNBLCBXZYHOEGCDYLMJKJFCXNUPAPPWJFASXNEGEDEUIDGSDDLSSRWWIBNNFTRHXMGYBXWDKOSPUNIBWEHKP
[29] -7.0399  order=qt  Q5=WOUND Q6=ASTONE Q7=LEDMETO  T8=[perm]17065234
    UTTOAYBZMAGNHABICTOTAFANANRCHEARHULALPZAXLBEFTFOWTGXQLKKILLAVRSGWDLBVXLELHACPXSAVQTPMDMYIAONWONISNTQMEHLUQBWVQCGXVOOUETJOKMOCCIDFOPVLMBXXLYMMPNR
[30] -7.0491  order=qt  Q5=BALES Q6=WHATHE Q7=STACKED  T8=[perm]17042365
    ORCIOLASTISPHERFILOEAVITTEMCJVYKKWDKSYOWEDTXRIKYDEGAATTYUPDGOOFAGYOJUPMJBWBCFXPSLTBJYKLJGTXGFEMIADUTXLSDLUVBWQGAMEORACLOENIQGGTGQNFRCNZLDSOYVURM
[31] -7.0493  order=qt  Q5=PEACE Q6=INDIGO Q7=ITINTOA  T8=[perm]17056342
    CMIVNFAYPLERNTRSTWEATLITWALEPRDAPQCYYZYPWIZUEDVXWMCDOPROOYKTXRMICOTLVLGMMDACDJNHCERRWEHOFEBUKRVVLMDHIMNGFSFJVSPUQNKLRQFWXYSAEPAMENTCGJCPWMAUEGIJ
[2026-10-04T02:22:20Z] chunk 9400:9500 exit=0
[2026-10-04T02:22:20Z] chunk 9500:9600
progress order=qt perms=100/40320 candidates=107318484
vocab: 119 x 123 x 141 = 2063817 triples
T8 permutations: 40320
candidates: 206381700 in 25.0s (8.25M/s)

==== TOP 32 HITS ====
[ 0] -6.6680  order=qt  Q5=MOULD Q6=SOLDER Q7=SURGEON  T8=[perm]17256403
    LUPAARDELEDPIXTOANCNHEFHEZINSIMACLDINGNYGGENZSWHYJXDSMEMMYFGTUEUTBGFBECEGVLZWIPLJITIKNRYBJULAFOTTSBPHBANNOPLAHAQHXFOZEQEUDUTCSORAOOGDOFADRFYLALM
[ 1] -6.7043  order=qt  Q5=WATER Q6=ALPINE Q7=NOOTHER  T8=[perm]17253406
    XWTDOSSPRESOZDWENCEDILESYOUWLTBYEFPGSHVPQNHLMOVIZKWOXEANLTSKURPCUINCVAHIZZEXOCCDBOARUMEWPCAVYCCFUPIXWONABBCRUBPODDJWBLDWOMCBTCCVWMIOMFINCOEOGJBW
[ 2] -6.7774  order=qt  Q5=INTHE Q6=ANDLED Q7=HAVELED  T8=[perm]17264305
    EASWREISIBIRIPTIXPORTIDGEBYCTIPARAMFAUOHDZNGANKJGNVNSEMJPKQAPHFCLAKACEDYBGLIATIAYHIHMEFHOKSHMSAMCMDCWTZYBNPAINTBWSIGUCFNEGUGIATMVZYJGPOBXPBMENSH
[ 3] -6.8567  order=qt  Q5=INTHE Q6=STRAIL Q7=FROMTHE  T8=[perm]17243056
    SYSRUREWOCTWILVOPINDOFNWODBUSELIJHGVHNAECLVOTAXSQDERDCUTAJAVECUUQLQSULARLUGEXBEGHEBBBMRLAJSTBUIXOSUKMMTHQOOUYQDLROATWRRHGNWWTWOGDYEDFFECSCSXIFFK
[ 4] -6.8752  order=qt  Q5=HASME Q6=METAKE Q7=ISNOTMY  T8=[perm]17236045
    MYGUSTGENUALTIARJSPMTDRESTGSAIMAESEKRTGEUMOFGDGSGKTHANEAGCTCDRTHTDAPSPIHIWDTSKOMZWLSQUQYMMTAOIWORSEPGULZKPRTXHEFEYALEDULWDOIEIBZIIRWJSGVQGFNSJZI
[ 5] -6.9401  order=qt  Q5=WATER Q6=ALPINE Q7=NOOTHER  T8=[perm]17234506
    XWTUSQSPRESAIMWENCEPFRESYOURQWBYEFPGUZVPQNHHIEVIZKWQOIANLTSQXTPCUININTHIZZEQQXCDBOAHWPEWPCAWRCCFUPISXVNABBCQZEPODDJPLYDWOMCTLKCVWMITVCINCOEXOOBW
[ 6] -6.9414  order=qt  Q5=SHARE Q6=MYEYES Q7=NOOTHER  T8=[perm]17245630
    TONHILSIPHOFPASICEDKHTNUDESTJUEDBCRRPKCSBLKGQFHLSOSWZEEZNHXZXIQSVERWRTEGYXNVLIBIOEFTIEMAATGFLOHBRILYOUOSLFDULQIETZUHBUNMGKXWECDBAUHEAFPWAADZAPCF
[ 7] -6.9541  order=qt  Q5=AFINE Q6=HAIROR Q7=IWORKED  T8=[perm]17250364
    TDAMOSESSIGBSPOWLEDGATABLNTHTFHDDMXYLGWURIKTOFTHITCAORBDKIFKJSSNOIDZTYNYGTPGOFEDRYDMFKSPICASSITKBNZCRGLCEJKVSVSOSQZLHQMRTWIIIKZPUZASEMNWSMVTZAHY
[ 8] -6.9734  order=qt  Q5=HEMET Q6=EARTHS Q7=ANDWILL  T8=[perm]17264350
    IIGRADFEIHRILERLTASHAYASOWGREEFISLIXZWODLTBJCSAKGNQKPFIVMGSSYEKSFXMAIUIYNJCWODYFHEMHYXIRNOVIRVZZOCPLASCEMHVCYGBVYRTHHGOEXNTOGPITYAYVHLCBHURTYORC
[ 9] -6.9799  order=qt  Q5=METME Q6=BUTTHE Q7=LEGGERE  T8=[perm]17265340
    TCUTEDURGTAHAGAURKSCLAPLECKULDBEUKHOYYOAPOIPNIEZIHUWGMRDOCVTCCLIGFOEWMROAOPCOISHLIVBYKCZJCRLYTYQXICMRDTSHKTIKTLYSWWSKSTIOYZYHBBFIDYANTARXBGIKXFA
[10] -6.9812  order=qt  Q5=SMELT Q6=THREAD Q7=THESAME  T8=[perm]17245360
    ASNOASHHHSAFSUEWPRISHSMUPSOANINMUPYOTTBEOZZBORIYQIAEWXMPHMSNNMWVXRCIHMPVSQLWAVSTGOODZJBMYKLTHKTETIKIPEXWXMREGVHHNVDSURLDMTYKIUHCULZDAZWBOSRPSADJ
[11] -6.9850  order=qt  Q5=FOUND Q6=SOLDER Q7=SURGEON  T8=[perm]17246503
    WUPONUDEIEJPATTEANANDUFFEOINEBXACIDUBXLYNGELNMWHKJTDYQEXMYDGAXENTHGFCBIEGQLOBTRLVITGIDRYSJRLADODTSSPPZALNEPLYLGQHVFEHVMERDUYMPOROOEGGKFGDRDYBVLJ
[12] -6.9897  order=qt  Q5=MOULD Q6=SOLDER Q7=SURGEON  T8=[perm]17246503
    LUPANIDELEDPASTOANCNTUFHEZINGBMACLDIBXNYGGENNFWHYJXDYVEMMYFGRXEUTBGFEBCEGVLZBTPLJITIITRYBJULAFOTTSBPWZANNOPLTLAQHXFOHVQEUDUTMWORAOOGGYFADRFYYVLM
[13] -6.9936  order=qt  Q5=OCHRE Q6=USEDAT Q7=CASTING  T8=[perm]17240536
    OTESMETHMODMERISLSSHPHEVAAPPTMEEKNNHPZXWNFKANBOTWEONVORDGWRRUOZBNGPENGYMSQMAHOPDTARQVTKMJXZWBWEDVMRMCRQQFILIHEOVEZLEFIQTIKLHAGPUJGMDEHUITRZCMSCH
[14] -6.9967  order=qt  Q5=SEVEN Q6=GILDED Q7=MASTERS  T8=[perm]17253640
    DNWISBCHEWOODANOEMBTUNYSARGOKEIKJRHSRWNNMELLORQBVEXOAIMALIGCJCQIFSCVLIFDLRBTGNRNZCAWHCHDKYGURGSANBYCWYXNXOECEUNRJCLJGHTAJIPJCVNTJOLFRIGHDLIDXINX
[15] -6.9985  order=qt  Q5=EMBER Q6=SPLITA Q7=MEATTHE  T8=[perm]17254630
    FQDLONTHACALCHELDCVSKANBSINSDYJOECBVOVNGAYFVZLRFXIITJZTCDQNBURPDAPCOYWHYEGARHDTVQTICZFSNHDDBPAOFSPYNWXKMEUALKSRDEBIBYDSYHNLDPINKIMKPCRRPDICXTZGR
[16] -7.0005  order=qt  Q5=ANVIL Q6=NEEDLE Q7=TAKEONE  T8=[perm]17264035
    CICERDYSHOLEPCATSDTPDSFANDNWABUIGOODUAPRDWZHVBSISOPIBUMOOICAEHMZSDHBZEVRLQVOKUYONACRDRAPPERGZBUEGAMFUPARTMWSYAPHITNWSJTVYLYDUGYBTKJNBQXNEVGKYKTF
[17] -7.0009  order=qt  Q5=WATER Q6=INDIGO Q7=YEARSIN  T8=[perm]17243056
    ZIUGOTSMICINOWAOIMETSKEDWEDOUWXPOBLDAYMEYAWCPBDLSIDPPVUZQXDCMOTKVNHIHEEISKFQTTUSHGCINEYKDEAEIHMKACZMDANRGZCOGGMGGDSXXMXQFHOJINMHYUPAUDYLENZEBSFS
[18] -7.0036  order=qt  Q5=MAKES Q6=DAYAND Q7=THATIFI  T8=[perm]17254360
    IXALKEISNFEIISBISHALTHLOWNUMCLOFWNDNCKIOGSTUCMSNJQQTCEJQXATNZDPSDNJZNVOAICSUSPSGYFDFTXVCHTUVWIMLIPOLRSUJLDKKVFAZMYSPLYABKKHYERNRTUNRCEQTSCATKIGX
[19] -7.0215  order=qt  Q5=AWAIT Q6=MYEYES Q7=THEWALL  T8=[perm]17235406
    MGGELDITSIEPOPROOMPCADARULLUDNABAIMWVQLQFMIJRMUEQRVEDTGBBOTPAKYALTZBTURUOLALATEJWCSZVRAHHOVEBEUHHZMAINFFAKMJGBOFTYVILIXHREOQPMWZOCQGHGUJBHJQDEAO
[20] -7.0231  order=qt  Q5=ANVIL Q6=DAYAND Q7=OBJECTA  T8=[perm]17234560
    ZMYMUMECUMIRRMVSEECTWERMODLETOANAWAMPSTKSYALIYKOQBEOSLGGELLXJCIROUWFWJIRDXRZYUBNSSVOMKRSJRHCAYKBEIKUPTOQHQQMEDKUUTFVEZEVLOEGBESELPDKUPISGNEFDXBG
[21] -7.0256  order=qt  Q5=CLOCK Q6=TOWORK Q7=FALTERS  T8=[perm]17235406
    VWWARTQUADFEELEAINNKTOKASBROMDGTNBLNWGTLDIWKGSACZQIBIFUHQEHSINPYFYFPHARHIGUYBTFEYBBVSPUSKONSOBYHXCTILXXODGIMKOAKBUBPATZJQBHNAACONPXIIBQOLMKSHUGD
[22] -7.0290  order=qt  Q5=LEAVE Q6=HAIROR Q7=IPICKUP  T8=[perm]17235604
    ROONOREHSOURTOSANEANTFRUSCUDRYQPDOOAFEOUTWBIUWEFOTNQOCOAOLZISPHJRUPDLPDWONPTGXNKWPBEFWAPQZTABRIJKBVFAXWVDSULUPJGZEIHIFYRSHIUORUOJLWKKJRPHKCVICOL
[23] -7.0290  order=qt  Q5=AFINE Q6=FODDER Q7=TOSPLIT  T8=[perm]17235640
    XTENBLENFOOCTCVSDCURPGEALTOMSKIDXOXYPHNUPUGMQTGDLLSNIUGMEXOUDDDUVHDGYNZQZTLEHRVESYKGEAQMFOINLTICORIRVPKAIMFMOHEYEFKSGRXFMXMXPDAWIHDOESTGDRQWMWKK
[24] -7.0347  order=qt  Q5=TOOLS Q6=INGOTS Q7=ANDEACH  T8=[perm]17243650
    UCHABYOFWEANDVUKQSTORAHKEPINNCEUIMKWRXDINGLUMREUSOMFRHUWFZDNDGAZQBSGEUSBYDPPQWAXXXWGCVQZOEOBPINLIGEICXLRAWFKWALTZUXAVAWCTGLNZJBODJTHZZMLJJZENDGI
[25] -7.0358  order=qt  Q5=AGAIN Q6=FEWHAD Q7=SHARENO  T8=[perm]17256034
    HHOLDIDNUMEFBBINIDORTZERBTGHITLODRNCRIRIQDNAGZNONRDDEEBEWNFJANANATELMFXRSTYRAQSVLPBBIOAXADHLITFSKYTZWPIRVFSIFZXVFXLAQAHNYJIKWVLJETQKKRTBESQTKYPW
[26] -7.0363  order=qt  Q5=SHARE Q6=MYEYES Q7=NOOTHER  T8=[perm]17235640
    TONMELSIPHOODASICEDBSTNUDESECUEDBCRCUKCSBLKGQFHLSOSKVEEZNHXIBIQSVERRWTEGYXNXIIBIOEFPJEMAATGOXOHBRILCXUOSLFDVJQIETZUCGUNMGKXRACDBAUHYJFPWAADPPPCF
[27] -7.0398  order=qt  Q5=BALES Q6=WHATHE Q7=SMELTED  T8=[perm]17263450
    DGABILESDEGIVEQXACOBLACKWALFCOOMFWQIPJONPDXAPMVYBEUDPMAYLIOBTHYAEXJCMKVYAIFXRALYQKZMGXFBTTWFXUPEPDXLEECDLURBMIHATWIYHQFONIOPTEBZUENOSEYGXYUQEDRD
[28] -7.0437  order=qt  Q5=THREE Q6=GOHOME Q7=ADDRESS  T8=[perm]17253604
    WWLWATSTESPRKLICBIBLISGRIGBOAIGDSRIMPXZSNAWXREDWHHKPSHUNEFYNCEMOAPCRMYMPLHNSQXXANEJVUMDGATIGBHDBGGJNFRNXBWXZIGNPKOUOYCWZGMTUAWRSAUFPTDULSEDYEHPK
[29] -7.0454  order=qt  Q5=IFELT Q6=ITFROM Q7=HAMMERS  T8=[perm]17250634
    VPRERLSHRCHONFLOTAKISONSSPLVAMMVSTCESATLPYTNYGZEQIQGMROCTCRSVNDVYPMQNGGRPMYXCKNAOLXWNESJSCYLPTGJLTOBSOAXZCJMJUICEUMISBTMEGOESOQKGIHEMXAYIQAZUWXV
[30] -7.0490  order=qt  Q5=STEEL Q6=WHATHE Q7=OFMYOWN  T8=[perm]17250643
    SVSTEENGANTKIUMSPTTEMNONRBBCDANDLEKMNWOAATOZOCTVORPKLQHUKRXAFUYBRNBNODVEUTKZTJFDCYNENONPCAJDLAAFUAZEBDOXTXDKPTAREPWNDCHUAEKVFBPEXIQFIPQBTACFUWIZ
[31] -7.0493  order=qt  Q5=NOTMY Q6=ITINTO Q7=TOOLSOF  T8=[perm]17265304
    CFMECENOBSFOVPMEDYTONENOSTLOLOBTAASWIRJSNJUKHUSRZRIVRPZZVKHIWYOGCZKAEEWWLMSIEBOVGEYGOVFSNQMRCWLTUOEMJMYNDWKPJCRMHCAMIGGLRADMOFQCTKJINBENGNYHXUTC
[2026-10-04T02:22:56Z] chunk 9500:9600 exit=0
[2026-10-04T02:22:56Z] chunk 9600:9700
progress order=qt perms=100/40320 candidates=107318484
vocab: 119 x 123 x 141 = 2063817 triples
T8 permutations: 40320
candidates: 206381700 in 24.9s (8.30M/s)

==== TOP 32 HITS ====
[ 0] -6.8161  order=qt  Q5=FILES Q6=ANDLED Q7=NEEDLES  T8=[perm]17345062
    RACTLANHIXGDTREHOLTATHERLEAYSJDFADLCANRNNANPQETPRNNECQQWUCTIKWGANULDMITYWLZIERFWJMGHOBYYROBEYKQUECTHNDOOULPYFOSJEOLHOVXNOYORJQZRXODCPEIVVJACYAKM
[ 1] -6.8524  order=qt  Q5=ISNOT Q6=MYTRUE Q7=ANDLOST  T8=[perm]17302456
    EZANCINIELDTTCONUAEONDSABERMASKOFEELBRHWOLSMCHTOQXQEQWXGNISCRSDISMPESESYVABARTJLRPTUNYSCCEYWXOLPWKPXXFYAYJRKPYILKYCULKESMPBCTDEBHJNVIYWDZZUTSGFJ
[ 2] -6.8759  order=qt  Q5=IKNOW Q6=COPPER Q7=ROUTETO  T8=[perm]17342560
    VJWTSNAMAEAHASNOATHECFISAYDITEUUAERAKSQVSSUPKOZLABCTGBBCAROGRTNNDLOYFJNSCLDAREVDTRJTTWHQSTDSGECAOVDLSGASCQOZVTLQDKHOASOPGUVRSHTNUBWHKNEWUPSAXXHG
[ 3] -6.9061  order=qt  Q5=IHAVE Q6=MYEYES Q7=NORTHEA  T8=[perm]17302564
    ZOUHEABIRMAMDJOSSEENSARTHYAKLMSDBHEDPIUSDESIGSBLKORETCTDMHBQJFUEWSBHORRGLPERKKVNAEUSTKFANTZPDIUZDCNTLQAEEPLKVJYODTEBYFFMSTKBCAIBZUQHMGIMHAZQLEQL
[ 4] -6.9119  order=qt  Q5=TOHIS Q6=GOHOME Q7=NEEDLES  T8=[perm]17325064
    POFFSHWOADANBEABBNGUIDAVEALLLIFDSMDJEDNOQJRGOOAOLAMADIHNRXMHPUFIFYVRCROEQRSCPPYEQHQCHTBLJTLCQBGYIKOKENYILESTYNDFAKLDOEGMAKSCARPMJLQMLUEJZMTWZPVG
[ 5] -6.9150  order=qt  Q5=DRAWN Q6=INBERN Q7=DRAWING  T8=[perm]17325460
    FOPETMMAHUOLSBCSTOOFELIDFINESTBGDVAEBATHSOIRNSTVRIYCQRLMMCOSZPMDYMEVWRZLPMRILEYHEHDFTQVOQRYBXXTJCFFLKYCEKBEABQYPWQSPBTISJQSWVSHUFEASUBHBENFITEXD
[ 6] -6.9172  order=qt  Q5=DRAWN Q6=SAIDHE Q7=MASTERS  T8=[perm]17356420
    GENOUPRERWMPAPERMSDJEPENHOWNEDUMAINEEQXNEQJAGWXVLNFEKYSEPTPAFRHPCRCFBIYNGWVBEAERWNJROGYZERZFERYYDOJFHEUIKRLJDPUEYVUBOPXSNAHYRLWRSOASEENDLOCBIZWE
[ 7] -6.9269  order=qt  Q5=UNAGO Q6=OBJECT Q7=SEEKING  T8=[perm]17354206
    IHOMEADVSOLHSONEELCEIVFOTIFEIRSPQSXNOHEYXYCFMINEGMPGJIWMOZSSRJRXUMWAVUGTMDVTSKPCRVGEBWSYDTROOONQPWCUTTLSORTMPFDETCEKLDSGPCFAISFVYVEPCSMNEBUHAYCS
[ 8] -6.9442  order=qt  Q5=OTHER Q6=ROADTO Q7=MASTERY  T8=[perm]17306245
    RDFLODASHIBSTYESMONDDAHEIFYJATOLBRMVQIMEERQUALOUAGSBVZPVAWMOPRNIFFFARDLVVEGGOUYUUJPWMCAMHZSENSTGUTBTOONPTSYIWWBFEHXITJXTOSDHBTZVCWDCZJNIOTNSCIKP
[ 9] -6.9504  order=qt  Q5=NAMED Q6=WHATHE Q7=DRAWNTO  T8=[perm]17326540
    UTNTTOORRECIRLDTEYOINUSTGAPIOMQFVTEDRFZKZIVMWADBGPQDIDUVGOTWEHFPXLWFXYRNDCAYINFYPERHUHPRIANAUMMEDHZASPELMSMTBKLFZHAZNSEWZNVFFKBIZRAWVUJSMFOEPQET
[10] -6.9516  order=qt  Q5=IHAVE Q6=MYEYES Q7=NORTHEA  T8=[perm]17302654
    ZOUHEIKIRMAMDISSSEENSINTHYAKLMSDBHEDPVHSDESIGKHLKORETYEDMHBQJNHEWSBHOKYGLPERKCGNAEUSTJVANTZPDVHZDCNTLVOEEPLKVFSODTEBYSMMSTKBCFDBZUQHMZPMHAZQLMGL
[11] -6.9644  order=qt  Q5=ATTHE Q6=DAYAND Q7=VERDANT  T8=[perm]17360245
    RTSEDEADDGEOGUTPITESESXBFFIREEPCRCLEAYHBOQLFAFLBTWOJEUAJHSODVAKEPDWNERYGSKFVHVBHOWSGURTZZMNOTEKDFDSNNQSSTPCZOIFGVYDOGEDEQCNMLUBKLDWFXACULGIMBHNI
[12] -6.9714  order=qt  Q5=ISNOT Q6=MYTRUE Q7=ANDLOST  T8=[perm]17320456
    KZMNCINICLFTTCONYATONDSATEOMASKOFEELBRHWBLPMCHTOOXCEQWXGZIKCRSDIKMCESESYKATARTJLHPLUNYSCBEPWXOLPIKEXXFYACJQKPYILQYIULKESVPTCTDEBIJMVIYWDSZHTSGFJ
[13] -6.9774  order=qt  Q5=HESAW Q6=HIDDEN Q7=LEDMETO  T8=[perm]17346205
    YIGASDDOMITEINGNMEDRPREWENIUFJOFOYFKTCOIMPJETQLFMBJWFILKBREAWAUQRETOPEYWELHRJJIEVCRDCFNFMFAUGSGJLZDTMVHQRXDORLNYMKEBIUMURERMSTSJIGQEBEJYZXAWYTWO
[14] -6.9775  order=qt  Q5=INGOT Q6=WERISE Q7=INSEVEN  T8=[perm]17306452
    XPREADOTHAHKKELORNILARRECEFUHSZITMECJYWMIIECJSPSKALHUSQIRAQIOOCNUVVLTBBIRTOHHYKFDEVSSNXAASYNAUMFKBWDLOGNJQVDTYQRGYBMJGEXGELTHULOUBATREDKAHWSRFZV
[15] -6.9847  order=qt  Q5=IPICK Q6=BRONZE Q7=WHICHIS  T8=[perm]17304256
    OBTORSTTEXXXZTMSINERGOEXTPLYFIOLSSQRIRLKMMAQTTQKXGLLCDPFOSJUOREPEGRAIUFDOFGSGMRLBONINBPPMSEEOTZQRPAIJWAUPBRZUXOKDPCTNPRQAYSTBBBMTDYJOCOGSQKAAPAQ
[16] -6.9883  order=qt  Q5=STILL Q6=USEDAT Q7=FELTTHE  T8=[perm]17354260
    BOVEFREDAHTHGOSREOKSESLURLESAIVJDBJYTYKYCNODORSBPYWWSVMEDMXJEFCIHRMFYFUNOTKZZFMNOWFCKHSLOWYJYVNQONTDIISCREUTOGBPAOPGVBLUTQOIDWPJOAGWGXPPUESSUMKX
[17] -6.9971  order=qt  Q5=FIELD Q6=FINEST Q7=STACKED  T8=[perm]17325460
    LMHOWGDESTFAGUERETPARAPOFSYDEZCLDDHYQAGFACMBLMKIGSFUZEEWWYSMIRSQPOHEKGVIYJHURKBRFICDQNWIDASYSTVMSIEWNLWPRDIMOVWMMFMNXBNBHDOMBVAMABIIWVCSSNPOUQIN
[18] -7.0057  order=qt  Q5=ROADS Q6=SUBTLE Q7=BELLOWS  T8=[perm]17326405
    SINEEFWALOTOECIFENENRVTUESEZOINGFFETPUOMSJKYVHWKVYRYDKWSZSMARHUSFZVTSAMEECXRTSQIFRJHYNQMIMRTHYZLFLRRCERMNKAODBIGQOMJHABPVTFRIXPCAEDSEECHKETAIJCE
[19] -7.0131  order=qt  Q5=MEHIS Q6=METHAT Q7=HEMAKES  T8=[perm]17356024
    INESBMOTLQHEPAGESPLIENAVCTHBAKIRACGHKWHGLLRABBSFFSEEXYWZDISXRPMEWHDFNXOFBXOFBEPXNJSJHWLEMEOYTNNFTQGLROGCRNDTKWHWWADNKBGTHAILMJOFNELNFNGFAJULKAEW
[20] -7.0153  order=qt  Q5=IPICK Q6=GOHOME Q7=TOAREAL  T8=[perm]17305642
    NGERMASNEQFRESPPTRSOTRTSAYNOCROUKYOQEGRLAATZKPUBBYMGDROWIPPPARNDRUSSJVDNBJAYPLOUAVFTUZXZYHHKGMUWTHLFSTOZCIHAJOAPDFUBXHHGESFUIOIWPSSXWJECUWAMSEMY
[21] -7.0189  order=qt  Q5=SHARE Q6=VIENNA Q7=SMELTED  T8=[perm]17350462
    SOMOORRIALTRAGMEUWFSINSHNBASHERDMMKOWAPZHARDQODJZOLDBCKPEDSSAVMYVTVEXDIZAXSNIWKVJTIWCXYPIPUPTCKLXNKKBIGNIBIIPDEECEWLPDVTYAAVQUXBELUGLEYKKJYTCMYX
[22] -7.0281  order=qt  Q5=YEARS Q6=ASHORT Q7=EYESARE  T8=[perm]17356024
    NAITAMENTDETOUSNNECTFOPLUMHNTCWAWJHAQJNIWFVCOBOPSHKRFCMIPHAZUMDEFEVLAYTUAMHUCUEDKMPZYRHYOURDDWKUZRQCTSXFFUZMKUTRGTYICBYAXNGABRNATUSPZIFMHJTLCZOF
[23] -7.0317  order=qt  Q5=MYOWN Q6=ATLAST Q7=TELLSME  T8=[perm]17304256
    VCKUCARTHISHABSMAYSYNELITOPNDSRAFRIXQSCROUESWOVHSDOYTEBRGONREVTQHIUVFCUUHGJFYYLNEKNPQOJLOLTYSKLSKOKETWKRNDXHKDGBSZIJJVRRBXVDOAPYYUKUEEPQMNDSENBO
[24] -7.0323  order=qt  Q5=AZURE Q6=REREAD Q7=TOAREAL  T8=[perm]17340526
    YEMPVITATPOSDMTOKVEHAYSITTANCHYNATWPCFEKPFURYBNPGEOEMPAZFLONLVXFUTNQIBOXMMMTQWZTIQPGUZNGQTVXGUHSFYHUSBERMLYYEDZRCUADDNJPCTLWNRFEZILPQHAELMTROLRE
[25] -7.0355  order=qt  Q5=MEAND Q6=VIENNA Q7=HAVELED  T8=[perm]17305426
    WNANNTTAYAXLANEDSPMAPUSETCASHNANOKNEEVZGZDTPDYIJVXBYHICLKUFGBOCYHAYXSOXGMFPAMNDFWQROYDBCETWXIONMCNYFEJXRCHYTLOKHATXENTNWWZELUGUNAXHJLFVPYPGOIGHF
[26] -7.0375  order=qt  Q5=ISNOT Q6=MYTRUE Q7=ANDLOST  T8=[perm]17302465
    EZANCINIELDTTCONUAEONZLABERMACWOFEELBCSWOLSMCPIOQXQEQOJGNISCRWNISMPESHPYVABARUZLRPTUNJMCCEYWXLOPWKPXXDTAYJRKPPHLKYCULIVSMPBCTFCBHJNVIDIDZZUTSDIJ
[27] -7.0421  order=qt  Q5=ALONG Q6=DREWNO Q7=TELLSME  T8=[perm]17304652
    TWHCYLRAXOPXTINGORTEDSAMANWPRESUMIWBYCTLPOLGCKEGANWWLHDITIBSNDFBAZOZVZLOEQYAKRMYYUDSWNPRVVOJFHLJBBDRYAWBOONGRNAPNYRTASCSJFCXXLTOFEMOBMUIJMIIYHLB
[28] -7.0439  order=qt  Q5=SPLIT Q6=SUCHAN Q7=FINGERS  T8=[perm]17342065
    IGUKPUSNBUENITUNGOALEDESLUTOGOCNHNWGJCUTGDINIPKTXKYMDAARIBROGFHGUDVHZZURJBWBRDOIQGZRIDAYABUYZEWXBACIUCFCXAVESTWOVHFIXCXNBTCSSENUGADVTYHWCGYCJTVY
[29] -7.0451  order=qt  Q5=METER Q6=ANDTHE Q7=LEDMETO  T8=[perm]17320564
    XERCUSXPOLINOFMUTUPNSDURLEVPRLOBITQTEMNLHENPIGEVCKBPJMSMTCRERORVMIHPXEWOKCUPYKFPTIIHRKAQPJDLBIHQWWISYTXFOKTITFABSTPKCQVZFAFQWROHPIJNBCQTABUILSEC
[30] -7.0471  order=qt  Q5=MEHIS Q6=FINGER Q7=ABSENCE  T8=[perm]17306542
    HMBPEESAWASUESOITYNGYESEMATTAZANHFFXRJUUCIPSJECLCCAXBJOJZNOWWTXNZPIIPLBMEJHIBDFSIXMHGAHBUJMOSSEVUEPUEUKATRDNRPRNIGLEPVTHSIXZHOMENBYXONRZDKKBUKNV
[31] -7.0487  order=qt  Q5=MEHIS Q6=THATIT Q7=STACKED  T8=[perm]17346025
    EWNHTHICUITEDAMYCROFWMSAUREHEPHVTNRVUOCWCGWEROXFVEISCAEMISCVHREPVZVCLPONANYVABXSHKXFUJZNDEIAIACFMGMBGQRSQECIFQEPWHCHPFRFCIDRFDRJRNCNOILAWJCDFLHU
[2026-10-04T02:24:17Z] chunk 9600:9700 exit=0
[2026-10-04T02:24:17Z] chunk 9700:9800
progress order=qt perms=100/40320 candidates=107318484
vocab: 119 x 123 x 141 = 2063817 triples
T8 permutations: 40320
candidates: 206381700 in 35.7s (5.78M/s)

==== TOP 32 HITS ====
[ 0] -6.8632  order=qt  Q5=TOTHE Q6=SAIDHE Q7=PASSING  T8=[perm]17362054
    KAIFAGRPEOGULFDALATSASAYLATIFEOFLSYSVIOWJCEJTRGAMJSAYTEDJABGFITRIARERFPIJTSVKWJCWEGPSQEKWLJWALCTHRGQQXYSTVUNHSYKEOMFSNSPMPWAXFTTUERDRMKJATECHLNM
[ 1] -6.8815  order=qt  Q5=TOTHE Q6=SAIDHE Q7=PASSING  T8=[perm]17362045
    KAIFAGRPEOGULFDALATSMUAYLATICHOFLSYSHWOWJCEJIJGAMJSAQFEDJABGUSTRIAREXIPIJTSVCHJCWEGPMBEKWLJWUPCTHRGQVVYSTVUNGAYKEOMFLBSPMPWAVHTTUERDNKKJATECLHNM
[ 2] -6.8859  order=qt  Q5=HEHAS Q6=BRONZE Q7=THEMAND  T8=[perm]17430625
    HKLATPDXEVIDEYSAMEYSHOITEEOTSFAKHTLELHURMSUZVEDWAKESWRMCVAPRFSDXZMCYSHTYHOWLCPPIGTSCWWUUKVIXOVLYAKTHXTINKYITAKOHXORHSIJAFXPEVAFNEUVMGFOMVYOKLMBG
[ 3] -6.9040  order=qt  Q5=ALLOY Q6=FILING Q7=ANDLOST  T8=[perm]17426530
    URADJGATOOVELWEGNADRIPDOFSATESHARWIOYCRETTEBIHCOOGTYRYFBVPYHLRTRCXTCCKEINQNGIUESETUJQASWTELBEDRCCIXDFWEQLDEZSULMXKWGJQGSTONINEFWMTYSFPVTCZQMCATH
[ 4] -6.9177  order=qt  Q5=SPLIT Q6=WORKED Q7=CALLING  T8=[perm]17435206
    CETNFOBFWEGENTSINDITWRTLVALLAVWOZIWILRAHEFTQVRAUNNERCMSDATVOWISTXUTGYRWMDQFMYEGAHWRZOSOFSZXWGARPRJNJHIIAUXVVEWHFIOHNDOYOTVKHFNANCLXRMOFGBMRUXHLA
[ 5] -6.9294  order=qt  Q5=MOULD Q6=WERISE Q7=METMEAT  T8=[perm]17435602
    HZURITANLPTFROMDCTHTQRTRINTAREUVZDQNETIWJMKBPZOYKXVWCNERVADWINGTNUPAFIOENEDPHWABRDMOJDFMGTHSOPSQEIBLQEIEXHMTBILTAXTKFXOIHRYRWIIOQUIDWHBZDLIMPNRP
[ 6] -6.9354  order=qt  Q5=STUDY Q6=WINTER Q7=IREREAD  T8=[perm]17402653
    ASISMAYMCINTREELSOUIBRCEURGBSDKDIYLMVEUJWWLDFDRFTOSAUVNPXYDARQIZDDJYRTISHOIITTXOEVEORJHQBVKZWVKJNOREQHIHCHOASEEDKZONUQRDHLALKWNENOSFLYBIRRDCKTIE
[ 7] -6.9444  order=qt  Q5=WHICH Q6=OPENED Q7=JOURNEY  T8=[perm]17423650
    PTTEXPMCUTTQUSSANYZEARENWHEASELFUDGLKNTALFEAXTCODTBTRSUSVIULQMEDNKTASEWCLMZQYKGULIKPSAYEQWDSAXHBHOLANUOWGADRZPXNZGAHEADHCCLRDOKZCTSZWHKZDJMOJREP
[ 8] -6.9472  order=qt  Q5=TRIED Q6=SUCHAN Q7=MARGINS  T8=[perm]17362405
    NWITAOFINAGLABYPIAANWSPYENHATADUNOLCEPAQLFEOAOXHUHFFJAFPMMWZHVSEVTXFBNUENFGMMSNRFECOHQKTHDWXCADVQCALSELUHPSOGQBAFKXLANWAWXESZGNOURBSPKALMEHPRHQS
[ 9] -6.9494  order=qt  Q5=HEMET Q6=HIDDEN Q7=ANDEACH  T8=[perm]17362405
    FAYDLOFPSBRISSMEMSAITEDNEWGKERCNWNEDAWBFGQEZPRMUOEIWEIQLMADATYQKFEBWLUMIZQKVVHZTPGFWWTSAMKWONYHQFTLICPHEEBSNAHANJHGITTEXNECMEUFVEGYSDLKYSJJARVTB
[10] -6.9651  order=qt  Q5=HEARD Q6=GOINGI Q7=REVEALS  T8=[perm]17423605
    NZACFRCTNARTIBUDTUEABBEUSATERALPPFEDISXWPSKAWMVYXUASWPECNLKSATEAFPIZTHNRZHEWZCAVXTKYLVKCKJAVOLSXOADOZALWBOOPIMWMODYEVXFYYCEUSADZTXZLNLQATOFPDUJV
[11] -6.9744  order=qt  Q5=HEHAS Q6=FODDER Q7=ANEEDLE  T8=[perm]17452063
    SLONINGLEORXCJWECYDEBTSHETOBLUPPLIFMBDTAEILOLFICUNIQMPCTEEGNOPETEYDQPWHAUBULVUPEGDBAJZSEFBYDUFNCTUUCFTDLJBSHDNXVKDFEXSWHJQGIFMDDYEZUBHARZCHHCPPT
[12] -6.9789  order=qt  Q5=STUDY Q6=EARTHS Q7=DRAWING  T8=[perm]17405623
    XHMDECEORNPURABLATHEWUSDEOJOBBJVPJPMBOLFBIOMBLQUGMDEVRNBUYISCFTTACBSAZLRTLWPXDDLAMDWMDDXROLFIMRANDZEUFWDXNQSVWLAYQSOCWUDKPUGEWDNICAUKAKNYMZHWIJD
[13] -6.9892  order=qt  Q5=STILL Q6=ITINTO Q7=SHOWSME  T8=[perm]17405236
    XTTHIELMNLHOTOBINETEEDSSMLPUIALZTUNILJELNMLFAYVPTDJJFTYGESGRHJVFIFOUGWAIBGQXDUFANFEOPKYIGMBAQXILJUSVAGBAWBUHEQRQVRUNTICKCBBXAKLIVOHITATSFBBAGGFT
[14] -6.9978  order=qt  Q5=STRAW Q6=PORTAL Q7=VERDANT  T8=[perm]17432560
    JSETOWDIRTHEPOKARKVESFOBAINFSITEONSUSMHZTGXXNAPTFGHFDQZNDFRFZEHUBTREDJESRCJHHMQTCKWCNKSOFZKCZYATMIIIBGCIFAZUQBGJEYHKLBBMVEDKWBEOIRHNEVAZICUEEGTI
[15] -7.0055  order=qt  Q5=VENNA Q6=REREAD Q7=FINGERS  T8=[perm]17435026
    TIBBLAPRFUTAORKSOFNGHOXENIRETERUQMFVWLATWEIYLTAEZASSIMLUICRSANEFMPUCJQBYNHVCOSWVFBEYUYUPPHMSPJSLOIHQKEGIPQSMAMJKQNZRSDCZWSAPODMPLAYENMRDRQMNOGLA
[16] -7.0114  order=qt  Q5=MEHIS Q6=BUTTHE Q7=THEITEM  T8=[perm]17423056
    CSVSMADTHEMENMSMSHORPOWVEJUACCSCPNYALFSNDXUKWDAODSESEHRPQVVDEPROGHJOAMGYZSPHFFUUEVXSWEKGATVPSLXRHXTUOCMZIGREYBAUKWVGDWQAUTEZINNZKGWROYKPMOCOHDWB
[17] -7.0120  order=qt  Q5=IHAVE Q6=WINTER Q7=SUSPECT  T8=[perm]17423560
    PYNECHSIDEDEGSDHBLYTOMETSMOYPAVXPHHMMWHARNEMBOEXPOMBALRKXVWRMRJVSSDEGYHYVLYNKMRRIFDWRWZSIEXTLBVAXZSCJKOKSHQAMSVSLNABEFIDCFIEIIWOPQVDEGLEBIIQKNIW
[18] -7.0134  order=qt  Q5=ALLOY Q6=FILING Q7=ANDLOST  T8=[perm]17426035
    GRADJUATSOVELVEGVADRIKDOCSATECHAFWIOYXREUTEBIWCOTGTYRPFBXPYHLZTRAXTCCYEINQNGIUESATUJQESWEELBEPRCCIXDFWEQQDEZSMLMIKWGJPGSWONINMFWXTYSFWVTOZQMCETH
[19] -7.0160  order=qt  Q5=STILL Q6=BRONZE Q7=UNRAVEL  T8=[perm]17426350
    FYTVTNESOURDMEQDCUEGISSTETRIONYMXYAGNIERQSPJUIZTDXLRAQVDARNTOTOWHDOCTNMTBSZVCQPHBVFPUFHOUNCHZDJUUMDIJXKLRNMJBZZHSJUMXABOCILPNSIGRUSTOPNDKFAWBWCH
[20] -7.0163  order=qt  Q5=SPLIT Q6=REFERS Q7=NOBLOOD  T8=[perm]17425063
    GAHTSWAVICISPRESTHENISRTMEROAYZZLMZCITHGINDOQJFGZPXTNSBAOUFDPWACEBPJONQXSHVDIOQDGVHULYIRNLWKTOZLCGAXANWILPOCARJTUEBACBKZWZXEDKLIUSUDLIUEESVEPOGE
[21] -7.0226  order=qt  Q5=MOULD Q6=WERISE Q7=METMEAT  T8=[perm]17435062
    SZURITINMPTFROLDRTHTQRFRINTAREUVMDQNETVWVMKBPZZYAXVWCNTRIADWINQTQUPAFITEDEDPHWJBEDMOJDYMSTHSOPGQCIBLQELEYHMTBIGTGXTKFXZICRYRWIQOBUIDWHQZPLIMPNBP
[22] -7.0244  order=qt  Q5=TIMES Q6=SLIGHT Q7=ARCHIVE  T8=[perm]17430625
    WNOGALARDTHOSANDRMMGGTCCLWHODSUDMPRZYVEZDBJMHOCWTAXDBVLYOVFFJCUWWEEKINVMHIOTIPHRLXDEVTCRZKKRTKSEYOGAUEOVIICCCYYIYUOFDHVEESNOTWAFZOCMDIBDAWKCHALQ
[23] -7.0284  order=qt  Q5=SPLIT Q6=REFERS Q7=NOBLOOD  T8=[perm]17425036
    GAHTSWAVICISPRESTHETISJTMERYAYYZLMZRITVGINDJQJRGZPXVNSJAOUFNPWXCEBPGONWXSHVNIOEDGVHALYPRNLWHTOELCGAKANUILPOBARLTUEBMCBIZWZXCDKNIUSUYLIPEESVHPODE
[24] -7.0305  order=qt  Q5=OFTHE Q6=THATIF Q7=METMEAT  T8=[perm]17403625
    XISTOWNAAGBYEHEBRQUAROFPHPHOUCRFMXYOWMFAQDUEVCIMZQUFLIPEZCGRUTXMGAFICTCPOEFOXXPTAHFQBVZQKYBUJEVSTPANXYZEMFRRTTXBDKATZKZGXLENGURNBOEPATRWXAHUDCCO
[25] -7.0324  order=qt  Q5=IKNOW Q6=BEJUST Q7=YEARSIN  T8=[perm]17406325
    KTOFAGGEAAXEDEVANTONNJPLIRCAPOGMZBDTOPMCEIMKXZFPIRYWYEFIMPYEFEHKDYEERFUWCHVATAWMOHXQBIROWJORMKCCTYWIQGFIBRVGKKRHQLHOAFEZDPTPYTFAONIEZSDNDOEOATMG
[26] -7.0337  order=qt  Q5=LASTA Q6=ITINTO Q7=REVEALS  T8=[perm]17420356
    ATBOXBNSADAYHSWASSSHOWMYDOBCALIBFCWYLKDKFQZBKKMGAZTPAYGANMSJYMDTVDLTRHRITFHOFPYKABDAMSBDXPYYSYEOSCAAOWJUNYMDDULVTLPKKDRIOHFOMFNRNRORMALTYJAIAYTP
[27] -7.0349  order=qt  Q5=YEARS Q6=ITDREW Q7=WILLLET  T8=[perm]17432056
    ZVSSBELCUBAHNEADPASERISMYDECAVCXLDNMCTFCPKORERWKOTOMNPQXUOGJAQJPIFRVICGINCHPPHRSNFUCWLHUEMMYSYZMADEOMUOTWGDNAFLFLXPXLAZYPIHZMENVYHTHNHNJNGWPOFRB
[28] -7.0359  order=qt  Q5=AZURE Q6=GUTTER Q7=LEGENDS  T8=[perm]17365042
    YUCKSVADOTLAYCASNUSRANIMOFTEEQHZABFZCEXZZSEENYMCOHTFREGKNMFMAFOSHAKYOWIREXXBZBMHKNDAWEUDCDAREUAAVPVVIBKHVENOHVNNCXTJTSPZTHSVBBIUFFGCYUAFENFYEDXD
[29] -7.0372  order=qt  Q5=OCHRE Q6=THESUN Q7=EYESARE  T8=[perm]17365402
    RREPKIRTSTHLYESICIRLIGUYNAVEAERRKIWIDRVCQZARQADAYRBYDOOTISTOWMKDFNTYBJGBFDPLLPDWJNJDVPSQMRGTGUYPSFUPAEYTSLBVSIWYSIITOQHGPGESYGQMNILJRBCHPQTTOAWW
[30] -7.0378  order=qt  Q5=TRIED Q6=OPENED Q7=INSEVEN  T8=[perm]17365204
    WPARTIKDOWUNITPFSMTNOTGSHTLISTSIDBEUIJABUBMECJGOCCLYIIUBNREDSRLCSBTWJVQBISIURABHFZERVXNRPRFNHPBXPHAKWWEUZRFCGFHIEWEEAVSNFEXQDIWEHXNWEONAJGOBSEEL
[31] -7.0384  order=qt  Q5=OCHRE Q6=QUENCH Q7=BELLOWS  T8=[perm]17426305
    HECYLOOKWEBNUMANICSGUPORMYTRXARCYSHXDHEXDCOQOURJLWQSHSTYMDCWEDEKIMTAYGVTJMJEOVIDOBLRYIGVSDCYYVYDQDAPLTSREAEXYPBQUEZITEZUTKYDPLEYGLHDOQRUTRZQJWDL
[2026-10-04T02:24:53Z] chunk 9700:9800 exit=0
[2026-10-04T02:24:53Z] chunk 9800:9900
progress order=qt perms=100/40320 candidates=107318484
vocab: 119 x 123 x 141 = 2063817 triples
T8 permutations: 40320
candidates: 206381700 in 38.1s (5.42M/s)

==== TOP 32 HITS ====
[ 0] -6.7688  order=qt  Q5=PRICK Q6=ITFROM Q7=UNRAVEL  T8=[perm]17456320
    BYNVINAPSTOSECTOSHTRECKOUTJAADXMLYDCIQFDLYVUODVWEFDVRXSDPNOHRQXWZSWSOSIKREALSITYTLATOEDWWPFHMPRLLITXGRNVEHHCCHUCKLDMQQDIOISPTSEDYTFKXZPOWOTETVPI
[ 1] -6.8432  order=qt  Q5=OFTHE Q6=BYNOON Q7=NEEDLES  T8=[perm]17523064
    ARLEHAUMPONIWTWAHUNICATIECOYORJSENMWCAIKSRJWUXGAWOFTATHUIBSYAJLJQNQUOILVCOVKCGBCHALEHWVRTLUSZBUNGGRMWALNADFGBDTOTNLXNCROEVEFIJROFFSMSDRIOQDONFNS
[ 2] -6.8881  order=qt  Q5=ALLOY Q6=DAYAND Q7=CALLING  T8=[perm]17453062
    GUEESIADASPUSHAAIDCEUZARETOSCYSILMSHJZBCBXKOWJVUWNDLRLGAEWVGCNHANQOOEYETHYGHSANAVYWVQJYORRPSFECYXHYPOCTIKJWPBJELGIFDUTIAESSUSHTLSFCHOFOOOMYYVFFL
[ 3] -6.9032  order=qt  Q5=AGAIN Q6=MYTRUE Q7=NORTHEA  T8=[perm]17532640
    PSYONGRIVEORDYOITSMKSDCSYDISEAHEIVNPVHYZWASZWSOFFWJSFHPMRIOYAIUNTCCRJDKCSDDXKMQEEGETBRTBCLASOUVYYCAYLQOMDFBUYOUAQSPBUDIOFOAHIUEBTHMXDCYRXYSICUPN
[ 4] -6.9047  order=qt  Q5=AZURE Q6=ACLOTH Q7=YEARSHE  T8=[perm]17523640
    OASAKAVELCRMTOLOPMMOIESEXELSASNUVPHLIGSEEHLPFOMMAIFUMANANLXJKNJQWKLBHDBHWQCURMGSROXXMHZNVNIPXZXAXDAMYBDVRZKOTHOGHEVXTIJRLSODEHRAZUJAPALLSNUNGZKA
[ 5] -6.9200  order=qt  Q5=ROUTE Q6=ALPINE Q7=TELLSME  T8=[perm]17463025
    RNSTSLYRPICISHURROANYIAROCHVIDVLUFLXREJRIEIMGPLLPOPUWOEORASPRWROSZLKFFKEGNUGQVUHRISXNWFNEMYGPWNJHYCBEENAMNTXFSMWHELSIGGYJBZWXNYZSUJKSZBPLVDESOFL
[ 6] -6.9431  order=qt  Q5=BALES Q6=WITHIT Q7=AREONLY  T8=[perm]17523046
    RPNDAGITOREAIXPOCYORDISASLNDAORPEALURAQQGZKWKLUPICBKAQSCUVZRVYHVZOINHINKAKHBLRWRORHAYLTDUOADZYAPWLOXFSEPODLIKKEONUAGVAGEPHMTYSOITGLSKFGPOQMRQMNP
[ 7] -6.9478  order=qt  Q5=UPONE Q6=HAIROR Q7=FROMTHE  T8=[perm]17502643
    TIICRSENTINFGICONTYAPROBTREKTPKYJIGSHAZLAWNCJTIUPAULJTFUSUGAALBVARCAXHCANGLVVEXDCAKURFZVFSNEKGSBVYZOIKUSPOFPHMNGZJEUTCWTBSDMDGSCQBTSFAPCLXPALCLE
[ 8] -6.9666  order=qt  Q5=LEAVE Q6=QUENCH Q7=SEEKING  T8=[perm]17462503
    TCESAIACYLESSLEANABHYSOFCSYTOTZXZIAPBFAHYKLBELFRIZNEFKWCMLKFIHOAIFGSETMYPHDPVOJJDVIPTZTQRHIUCHQHVDSPENEDTWJBXVNETJZPMGPWMTTFALACXBNSOAKINXILSLJG
[ 9] -6.9730  order=qt  Q5=TONGS Q6=FILLED Q7=FROMTHE  T8=[perm]17462530
    NOZZUEWWITTRABTSMADIEBROADANSWKMKOFSSFMSAFAMJHRXJTDLSXITPLGFUOIFOCCBNGWVVEQSYLLAGISTEYDMOYFIROOJGSPVYEMTSSTOWMOUZGMIPBFKZVQSIDIGIWIGPJCDYREAACBB
[10] -6.9818  order=qt  Q5=METME Q6=ROADTO Q7=LANGLEY  T8=[perm]17532046
    PPDDIBALIMYSTRENBSPOWOXLINHORNORWDWKGVYUQQYLDPTUTTKAWHPCTARADHXCZFNXDHDIBUFTXPSXDPOFCEINROMAPLOQUHPZONVFWQZFAATOAADELTLUCFXZHUGSFTUSCOZITBQZWFCG
[11] -6.9842  order=qt  Q5=AHAIR Q6=AWAITS Q7=ARCHIVE  T8=[perm]17520634
    NHYPRAASHAHEDPSOFRUTHATPUHTALBLOEWXFMEIYLAKBNBQSZSSSRMUNHOBZBBHLFSIRODPLXOQWPCCKVWTSEDMDOPIPMZUSYDXPXHIFYDULTRAHWITBOEYHARJUIVALPBAKZKUOMSZTIDFH
[12] -6.9856  order=qt  Q5=BOOKS Q6=DAYSIN Q7=LOGITEM  T8=[perm]17524306
    FCOMITHHGARNERUCLIMMEIHRCHPEEFFPUSRAQZWLGVIIPIFSJASRWOZRVFBZQMFOQHQOOACCGCOACHLAGKSELUSQYVTERNWPQUBRCCZYGBISVWNZIGMYTABFLVVZJRDORESURUECTSVRWXPI
[13] -6.9883  order=qt  Q5=VENNA Q6=REREAD Q7=FINGERS  T8=[perm]17465023
    TIBTLAARFUTHORNSOFNQHOLENIRATEOUQMFVWLATWEILLTMEZASEIMFUICRAANDFMPUBJQCYNHVXOSBVFBELUYSPPHMZPJGLOIHEKEVIPQSMAMJKQNZUSDIZWSARODQPLAYYNMDDRQMFOGXA
[14] -6.9936  order=qt  Q5=METME Q6=ROADTO Q7=LANGLEY  T8=[perm]17532064
    PPDDIBALIMYSTRENBSPOFOCLINHOTNYRWDWKUVQUQQYLZPIUTTKAOHUCTARARHACZFNXGHAIBUFTIPIXDPOFWERNROMAILNQUHPZPNXFWQZFBAPOAADESTYUCFXZJUESFTUSLOLITBQZQFFG
[15] -6.9941  order=qt  Q5=FORGE Q6=GILDED Q7=HETELLS  T8=[perm]17532604
    BUMLBPIGOAPAIMOUTSVITHNSOITTODEZWCFTETDUALVBTEQGFWMYPHDRDSHTUTILGYILYDDFWMYTDTUPXCUBHPVXSQBSTEAUEPRULVGROPQZPWWAKPGCYRYNTWNTPMPUBSQRTPLDFSAENHJI
[16] -6.9947  order=qt  Q5=ALLOY Q6=TURNOF Q7=FROMTHE  T8=[perm]17502643
    YGLODCANSSAGEISROAKYOUNEWREVMRXKMEVCDARBUXLCGKRXRYWETAOUSLROOIDMJTOAKOWBLGHMBHVOERHXQFZMKTLCYCIEMYRVPRNSKRXSFGUAGNTUTOEYSTFHNJYCVZMADAKOPRRYNPOH
[17] -6.9962  order=qt  Q5=SHARE Q6=INGOTS Q7=SHADING  T8=[perm]17502634
    XOGOLEWEECLEONLPAOBRAMLNENWISEFGOXFHWLRYMOVGOWQCMRZMOSSVPYTNRISJUCOOJBOTHRBERDYVBAQMQYHXQVOBZZIAOFZJRMAAPVINHUOVTJBLZXHOCAMNBUKBFFCPINMMISIVEAHS
[18] -6.9994  order=qt  Q5=FORGE Q6=THEOLD Q7=LEGENDS  T8=[perm]17453206
    HVHEUNSEEPAPESAKISSTHODWHHHOUIHKRULRTFOXBLOFCNUQUULCZORYGEVDSANNANRDPYPFWNLQRITUTFQUCKWPXRMPICQNRTPMSRQCEODWFVAFLPTTQOOJGIFEBJJVOEBCBILSSTONKVOI
[19] -7.0000  order=qt  Q5=CLOTH Q6=GILDED Q7=LOGSAYS  T8=[perm]17462305
    BIONDKISQUEGSULTCAIEEUESAYANDHFMPACIIAGYZOIPKEFXULRESOMTUBHCFPBWJVBQHNGSDSCEUKULSASYWWJZZSELESCBHZAIIEYZYPHILTFUNMRYHXKGGYQHNLWWBBARUHWTOFOWWTHP
[20] -7.0100  order=qt  Q5=LEAVE Q6=MYEYES Q7=NOOTHER  T8=[perm]17523064
    EBYFEBLICHASDROTIETIDERKAKHALQKGNHLXSDUSHQPUCUELDOHHTFTHXHXUHLREQKLUOWZJYPALCWVIJHBUTLEANTTADCUWTIRRERAEQRGPVGKHUTGMOCMMUPVDCVMBMULSXYIFSAMDIVJL
[21] -7.0132  order=qt  Q5=ALLOY Q6=METAKE Q7=TRIEDTO  T8=[perm]17465032
    DWEXTMEEEBYBGJPGDISAREHYCOMEAPALQAADHWQHJOWTWZQCWQHOKSWEHPLVSDDFMUPBXTGCBTJWAINOKAOLLOREZIPIJFRSOMODKSBKSUVVSXZZEQSWXGEECTDMHZONSMADOHKATVCUZZEV
[22] -7.0149  order=qt  Q5=AZURE Q6=ACLOTH Q7=YEARSHE  T8=[perm]17523064
    WASAKATEMCRMTOJOSMMOTEHEUELSDSNUAPHLWGGEYHLPROFMSIFUKAFAULXJLNWQUKLBLDAHWQCUMMVSWOXXSHINPNIPDZOAXDAMKBFVTZKOOHRGOEVXNIDRDSODGHSAOUJAEAPLYNUNDZAA
[23] -7.0152  order=qt  Q5=MEHIS Q6=FINEST Q7=ANDWILL  T8=[perm]17463520
    DATLIKEANOZACKASFGBRIGNTYENRHEAAMSPEBFCRUSHRCRISBCHKELFDKDICVVFUMVKKFGNTVTRRUAWYMTRHJVWXWOKSFTOWTOOCHSFZXPPNJAFIHZXEDJCENEDALVHKSXPYYNIWVRUFVLGA
[24] -7.0152  order=qt  Q5=TOPIC Q6=ANDLED Q7=THROUGH  T8=[perm]17526304
    SHEYSIHLAONEWTHNADIRELEANINSGCORXTSAHRDFNCAOJMGIBONYABPWRQCIOTIMFGATEWZCTMPXYFETNXDCSTBUKKIFSOHZUIXTYYHZSHDPGLQMBXTTOVROIVKBCMSFJAWYKARHMKBJMTCN
[25] -7.0191  order=qt  Q5=DRAWN Q6=EMBERS Q7=AREONLY  T8=[perm]17463502
    NSURPSEEHLTELTOSEDFEWWWNOFLWEHISXXMLEITDNPEBSRKEBNACIPKTTCYFRPNGZRSKIISTFEFCZFBEIDRNTNLWTJDGVUIZLXSHKSJHDEEWRGOHEAKBRWUVMLVUCLZVKPQDZBOTSYEEINXI
[26] -7.0345  order=qt  Q5=TOTHE Q6=SOFINE Q7=TOTALLY  T8=[perm]17504236
    EENENDBTBYLGDONTTSOLUNETWASNSIPGAPNGXEAJAQGWWMUCZLTQYFMWITYLIHNUICPQRCVLPOMOUDAGHTBEPROQJNYAMOVYZHHIMZLDIJHQQAASQAEDANSYPAFQRPRBPOJCVVVGFYUUTICL
[27] -7.0366  order=qt  Q5=ALLOY Q6=FINEST Q7=ARCHIVE  T8=[perm]17462350
    UNUCNHETUDDERIECANAPSIBIIVERXANDIEUAQLYORSHSHICXXGOHLQERQZVNAMIOHBRKLVTJQWEMUGZAFXOYQIMTATCRRVMBNBHTKECTBHWGCAMIERMVTYZIVSXTJMBILESGOIECZXETADEK
[28] -7.0370  order=qt  Q5=INTOA Q6=SOLDER Q7=NOBLOOD  T8=[perm]17452630
    AWEINTTINAQUENTXRSWARDVNGBYJABEIHPFWQWFEOBUSFOMOOSUAVDATBCMUIABQKTYSDWYGHTMEINJGPATVCFTIFNBTFLOGHSTXHJPOSUFKFWSIAKQIHYSRJIDQWMLBQTPLZTRPIXBLICCK
[29] -7.0467  order=qt  Q5=DRAWN Q6=PATINA Q7=FINGERS  T8=[perm]17463205
    VPCINPILTOOMIDTHEROFWELDOOBIHYICDDAEOAKHLXOOYXJKFZVWIEXEPLTPLYNTNMTNCCCIFHXUPSYHEHUHAQGEQOUNFYISIOOVKWSIDYBHRPZSHMLEGMZJFQEZANYNVLJZPBUMSCOMHOXS
[30] -7.0497  order=qt  Q5=ANVIL Q6=HEDOES Q7=GOODBYE  T8=[perm]17503264
    LLYDERPWCONTBISEWJOCESFASACOTHHJKRFHYFWPRYTNTVCEAVPPCZEOQVBCBCPULDTPVTIBYUWALHAKDCGMBMTCSABVVGCGMASMUGYMYHBHRTQNREVGTKIMMFNQFVQDPSTAPSDNPXRESERM
[31] -7.0540  order=qt  Q5=GLASS Q6=ASTONE Q7=THEYARE  T8=[perm]17502634
    RIMBILTKIDPEOPAVEBNEELYOSAULHECOVETTYKGIHZSUIXDVWUREXTETEYSRDLLGENMKFIEVMLTVEAODMFWDCBJSBHBQBJGPYROURMWANLWDZUZULSLOGJVADGCVJEAUFZUGZPSAOCDJITUT
[2026-10-04T02:25:31Z] chunk 9800:9900 exit=0
[2026-10-04T02:25:31Z] chunk 9900:10000
progress order=qt perms=100/40320 candidates=107318484
vocab: 119 x 123 x 141 = 2063817 triples
T8 permutations: 40320
candidates: 206381700 in 35.6s (5.79M/s)

==== TOP 32 HITS ====
[ 0] -6.8015  order=qt  Q5=INNER Q6=STRAIL Q7=OBJECTA  T8=[perm]17605432
    ZUEMHTDINBORMINXBAGINBRIPONACLOVERLUMRRJGUSXCLRRWRYYSULBEQULCIHOKSGHOPYQYOUILSTFDSHPDWOCODONFOENXURTXXHROFXGIAQUBRMVPEVOIBEGICJLONEYXHCXXIIREJJD
[ 1] -6.8667  order=qt  Q5=FORGE Q6=MYTRUE Q7=VERDANT  T8=[perm]17603245
    ZBAJBOIMENTHBRITOSTATEDBBFFEDDEGYJIUXDWHUMFXOGEDFYXZFUSJOITDCESMATHBDABEWSDIEXGNEYAVGROBZLSDOMVTEMOVFMVFUTSBXQOMPYYLDQLDPGQRIIRBIJJZNGNVAIBARNLI
[ 2] -6.8903  order=qt  Q5=BOOKS Q6=DAYSIN Q7=LOGITEM  T8=[perm]17624305
    FCOMICCHGARNEURCLIMMEEMRCHPEEGEPUSRAQIALGVIIPAQSJASRWPRRVFBZQHJOQHQOONWCGCOACLHAGKSELSUQYVTERHYPQUBRCOPYGBISVWNZIGMYTNVFLVVZJWHORESURKSCTSVRWQAI
[ 3] -6.8914  order=qt  Q5=IHAVE Q6=MYTRUE Q7=GRINDER  T8=[perm]17542630
    RCHOCOSUNOBEPRNEILIKFIGEUSHOLNMUNIANAKSEIFFVLCBFEEFHKEEJSNDONHRMJGNRGXXFMHVHAXLOHJETUWINSZOMYKIXRISAYTCEXDESALGFKPWJNDHNBJMARNJFCAHSABHOBSZZEXIW
[ 4] -6.9226  order=qt  Q5=HEARD Q6=METAKE Q7=THEITEM  T8=[perm]17563204
    EJLLASTURTMEDVUNYUNAPUEDWTHEFATNLTWEWUQFVXXXEBSFAFNPTFBLRKRSRBAJVMPVAYSYOTHIPADRONTQQYELJKJGBNIOSICHNEXWAHMMSIEMIENRVTYPQHCDUPEJKSFRAPOTGFYEHBZV
[ 5] -6.9263  order=qt  Q5=TONGS Q6=NEEDLE Q7=MORNING  T8=[perm]17604253
    DOBOYGOUDIAISCLCCOUPELYBPPORUMMUUAIAERAYACWASHAMYYODPODSYQBRTEXGVFTTRLXLTHKZFNMIPENIAMXXUVTZTWVTDBYWWEUPDAJCVASKNBSADTFNJTFTSFTGBPQICKWUYIASLNPS
[ 6] -6.9365  order=qt  Q5=ROUTE Q6=SOFINE Q7=MORNING  T8=[perm]17542630
    VESCSEIZZOXINTSAHPHISOWLAFALSISRMEWYXWJMWCOAWCHJPPHWHXIIYGMOHFNLHIHOIXCLTPCSSOLJQSLDYTTLULNNYMLAHFEISGYMTOMSECEUCLWRIKVHTDVSUUSLANZANMYNNGUDFILI
[ 7] -6.9389  order=qt  Q5=LETME Q6=METHAT Q7=INSEVEN  T8=[perm]17546320
    WEAVEDMGOREDSTATICMCMPCOPCHPABYWDSUIMPAFRTDOKYDVWKTQZDMGALIGOBIAFRSDLNOTTLTJSSMOQQJANQPLFSNPGKDLTLCKWVRSSNYPNVIDIVLNDKWXHNUAISTHVYVTMRKZATMLAVAJ
[ 8] -6.9519  order=qt  Q5=NAMED Q6=SAIDHE Q7=TEACHER  T8=[perm]17563042
    DRADCREHDOTOEADHHJBEIVITINDHEDIATLISBMOZCNBUISFRAJABPMQAGIOFAJYPFLROCJGCRTNANVICODCRMTBCRKAUPDAJQZHHSUILLSBEGCUDVTMSJJUPZKKGOIRFWCPOLWWKYLBSRFTM
[ 9] -6.9533  order=qt  Q5=WROTE Q6=ANNEAL Q7=MOLDING  T8=[perm]17605342
    PRSHHAURENSHIRTIAVGNUCKUNYTEEDUKRICNNZLVXASZKSUKWIOVVVLOXACRRPTURWOBTCIIHXGOQAGFEHUHYPTQHEJYMADOKHPLZLUTWGRTMYOPLESSLSOBCDBOPUQNNSONLNDEZWSIOAEM
[10] -6.9569  order=qt  Q5=FILES Q6=NUANCE Q7=WITHTHE  T8=[perm]17540362
    FRNUSOYBTPELICDBEFORYFCATVANTDOSFOHOLBKTIRPSTZNZLGMGAYOJWPGBRLERHRROMRYWAEIGBTVYLPFIINFVIRLARTMAWYPTYBSKWEREVCSCMKFEUOUHYATRIFCUFZZJFJHRFYMQRLCG
[11] -6.9623  order=qt  Q5=LEDME Q6=PIERCE Q7=GRINDER  T8=[perm]17540326
    AZERUPSOAORIIMECTHNOPMNIDLAYANBECNEDZDMEGIUNDASCDXIXCIRRAJTXSTIVWEGFDXDINOCPVUDMPNBMDBIJYZKRMTQVQZTOFAUYXBMAKTRICAWAIAGNRSKSGLIVJASWNZRPEPAOYRYR
[12] -6.9637  order=qt  Q5=METAL Q6=SPLITA Q7=USEDATA  T8=[perm]17602534
    SSBINDMICIOUSTWISANKWUPBHOEHEDASFWFFLAJQUGNOLDVKRVLABTRSGPQFSUGEWMLSUBQHVESTDKDYMBFLBUYLVTBFSAAYSEKBEJOSZEKLLJRUMLAUSCECHVLELPBCXVOQAZOMMJAFSKUZ
[13] -6.9657  order=qt  Q5=METME Q6=ROADTO Q7=LANGLEY  T8=[perm]17534062
    PPLDBBALIMESURENBSPOFOCLINHOTNYRWDWKUVQUQQHLGPIUTTQAEHUCTAVASHACZFXXBHAIBUWTTPIXDPAFUERNROFAULNQUHYZTNXFWQMFIAPOAADESTYUCFMZVUESFTESROLITBSZBFFG
[14] -6.9681  order=qt  Q5=TELLS Q6=WITHIT Q7=ONEOFMY  T8=[perm]17624035
    AANEAUSSARINOFELOYSEPCMRSYHASHTZMKLNGWXRJUYVPGSYCEQBUNAGNTNOPNMMACEYORGTAQUONSVRCTGIJHIDVTEJZLFHMLRAIXVVOJUAYAHRUWAYHMUGIDMWCSAWXGYCMGJARREJEMWW
[15] -6.9710  order=qt  Q5=EIGHT Q6=AWAITS Q7=YEARSHE  T8=[perm]17540236
    QPFLEEHOOSONOTALGBICPEESONTRRUMLHSSGAAMBUSOZPLEBKBVAPYRIMIHCFISWZTXTIASSQNIRGBKZOOLAXVWLIBEACYXECTUJOKMUZEGGMABGVSHLNGFJNYHOVMMRSMCAYSYPTCWRWZFY
[16] -6.9714  order=qt  Q5=PEACE Q6=ACLOTH Q7=FROMTHE  T8=[perm]17540623
    MOMISEDIDEULEWANNITORITOALXQVJZMFUSEUPAGPYULHMBSOOWOMRNEYIYQVATYYSDPDDYFYUCDLVIBFUGMAYIJVNKRINAGGXBRIOKHBNWHSJCRMGPEIPBLEVXXIMOOPTOEBIRWLCCOEWJB
[17] -6.9891  order=qt  Q5=IKNOW Q6=BEJUST Q7=YEARSIN  T8=[perm]17604325
    KTOFOGIEAAXEUEEANTONIJALIRCATOFMZBDTUPYCEIMKTZSPIRYWSEBIMPYEGEGKDYEEBFHWCHVAVAOMOHXQLIMOWJORNKBCTYWILGIIBRVGAKQHQLHONFZZDPTPTTDAONIEHSUNDOEOLTBG
[18] -6.9941  order=qt  Q5=GOING Q6=GOINGI Q7=TEACHER  T8=[perm]17562304
    LOPMAPSNRNYGARAEZINGDINMORFOAPHEHKGNEWWGDLMMRPIKEINQISDIVCPYWQOFCNLGTTQASXOIGUKBRPEGVFDPRNFKMNOMLTARENEEDPMSZBRPQMBOADHVPTCCOLVLRWQZULQWFJAGTOBS
[19] -7.0006  order=qt  Q5=PEACE Q6=ACLOTH Q7=FROMTHE  T8=[perm]17543602
    ZOMBSEDINEUBEWANTINORITOTLRQVJZMTUHEUPAGKYDOHMBSLOOEMRNESINZVATYTSGXDDYFVUKZLVIBKURJAYIJTNFAINAGHXSYIOKHKNXUSJCRPGMEIPBLPVKTIMOOETGUBIRWSCSNEWJB
[20] -7.0037  order=qt  Q5=BRASS Q6=SILVER Q7=IPICKUP  T8=[perm]17542063
    DARDBFESUICMOYBUIERWTOPENDTEISEORKQJTGKOGAVFCOCFDRTHQUEBSVDUVTNERTYRSSFATRXAYSKWHMEJDIOBWTVYGUUZJKAGNEATLQSLNNNYZRHCPOSSMJIHSBMWMRIRLCJLEKLFPHSA
[21] -7.0046  order=qt  Q5=TANTO Q6=SOLDER Q7=HAVELED  T8=[perm]17620453
    JANVSONOCUGUERJAZWOMENSSUAFTERDAGXHUOFMRXQBQCVCDFGNGDVSITMZQFWUKURKBIUBWKETATAFRMAVEWVUSAIQAWEEFULMVARSKIEIXVFBRWZHULFTBOGWEBZNLLFROUNJKUWVJWIHA
[22] -7.0071  order=qt  Q5=INTHE Q6=ANDLED Q7=HEHASME  T8=[perm]17623405
    EPWYETOSEJSYMYLESAOLSILUINKERESEFKARHPNZPXVSMWBCFNEBPVMIPVWHEAJCGILIODWXJLJWLTWISZTIJAXMJNAGIHCPYLISTBOUANZNITWAWYIKWYNNAUWEUSSHTPRGBPGJYHTCNIEM
[23] -7.0082  order=qt  Q5=HEMET Q6=METHAT Q7=TIGHTLY  T8=[perm]17603542
    IIFRSTEDCREMNWHERMSATGPOETECMLWQHARMHCUECUVGKEVYJMNQOSIALASQDKLZXWSEHRFBQUQYUSEOOFDAFBGKMAZGDYGFAQZFFIBATAAFVXORMASYACCJWFSNFIGTOSZYTTVUEBJALMYQ
[24] -7.0141  order=qt  Q5=TRAIL Q6=GOHOME Q7=PASSAGE  T8=[perm]17602354
    OGGGONLYPTCYGIMFATTADIERELILAONMFJQANHITFIRKZSMDBFAGUEEHMCPOGRCOBAXYAGFNLOCDYQQOGYFENVQYKLEOOUWFKYGIJYUGXRUNSDCENTOLNREWQCUBQHPPXDOONNAUMCCZIKCL
[25] -7.0150  order=qt  Q5=ATURN Q6=HESAYS Q7=WRITTEN  T8=[perm]17604325
    ADORIWOHOLAALITGEWORAONEDENNLLSECTMIUNGPRCIHDMBPGDTZOIDWPZYDLEUWYKXEKTORNIFAVBGHQKTVQAJHAVAYEDGLXKJLUTCWVYSRYSJXRPTDRYASVLCWJDOIEBPCSINAAPGCHXYF
[26] -7.0163  order=qt  Q5=IFELT Q6=FINEST Q7=SUSPECT  T8=[perm]17623504
    HTICKEHEIEIDHEWAKDMERGOSUMALHECKLFKIUNEALMMWAXILEFMPSNPKCEAOZPAQIPWATYDRFVCFDEOBRAEZTWTUGICSBSZTGUECLZHOFARKBGWRPUZBZRYHMHECWFJRKQRCWMRTMBORVHLZ
[27] -7.0229  order=qt  Q5=METME Q6=ROADTO Q7=LANGLEY  T8=[perm]17534026
    PPLDBBALIMESURENBSHOFOXLINEOTNORWDIKUVYUQQZLGPTUTTFAEHPCTAOASHXCZFUXBHDIBUSTTPSXDPNFUEINROKAULOQUHTZTNVFWQLFIATOAAUESTLUCFJZVUGSFTPSROZITBCZBFCG
[28] -7.0238  order=qt  Q5=TRADE Q6=BYNOON Q7=ATURNOF  T8=[perm]17604253
    SNMOONURSUEALVIIOROUTERCRBINUSCKUPWDRYQXASOQZENDLLXZNVTJCFPSEFPSTDEUDMUHAMCMPBAZGJOEXYKASWJWCEUMGTBXIZHPXWANYAFDYTMBYCYLYWBBROTCCUYZAWESDICEQPAN
[29] -7.0239  order=qt  Q5=WROTE Q6=MAKING Q7=TOOLSOF  T8=[perm]17602453
    SGTEPSERTRTKNWEEANEJATHERWEEGEVOPZXKRIPRKFWQEMMMGITODUQMOPHVMAXOIGBOFBLNIPTIKNYDWNUWIPCCEPFUTWLMPREGWINTLWVLTIFKNIAQZRQKXBKLKMWOXUFOURPNSDWSOMEI
[30] -7.0292  order=qt  Q5=FILES Q6=SOFINE Q7=THATIFI  T8=[perm]17605342
    PMECAOSLYTESESTGLVANEONTORTNSFLSVEKXWEWWTWCWVNURIVHHTUTYOBKMGDWXEXXDEBYXGEZNMIXICVTEVNADUPKJTSCVQHLCBIDMABMBMUTCARVEDWDAFQCQPDUFPGTMTHGYOLASESWW
[31] -7.0302  order=qt  Q5=GOING Q6=SOFINE Q7=NEEDLES  T8=[perm]17534062
    ROCALATTONTSOVYIAMWPBTOMEXIEFADDATYWMNLHDJVFHSSTQKJJHAHDPGHYSQGRTNYGYPUEKWJTLDOTGTARFFDSEWBERNONVZQHYVBEFMOPFOPYOVENAHBEOKONOJDLHKRSAYSWXLKNSCQC
[2026-10-04T02:26:06Z] chunk 9900:10000 exit=0
[2026-10-04T02:26:06Z] chunk 10000:10100
progress order=qt perms=100/40320 candidates=107318484
vocab: 119 x 123 x 141 = 2063817 triples
T8 permutations: 40320
candidates: 206381700 in 35.2s (5.86M/s)

==== TOP 32 HITS ====
[ 0] -6.8369  order=qt  Q5=FIELD Q6=TWELVE Q7=TAKEONE  T8=[perm]17643025
    NAZUHOFOFORSOURMOUXGXPPOINUTTIKAXVIGHSERKRYPKVYKNKHKPNUHCNADISBJBOJOPEZOLSIZUSRKHTFENDIAVMQWEZUSSSHENAYGESUZBYXEUYFUJQOPFCACNBWAYKPIASLADAZSJWAD
[ 1] -6.8460  order=qt  Q5=HEHAS Q6=SUBTLE Q7=THELOST  T8=[perm]17642503
    WSANWBUTLEINGIBVEFUSSWXTENMUNCEAOSGECOMMDFKQVMEDRSVKZYDUWVAPERIGCMDCPAYYDFYBEPYUZUGTUZEEMCIWTMXTWFKQEOWFULOTDEFCLOMIWBRASTCKISZZJEXVCXLAQTOOLPXH
[ 2] -6.8713  order=qt  Q5=STILL Q6=SLOWLY Q7=ISNOTMY  T8=[perm]20135647
    JIGSCHRKKNTPARDENURSEWTRYISALMCLCMGLJIXVKDYASJYRCOQRACDRTWRFTPLBXDGHSYCENJOVMIPOTDLJKUQCVRMTUSRUMHHATBNMTVFTECHEATUNGEVATSVKHFDTUKECNEYYWNNAGLAF
[ 3] -6.9241  order=qt  Q5=ATURN Q6=HESAYS Q7=WRITTEN  T8=[perm]17640325
    VDORKWOHPLAANITGMWORKONESENNULSECTMIUNGPTCIHAMBPXDTZQIDWCZYDEEUWVKXESTORWIFAMBGHAKTVAAJHSVAYFDGLJKJLPTCWPYSRUSJXUPTDAYASKLCWFDOIFBPCOINAHPGCAXYF
[ 4] -6.9685  order=qt  Q5=EMBER Q6=EMBERS Q7=TOAREAL  T8=[perm]20134567
    LRPYRIRLTANTERANAYUSPCDILYKERYESSUTNSMFLVPIGBTLIUOGEVWZSXLCYCVGEOGXGMMTQAZEHEHHSKRZPBHOSEXNKMEMODOYDKNJBYHINXGGQIAMLTSWTUPTEGRAEDSIYXWYUPIOARXWM
[ 5] -6.9699  order=qt  Q5=INTHE Q6=ANDLED Q7=HEMETME  T8=[perm]17634205
    EPACHTOSEFDSBYLEYPLDPILLEUNITEYAHKMRPZIRPXYPENDCFNINSXMIPVVTJAJCGEDWYDWXFGANSTWEYRIYMAQHMNAHHDOOYLSHRTAUANYBISWAWYVYBYNNALDCBSSHKZKFFPGFXJNYEIAH
[ 6] -6.9710  order=qt  Q5=DRAWN Q6=SAIDHE Q7=MASTERS  T8=[perm]17625430
    GEWDUMPERWEWARKRMSMWEDINHOTLESQMAIRNEQBNEQJDGKMVLNIRKGYEPTNFFAGPCRGUBCUNGWXQEENRWNIXOKNZERMUEKRYDOWDHPXIKRMIDDHEYVJOOWFSNAMVRUURSOXPEFTDLOGAISGE
[ 7] -6.9778  order=qt  Q5=INTHE Q6=PICKUP Q7=INBOOKS  T8=[perm]20134765
    DIOSPPNOFALFTEEGEOSSCOSLEAOENDHRIDEAZGTCOJJZVJYQEGQQYTTIEMELNPRDGERKUSUSMUSYRDOXLLJHUPYGQXBLAEDLXWGWRLBIYDSZZCIMHNIFBEEPETPZJMPWOPWEUSPATYLEEXSD
[ 8] -6.9818  order=qt  Q5=STEEL Q6=NEEDLE Q7=MORNING  T8=[perm]17634205
    TSJELESPNTOCHESAYGWECADDERSGWDJVUCTOFLCLODOQURBKRLPSEIZTGYDIYPSIADOGPCVMDJIBGMQTYFRYVTZSTEYAFEEYTJTUUDPOXOLLXWTRSDUEERHBDOQBUFOUNMMZLDFNZWCYILEB
[ 9] -6.9972  order=qt  Q5=MEAND Q6=GOLDEN Q7=TAKEONE  T8=[perm]17654203
    FPIAHUARPFAEXTUNYLOONAMUSONICEEPPRNZCYPBZWPOWBLVRMCOPTFKHTCWSRSUMLFSINTRUVKEHGJMMIEPWAGMFDXGBESMPYTLJFWPRAHHTQFVTMCABEHUYOKBBVMPSAVRPOEBSPADEIVK
[10] -6.9986  order=qt  Q5=MAKES Q6=MAKING Q7=PASSAGE  T8=[perm]17630245
    ROANIPSANOTFILLHACSSUHLPGRQUALKDADISKRAOKASVCWEIMUKNNULXSSPEPDTZFLJDVLWEWANWTJNHKFJYEQYZYKNWHRAVAATZPMWITPDUTQCUNSYJFGHSORPEYKMBLEFKGPSWMHJNMAIN
[11] -7.0055  order=qt  Q5=AZURE Q6=REREAD Q7=STACKED  T8=[perm]17642053
    ZFEKANSOIPHESXBSPHESHBEINISRAIREPKFLDNGEYNVQYQFZGCQCDAOSAMRAYZCDZTCLEHLZPDCPRTWTOOEONJBOSKULHYELACEMSYKWUIEYPLUBXVVHUCERWTLTIGHFUAQTRXPELPETPZOP
[12] -7.0106  order=qt  Q5=TONGS Q6=SILVER Q7=DIGETAL  T8=[perm]20134657
    WAPONCEPCESPORHOTFOTRGWFANTICMLFNBIZHEDBNUPTHDACXWRALKSJVELMYNFMSNSFARVYUJTDHEXXHDTSYTGKSXODHZFXYWEDLPICHTBALHIVHKFLITLXWGKOXMHNNSNQMTMEVJBONWIE
[13] -7.0207  order=qt  Q5=CLOCK Q6=TOWORK Q7=FALTERS  T8=[perm]17635402
    VWYARTIUADSEELLAINIKTOTASBYOMDFTNBANWGHLDIIKGSICZQGBIFWHQEDSINAYFYXPHAIHIGXYBTCEYBNVSPDSKOHSOBAHXCKILXYODGIMKOAKBUQPATGJQBDNAAGONPPIIBIOLMVSHULD
[14] -7.0279  order=qt  Q5=EVERY Q6=THISTO Q7=ONLYTHE  T8=[perm]17645203
    RWVFIDOGEATIDETMADACUSCDSTIIELDMYYBNUXSUMKAYGOHEYJSATVBXTMLYLMTJUUNQQZLMCHERSKOKDCNCKSGRFEHMUITHSIWLUJPLELXAARKISFCHSDGJSQAOXUITCYECAHCYEHGCFPBI
[15] -7.0314  order=qt  Q5=ANVIL Q6=COPPER Q7=PRICKED  T8=[perm]17653402
    YRAGESTGRWNLOCPLOVISVACYOUDBEYEWAQYPVXWGMBYPMYHADFIUCOLFUYVIWRSALOFLMQJLUYFKMLTVNNBXNXTFUPAFHARKAHWXEXLICKCCDMNVJQKQDENAWBBTVKIQCCSPIDXEKERMNQMX
[16] -7.0331  order=qt  Q5=TRIED Q6=FINGER Q7=FOODAND  T8=[perm]17652403
    NORGERNRETFERPESAYCUCSFJBATOSOUTLSCWAODPGKEONQZSEKTAIYGOHUIJJRWMQMUFXLDOCUEVDIRPOQOTHGJBMYGOREAVHEPJXIHRKDTNDBXTHQHFOKWONKTEUPUGAOFPNUEHLEBRWXCR
[17] -7.0360  order=qt  Q5=EVERY Q6=REREAD Q7=THEMAND  T8=[perm]17652043
    WOLLOECLOBRAILNMYITAYUEENTREYUNOSMUIUATGJVBDAABRGQSBBPSYFMWARDNFXVPQZRIMCRELYMGCMRGOORASZRLVULESYNGLLPPITGTBNQCEDFRRVSEFCPMWFGNFLACZQLYPESPGWVEQ
[18] -7.0377  order=qt  Q5=MAKES Q6=DAYAND Q7=PASSAGE  T8=[perm]17630452
    COGRASHALGPIXLIVAFESEALSURUPALBDOMTCRNOGKDWVGJEMKUZRKJZXTHRHTNYAFQKDUVWHOALOUYRHXQQOPSKAYPQWOWAZIAYARWOIYEAXJNAPNCNJJSHCGRBNWRKBINSPCUTOMLYNCMIV
[19] -7.0377  order=qt  Q5=ANVIL Q6=ROADTO Q7=LATTICE  T8=[perm]17645230
    VUSMINEZLRSAASETFWENANDCUSOWEHTYVINPGCXLJPGQNPSOZXTELWREQIJQGCRFUFWTNSCAOANICPSABWGAYOEDZRUSTDGAIGOFFLDLOOGBQDLHXDDDSKZIRNYKHZCHXATCZWHICMASFHDZ
[20] -7.0379  order=qt  Q5=SHOWS Q6=BYNOON Q7=HAVELED  T8=[perm]20134765
    INSFFEIMONDIGEAPMBSGTSATOLIRRETGMEYREEOWNREIPHEMNSOSENNAAXTKEDFWQJUKLYUAXNIUMQPYDOQEVECRIYBDBCZXGOUCFKJBNIGQOIPHTSRYLQHNRBFZKATUXWDIEEDWNZMZEDAO
[21] -7.0394  order=qt  Q5=TOTHE Q6=GOHOME Q7=WHICHIS  T8=[perm]17634205
    AYSWWLMETRJCOUTOFTRRISANADSSHADEKIJYBJGPDJGHDMAEEXNVRGINTOMOEFLFPXQRRRMBCPNNMQHYELESPPAYRULAAZKOGDNWBNLFBASDEDAFAXNPBLLCCVBETUOZZGQYEBSFAOJUCFPI
[22] -7.0417  order=qt  Q5=AWAIT Q6=ITFROM Q7=THEYARE  T8=[perm]17635204
    UECAOHNYOJALWASSEROWCELINITYNACRSSOEHMUUBFRHCHCIPZMFFMBFASBFBHEBWMASUYUCBDCBNMEHLDCNPZUDQCACKFRYAPGBUYNKFRRTBSQNDJYBZSXYTCHUSFTWTOELLEILCYRXGFLH
[23] -7.0456  order=qt  Q5=UMBER Q6=NEEDLE Q7=WHICHIS  T8=[perm]20135467
    SZMUANTOMKEVOCERCIDOTHEYRVIWILEOKHZEKSRIHCHEKDXYXNLTLVCHYCEIEXUNSJBLDRESLXOWLOWOOZRCOTQZMEFHAPQGQWSYLAOADFJSTUMSSNYSIBMSQYNCYDSCZZFIWIJTOAIZPBZO
[24] -7.0474  order=qt  Q5=WROTE Q6=WITHIT Q7=SUNRISE  T8=[perm]17653024
    GINUSMALMHALFCOVAMBAREYSOSPGMEPGRZUAURINCVGDYCGKGOVXOXHEYHBKYHUTKBUCCHNFEEETOYAHQEFOFTLKSEJLPPEMHQSZGUOULVYNFZAYSBZYUVZAQFTIDSJAPFIWEBCSIDSGPARH
[25] -7.0500  order=qt  Q5=CLOTH Q6=BRONZE Q7=YEARSHE  T8=[perm]17634025
    QWTRUGSCRMEODTOINESPHRYELLTFFAMECFBMTRHQOZSOXAVEYQNTROMGINDDNOQPWRQFUORZFZJRQHSEAZQEKOFUONNQMPXBOBCCTIPRGCFLBNFAKEWDGPIRAVPIUENOHTYLDLIRIFGLBIPA
[26] -7.0555  order=qt  Q5=ONTOA Q6=ANSWER Q7=FURNACE  T8=[perm]17643025
    INDNKSOBIREDNEROETOTDEAKAYSONHPZBFPVNJQVYAXOAIARYZFIGGOZYSPILJQHBURHTBCWQHUDYIVSMMHAEAIKLIXICTRUCLWQDOTGNZHICAQRODEXIOYBYBEGLZBTMINOEHEACVMGQZXX
[27] -7.0558  order=qt  Q5=LETME Q6=BUTTHE Q7=THESAME  T8=[perm]17654023
    DSYNBOFHESCLAIANSALIAGENIHAXAESMDCVBATVETOOCXQFBHRCKBELEQSPCDFVYBIULTXYYCFNNEXIJUNYFREISRMEWLAAZAIQIPZPILHKHIRRYDQVWNUFYVTKGOOWCWLTDEJJTRFUNZHEH
[28] -7.0586  order=qt  Q5=TONGS Q6=SILVER Q7=DIGETAL  T8=[perm]20134675
    WAPONCEPCESPORHOTFOTRYWWANTICULCNBIZHNDKNUPTHZAQXWRALBSBVELMYDFRSNSFATVZUJTDHYXAHDTSYMGFSXODHEFFYWEDLRIEHTBALIIUHKFLINLCWGKOXQHLNSNQMFMPVJBONQIH
[29] -7.0604  order=qt  Q5=RIVER Q6=WERISE Q7=RESIDUE  T8=[perm]17652043
    HIESTMNCXDIDSSWRISUSERTORESUVXFIMYVRCRWAZRTPGJGGSXNJRICEVSNDFIARPDLSGWPRAQCUCCDIORRNGHNQGZTSGBJFEASLAFNPTVIRJMLGPTEHKIRIKIDSFUATFALPFDSHVLUGDYSF
[30] -7.0605  order=qt  Q5=CLOCK Q6=BEJUST Q7=LEGGERE  T8=[perm]17632045
    OGSBTASDEXCASINGSSEQHDUANYCDBYFINMWDVEFRESQJMNDOWCVVQYNPILHNMBCATYSWQLOSSXQFASRCDMFGGUUAHREUIJNDMXPUMDXZJMGMCMHOTGQHBHPAASHPAMTUMTBEMGMNVHSUWGJW
[31] -7.0612  order=qt  Q5=ROADS Q6=WILLGO Q7=ITTOTHE  T8=[perm]17654320
    BYNALOPSIORANPHSLEGADUNHCGTOOSHOFBYTBHMSBLYXWXVIBRVZAYEAKKNWHYSFKMGUPJBXXRHKMJMBPITVSLILSAFOECHXYMTLRFHASSLRCIBUSMNEICUYHWETIRPVNDXSNNMHGMMKLLJP
[2026-10-04T02:26:42Z] chunk 10000:10100 exit=0
[2026-10-04T02:26:42Z] chunk 10100:10200
progress order=qt perms=100/40320 candidates=107318484
vocab: 119 x 123 x 141 = 2063817 triples
T8 permutations: 40320
candidates: 206381700 in 36.8s (5.61M/s)

==== TOP 32 HITS ====
[ 0] -6.7924  order=qt  Q5=TIMES Q6=COPPER Q7=SEVENTH  T8=[perm]20157634
    XECVEJREPUSEICSNEGICMBYOTHEOIPOFNSMUOUKFVHOQOPBRKENTFJSCTCDYOFTVDDNTORKLDYPTMMRHYTBFOLBMNROURTFIMEOKAKXZORYXCDSINSKSTVVYXTIAUZOHKZTVCEDOFYDHWHAR
[ 1] -6.8545  order=qt  Q5=ITAND Q6=QUENCH Q7=AFEWHAD  T8=[perm]20167345
    ROWTHELOFFEIFVELCZRTHCTUPMETOARUROQIVRGWDJTRIOQVEJZLOODFSPIMWOBWAWAOCDNHUMVLMTMOWTMORTERMAGBLDXVIDHPEPFXWZHEPUAHODVZWBCDRDSCHPGBUNKOOPKIGOHLSRJQ
[ 2] -6.8939  order=qt  Q5=LETME Q6=SAIDHE Q7=SURGEON  T8=[perm]20137564
    HPSDESEWKTHSOPHIAINCHIECKAYHOWJFPLOSYGFBOPVRCGETLTDZUEVIVSURPJBBMBXYEACRVLQEHEVYRCMIPPEWLEJJNECKXMFEFCZICANXPHYATONDTGRGTRIOFHLJYEVSUZUSEHOSXJQB
[ 3] -6.9253  order=qt  Q5=HEARD Q6=TURNOF Q7=TEACHER  T8=[perm]20174365
    UZEDEDONIJTDIWOUDICKWORFANDGADISENAUHOUWEQWQSQLLYNEHEZNEFTIBDQEFFTTOONWJIXSHTCZOVWMBSSNYHOGTQSWKQNNTNFUQJPFLAUGCFOJHITNUNATRVIUORAOVVXQNXAMKOUQU
[ 4] -6.9346  order=qt  Q5=TIMES Q6=COPPER Q7=SEVENTH  T8=[perm]20137564
    XECKETCEPUSTILONEGILMMDOTHEFIVOFNSMPOSAFVHOQOCYRKENAFQZCTCDMOIEVDDNBOXZLDYPSMADHYTBEOYXMNROHRTNIMEOAALKZORYZCGYINSKRTAJYXTIEUJDHKZTGCBVOFYDMWPHR
[ 5] -6.9359  order=qt  Q5=TRADE Q6=ANDLED Q7=HEMETME  T8=[perm]20163457
    MELYGISAWSSVISTHPIALLMPRRITBOBMFFOJFSHCBBVDDHIORSDFVVQEMPSIDXBBVOOCHCAURRISBCDIDUNONJTBLCZDOFYAIQELSEXCWVOJFIOBEVXRALDISKBNLUIVOXSNOOZREKNZCTDAO
[ 6] -6.9637  order=qt  Q5=INTHE Q6=ISDONE Q7=TEACHER  T8=[perm]20143576
    CSOFAYFANPINCKUIHNEESHOMUANADASSOQMDUBAYVGINNXDUTARRIFIVUUHEMPVWWTEQITEOAKVJTGMLFPAXAJJQGORDIHQAREWMFOEISJJZYFTHRNTETFAKAHXIPBTNOQJNGSMIYEQSHWSO
[ 7] -6.9684  order=qt  Q5=STILL Q6=SLOWLY Q7=ISNOTMY  T8=[perm]20137645
    JIGSCURNKNTPADDYNURSEWTRYISALMCLCMGLJIXVKDYASYYICOQRAPDATWRFTXLGXDGHSACSNJOVMKPQTDLJKWQAVRMTUKRRMHHATANNTVFTEYHMATUNGEVATSVKHSDDUKECNRYFWNNAGPAK
[ 8] -6.9758  order=qt  Q5=EVERY Q6=GOINGI Q7=LONGAGO  T8=[perm]20163457
    YDAALBEHAFUNDCOEOTANEMPTYNCBCMTPKLPWEWEFTYWGLTOWITSXHUNOKSUFBSOKMMSUMQCAJDATMXXSANTPJLACGBPUCBFKXRMNRVVZSNZYJZRQGBPFHCYANKBUACMUREADRNERRAAFINKA
[ 9] -6.9777  order=qt  Q5=SHARE Q6=WORDOF Q7=WILLLET  T8=[perm]20165347
    LBREHEDFEHTTORTIWAGIGMOCOHANEORABYPDSEUYNHESMLESSIIDIYYEJCOZKFXPAYKMANJBFSYOMOTZVKMOAXOMETZXXEAXXSKBMYSRFROAXHVFNRFTQGEUTDVAGKDILADNBOSLGTZFCEHS
[10] -6.9777  order=qt  Q5=BEGUN Q6=DONEBY Q7=TEACHER  T8=[perm]20156734
    UIGSSTMLPIANFFULANCIESAFMIMIDIMIGAUMBILAHTEDLNLRYKZIVDMEQSMJOCCPKQXHXNXWPQOEFXORDOCHNGGILSGRJRPJHPAOUOBAILCLKYCQPURTWFEANWSQTAWSISBMKPETUEMHODVK
[11] -6.9854  order=qt  Q5=AFINE Q6=TURNOF Q7=THROUGH  T8=[perm]20147536
    YUCTHALKQUIRANTWIEDODAOADNAMNPOOVZNCDHIIJSINBVXDWMIFVZXJENPMTNAKBLAILPASGDXYFRUHAIBNMSFEIYADDRFZLXRYHITMYDBEFJNYTDUNGEPHWFKAIYVXIDOOKFXARMXNOGIH
[12] -6.9854  order=qt  Q5=YEARS Q6=METIER Q7=METMEAT  T8=[perm]20163457
    OCESEEMEFRRHITEMALXISSPAHMELDVWPERYNEDLBUYURGFHUENQYIOJCUBFLBLUPDTAICUNKTZDWSIGEVTJMSHMFEXBZMRONDKYGRJLZHOSCSERDMJCDSWOJLQMUEAWGRSHIRFFPCUBPBYUJ
[13] -6.9983  order=qt  Q5=METOA Q6=DEPART Q7=ONLYTHE  T8=[perm]20175463
    DRYARTIORUERNDOUTACADJKSECOUPGUWVXTGEBVVBMNRKWOZBOWLMNGACEOXASYNEXOTZNVJYELNCBABWNVSKYAXXGNSHDEHEVFEBYYWADBIKZTEMRPDHJCORAFKGIHDEPIUOGGLCYOASGLS
[14] -6.9993  order=qt  Q5=IFELT Q6=QUENCH Q7=LANGLEY  T8=[perm]20167453
    LYEXCALLNDUPOSAVNOKPHYOINIZEWINWQPBQFAZKSJJLNKCHUFTYMVFQHTCSGYFIMICKBUCECTZGCZZPANDNAUUALCUCEMHNPHSHRAOVEIEVNWPHLLQMMENSSQFIECUCICWGWGEAIXFCIRTS
[15] -7.0041  order=qt  Q5=VENNA Q6=DAYAND Q7=UNRAVEL  T8=[perm]20176453
    JOTHLTYTHEDPAPALYAPHREBYSLCKATDVJGSGEOFTISHLLEXAHNQASNTRQVIGELTINTKRIIBDPVKMELZYIRMSDJDTKDCQKQSFHOCEYMQJYJJDAPFOUANOWIFCWRNQXLSZHXRMDUSPFIQOGYEA
[16] -7.0086  order=qt  Q5=INNER Q6=LETTER Q7=CALLING  T8=[perm]20137654
    YOFNQFJRSTITLEAEFSERAMODURLEFOLVUJXIWENQVENMHEBENAEAOLHNVEILJWPMNTROIYFLSJEOIFWMDPMFZOBDWLGRPIEBLORIRCNTDFYPUFOEIDYTPDWTCZAHEEJETWWQREMXYOGMBCEU
[17] -7.0106  order=qt  Q5=OFHIS Q6=ACLOTH Q7=GUTTERS  T8=[perm]20154367
    MKLINOVERENDICDIGEUKEYESGLPIESXMLPANKGVMOFTBWAQASKQTDATSFROINHCTAHOGEAXYBRWUZYXGQGVGXYOPTLHSGJAPKNSFSWHNZLYEUHJLWOQHRRRBIUFTENBXKTMPAVXDPREEIOLP
[18] -7.0117  order=qt  Q5=BRASS Q6=BUTTHE Q7=THEWALL  T8=[perm]20174653
    WSTHGEGNTOGROYAGAYAUDIATNSEINCGYIWFLLNMWYINUPFOFPWEDHQQRNJWWNAEVTAVHLNUXAOHPINTOEPPMSUSPATZAHKWHQPEQFEVCRXDEDOHMPXFIPXUKMGGZETVYIFCUYESDEIPMBQKP
[19] -7.0152  order=qt  Q5=ISNOT Q6=COPPER Q7=LOGSAYS  T8=[perm]20154673
    YKLAMAMSISKSAWWWPLAYISAOEIVIDEPWTHYAQPEMGONUTWPZHYHTVBDMYHZKEWEUMBAMBETBMGLFXSGNVZCHQFKDEOYOFNNXPMKSSHCBIOLARXWXAMEIZWDTNVNROVPEISOIKSMEKGMUIPIR
[20] -7.0160  order=qt  Q5=UPONE Q6=POLISH Q7=THEROAD  T8=[perm]20163475
    IQNOLOCATITISFAVGWRJQLASIESGETFOSCVRONPRALKFHZAUYBEPGHKBTAMJDVTBALUPTGNIHTXTGCAHAMWATFSLTSXRTHVAAYEOSKHIJKJLQNUEGBFHAHFWDRXCEWBJIMSDFVLUGJOXJTUO
[21] -7.0199  order=qt  Q5=BEGUN Q6=ITFROM Q7=ANDEACH  T8=[perm]20173456
    GBLABFARYVBRDABEAREABOYCEWRIADDURNEASOVGNRPSFRGADXXDVXCUXBMQCVXAURLQOFPYUNNPYPPDIVHWAANFRMULVIXAELESUSCNCXTSVCEHPWNMYPRPSUENYKCBNHMVHDKHVYIGOBBN
[22] -7.0226  order=qt  Q5=UNDER Q6=WITHIT Q7=HETELLS  T8=[perm]20154673
    EWBEACLBYAESGAYKUMPSBESOUINGPOMUYBRRGEZKHILZIRYJQXRIVIDYLSXUAENAEBRAFPWFVMCSAIGUDLZOFJUPLJBEHEGOGLVMONQPLLQVYARKIPCQRSKANBVKIGOTLNEDUNHPTCCHEZPG
[23] -7.0226  order=qt  Q5=EMBER Q6=GOHOME Q7=ARCHIVE  T8=[perm]20163475
    FMUDOPCRYEINTNLPHDIESCONYEONTTHPVFNENMREJTDAPSVSZIEKEIELIRJJKMPWMSCJKSHJPZRCESMKAPNLRCVEJTWCLBADNXNFSRLBYLYNONNOUSHEESAAWHELQCSKYZQCXRLLZSHAKFBP
[24] -7.0230  order=qt  Q5=MEHIS Q6=ACLOTH Q7=GUTTERS  T8=[perm]20145367
    ORLITAWERESELADYHEUKLDESGTTIIYENLPASRGVMMGTBQWUASKAOZMTNGROIKUCTARSGLREPBRWBVSXGAHVGEYSPTLRAHIAJRNSFRJHNZTPEHUPMWOQRBURBYVFTADCXKTOTSWXWTREEUGLP
[25] -7.0239  order=qt  Q5=BARNS Q6=NUANCE Q7=FIFTEEN  T8=[perm]20165734
    TZSOUDSOGIELITHOOROFORAKRYBRPEBBHRIRZSDIGASMENQTPIASFLEPYSHZZPCIBSXGFKUHREAPWWJNRTQIISEXUDFADIUDCAGSIWVNVRBIXCHXSDKNJDKPSSCLJDSXXJDGEBOLPLENCCUX
[26] -7.0257  order=qt  Q5=TELLS Q6=HEDOES Q7=HAVELED  T8=[perm]20156473
    EGPHOTOOQNSFORATICSEMYTOZDREXYPAILVJNJYTILNRIREGNWJHFARNNFTHTPODHOMTCPIVSJXFKSCYUBYNHIAOIITWSVEQDDDKAZWAYLDURSVGFZUIQHPKWYCPAXCOGWSVILEEJKMCTQKO
[27] -7.0298  order=qt  Q5=SPLIT Q6=EARTHS Q7=PRICKMY  T8=[perm]20145736
    WONNADOFEPPENGFDREYUWPASSPELISEUIGPLZRILPAAXRONFSHPVAENDUNDRNHLLNDOVJBKEJXKGXUOSTBMINDAMODGBUOSYHVSEMRJTURURODIBQAATLYDNTUQUBBZDOYMIPCMOWLJKAJJY
[28] -7.0317  order=qt  Q5=IHAVE Q6=SPLITA Q7=THESAME  T8=[perm]20176345
    MELVZACERIANIDOUTWNDASHMALDADEEXYUWZXNUATFUHBKZIUDLERJWMNOLIMYAUCTYTIFUICXVDFHOMBOFBLQBCRYKNCEMEBRBTJLZDISAMONWKGFCBHRTZGMLLACXQFGFLMUMMZNHAPNYB
[29] -7.0317  order=qt  Q5=ROUTE Q6=ALLOYS Q7=THEROAD  T8=[perm]20154673
    OSPEVELONZYTYBIKIIFTEMOPENTAAJULJBKPHLPEOWSREHIGGVOOBSKJYRENPALAENISJXHUQAXNTFAYRKESYOIEWHHAGQKCRKKHOIEMJTMYCAMNROBVHHJOKGBYYRNHTYTSVBHZIBJXYNXY
[30] -7.0350  order=qt  Q5=FILES Q6=HIDDEN Q7=MASTERS  T8=[perm]20156473
    ZONVENOWKTORIAPLRPMLHITHSTADKIESUYKLIYIOLTIPOUGDPIBUNSEEEAKBYOCAHKUSZYPOVZTCKIIHQOFJDPNARFKESGMOJDFUIIPNSKSXHBXBBMEDVNGCIDJDLARRCZTINIEHNNBCMEJO
[31] -7.0355  order=qt  Q5=LATHE Q6=ATLAST Q7=ISNOTMY  T8=[perm]20157463
    TZFUMFOLLITOMNPARTPSSPBYALLTOKWRBETTOGVMKOFFSMTXEXWNDZBCIXILEAWSIWCEXTBRPSZJLQHGAWGSIDUBDOSAGKZHHFOQYEOCXRQGLUGOPOKITMTEMJULKUEBFVEULKBLOYUNCWDR
[2026-10-04T02:27:19Z] chunk 10100:10200 exit=0
[2026-10-04T02:27:19Z] chunk 10200:10300
progress order=qt perms=100/40320 candidates=107318484
vocab: 119 x 123 x 141 = 2063817 triples
T8 permutations: 40320
candidates: 206381700 in 25.5s (8.08M/s)

==== TOP 32 HITS ====
[ 0] -6.8533  order=qt  Q5=ITAND Q6=GUTTER Q7=DRAWING  T8=[perm]20365714
    OUBVEOURTZCSADIRENANAUGIDISMPOFMAJIXVOQVVPBPIBLKIPLGEWOYDBLAQXFSJWHQALHISTYLTPDQTITBNGVHILLPUCVCDOMAELMERDWZERYVKOAVMETENBGBYNLSSOWULDMTEJCVAIMI
[ 1] -6.8760  order=qt  Q5=METME Q6=ANDTHE Q7=IPICKUP  T8=[perm]20361475
    PAWEHWTCWALTISPUNIPMECESPSLONMARNWUSTYPLHZFTLOVESGSXXWBTMOADHFNCDKRHXOPUARDFTYIVCCYCIFRUYVTNWVSMANBTWGJHTDEDCDLUUCTCEFFIQPXXIDEHNDSYJXCOICHAIMDR
[ 2] -6.9143  order=qt  Q5=WEEKS Q6=METHAT Q7=SMELTED  T8=[perm]20316745
    VEKETCRESBEASZUMTKSIGBPRICAARILRHIKLEANRKVPIKBYRSXMMCMWAANDHRTLNAFBEONBHNILAGEETYBFRBKXSWNADHBCCSUIDOFFVBWPHTNCBTZYTAOXJIEIYJOGUUVTNPASBHXOGSNUE
[ 3] -6.9196  order=qt  Q5=HEHAS Q6=METAKE Q7=AFEWHAD  T8=[perm]20361574
    TSWORAFIOGUJANVGELINELSUCTEEPETURNAMZISOQMZHICVIZBAZINJCSCDRLDBZQBYXOXPFJSAREKSGOMQGUEEQGIJCPIEBDDAWNZAUBNJTMFIEAEYAFTTYTISMPKBPHXDJBOEDIEYGEYMX
[ 4] -6.9202  order=qt  Q5=AWAIT Q6=EARTHS Q7=AREONLY  T8=[perm]20365417
    MJAMYDIKERSTFGRBESCISODADAMPTSMBSVPTJINGPJGUEBLSSKYJZMIDWBHKYUKENVITHBVNTHARNRJDAMPMKCYDFQFROCLRUTYGFEJOUURJFLIEKTEDIGJXPZBBKAPRCPXZDORYAALRLVED
[ 5] -6.9296  order=qt  Q5=TELLS Q6=HIDDEN Q7=HAVELED  T8=[perm]20316457
    EMPTOGORQRSOOTAZIESEMITAZEROXBPSIYVGNTYAIANOIVEINFJEFLRWNYTOTCOVHOMHCQIFSKXTKLCIUZYUHFAHITTXSXENDEDZAOWRYFDBRRVCFTUZQHPYWVCYAACPGSSTIVEHJJMCTEKI
[ 6] -6.9316  order=qt  Q5=TRAIL Q6=TURNOF Q7=ROUTETO  T8=[perm]20371465
    BGWTSREVASNYSORESJXRSMADOARENCEUHYVAILFNYSKPHCTXDNRGCHNLZEGBQEAREANXRBDSRAYYUFLDENZCKVIAPSNIRTUGEFBAHRXGOWYKQLTIICUKNERLCOCRCUBEZQMYHGNIGQEWKESF
[ 7] -6.9371  order=qt  Q5=NOTMY Q6=QUENCH Q7=ASKWHAT  T8=[perm]20314675
    WNEBIADINMANSPRYNLYGOBWMENDICURLTVBDCIZWSXAZERZVMLRTVSVKOARYITQYULSXBXFUCATDPAHMNZUOUSSMNLIOMVSKHXIULYSKEUNVFPSEBCIMEERPPMCUTOPCAIVNSTETFEIGGSND
[ 8] -6.9498  order=qt  Q5=UMBER Q6=NEEDLE Q7=WHICHIS  T8=[perm]20315467
    SBMFANTOMGECOCERCTDJTHEYRRIMILEOKTZUKSRIHFHBKDXYXFLELVCHYTEQEXUNSPBTDRESLFOCLOWOOURGOTQZMGFFAPQGQYSWLAOADFJSTUMSSEYHIBMSQKNEYDSCZGFRWIJTODIVPBZO
[ 9] -6.9522  order=qt  Q5=OFHIS Q6=TURNOF Q7=TOSPLIT  T8=[perm]20314576
    TGOOFARBABNETACLDPMRPAILLTOONLYTRLBPNDUJJNJPEKYSEJKLDARHEXYQJLMBVRCEGMCLCTAJKYBBEIADDLAYWANRNKNGIHOMPLCULFLBZZNTOIUKEDLTBOPUVHVKHOESFJFFPKKCHVEC
[10] -6.9600  order=qt  Q5=COUNT Q6=TOWORK Q7=TRIEDTO  T8=[perm]20351764
    KPNASFACEGEELDISFAUTYMRBENRENJFNOFGETZOSRHCNQVOYSNTPNMSSVINKHVWESQBRPDSINFQEUMLBPTILHVUETOHXHROUAHOFNEEJVPSTSUPYYUHTPLRXBWMFATRBOHMDQOHRSNAKKSYY
[11] -6.9618  order=qt  Q5=NOTMY Q6=QUENCH Q7=ASKWHAT  T8=[perm]20314765
    WNEBIAMANMANSPKPNLYGOBODENDICURLTVBDCISJSXAZERNYMLRTVSIAOARYITRUULSXBXEVCATDPAWCNZUOUSVYNLIOMVGNHXIULYBXEUNVFPYIBCIMEEUCPMCUTOBTAIVNSTWMFEIGGSKP
[12] -6.9661  order=qt  Q5=BALES Q6=PICKUP Q7=OWNHAND  T8=[perm]20341675
    RUALLLNDEFICKDRIFOAPORALAGXIDEDTKDFBAILNNTGUGHMBDSWYUOWEAYPMMVPTHHTXEAGGQACYOAURIDDLWSGAUEEELPZPLPKNOQLRPBHRFFAVETCMXOJFHAAYXUQEWHYJPNMIAWRCUSRE
[13] -6.9701  order=qt  Q5=ROADS Q6=ATLAST Q7=OWNHAND  T8=[perm]20354671
    TICEURLOTHEDTINIPHTHEISLPOMMVHGLYTRHODDFILNABZCLAEVWOKNPRKNLRBOXPZYNXRCHKTRYKRMFHACLSCADETHXMTHCIWNFNTWGURODJWSLDTODFHSELHCVLPMSJWXLDHDIXMXQRBKE
[14] -6.9779  order=qt  Q5=WHICH Q6=PORTAL Q7=LEAVEAT  T8=[perm]20315674
    KUPAINMDAHSDUNIBOTOLETCLLBENDRAZSQXNFGNPTFPNHRUBMEYPBURFVSOHKJNJSPISSVKTBAOUAXCIKBFEMEKWAYYYSNWVVPXNAMIZCVARSLFLIDGOIIFTEMCVHTRCNNWAYPTBSKILUUPL
[15] -6.9845  order=qt  Q5=WEEKS Q6=METHAT Q7=SMELTED  T8=[perm]20356741
    VAKETGRESIEASMUMTASIGRPRIOAARNLRHIKLEANRKEPIKNYRSPMMCGWAAQDHRPLNAEBEOQBHNTLAGVETYWFRBEXSWFADHICCSFIDOUFVBWPHTNCBTNYTAEXJICIYJAGUUGTNPJSBHLOGSKUE
[16] -6.9928  order=qt  Q5=WATER Q6=EMBERS Q7=TOAREAL  T8=[perm]20354617
    OLANRITUTRAYINBAMGULLDSILHEDRCZLDPTLLEOLDLNDBFBNUURPKNSQCKCAWTDEODCTMUNOEEEHVPOSHCPABLKDEAACVEENUAYOHGMBYRKWXDOONTMGIZPTCBBGGXGIDPPZYKJCHMOTIQQM
[17] -6.9930  order=qt  Q5=MEHIS Q6=FORTEN Q7=BETWEEN  T8=[perm]20357164
    OFAKNPOGRASECKOTAFJURCHRISDOCESTAUGOSLNNRTTGZYHSHSACTYIJBDXNVCFIDSBAVUCPPIGVLYPSTVOHKPVCWTCHALALFSRREKCHYGSPJMCGUGICMMABAICJHHCMJWXTOOXBTHVDCLDN
[18] -6.9931  order=qt  Q5=LASTA Q6=PICKUP Q7=ADDRESS  T8=[perm]20354176
    JARERZONOTNOVHWNUSDIAMYANWETERGLAIIWQCKHWEVIXPWSUVRETPDSOWNTEBJCKLLOZETKHFTSGRICNTBYAUKOXXSCHKTJTLOOWJXUSNRUGABKQILVHCDCMPOOHMZCGVIPNAXIQFUFLKZO
[19] -6.9969  order=qt  Q5=PEACE Q6=THREAD Q7=SEVENTH  T8=[perm]20361745
    TTVEDTVFANEFOCUVNEVHSEARTALDMEMTSJLOSWNDRIUDGEDSARVDNHYQDGJCQBHGCCYWSGBIKGKECCNEOCWBLXPNZHEAYLEBRDCIHFWLYRDRIVSABEKRUNLOTRYAMIWPTRCQLUDQQHLRPPAY
[20] -7.0023  order=qt  Q5=TRADE Q6=THEOLD Q7=WITHTHE  T8=[perm]20347165
    FCTGNNOVMRWEHERGEEDTSDEIRMANWAYHEVDGQIWQSOTOUGZNCPAMCYIPNFWSXBLTUPCFIVYMMQOSHMFMLFPDZNVXPOGKAHOURFALYNOAUESNFEDTAWMWOIHWZJIRYLFFEKGQEPOULESTOIEJ
[21] -7.0046  order=qt  Q5=INNER Q6=ASHORT Q7=ANDEACH  T8=[perm]20365741
    HPCIFFEADTOVESLBPOPRABNLEILTUNITNIAXGOTFJZOBVNQUYFIQGDTJHQSZLBIJLQLOFXROWTCKALSISUFFWDQGINVSUGRHEONWQEQMZGKADAYORANWFBUQAAPWPIELRAIGYDZKMSANPAGS
[22] -7.0169  order=qt  Q5=ATURN Q6=DREWNO Q7=FINGERS  T8=[perm]20354617
    HRROLFNGRENSOOORLESVINGHHULMEBTZJAOKEZKGHSURRTNCLFTBOTUFRGITHTRREIRTOYCZCKJXMOSNIKKPCHHUPVCUMWIDOMRLKOYIMWRUWCXAYOIBIYSOJJYECKCOOGRCWNERGYVHQRZL
[23] -7.0190  order=qt  Q5=ITAND Q6=SUCHAN Q7=CALLING  T8=[perm]20365417
    GINMAGYDNONHIDEDOAHNOFEDWIRBOACRYSNABUURKEJWLTULVTSNQOFPSMEUPXAUHURQKANNPDWABFEDOOBJWAAHNZXTLISDLOHLOOZEVRUWRRWCOATYTRBPQXHXZRZALRRPTEATUXJVZZFA
[24] -7.0271  order=qt  Q5=INOUR Q6=ILEAVE Q7=MORNING  T8=[perm]20356417
    USCURSNALEYABHANLIPSPHASUNDLOTFHYEGSFLILETKRHSQREBSROKWASPDDQAGLDNRKVPIHFDTHTCSGRWUVHKNUYJIDNEWMNERCSTDGPZNWHAYRCIQTGJEEGPFPNOVIPIFVWPLRIBOCHFVE
[25] -7.0291  order=qt  Q5=ONEOF Q6=MAKING Q7=RECORDS  T8=[perm]20371465
    NPSLANTSFRPNBYABFDTHOTCOUTTDIABJUDFOPGVFAFBUSEBGOFUEJATPBOUEIRPIVLFMSJUAUTMZHAAIDIRLLPDSCTPEMTEUZUNDEAJODKJAIQXKWFXFFOVUHGOZQMYIVYGPUENTSZRIKLKQ
[26] -7.0397  order=qt  Q5=DRAWN Q6=MYEYES Q7=THESAME  T8=[perm]20367514
    ETWEDOURSHOFPEOEDOSTACKZGUPVORBBBIBTAOKFYPCOUCYNBNYHYIMCFWCDYMAGQNPUWIZWWDQZCIHINYOREVHCNTNORTTJCKGGFOUYGWGJNIRASCIEVOYFSKWHQBUZLIDQHRIEONRBEIHI
[27] -7.0416  order=qt  Q5=FILES Q6=COPPER Q7=ATURNOF  T8=[perm]20317546
    IREREUEEDCBLINTMFGIRWLASHEDDEPRVQUQTTBZFGNOXLELRYPMIIQSPPFEASHOULJPVRKNXFKPCPABITKBLJRGPNYZEWOIALNTCYRZXAMCRMGQLNOREIAARWPKGMDEVRWVXTAEXVSCLLDGE
[28] -7.0427  order=qt  Q5=TOTHE Q6=GOINGI Q7=THROUGH  T8=[perm]20354671
    VWSTUNABEIDEASLCHISHSTEQRGKOFAVZNQERBTLAEYLEWNHINSTPDWHUTKKDTGSCKPOAYSKFIBDNIQLXVAEXVHRDFQRXSSEAIUMTRYSHHGAQIPERAXFIKELVLOWMEEGLSIKFPDJMKVQDROHO
[29] -7.0481  order=qt  Q5=WHICH Q6=TEMPER Q7=FURNACE  T8=[perm]20346751
    TRMENHERSYOTEINKATBCSUMONYMGITIVNNGHROQRXDAPHYMYDIRDYROSDXAAYFXIMXLTHMXEGNMQAGGSFYSQACLEACQRFBUCNAFDMFNIEYNWBAWIJDMYBZDOKJURDOMHBHWUPDAPOGFTJRWP
[30] -7.0495  order=qt  Q5=HEMET Q6=INBERN Q7=SHADOWS  T8=[perm]20315476
    BANDPDITULALLRYAHEWWHESGRCLAVSAKYUFEEVEFPEZKBINGYMRZVWDOPNCBOIOMNDMUOWYYNPHAHTMEHDZOWPKZLQWYKDMCWDKNVOSNDCGVANUEPPEFBIWWOAENACDIDBMMLXXDRREETHDZ
[31] -7.0502  order=qt  Q5=GRIND Q6=FILING Q7=DRAWNTO  T8=[perm]20371465
    BWGELLPELOPNJACDSHTHAGINEVEAMNBBBYIHEPZVOORCNEBIXWSOQRMHKECUULCMBEMHANTCZJEWAQCENIPTJWGDPFYFAMUUPDOVOAKIVCMOIVONDBBTUACHVZMNYELGNFGRXSHXSPZDMNXH
[2026-10-04T02:28:36Z] chunk 10200:10300 exit=0
[2026-10-04T02:28:36Z] chunk 10300:10400
progress order=qt perms=100/40320 candidates=107318484
vocab: 119 x 123 x 141 = 2063817 triples
T8 permutations: 40320
candidates: 206381700 in 24.4s (8.47M/s)

==== TOP 32 HITS ====
[ 0] -6.7279  order=qt  Q5=PEACE Q6=WORKED Q7=REVEALS  T8=[perm]20415376
    JXVNGDABASANOLASITICARDCESTRUEUGMHUEOSNHDQAYDDAGVTVMZSRTIMFABCWDOICYDRBHAMFFRPIPONSWSOMQAYKWNBKRUCHVFGAIDDSTWXNVCLAGDLITESYNAPALTELMCNRLJNEDCYVC
[ 1] -6.7364  order=qt  Q5=DRAWN Q6=QUENCH Q7=ONLYTHE  T8=[perm]20417563
    BDLPDRIARDEREMEISCAEELIEIFASOHNNEDDEDSVXBUSZWVAISYWIDDLJELOYAPLULCOLIXVDIWWIBSOJWGETWXCVXNLSRALEEHFGFRIGGSDYUZTJALABGMCPZORVTKHRENIUAANHEMPEHNSE
[ 2] -6.7720  order=qt  Q5=DRAWN Q6=QUENCH Q7=ONLYTHE  T8=[perm]20417635
    BDLPDCAARDERELFISCAVEHAEIFAPOLNNEDDPDUIXBUSDWOGISYWADEXJELOEARDULCOHIKWDIWWXBSVJWGEJWYNVXNLQRKDEEHFIFRGGGSDRUVBJALANGRIPZORQTACRENIGARAHEMPHHWZE
[ 3] -6.8319  order=qt  Q5=PEACE Q6=WORKED Q7=REVEALS  T8=[perm]20417365
    JXVNGLARASANOKAWITICARUXESTRUEMJMHUEOSEVDQAYDVMJVTVMZKNMIMFABTSSOICYDSOFAMFFRHXCONSWSATSAYKWNYHNUCHVFFCHDDSTWLMTCLAGDLKNESYNAWOZTELMCCNCJNEDCHZQ
[ 4] -6.8469  order=qt  Q5=PEACE Q6=WORKED Q7=REVEALS  T8=[perm]20417563
    JXVRGCARASAMORAWITISATUXESTTUBMJMHUKOLEVDQAEDGMJVTVNZZNMIMFOBSSSOICTDTOFAMFFRHXCONSRSPTSAYKJNCHNUCHVFFCHDDSRWQMTCLAVDBKNESYKAJOZTELFCINCJNEHCDZQ
[ 5] -6.8621  order=qt  Q5=PEACE Q6=WORKED Q7=REVEALS  T8=[perm]20415367
    JXVNGDABASANOLASITICARUXESTRUEMJMHUEOSEVDQAYDDMYVTVMZSNFIMFABCSROICYDROLAMFFRPXQONSWSOTBAYKWNBHGUCHVFGCGDDSTWXMWCLAGDLKNESYNAPONTELMCNNZJNEDCYZS
[ 6] -6.8643  order=qt  Q5=PEACE Q6=WORKED Q7=REVEALS  T8=[perm]20415736
    JXVRGDAKASAMOLAAITILARDRESTRUEUGMHUMOSNADQAVDDANVTVEZSREIMFHBCWPOICRDRBIAMFURPIQONSGSOMTAYKTNBKQUCHXFGAGDDSKWXNKCLAADLIDESYXAPAFTELTCNROJNELCYVY
[ 7] -6.8660  order=qt  Q5=AWAIT Q6=EARTHS Q7=AREONLY  T8=[perm]20375416
    MJAMYDETERSTFGBRESCISOLKDAMPTSHFSVPTJINGPJGUEBSLSKYJZMQOWBHKYURDNVITHBUQTHARNROUAMPMKCLUFQFROCDBUTYGFEAHUURJFLIEKTEDIGDTPZBBKARPCPXZDOMEAALRLVTL
[ 8] -6.8709  order=qt  Q5=BALES Q6=SHADOW Q7=WITHTHE  T8=[perm]20453671
    SEXORSINUKOPIPEGLEAOLMOFTLOOPPVOOORFVONFHUMDRIENSCAEMCZELUBZWRTYFHRCOWERSNHISSKLLOOOSKTWHJAUZIIFNYDHOCLATZFPCJHECMUOESOKNLCWUYZQHQUJEEYQWMPNYESL
[ 9] -6.9245  order=qt  Q5=INOUR Q6=ILEAVE Q7=MORNING  T8=[perm]20456317
    USCMTSNALEYYGHANLIPOTHASUNDIATFHYEGAELILETKDOSQREBSXBKWASPDBVAGLDNRDFPIHFDTLRCSGRWUPAKNUYJIFLEWMNERODTDGPZNKEAYRCIQADJEEGPFMTOVIPIFAFPLRIBORVFVE
[10] -6.9419  order=qt  Q5=TRIED Q6=ACLOTH Q7=UNRAVEL  T8=[perm]20376541
    EMNNEDISATLIGDIERPHGFIRSSBTOTWOTOGMEOKOPVTUONEWAZFWUMTTLIXFDGMNZOTGLAIIJDOBCNBDWMXEZKJODWXTAVWMKRPYHEVRVDDIDHYILHWNCFRCYMOBBIKNRAYBNPIHWEEOTWATE
[11] -6.9454  order=qt  Q5=DRAWN Q6=QUENCH Q7=ONLYTHE  T8=[perm]20457316
    BSLUDGIARLEYEDEISRAHEATEIOAPOUVNEYDVDUTXBUSJWJVISZWHDSZJEROTAKBULOOIIRZDIUWIBLVJWHEKWGWVXKLGRAPEEAFGFDGGGODOUVOJAVAZGAXPZRRITCJREYIRADRHEHPAHTPE
[12] -6.9465  order=qt  Q5=TANTO Q6=ASTONE Q7=REVEALS  T8=[perm]20417653
    ORAREINHCAXUCTELELDEPENYATOGMGANPHNXZESWRWEIGRQPLCMMOVVJJRCDWJDSPGPLFTWIEVISWDDHRMFOYLIITAINTJOLIVJWPLEMGTYHMUMPIUPQEEPXKCGKONQFSFBIGODPFSSNOJXX
[13] -6.9595  order=qt  Q5=TRAIL Q6=POLISH Q7=FELTTHE  T8=[perm]20456731
    XTEGINZIEWMRYBLLCHSHETIVSTRACONTOVIYCETILDJJNXGMOMOEEHXOXTJETJAWTHQTLAVUSBNBEDMNUSHXCLIVCHHPPNFMYUAPUBODCCURMHFJPRKGAECITNNSCISFGHXGXRIQFEYSAJQZ
[14] -6.9632  order=qt  Q5=TRIED Q6=GOHOME Q7=THEKNOT  T8=[perm]20461753
    VQFOURAIIEDINKEXPGENUHECAIGNCONBENLUVRILHBSSCFCVSGOCUPNFCBHJOCPNVMHDARXUQOHMSEOSYZPKHIEYFGEWUQFSRUVIIBSWKBSPJOLALOPSURHALOMAGUKRKNWAGVUDTOOLMNZD
[15] -6.9664  order=qt  Q5=BEGUN Q6=HEDOES Q7=SEVENTH  T8=[perm]20451763
    IAADNABCFLYDUNEWICKOEDINFOBETEVALDOQHQJBMNONNWSTEVBHNRAMRGKRKDCAWBMSYFUNDTCINMUSLIGEYAUNCDVOTMSALAHCAZKBEYSZQLLGXPBEIZSRITGWFJCKCZKPTUYUJFUMJJNQ
[16] -6.9729  order=qt  Q5=ATTHE Q6=HIMFOR Q7=FINGERS  T8=[perm]20457613
    DGEBIJICATATATSPOSIFFTMOMADUEQKEKORQLYSSYDBMVIAMKSWLSUZTQIJFCJETANWNTUWXVZLFHKIYBEOOTKAUTBOYRUEQRUASLCIINBIJZPLZAVNSVTALFYFOPTOHESIMUMFVRWOTPFTV
[17] -6.9786  order=qt  Q5=YEARS Q6=HEWILL Q7=FELTTHE  T8=[perm]20415376
    IMONIAELNRCILHOMHTCEARTISTEAFCDHZDIQHOFABBOTXPTCBMRBKDMQBPNFUSVMTHZZZFMAURXRJESALAPNCKRFFPOSWSSXAXIFFGNQHEKYUKRYMMKILOFLUOGICMOEUBIHGDDBLIOTPGUL
[18] -6.9849  order=qt  Q5=ATURN Q6=ALLOYS Q7=SOTTILE  T8=[perm]20456173
    WGDESUMPONNUADUPWEOFBLEGKRUSALZISYLUBXMNISTGTOPPICBGRZICRBUBFXNBFTGVYIPORDSPFDBRMXRBCBZBJXASUTHNMURICGYEAZYCYISNZQAGNTRUPDOUBQOWHYHWSCNKGJCIDPWY
[19] -6.9873  order=qt  Q5=OFTHE Q6=THREAD Q7=HAVELED  T8=[perm]20416573
    QMZEAGHISUCAACEWMANPROUTTECMAFFPETUEREHNMIJRDKHVSBXASDSIRHEOIYRAGGRHEIMLPTYOKTVQPWNMFVIFVBGNKNDINZVIHEQASDGTERTSPJKEZSDLSVOKLDMIZKCLRHITNFORQYLT
[20] -6.9926  order=qt  Q5=BARNS Q6=MASTER Q7=SHARENO  T8=[perm]20376451
    ENFMENDEIPFACINGBDSEWAGOOLRSTNDSIXRCFLHNPWGTBBUKMACDFGIRCMLAYGTAAAYMPONYAOBXCAVWOTDJMCTONARMNLUQYOQXMEIBEVAOOIHXDASGBYSBBUGFZKLVTGBMSDBHTWTVFHOV
[21] -6.9962  order=qt  Q5=OTHER Q6=HIMFOR Q7=ISNOTMY  T8=[perm]20461573
    CIRNSIOPNOLESNOWONZOMEANDNNIESCJWZINKPSIGLUTSOBHARBLTCHVLDNTMYYBKNOJJSZCFJBWMYFSMTTFEVVAHNEZKXPEDHAZNBUYAIXSDWZUQWPJPHPCWDDIVREOHJXRIIBSCOLMYDOV
[22] -7.0000  order=qt  Q5=ITAND Q6=GUTTER Q7=MORNING  T8=[perm]20375164
    WCHKEOLOKSGSADHILIANAGREHISMUREPACIJMEJEVCKZUFLQIYGNIWYXYWWEQXVUFTMQALYHFZYLTUTEBZTBECPAIDLULIACDPDPLUEQRSNOIRRNMAGKMECMICLBYNOEFWWULYWGICCVZEQT
[23] -7.0044  order=qt  Q5=HEARD Q6=TURNOF Q7=ONEOFMY  T8=[perm]20457163
    QHAVIATAAABEWITESMEJKWNIENPIOSESGGSCJRZZTYVUVCNGRIPEEVFUEQEDEFDLTDBCLNVYEOBAENLOKSEEVCINJKFVECRRGHMVMZWOIOTDTWSIEKFROPMHEMBDGJQRWVACSSFJYREPQQJS
[24] -7.0060  order=qt  Q5=DRAWN Q6=QUENCH Q7=ONLYTHE  T8=[perm]20417536
    BDLPDRIARDEREMEISCAVELTEIFAPOHVNEDDPDSTXBUSDWVVISYWADDZJELOEAPBULCOHIXZDIWWXBSVJWGEJWXWVXNLQRAPEEHFIFRGGGSDRUZOJALANGMXPZORQTKJRENIGAARHEMPHHNPE
[25] -7.0075  order=qt  Q5=YEARS Q6=HEWILL Q7=FELTTHE  T8=[perm]20417365
    IMONIHEDNRCILWOCHTCEARITSTEAFCALZDIQHOTIBBOTXIIFBMRBKTDBBPNFUROHTHZZZLIOURXRJVIGLAPNCYGXFPOSWKQJAXIFFFUNHEKYUNKDMMKILOWSUOGICFPNUBIHGKYKLIOTPZXY
[26] -7.0082  order=qt  Q5=HEMET Q6=METIER Q7=ASKWHAT  T8=[perm]20435716
    TNTYGMHPARDGCEOFEBEDUSTTEREDGSEUWZTMIEYMCOUNDXKRRVGUYSWVSASBUGESLOYAIULPWVCAPUWLOXOUFNEMXCVEDGUEDGPYWDQIJPEUHMIGMBIZKRIQDMYTXPSKUKZHOODRTSXXIMAW
[27] -7.0139  order=qt  Q5=INOUR Q6=DREWNO Q7=WITHTHE  T8=[perm]20451367
    UOSAMLAMACDNWSENLINKSNECOWIROKECGBMBSTFFNIKJYUOFMAVOJLNZRZDNFYNVPQEELIIDHEISSDUKSTPEASTDJNVWAMGCPYVODIRBOFFPUBZGAKVYUORFBXLGFGHUKVKMNHIBWDINLFEV
[28] -7.0147  order=qt  Q5=PEACE Q6=WORKED Q7=REVEALS  T8=[perm]20413576
    JXVQGCABASACORASITISATDCESTTUBUGMHUKOLNHDQAZDGAGVTVZZZRTIMFDBSWDOICZDTBHAMFRRHIPONSZSPMQAYKVNCKRUCHWFFAIDDSBWQNVCLAVDBITESYSAJALTELVCIRLJNEYCDVC
[29] -7.0169  order=qt  Q5=THREE Q6=DAYAND Q7=WILLLET  T8=[perm]20457631
    SESFUKECKEMOTLEECEJUAHARMISYIECOGEIUEIUOABTHHNPYCEJSLCNLIHABDTSRNMGUGYROOWRNMCVFWHDGWEIZGRHPQONBESIGBFJJESLEYOKVEOZXVYXWNTROOKHZSIXATMYSZBYLEAUF
[30] -7.0192  order=qt  Q5=TRAIL Q6=PATINA Q7=TOSPLIT  T8=[perm]20415637
    SFCHIHOPTRSUREVVAINEONEEANGHTHRSOUCLIQPLPCXQLYJAFNXVZNJENCHNLNXPWAUIPBQDLMNAOPCYCTKFLBERCRUCVPRORCYCNBLAPLHNNSQQXQEFATQGDTANUARWEXXNOBTZKFREYPKE
[31] -7.0215  order=qt  Q5=TOPIC Q6=PORTAL Q7=PRICKMY  T8=[perm]20375164
    AYAHOREHENFTVIATSGDESRGECOCAMJMYPHOKOLARFPPWEACCHBOTAKHDNOLSTHHHUEEPIPSRFPUPMXVHSGGAEHLUFVWZYOVNQBSBMHHIJSKOGAJPIZDECJYMHDBRBZPCOBROJEODYFXXYHHY
[2026-10-04T02:29:25Z] chunk 10300:10400 exit=0
[2026-10-04T02:29:25Z] chunk 10400:10500
